family,month,validated_sessions,partial_month,distance,horizon,contributing_sessions,episodes,REJECTION_FIRST_n,CONTINUATION_FIRST_n,AMBIGUOUS_n,UNRESOLVED_n,CENSORED_n,REJECTION_FIRST_pct,CONTINUATION_FIRST_pct,AMBIGUOUS_pct,UNRESOLVED_pct,CENSORED_pct,horizon_censored_flag_n,median_mfe_lower_bound,median_mae_lower_bound,median_mfe_envelope_upper,median_mae_envelope_upper,reclaim_n,reclaim_pct_of_rejection_first,quick_reclaim_n,later_reclaim_n,median_time_to_reclaim_seconds
ALL,2026-01,20,False,0.25,5,20,760,174,96,426,61,3,22.89,12.63,56.05,8.03,0.39,12,0.300000000000,0.280000000000,0.430000000000,0.290000000000,39,22.41,39,0,60
ALL,2026-01,20,False,0.25,15,20,760,204,122,426,5,3,26.84,16.05,56.05,0.66,0.39,27,0.530000000000,0.490000000000,0.605000000000,0.500000000000,97,47.55,60,37,240
ALL,2026-01,20,False,0.25,30,20,760,205,123,426,3,3,26.97,16.18,56.05,0.39,0.39,51,0.710000000000,0.622500000000,0.762500000000,0.622500000000,131,63.90,61,70,360
ALL,2026-01,20,False,0.50,5,20,760,170,144,146,292,8,22.37,18.95,19.21,38.42,1.05,12,0.300000000000,0.280000000000,0.430000000000,0.290000000000,18,10.59,18,0,60
ALL,2026-01,20,False,0.50,15,20,760,263,237,146,103,11,34.61,31.18,19.21,13.55,1.45,27,0.530000000000,0.490000000000,0.605000000000,0.500000000000,80,30.42,42,38,300
ALL,2026-01,20,False,0.50,30,20,760,297,260,146,45,12,39.08,34.21,19.21,5.92,1.58,51,0.710000000000,0.622500000000,0.762500000000,0.622500000000,139,46.80,45,94,480
ALL,2026-01,20,False,1.00,5,20,760,64,47,16,621,12,8.42,6.18,2.11,81.71,1.58,12,0.300000000000,0.280000000000,0.430000000000,0.290000000000,2,3.12,2,0,150
ALL,2026-01,20,False,1.00,15,20,760,173,169,16,379,23,22.76,22.24,2.11,49.87,3.03,27,0.530000000000,0.490000000000,0.605000000000,0.500000000000,21,12.14,9,12,420
ALL,2026-01,20,False,1.00,30,20,760,255,219,16,241,29,33.55,28.82,2.11,31.71,3.82,51,0.710000000000,0.622500000000,0.762500000000,0.622500000000,56,21.96,15,41,540
ALL,2026-02,19,False,0.25,5,19,1345,258,103,942,42,0,19.18,7.66,70.04,3.12,0.00,19,0.380000000000,0.370000000000,0.530000000000,0.390000000000,80,31.01,80,0,120
ALL,2026-02,19,False,0.25,15,19,1345,276,125,942,2,0,20.52,9.29,70.04,0.15,0.00,60,0.644250000000,0.650000000000,0.730000000000,0.652500000000,153,55.43,106,47,180
ALL,2026-02,19,False,0.25,30,19,1345,276,126,942,1,0,20.52,9.37,70.04,0.07,0.00,91,0.870000000000,0.880000000000,0.940000000000,0.880000000000,183,66.30,109,74,300
ALL,2026-02,19,False,0.50,5,19,1345,304,257,438,339,7,22.60,19.11,32.57,25.20,0.52,19,0.380000000000,0.370000000000,0.530000000000,0.390000000000,46,15.13,46,0,90
ALL,2026-02,19,False,0.50,15,19,1345,415,377,438,103,12,30.86,28.03,32.57,7.66,0.89,60,0.644250000000,0.650000000000,0.730000000000,0.652500000000,147,35.42,100,47,240
ALL,2026-02,19,False,0.50,30,19,1345,457,412,438,25,13,33.98,30.63,32.57,1.86,0.97,91,0.870000000000,0.880000000000,0.940000000000,0.880000000000,232,50.77,109,123,360
ALL,2026-02,19,False,1.00,5,19,1345,161,138,89,940,17,11.97,10.26,6.62,69.89,1.26,19,0.380000000000,0.370000000000,0.530000000000,0.390000000000,11,6.83,11,0,60
ALL,2026-02,19,False,1.00,15,19,1345,365,380,89,476,35,27.14,28.25,6.62,35.39,2.60,60,0.644250000000,0.650000000000,0.730000000000,0.652500000000,81,22.19,51,30,300
ALL,2026-02,19,False,1.00,30,19,1345,467,490,89,255,44,34.72,36.43,6.62,18.96,3.27,91,0.870000000000,0.880000000000,0.940000000000,0.880000000000,149,31.91,58,91,420
ALL,2026-03,22,False,0.25,5,22,843,134,74,610,25,0,15.90,8.78,72.36,2.97,0.00,10,0.380000000000,0.390000000000,0.540000000000,0.400000000000,42,31.34,42,0,120
ALL,2026-03,22,False,0.25,15,22,843,143,90,610,0,0,16.96,10.68,72.36,0.00,0.00,31,0.717500000000,0.660000000000,0.800000000000,0.680000000000,76,53.15,58,18,180
ALL,2026-03,22,False,0.25,30,22,843,143,90,610,0,0,16.96,10.68,72.36,0.00,0.00,55,1.020000000000,0.900000000000,1.040000000000,0.908000000000,100,69.93,59,41,240
ALL,2026-03,22,False,0.50,5,22,843,188,161,295,195,4,22.30,19.10,34.99,23.13,0.47,10,0.380000000000,0.390000000000,0.540000000000,0.400000000000,30,15.96,30,0,90
ALL,2026-03,22,False,0.50,15,22,843,273,236,295,33,6,32.38,28.00,34.99,3.91,0.71,31,0.717500000000,0.660000000000,0.800000000000,0.680000000000,92,33.70,68,24,180
ALL,2026-03,22,False,0.50,30,22,843,287,244,295,11,6,34.05,28.94,34.99,1.30,0.71,55,1.020000000000,0.900000000000,1.040000000000,0.908000000000,146,50.87,73,73,330
ALL,2026-03,22,False,1.00,5,22,843,92,81,68,592,10,10.91,9.61,8.07,70.23,1.19,10,0.380000000000,0.390000000000,0.540000000000,0.400000000000,6,6.52,6,0,120
ALL,2026-03,22,False,1.00,15,22,843,259,235,68,254,27,30.72,27.88,8.07,30.13,3.20,31,0.717500000000,0.660000000000,0.800000000000,0.680000000000,47,18.15,31,16,240
ALL,2026-03,22,False,1.00,30,22,843,338,297,68,109,31,40.09,35.23,8.07,12.93,3.68,55,1.020000000000,0.900000000000,1.040000000000,0.908000000000,106,31.36,39,67,420
ALL,2026-04,21,False,0.25,5,21,615,128,77,355,54,1,20.81,12.52,57.72,8.78,0.16,11,0.310000000000,0.260000000000,0.420000000000,0.290000000000,31,24.22,31,0,120
ALL,2026-04,21,False,0.25,15,21,615,152,101,355,6,1,24.72,16.42,57.72,0.98,0.16,30,0.510000000000,0.480000000000,0.625000000000,0.490000000000,66,43.42,46,20,180
ALL,2026-04,21,False,0.25,30,21,615,155,103,355,1,1,25.20,16.75,57.72,0.16,0.16,54,0.740000000000,0.700000000000,0.810000000000,0.710000000000,90,58.06,48,42,300
ALL,2026-04,21,False,0.50,5,21,615,101,71,168,267,8,16.42,11.54,27.32,43.41,1.30,11,0.310000000000,0.260000000000,0.420000000000,0.290000000000,7,6.93,7,0,180
ALL,2026-04,21,False,0.50,15,21,615,183,166,168,82,16,29.76,26.99,27.32,13.33,2.60,30,0.510000000000,0.480000000000,0.625000000000,0.490000000000,43,23.50,26,17,300
ALL,2026-04,21,False,0.50,30,21,615,207,198,168,24,18,33.66,32.20,27.32,3.90,2.93,54,0.740000000000,0.700000000000,0.810000000000,0.710000000000,69,33.33,26,43,480
ALL,2026-04,21,False,1.00,5,21,615,40,35,49,480,11,6.50,5.69,7.97,78.05,1.79,11,0.310000000000,0.260000000000,0.420000000000,0.290000000000,3,7.50,3,0,120
ALL,2026-04,21,False,1.00,15,21,615,133,114,49,291,28,21.63,18.54,7.97,47.32,4.55,30,0.510000000000,0.480000000000,0.625000000000,0.490000000000,24,18.05,12,12,330
ALL,2026-04,21,False,1.00,30,21,615,200,171,49,158,37,32.52,27.80,7.97,25.69,6.02,54,0.740000000000,0.700000000000,0.810000000000,0.710000000000,52,26.00,14,38,480
ALL,2026-05,20,False,0.25,5,20,288,55,33,170,30,0,19.10,11.46,59.03,10.42,0.00,4,0.300000000000,0.250000000000,0.425000000000,0.285000000000,22,40.00,22,0,120
ALL,2026-05,20,False,0.25,15,20,288,64,54,170,0,0,22.22,18.75,59.03,0.00,0.00,10,0.610000000000,0.470000000000,0.735050000000,0.475000000000,31,48.44,28,3,120
ALL,2026-05,20,False,0.25,30,20,288,64,54,170,0,0,22.22,18.75,59.03,0.00,0.00,14,0.865000000000,0.660000000000,0.914150000000,0.660000000000,36,56.25,28,8,120
ALL,2026-05,20,False,0.50,5,20,288,74,44,65,104,1,25.69,15.28,22.57,36.11,0.35,4,0.300000000000,0.250000000000,0.425000000000,0.285000000000,10,13.51,10,0,120
ALL,2026-05,20,False,0.50,15,20,288,103,78,65,41,1,35.76,27.08,22.57,14.24,0.35,10,0.610000000000,0.470000000000,0.735050000000,0.475000000000,30,29.13,21,9,210
ALL,2026-05,20,False,0.50,30,20,288,115,93,65,13,2,39.93,32.29,22.57,4.51,0.69,14,0.865000000000,0.660000000000,0.914150000000,0.660000000000,45,39.13,24,21,300
ALL,2026-05,20,False,1.00,5,20,288,17,20,12,235,4,5.90,6.94,4.17,81.60,1.39,4,0.300000000000,0.250000000000,0.425000000000,0.285000000000,1,5.88,1,0,180
ALL,2026-05,20,False,1.00,15,20,288,78,50,12,138,10,27.08,17.36,4.17,47.92,3.47,10,0.610000000000,0.470000000000,0.735050000000,0.475000000000,6,7.69,3,3,330
ALL,2026-05,20,False,1.00,30,20,288,119,75,12,71,11,41.32,26.04,4.17,24.65,3.82,14,0.865000000000,0.660000000000,0.914150000000,0.660000000000,19,15.97,5,14,780
ALL,2026-06,21,False,0.25,5,21,740,149,36,529,26,0,20.14,4.86,71.49,3.51,0.00,33,0.390000000000,0.380000000000,0.620000000000,0.407500000000,39,26.17,39,0,120
ALL,2026-06,21,False,0.25,15,21,740,159,48,529,4,0,21.49,6.49,71.49,0.54,0.00,47,0.777500000000,0.710000000000,0.929950000000,0.750000000000,78,49.06,50,28,240
ALL,2026-06,21,False,0.25,30,21,740,162,48,529,1,0,21.89,6.49,71.49,0.14,0.00,68,1.060000000000,1.000000000000,1.150000000000,1.020000000000,105,64.81,52,53,360
ALL,2026-06,21,False,0.50,5,21,740,138,113,325,159,5,18.65,15.27,43.92,21.49,0.68,33,0.390000000000,0.380000000000,0.620000000000,0.407500000000,20,14.49,20,0,120
ALL,2026-06,21,False,0.50,15,21,740,203,171,325,36,5,27.43,23.11,43.92,4.86,0.68,47,0.777500000000,0.710000000000,0.929950000000,0.750000000000,82,40.39,63,19,240
ALL,2026-06,21,False,0.50,30,21,740,212,182,325,16,5,28.65,24.59,43.92,2.16,0.68,68,1.060000000000,1.000000000000,1.150000000000,1.020000000000,119,56.13,67,52,300
ALL,2026-06,21,False,1.00,5,21,740,105,101,87,437,10,14.19,13.65,11.76,59.05,1.35,33,0.390000000000,0.380000000000,0.620000000000,0.407500000000,4,3.81,4,0,90
ALL,2026-06,21,False,1.00,15,21,740,229,216,87,195,13,30.95,29.19,11.76,26.35,1.76,47,0.777500000000,0.710000000000,0.929950000000,0.750000000000,48,20.96,29,19,300
ALL,2026-06,21,False,1.00,30,21,740,278,271,87,89,15,37.57,36.62,11.76,12.03,2.03,68,1.060000000000,1.000000000000,1.150000000000,1.020000000000,104,37.41,34,70,420
ALL,2026-07,22,False,0.25,5,22,1267,263,122,794,88,0,20.76,9.63,62.67,6.95,0.00,32,0.329700000000,0.299200000000,0.460000000000,0.310000000000,71,27.00,71,0,120
ALL,2026-07,22,False,0.25,15,22,1267,312,148,794,13,0,24.63,11.68,62.67,1.03,0.00,76,0.520000000000,0.599000000000,0.620000000000,0.620000000000,179,57.37,120,59,240
ALL,2026-07,22,False,0.25,30,22,1267,320,152,794,1,0,25.26,12.00,62.67,0.08,0.00,113,0.710000000000,0.800000000000,0.770000000000,0.810000000000,219,68.44,122,97,300
ALL,2026-07,22,False,0.50,5,22,1267,273,209,334,437,14,21.55,16.50,26.36,34.49,1.10,32,0.329700000000,0.299200000000,0.460000000000,0.310000000000,29,10.62,29,0,120
ALL,2026-07,22,False,0.50,15,22,1267,408,360,334,148,17,32.20,28.41,26.36,11.68,1.34,76,0.520000000000,0.599000000000,0.620000000000,0.620000000000,178,43.63,117,61,240
ALL,2026-07,22,False,0.50,30,22,1267,439,407,334,70,17,34.65,32.12,26.36,5.52,1.34,113,0.710000000000,0.800000000000,0.770000000000,0.810000000000,243,55.35,124,119,300
ALL,2026-07,22,False,1.00,5,22,1267,88,107,65,979,28,6.95,8.45,5.13,77.27,2.21,32,0.329700000000,0.299200000000,0.460000000000,0.310000000000,1,1.14,1,0,120
ALL,2026-07,22,False,1.00,15,22,1267,264,335,65,548,55,20.84,26.44,5.13,43.25,4.34,76,0.520000000000,0.599000000000,0.620000000000,0.620000000000,52,19.70,25,27,360
ALL,2026-07,22,False,1.00,30,22,1267,393,455,65,290,64,31.02,35.91,5.13,22.89,5.05,113,0.710000000000,0.800000000000,0.770000000000,0.810000000000,92,23.41,32,60,420
ALL,2026-08,21,False,0.25,5,21,394,98,64,157,75,0,24.87,16.24,39.85,19.04,0.00,3,0.220000000000,0.220000000000,0.329900000000,0.240000000000,26,26.53,26,0,120
ALL,2026-08,21,False,0.25,15,21,394,129,98,157,10,0,32.74,24.87,39.85,2.54,0.00,19,0.390000000000,0.390000000000,0.470000000000,0.400000000000,64,49.61,47,17,180
ALL,2026-08,21,False,0.25,30,21,394,134,101,157,2,0,34.01,25.63,39.85,0.51,0.00,29,0.540000000000,0.548000000000,0.572100000000,0.550000000000,83,61.94,51,32,240
ALL,2026-08,21,False,0.50,5,21,394,68,36,59,230,1,17.26,9.14,14.97,58.38,0.25,3,0.220000000000,0.220000000000,0.329900000000,0.240000000000,11,16.18,11,0,120
ALL,2026-08,21,False,0.50,15,21,394,116,105,61,105,7,29.44,26.65,15.48,26.65,1.78,19,0.390000000000,0.390000000000,0.470000000000,0.400000000000,36,31.03,24,12,240
ALL,2026-08,21,False,0.50,30,21,394,143,145,61,38,7,36.29,36.80,15.48,9.64,1.78,29,0.540000000000,0.548000000000,0.572100000000,0.550000000000,58,40.56,25,33,450
ALL,2026-08,21,False,1.00,5,21,394,17,13,12,351,1,4.31,3.30,3.05,89.09,0.25,3,0.220000000000,0.220000000000,0.329900000000,0.240000000000,2,11.76,2,0,180
ALL,2026-08,21,False,1.00,15,21,394,54,54,12,259,15,13.71,13.71,3.05,65.74,3.81,19,0.390000000000,0.390000000000,0.470000000000,0.400000000000,11,20.37,6,5,240
ALL,2026-08,21,False,1.00,30,21,394,86,93,12,184,19,21.83,23.60,3.05,46.70,4.82,29,0.540000000000,0.548000000000,0.572100000000,0.550000000000,15,17.44,6,9,420
ALL,2026-09,4,True,0.25,5,4,118,26,27,52,13,0,22.03,22.88,44.07,11.02,0.00,0,0.185000000000,0.285000000000,0.300000000000,0.310000000000,4,15.38,4,0,90
ALL,2026-09,4,True,0.25,15,4,118,33,31,52,2,0,27.97,26.27,44.07,1.69,0.00,0,0.295000000000,0.395000000000,0.342500000000,0.440000000000,16,48.48,10,6,210
ALL,2026-09,4,True,0.25,30,4,118,34,32,52,0,0,28.81,27.12,44.07,0.00,0.00,4,0.480000000000,0.490000000000,0.542500000000,0.490000000000,19,55.88,10,9,240
ALL,2026-09,4,True,0.50,5,4,118,10,27,8,73,0,8.47,22.88,6.78,61.86,0.00,0,0.185000000000,0.285000000000,0.300000000000,0.310000000000,0,0.00,0,0,
ALL,2026-09,4,True,0.50,15,4,118,29,49,8,32,0,24.58,41.53,6.78,27.12,0.00,0,0.295000000000,0.395000000000,0.342500000000,0.440000000000,2,6.90,0,2,660
ALL,2026-09,4,True,0.50,30,4,118,46,50,8,13,1,38.98,42.37,6.78,11.02,0.85,4,0.480000000000,0.490000000000,0.542500000000,0.490000000000,14,30.43,4,10,540
ALL,2026-09,4,True,1.00,5,4,118,3,1,2,112,0,2.54,0.85,1.69,94.92,0.00,0,0.185000000000,0.285000000000,0.300000000000,0.310000000000,0,0.00,0,0,
ALL,2026-09,4,True,1.00,15,4,118,9,17,2,90,0,7.63,14.41,1.69,76.27,0.00,0,0.295000000000,0.395000000000,0.342500000000,0.440000000000,0,0.00,0,0,
ALL,2026-09,4,True,1.00,30,4,118,18,30,2,64,4,15.25,25.42,1.69,54.24,3.39,4,0.480000000000,0.490000000000,0.542500000000,0.490000000000,0,0.00,0,0,
PDH,2026-01,20,False,0.25,5,12,32,6,4,15,6,1,18.75,12.50,46.88,18.75,3.12,1,0.202500000000,0.207500000000,0.372500000000,0.225000000000,0,0.00,0,0,
PDH,2026-01,20,False,0.25,15,12,32,8,7,15,1,1,25.00,21.88,46.88,3.12,3.12,3,0.272500000000,0.454650000000,0.457500000000,0.454650000000,3,37.50,1,2,540
PDH,2026-01,20,False,0.25,30,12,32,8,7,15,1,1,25.00,21.88,46.88,3.12,3.12,4,0.485000000000,0.510000000000,0.562500000000,0.510000000000,4,50.00,1,3,600
PDH,2026-01,20,False,0.50,5,12,32,7,4,5,15,1,21.88,12.50,15.62,46.88,3.12,1,0.202500000000,0.207500000000,0.372500000000,0.225000000000,0,0.00,0,0,
PDH,2026-01,20,False,0.50,15,12,32,8,9,5,8,2,25.00,28.12,15.62,25.00,6.25,3,0.272500000000,0.454650000000,0.457500000000,0.454650000000,2,25.00,0,2,540
PDH,2026-01,20,False,0.50,30,12,32,13,10,5,2,2,40.62,31.25,15.62,6.25,6.25,4,0.485000000000,0.510000000000,0.562500000000,0.510000000000,5,38.46,1,4,420
PDH,2026-01,20,False,1.00,5,12,32,4,2,0,25,1,12.50,6.25,0.00,78.12,3.12,1,0.202500000000,0.207500000000,0.372500000000,0.225000000000,0,0.00,0,0,
PDH,2026-01,20,False,1.00,15,12,32,5,5,0,19,3,15.62,15.62,0.00,59.38,9.38,3,0.272500000000,0.454650000000,0.457500000000,0.454650000000,1,20.00,0,1,660
PDH,2026-01,20,False,1.00,30,12,32,7,9,0,13,3,21.88,28.12,0.00,40.62,9.38,4,0.485000000000,0.510000000000,0.562500000000,0.510000000000,1,14.29,0,1,660
PDH,2026-02,19,False,0.25,5,8,18,4,3,11,0,0,22.22,16.67,61.11,0.00,0.00,0,0.450000000000,0.491250000000,0.545000000000,0.491250000000,3,75.00,3,0,60
PDH,2026-02,19,False,0.25,15,8,18,4,3,11,0,0,22.22,16.67,61.11,0.00,0.00,0,0.902500000000,0.610000000000,0.902500000000,0.610000000000,3,75.00,3,0,60
PDH,2026-02,19,False,0.25,30,8,18,4,3,11,0,0,22.22,16.67,61.11,0.00,0.00,1,1.270000000000,0.925000000000,1.270000000000,0.925000000000,3,75.00,3,0,60
PDH,2026-02,19,False,0.50,5,8,18,4,3,7,4,0,22.22,16.67,38.89,22.22,0.00,0,0.450000000000,0.491250000000,0.545000000000,0.491250000000,1,25.00,1,0,60
PDH,2026-02,19,False,0.50,15,8,18,5,6,7,0,0,27.78,33.33,38.89,0.00,0.00,0,0.902500000000,0.610000000000,0.902500000000,0.610000000000,1,20.00,1,0,60
PDH,2026-02,19,False,0.50,30,8,18,5,6,7,0,0,27.78,33.33,38.89,0.00,0.00,1,1.270000000000,0.925000000000,1.270000000000,0.925000000000,2,40.00,1,1,420
PDH,2026-02,19,False,1.00,5,8,18,3,1,2,12,0,16.67,5.56,11.11,66.67,0.00,0,0.450000000000,0.491250000000,0.545000000000,0.491250000000,1,33.33,1,0,60
PDH,2026-02,19,False,1.00,15,8,18,6,4,2,6,0,33.33,22.22,11.11,33.33,0.00,0,0.902500000000,0.610000000000,0.902500000000,0.610000000000,2,33.33,1,1,210
PDH,2026-02,19,False,1.00,30,8,18,8,6,2,2,0,44.44,33.33,11.11,11.11,0.00,1,1.270000000000,0.925000000000,1.270000000000,0.925000000000,3,37.50,2,1,300
PDH,2026-03,22,False,0.25,5,9,36,8,2,25,1,0,22.22,5.56,69.44,2.78,0.00,0,0.475000000000,0.420000000000,0.677500000000,0.420000000000,2,25.00,2,0,60
PDH,2026-03,22,False,0.25,15,9,36,8,3,25,0,0,22.22,8.33,69.44,0.00,0.00,3,0.690000000000,0.652500000000,0.890000000000,0.732500000000,3,37.50,2,1,60
PDH,2026-03,22,False,0.25,30,9,36,8,3,25,0,0,22.22,8.33,69.44,0.00,0.00,3,0.980000000000,0.769900000000,1.137550000000,0.844000000000,4,50.00,2,2,270
PDH,2026-03,22,False,0.50,5,9,36,8,6,13,9,0,22.22,16.67,36.11,25.00,0.00,0,0.475000000000,0.420000000000,0.677500000000,0.420000000000,2,25.00,2,0,60
PDH,2026-03,22,False,0.50,15,9,36,13,9,13,1,0,36.11,25.00,36.11,2.78,0.00,3,0.690000000000,0.652500000000,0.890000000000,0.732500000000,3,23.08,3,0,60
PDH,2026-03,22,False,0.50,30,9,36,14,9,13,0,0,38.89,25.00,36.11,0.00,0.00,3,0.980000000000,0.769900000000,1.137550000000,0.844000000000,7,50.00,3,4,660
PDH,2026-03,22,False,1.00,5,9,36,2,3,7,24,0,5.56,8.33,19.44,66.67,0.00,0,0.475000000000,0.420000000000,0.677500000000,0.420000000000,1,50.00,1,0,120
PDH,2026-03,22,False,1.00,15,9,36,6,10,7,11,2,16.67,27.78,19.44,30.56,5.56,3,0.690000000000,0.652500000000,0.890000000000,0.732500000000,2,33.33,2,0,180
PDH,2026-03,22,False,1.00,30,9,36,12,12,7,3,2,33.33,33.33,19.44,8.33,5.56,3,0.980000000000,0.769900000000,1.137550000000,0.844000000000,3,25.00,2,1,240
PDH,2026-04,21,False,0.25,5,12,29,2,4,20,3,0,6.90,13.79,68.97,10.34,0.00,0,0.260000000000,0.230000000000,0.450000000000,0.300000000000,0,0.00,0,0,
PDH,2026-04,21,False,0.25,15,12,29,4,5,20,0,0,13.79,17.24,68.97,0.00,0.00,1,0.350000000000,0.640000000000,0.470000000000,0.640000000000,3,75.00,2,1,180
PDH,2026-04,21,False,0.25,30,12,29,4,5,20,0,0,13.79,17.24,68.97,0.00,0.00,2,0.520000000000,0.780000000000,0.649800000000,0.780000000000,3,75.00,2,1,180
PDH,2026-04,21,False,0.50,5,12,29,4,4,10,11,0,13.79,13.79,34.48,37.93,0.00,0,0.260000000000,0.230000000000,0.450000000000,0.300000000000,0,0.00,0,0,
PDH,2026-04,21,False,0.50,15,12,29,4,9,10,5,1,13.79,31.03,34.48,17.24,3.45,1,0.350000000000,0.640000000000,0.470000000000,0.640000000000,4,100.00,3,1,210
PDH,2026-04,21,False,0.50,30,12,29,6,10,10,2,1,20.69,34.48,34.48,6.90,3.45,2,0.520000000000,0.780000000000,0.649800000000,0.780000000000,4,66.67,3,1,210
PDH,2026-04,21,False,1.00,5,12,29,0,2,3,24,0,0.00,6.90,10.34,82.76,0.00,0,0.260000000000,0.230000000000,0.450000000000,0.300000000000,0,,0,0,
PDH,2026-04,21,False,1.00,15,12,29,2,7,3,16,1,6.90,24.14,10.34,55.17,3.45,1,0.350000000000,0.640000000000,0.470000000000,0.640000000000,1,50.00,0,1,360
PDH,2026-04,21,False,1.00,30,12,29,4,10,3,10,2,13.79,34.48,10.34,34.48,6.90,2,0.520000000000,0.780000000000,0.649800000000,0.780000000000,2,50.00,0,2,360
PDH,2026-05,20,False,0.25,5,12,27,6,3,16,2,0,22.22,11.11,59.26,7.41,0.00,0,0.330000000000,0.250000000000,0.585000000000,0.290000000000,3,50.00,3,0,120
PDH,2026-05,20,False,0.25,15,12,27,7,4,16,0,0,25.93,14.81,59.26,0.00,0.00,0,0.630200000000,0.390000000000,0.840000000000,0.390000000000,3,42.86,3,0,120
PDH,2026-05,20,False,0.25,30,12,27,7,4,16,0,0,25.93,14.81,59.26,0.00,0.00,0,1.010000000000,0.460000000000,1.050000000000,0.460000000000,3,42.86,3,0,120
PDH,2026-05,20,False,0.50,5,12,27,10,2,7,8,0,37.04,7.41,25.93,29.63,0.00,0,0.330000000000,0.250000000000,0.585000000000,0.290000000000,2,20.00,2,0,90
PDH,2026-05,20,False,0.50,15,12,27,12,5,7,3,0,44.44,18.52,25.93,11.11,0.00,0,0.630200000000,0.390000000000,0.840000000000,0.390000000000,3,25.00,3,0,120
PDH,2026-05,20,False,0.50,30,12,27,13,5,7,2,0,48.15,18.52,25.93,7.41,0.00,0,1.010000000000,0.460000000000,1.050000000000,0.460000000000,3,23.08,3,0,120
PDH,2026-05,20,False,1.00,5,12,27,0,1,3,23,0,0.00,3.70,11.11,85.19,0.00,0,0.330000000000,0.250000000000,0.585000000000,0.290000000000,0,,0,0,
PDH,2026-05,20,False,1.00,15,12,27,7,3,3,14,0,25.93,11.11,11.11,51.85,0.00,0,0.630200000000,0.390000000000,0.840000000000,0.390000000000,0,0.00,0,0,
PDH,2026-05,20,False,1.00,30,12,27,12,4,3,8,0,44.44,14.81,11.11,29.63,0.00,0,1.010000000000,0.460000000000,1.050000000000,0.460000000000,0,0.00,0,0,
PDH,2026-06,21,False,0.25,5,9,18,2,0,15,1,0,11.11,0.00,83.33,5.56,0.00,1,0.325000000000,0.750000000000,0.635000000000,0.750000000000,0,0.00,0,0,
PDH,2026-06,21,False,0.25,15,9,18,3,0,15,0,0,16.67,0.00,83.33,0.00,0.00,1,0.777500000000,1.215000000000,0.887500000000,1.255000000000,0,0.00,0,0,
PDH,2026-06,21,False,0.25,30,9,18,3,0,15,0,0,16.67,0.00,83.33,0.00,0.00,1,1.135000000000,1.590000000000,1.135000000000,1.590000000000,0,0.00,0,0,
PDH,2026-06,21,False,0.50,5,9,18,1,2,12,2,1,5.56,11.11,66.67,11.11,5.56,1,0.325000000000,0.750000000000,0.635000000000,0.750000000000,0,0.00,0,0,
PDH,2026-06,21,False,0.50,15,9,18,3,2,12,0,1,16.67,11.11,66.67,0.00,5.56,1,0.777500000000,1.215000000000,0.887500000000,1.255000000000,0,0.00,0,0,
PDH,2026-06,21,False,0.50,30,9,18,3,2,12,0,1,16.67,11.11,66.67,0.00,5.56,1,1.135000000000,1.590000000000,1.135000000000,1.590000000000,0,0.00,0,0,
PDH,2026-06,21,False,1.00,5,9,18,3,5,2,7,1,16.67,27.78,11.11,38.89,5.56,1,0.325000000000,0.750000000000,0.635000000000,0.750000000000,0,0.00,0,0,
PDH,2026-06,21,False,1.00,15,9,18,6,7,2,2,1,33.33,38.89,11.11,11.11,5.56,1,0.777500000000,1.215000000000,0.887500000000,1.255000000000,2,33.33,2,0,240
PDH,2026-06,21,False,1.00,30,9,18,6,8,2,1,1,33.33,44.44,11.11,5.56,5.56,1,1.135000000000,1.590000000000,1.135000000000,1.590000000000,2,33.33,2,0,240
PDH,2026-07,22,False,0.25,5,12,35,3,3,23,6,0,8.57,8.57,65.71,17.14,0.00,0,0.230000000000,0.340000000000,0.365000000000,0.340000000000,1,33.33,1,0,240
PDH,2026-07,22,False,0.25,15,12,35,5,5,23,2,0,14.29,14.29,65.71,5.71,0.00,1,0.350000000000,0.570000000000,0.390000000000,0.570000000000,3,60.00,2,1,240
PDH,2026-07,22,False,0.25,30,12,35,6,6,23,0,0,17.14,17.14,65.71,0.00,0.00,2,0.470000000000,0.650000000000,0.520000000000,0.650000000000,4,66.67,2,2,300
PDH,2026-07,22,False,0.50,5,12,35,6,9,7,13,0,17.14,25.71,20.00,37.14,0.00,0,0.230000000000,0.340000000000,0.365000000000,0.340000000000,1,16.67,1,0,180
PDH,2026-07,22,False,0.50,15,12,35,6,14,7,8,0,17.14,40.00,20.00,22.86,0.00,1,0.350000000000,0.570000000000,0.390000000000,0.570000000000,3,50.00,2,1,180
PDH,2026-07,22,False,0.50,30,12,35,8,15,7,5,0,22.86,42.86,20.00,14.29,0.00,2,0.470000000000,0.650000000000,0.520000000000,0.650000000000,4,50.00,2,2,270
PDH,2026-07,22,False,1.00,5,12,35,2,2,1,30,0,5.71,5.71,2.86,85.71,0.00,0,0.230000000000,0.340000000000,0.365000000000,0.340000000000,0,0.00,0,0,
PDH,2026-07,22,False,1.00,15,12,35,6,8,1,19,1,17.14,22.86,2.86,54.29,2.86,1,0.350000000000,0.570000000000,0.390000000000,0.570000000000,1,16.67,0,1,360
PDH,2026-07,22,False,1.00,30,12,35,10,13,1,10,1,28.57,37.14,2.86,28.57,2.86,2,0.470000000000,0.650000000000,0.520000000000,0.650000000000,2,20.00,1,1,300
PDH,2026-08,21,False,0.25,5,11,34,8,6,15,5,0,23.53,17.65,44.12,14.71,0.00,0,0.217500000000,0.287500000000,0.307500000000,0.287500000000,3,37.50,3,0,120
PDH,2026-08,21,False,0.25,15,11,34,9,9,15,1,0,26.47,26.47,44.12,2.94,0.00,0,0.305000000000,0.530000000000,0.355000000000,0.530000000000,5,55.56,3,2,180
PDH,2026-08,21,False,0.25,30,11,34,10,9,15,0,0,29.41,26.47,44.12,0.00,0.00,1,0.492500000000,0.630000000000,0.492500000000,0.630000000000,6,60.00,4,2,180
PDH,2026-08,21,False,0.50,5,11,34,7,4,4,19,0,20.59,11.76,11.76,55.88,0.00,0,0.217500000000,0.287500000000,0.307500000000,0.287500000000,2,28.57,2,0,150
PDH,2026-08,21,False,0.50,15,11,34,9,12,4,9,0,26.47,35.29,11.76,26.47,0.00,0,0.305000000000,0.530000000000,0.355000000000,0.530000000000,4,44.44,3,1,240
PDH,2026-08,21,False,0.50,30,11,34,11,17,4,2,0,32.35,50.00,11.76,5.88,0.00,1,0.492500000000,0.630000000000,0.492500000000,0.630000000000,4,36.36,3,1,240
PDH,2026-08,21,False,1.00,5,11,34,0,1,1,32,0,0.00,2.94,2.94,94.12,0.00,0,0.217500000000,0.287500000000,0.307500000000,0.287500000000,0,,0,0,
PDH,2026-08,21,False,1.00,15,11,34,4,7,1,22,0,11.76,20.59,2.94,64.71,0.00,0,0.305000000000,0.530000000000,0.355000000000,0.530000000000,1,25.00,1,0,180
PDH,2026-08,21,False,1.00,30,11,34,7,11,1,15,0,20.59,32.35,2.94,44.12,0.00,1,0.492500000000,0.630000000000,0.492500000000,0.630000000000,1,14.29,1,0,180
PDH,2026-09,4,True,0.25,5,1,4,1,0,2,1,0,25.00,0.00,50.00,25.00,0.00,0,0.145000000000,0.315000000000,0.260000000000,0.330000000000,0,0.00,0,0,
PDH,2026-09,4,True,0.25,15,1,4,2,0,2,0,0,50.00,0.00,50.00,0.00,0.00,0,0.195000000000,0.405000000000,0.290000000000,0.405000000000,1,50.00,0,1,360
PDH,2026-09,4,True,0.25,30,1,4,2,0,2,0,0,50.00,0.00,50.00,0.00,0.00,0,0.230000000000,0.520000000000,0.325000000000,0.520000000000,1,50.00,0,1,360
PDH,2026-09,4,True,0.50,5,1,4,0,2,0,2,0,0.00,50.00,0.00,50.00,0.00,0,0.145000000000,0.315000000000,0.260000000000,0.330000000000,0,,0,0,
PDH,2026-09,4,True,0.50,15,1,4,0,2,0,2,0,0.00,50.00,0.00,50.00,0.00,0,0.195000000000,0.405000000000,0.290000000000,0.405000000000,0,,0,0,
PDH,2026-09,4,True,0.50,30,1,4,1,2,0,1,0,25.00,50.00,0.00,25.00,0.00,0,0.230000000000,0.520000000000,0.325000000000,0.520000000000,0,0.00,0,0,
PDH,2026-09,4,True,1.00,5,1,4,0,0,0,4,0,0.00,0.00,0.00,100.00,0.00,0,0.145000000000,0.315000000000,0.260000000000,0.330000000000,0,,0,0,
PDH,2026-09,4,True,1.00,15,1,4,0,0,0,4,0,0.00,0.00,0.00,100.00,0.00,0,0.195000000000,0.405000000000,0.290000000000,0.405000000000,0,,0,0,
PDH,2026-09,4,True,1.00,30,1,4,0,1,0,3,0,0.00,25.00,0.00,75.00,0.00,0,0.230000000000,0.520000000000,0.325000000000,0.520000000000,0,,0,0,
PDL,2026-01,20,False,0.25,5,5,21,7,1,13,0,0,33.33,4.76,61.90,0.00,0.00,0,0.384000000000,0.350000000000,0.460000000000,0.350000000000,1,14.29,1,0,60
PDL,2026-01,20,False,0.25,15,5,21,7,1,13,0,0,33.33,4.76,61.90,0.00,0.00,2,0.470000000000,0.520000000000,0.550000000000,0.520000000000,4,57.14,1,3,390
PDL,2026-01,20,False,0.25,30,5,21,7,1,13,0,0,33.33,4.76,61.90,0.00,0.00,2,0.630000000000,0.655000000000,0.730100000000,0.655000000000,4,57.14,1,3,390
PDL,2026-01,20,False,0.50,5,5,21,4,8,4,5,0,19.05,38.10,19.05,23.81,0.00,0,0.384000000000,0.350000000000,0.460000000000,0.350000000000,0,0.00,0,0,
PDL,2026-01,20,False,0.50,15,5,21,7,9,4,1,0,33.33,42.86,19.05,4.76,0.00,2,0.470000000000,0.520000000000,0.550000000000,0.520000000000,2,28.57,1,1,480
PDL,2026-01,20,False,0.50,30,5,21,7,10,4,0,0,33.33,47.62,19.05,0.00,0.00,2,0.630000000000,0.655000000000,0.730100000000,0.655000000000,3,42.86,1,2,660
PDL,2026-01,20,False,1.00,5,5,21,1,1,0,19,0,4.76,4.76,0.00,90.48,0.00,0,0.384000000000,0.350000000000,0.460000000000,0.350000000000,1,100.00,1,0,180
PDL,2026-01,20,False,1.00,15,5,21,2,4,0,13,2,9.52,19.05,0.00,61.90,9.52,2,0.470000000000,0.520000000000,0.550000000000,0.520000000000,1,50.00,1,0,180
PDL,2026-01,20,False,1.00,30,5,21,4,7,0,8,2,19.05,33.33,0.00,38.10,9.52,2,0.630000000000,0.655000000000,0.730100000000,0.655000000000,1,25.00,1,0,180
PDL,2026-02,19,False,0.25,5,12,36,11,4,21,0,0,30.56,11.11,58.33,0.00,0.00,0,0.315000000000,0.443900000000,0.480000000000,0.482500000000,2,18.18,2,0,90
PDL,2026-02,19,False,0.25,15,12,36,11,4,21,0,0,30.56,11.11,58.33,0.00,0.00,1,0.564500000000,0.872500000000,0.735000000000,0.872500000000,8,72.73,4,4,360
PDL,2026-02,19,False,0.25,30,12,36,11,4,21,0,0,30.56,11.11,58.33,0.00,0.00,1,0.854500000000,1.100000000000,1.017500000000,1.100000000000,10,90.91,4,6,420
PDL,2026-02,19,False,0.50,5,12,36,8,11,10,7,0,22.22,30.56,27.78,19.44,0.00,0,0.315000000000,0.443900000000,0.480000000000,0.482500000000,0,0.00,0,0,
PDL,2026-02,19,False,0.50,15,12,36,12,12,10,1,1,33.33,33.33,27.78,2.78,2.78,1,0.564500000000,0.872500000000,0.735000000000,0.872500000000,3,25.00,1,2,360
PDL,2026-02,19,False,0.50,30,12,36,12,13,10,0,1,33.33,36.11,27.78,0.00,2.78,1,0.854500000000,1.100000000000,1.017500000000,1.100000000000,5,41.67,1,4,540
PDL,2026-02,19,False,1.00,5,12,36,7,5,2,22,0,19.44,13.89,5.56,61.11,0.00,0,0.315000000000,0.443900000000,0.480000000000,0.482500000000,0,0.00,0,0,
PDL,2026-02,19,False,1.00,15,12,36,8,12,2,13,1,22.22,33.33,5.56,36.11,2.78,1,0.564500000000,0.872500000000,0.735000000000,0.872500000000,3,37.50,3,0,180
PDL,2026-02,19,False,1.00,30,12,36,13,15,2,5,1,36.11,41.67,5.56,13.89,2.78,1,0.854500000000,1.100000000000,1.017500000000,1.100000000000,4,30.77,3,1,240
PDL,2026-03,22,False,0.25,5,13,36,3,4,29,0,0,8.33,11.11,80.56,0.00,0.00,0,0.362250000000,0.410000000000,0.615000000000,0.445000000000,1,33.33,1,0,60
PDL,2026-03,22,False,0.25,15,13,36,3,4,29,0,0,8.33,11.11,80.56,0.00,0.00,0,0.805000000000,0.565000000000,0.915000000000,0.565000000000,3,100.00,2,1,240
PDL,2026-03,22,False,0.25,30,13,36,3,4,29,0,0,8.33,11.11,80.56,0.00,0.00,1,1.186150000000,0.942500000000,1.186150000000,0.942500000000,3,100.00,2,1,240
PDL,2026-03,22,False,0.50,5,13,36,8,6,15,7,0,22.22,16.67,41.67,19.44,0.00,0,0.362250000000,0.410000000000,0.615000000000,0.445000000000,1,12.50,1,0,60
PDL,2026-03,22,False,0.50,15,13,36,13,8,15,0,0,36.11,22.22,41.67,0.00,0.00,0,0.805000000000,0.565000000000,0.915000000000,0.565000000000,6,46.15,4,2,210
PDL,2026-03,22,False,0.50,30,13,36,13,8,15,0,0,36.11,22.22,41.67,0.00,0.00,1,1.186150000000,0.942500000000,1.186150000000,0.942500000000,9,69.23,5,4,240
PDL,2026-03,22,False,1.00,5,13,36,2,5,3,26,0,5.56,13.89,8.33,72.22,0.00,0,0.362250000000,0.410000000000,0.615000000000,0.445000000000,0,0.00,0,0,
PDL,2026-03,22,False,1.00,15,13,36,13,10,3,10,0,36.11,27.78,8.33,27.78,0.00,0,0.805000000000,0.565000000000,0.915000000000,0.565000000000,3,23.08,1,2,360
PDL,2026-03,22,False,1.00,30,13,36,15,16,3,2,0,41.67,44.44,8.33,5.56,0.00,1,1.186150000000,0.942500000000,1.186150000000,0.942500000000,7,46.67,1,6,420
PDL,2026-04,21,False,0.25,5,7,29,8,4,17,0,0,27.59,13.79,58.62,0.00,0.00,0,0.430000000000,0.440000000000,0.560000000000,0.440000000000,2,25.00,2,0,90
PDL,2026-04,21,False,0.25,15,7,29,8,4,17,0,0,27.59,13.79,58.62,0.00,0.00,1,0.660000000000,0.585000000000,0.780000000000,0.585000000000,3,37.50,2,1,120
PDL,2026-04,21,False,0.25,30,7,29,8,4,17,0,0,27.59,13.79,58.62,0.00,0.00,2,0.950000000000,0.830000000000,1.000000000000,0.830000000000,3,37.50,2,1,120
PDL,2026-04,21,False,0.50,5,7,29,8,6,9,6,0,27.59,20.69,31.03,20.69,0.00,0,0.430000000000,0.440000000000,0.560000000000,0.440000000000,1,12.50,1,0,180
PDL,2026-04,21,False,0.50,15,7,29,11,7,9,2,0,37.93,24.14,31.03,6.90,0.00,1,0.660000000000,0.585000000000,0.780000000000,0.585000000000,2,18.18,2,0,240
PDL,2026-04,21,False,0.50,30,7,29,11,9,9,0,0,37.93,31.03,31.03,0.00,0.00,2,0.950000000000,0.830000000000,1.000000000000,0.830000000000,2,18.18,2,0,240
PDL,2026-04,21,False,1.00,5,7,29,3,3,2,21,0,10.34,10.34,6.90,72.41,0.00,0,0.430000000000,0.440000000000,0.560000000000,0.440000000000,0,0.00,0,0,
PDL,2026-04,21,False,1.00,15,7,29,8,8,2,10,1,27.59,27.59,6.90,34.48,3.45,1,0.660000000000,0.585000000000,0.780000000000,0.585000000000,1,12.50,0,1,480
PDL,2026-04,21,False,1.00,30,7,29,13,11,2,2,1,44.83,37.93,6.90,6.90,3.45,2,0.950000000000,0.830000000000,1.000000000000,0.830000000000,1,7.69,0,1,480
PDL,2026-05,20,False,0.25,5,5,16,5,1,10,0,0,31.25,6.25,62.50,0.00,0.00,0,0.410000000000,0.240000000000,0.525000000000,0.295000000000,2,40.00,2,0,90
PDL,2026-05,20,False,0.25,15,5,16,5,1,10,0,0,31.25,6.25,62.50,0.00,0.00,2,0.695000000000,0.405000000000,0.775000000000,0.435000000000,3,60.00,2,1,120
PDL,2026-05,20,False,0.25,30,5,16,5,1,10,0,0,31.25,6.25,62.50,0.00,0.00,2,0.870000000000,0.765000000000,0.915000000000,0.765000000000,4,80.00,2,2,420
PDL,2026-05,20,False,0.50,5,5,16,5,4,3,4,0,31.25,25.00,18.75,25.00,0.00,0,0.410000000000,0.240000000000,0.525000000000,0.295000000000,0,0.00,0,0,
PDL,2026-05,20,False,0.50,15,5,16,7,5,3,1,0,43.75,31.25,18.75,6.25,0.00,2,0.695000000000,0.405000000000,0.775000000000,0.435000000000,1,14.29,0,1,720
PDL,2026-05,20,False,0.50,30,5,16,8,5,3,0,0,50.00,31.25,18.75,0.00,0.00,2,0.870000000000,0.765000000000,0.915000000000,0.765000000000,5,62.50,1,4,1200
PDL,2026-05,20,False,1.00,5,5,16,5,2,0,9,0,31.25,12.50,0.00,56.25,0.00,0,0.410000000000,0.240000000000,0.525000000000,0.295000000000,0,0.00,0,0,
PDL,2026-05,20,False,1.00,15,5,16,6,2,0,6,2,37.50,12.50,0.00,37.50,12.50,2,0.695000000000,0.405000000000,0.775000000000,0.435000000000,1,16.67,0,1,660
PDL,2026-05,20,False,1.00,30,5,16,7,5,0,2,2,43.75,31.25,0.00,12.50,12.50,2,0.870000000000,0.765000000000,0.915000000000,0.765000000000,3,42.86,0,3,1200
PDL,2026-06,21,False,0.25,5,12,31,8,4,18,1,0,25.81,12.90,58.06,3.23,0.00,2,0.380000000000,0.360000000000,0.540000000000,0.360000000000,1,12.50,1,0,60
PDL,2026-06,21,False,0.25,15,12,31,8,5,18,0,0,25.81,16.13,58.06,0.00,0.00,2,0.730000000000,0.410000000000,0.750000000000,0.410000000000,1,12.50,1,0,60
PDL,2026-06,21,False,0.25,30,12,31,8,5,18,0,0,25.81,16.13,58.06,0.00,0.00,3,0.920000000000,0.790000000000,1.050000000000,0.910000000000,4,50.00,1,3,1230
PDL,2026-06,21,False,0.50,5,12,31,6,7,11,7,0,19.35,22.58,35.48,22.58,0.00,2,0.380000000000,0.360000000000,0.540000000000,0.360000000000,0,0.00,0,0,
PDL,2026-06,21,False,0.50,15,12,31,11,7,11,2,0,35.48,22.58,35.48,6.45,0.00,2,0.730000000000,0.410000000000,0.750000000000,0.410000000000,1,9.09,0,1,420
PDL,2026-06,21,False,0.50,30,12,31,11,9,11,0,0,35.48,29.03,35.48,0.00,0.00,3,0.920000000000,0.790000000000,1.050000000000,0.910000000000,4,36.36,0,4,660
PDL,2026-06,21,False,1.00,5,12,31,2,4,4,21,0,6.45,12.90,12.90,67.74,0.00,2,0.380000000000,0.360000000000,0.540000000000,0.360000000000,0,0.00,0,0,
PDL,2026-06,21,False,1.00,15,12,31,8,10,4,9,0,25.81,32.26,12.90,29.03,0.00,2,0.730000000000,0.410000000000,0.750000000000,0.410000000000,0,0.00,0,0,
PDL,2026-06,21,False,1.00,30,12,31,10,12,4,5,0,32.26,38.71,12.90,16.13,0.00,3,0.920000000000,0.790000000000,1.050000000000,0.910000000000,3,30.00,0,3,660
PDL,2026-07,22,False,0.25,5,7,25,3,5,17,0,0,12.00,20.00,68.00,0.00,0.00,0,0.149900000000,0.520000000000,0.345000000000,0.520000000000,1,33.33,1,0,120
PDL,2026-07,22,False,0.25,15,7,25,3,5,17,0,0,12.00,20.00,68.00,0.00,0.00,2,0.340000000000,0.680000000000,0.380000000000,0.680000000000,2,66.67,1,1,330
PDL,2026-07,22,False,0.25,30,7,25,3,5,17,0,0,12.00,20.00,68.00,0.00,0.00,3,0.730000000000,0.840000000000,0.800000000000,0.840000000000,2,66.67,1,1,330
PDL,2026-07,22,False,0.50,5,7,25,5,10,5,5,0,20.00,40.00,20.00,20.00,0.00,0,0.149900000000,0.520000000000,0.345000000000,0.520000000000,1,20.00,1,0,180
PDL,2026-07,22,False,0.50,15,7,25,6,13,5,1,0,24.00,52.00,20.00,4.00,0.00,2,0.340000000000,0.680000000000,0.380000000000,0.680000000000,2,33.33,1,1,330
PDL,2026-07,22,False,0.50,30,7,25,7,13,5,0,0,28.00,52.00,20.00,0.00,0.00,3,0.730000000000,0.840000000000,0.800000000000,0.840000000000,3,42.86,1,2,480
PDL,2026-07,22,False,1.00,5,7,25,1,1,2,21,0,4.00,4.00,8.00,84.00,0.00,0,0.149900000000,0.520000000000,0.345000000000,0.520000000000,1,100.00,1,0,120
PDL,2026-07,22,False,1.00,15,7,25,3,4,2,14,2,12.00,16.00,8.00,56.00,8.00,2,0.340000000000,0.680000000000,0.380000000000,0.680000000000,1,33.33,1,0,120
PDL,2026-07,22,False,1.00,30,7,25,5,8,2,8,2,20.00,32.00,8.00,32.00,8.00,3,0.730000000000,0.840000000000,0.800000000000,0.840000000000,1,20.00,1,0,120
PDL,2026-08,21,False,0.25,5,5,19,6,3,6,4,0,31.58,15.79,31.58,21.05,0.00,0,0.260000000000,0.220000000000,0.270000000000,0.240000000000,2,33.33,2,0,60
PDL,2026-08,21,False,0.25,15,5,19,8,4,6,1,0,42.11,21.05,31.58,5.26,0.00,0,0.320000000000,0.270000000000,0.390000000000,0.270000000000,8,100.00,6,2,120
PDL,2026-08,21,False,0.25,30,5,19,9,4,6,0,0,47.37,21.05,31.58,0.00,0.00,0,0.430100000000,0.360000000000,0.540100000000,0.360000000000,8,88.89,6,2,120
PDL,2026-08,21,False,0.50,5,5,19,2,1,4,12,0,10.53,5.26,21.05,63.16,0.00,0,0.260000000000,0.220000000000,0.270000000000,0.240000000000,0,0.00,0,0,
PDL,2026-08,21,False,0.50,15,5,19,3,5,4,7,0,15.79,26.32,21.05,36.84,0.00,0,0.320000000000,0.270000000000,0.390000000000,0.270000000000,1,33.33,0,1,540
PDL,2026-08,21,False,0.50,30,5,19,6,5,4,4,0,31.58,26.32,21.05,21.05,0.00,0,0.430100000000,0.360000000000,0.540100000000,0.360000000000,2,33.33,0,2,570
PDL,2026-08,21,False,1.00,5,5,19,2,0,1,16,0,10.53,0.00,5.26,84.21,0.00,0,0.260000000000,0.220000000000,0.270000000000,0.240000000000,0,0.00,0,0,
PDL,2026-08,21,False,1.00,15,5,19,3,1,1,14,0,15.79,5.26,5.26,73.68,0.00,0,0.320000000000,0.270000000000,0.390000000000,0.270000000000,0,0.00,0,0,
PDL,2026-08,21,False,1.00,30,5,19,4,3,1,11,0,21.05,15.79,5.26,57.89,0.00,0,0.430100000000,0.360000000000,0.540100000000,0.360000000000,0,0.00,0,0,
PDL,2026-09,4,True,0.25,5,0,0,0,0,0,0,0,,,,,,0,,,,,0,,0,0,
PDL,2026-09,4,True,0.25,15,0,0,0,0,0,0,0,,,,,,0,,,,,0,,0,0,
PDL,2026-09,4,True,0.25,30,0,0,0,0,0,0,0,,,,,,0,,,,,0,,0,0,
PDL,2026-09,4,True,0.50,5,0,0,0,0,0,0,0,,,,,,0,,,,,0,,0,0,
PDL,2026-09,4,True,0.50,15,0,0,0,0,0,0,0,,,,,,0,,,,,0,,0,0,
PDL,2026-09,4,True,0.50,30,0,0,0,0,0,0,0,,,,,,0,,,,,0,,0,0,
PDL,2026-09,4,True,1.00,5,0,0,0,0,0,0,0,,,,,,0,,,,,0,,0,0,
PDL,2026-09,4,True,1.00,15,0,0,0,0,0,0,0,,,,,,0,,,,,0,,0,0,
PDL,2026-09,4,True,1.00,30,0,0,0,0,0,0,0,,,,,,0,,,,,0,,0,0,
PMH,2026-01,20,False,0.25,5,0,0,0,0,0,0,0,,,,,,0,,,,,0,,0,0,
PMH,2026-01,20,False,0.25,15,0,0,0,0,0,0,0,,,,,,0,,,,,0,,0,0,
PMH,2026-01,20,False,0.25,30,0,0,0,0,0,0,0,,,,,,0,,,,,0,,0,0,
PMH,2026-01,20,False,0.50,5,0,0,0,0,0,0,0,,,,,,0,,,,,0,,0,0,
PMH,2026-01,20,False,0.50,15,0,0,0,0,0,0,0,,,,,,0,,,,,0,,0,0,
PMH,2026-01,20,False,0.50,30,0,0,0,0,0,0,0,,,,,,0,,,,,0,,0,0,
PMH,2026-01,20,False,1.00,5,0,0,0,0,0,0,0,,,,,,0,,,,,0,,0,0,
PMH,2026-01,20,False,1.00,15,0,0,0,0,0,0,0,,,,,,0,,,,,0,,0,0,
PMH,2026-01,20,False,1.00,30,0,0,0,0,0,0,0,,,,,,0,,,,,0,,0,0,
PMH,2026-02,19,False,0.25,5,0,0,0,0,0,0,0,,,,,,0,,,,,0,,0,0,
PMH,2026-02,19,False,0.25,15,0,0,0,0,0,0,0,,,,,,0,,,,,0,,0,0,
PMH,2026-02,19,False,0.25,30,0,0,0,0,0,0,0,,,,,,0,,,,,0,,0,0,
PMH,2026-02,19,False,0.50,5,0,0,0,0,0,0,0,,,,,,0,,,,,0,,0,0,
PMH,2026-02,19,False,0.50,15,0,0,0,0,0,0,0,,,,,,0,,,,,0,,0,0,
PMH,2026-02,19,False,0.50,30,0,0,0,0,0,0,0,,,,,,0,,,,,0,,0,0,
PMH,2026-02,19,False,1.00,5,0,0,0,0,0,0,0,,,,,,0,,,,,0,,0,0,
PMH,2026-02,19,False,1.00,15,0,0,0,0,0,0,0,,,,,,0,,,,,0,,0,0,
PMH,2026-02,19,False,1.00,30,0,0,0,0,0,0,0,,,,,,0,,,,,0,,0,0,
PMH,2026-03,22,False,0.25,5,1,2,1,0,1,0,0,50.00,0.00,50.00,0.00,0.00,0,0.925000000000,0.370000000000,0.925000000000,0.370000000000,0,0.00,0,0,
PMH,2026-03,22,False,0.25,15,1,2,1,0,1,0,0,50.00,0.00,50.00,0.00,0.00,0,1.310000000000,0.390000000000,1.310000000000,0.390000000000,0,0.00,0,0,
PMH,2026-03,22,False,0.25,30,1,2,1,0,1,0,0,50.00,0.00,50.00,0.00,0.00,0,1.680000000000,0.390000000000,1.680000000000,0.390000000000,0,0.00,0,0,
PMH,2026-03,22,False,0.50,5,1,2,2,0,0,0,0,100.00,0.00,0.00,0.00,0.00,0,0.925000000000,0.370000000000,0.925000000000,0.370000000000,1,50.00,1,0,60
PMH,2026-03,22,False,0.50,15,1,2,2,0,0,0,0,100.00,0.00,0.00,0.00,0.00,0,1.310000000000,0.390000000000,1.310000000000,0.390000000000,1,50.00,1,0,60
PMH,2026-03,22,False,0.50,30,1,2,2,0,0,0,0,100.00,0.00,0.00,0.00,0.00,0,1.680000000000,0.390000000000,1.680000000000,0.390000000000,1,50.00,1,0,60
PMH,2026-03,22,False,1.00,5,1,2,1,0,0,1,0,50.00,0.00,0.00,50.00,0.00,0,0.925000000000,0.370000000000,0.925000000000,0.370000000000,0,0.00,0,0,
PMH,2026-03,22,False,1.00,15,1,2,2,0,0,0,0,100.00,0.00,0.00,0.00,0.00,0,1.310000000000,0.390000000000,1.310000000000,0.390000000000,0,0.00,0,0,
PMH,2026-03,22,False,1.00,30,1,2,2,0,0,0,0,100.00,0.00,0.00,0.00,0.00,0,1.680000000000,0.390000000000,1.680000000000,0.390000000000,0,0.00,0,0,
PMH,2026-04,21,False,0.25,5,1,1,0,0,1,0,0,0.00,0.00,100.00,0.00,0.00,0,0.200000000000,0.690000000000,0.260000000000,0.690000000000,0,,0,0,
PMH,2026-04,21,False,0.25,15,1,1,0,0,1,0,0,0.00,0.00,100.00,0.00,0.00,0,0.200000000000,0.780000000000,0.260000000000,0.780000000000,0,,0,0,
PMH,2026-04,21,False,0.25,30,1,1,0,0,1,0,0,0.00,0.00,100.00,0.00,0.00,0,2.660000000000,0.780000000000,2.660000000000,0.780000000000,0,,0,0,
PMH,2026-04,21,False,0.50,5,1,1,0,1,0,0,0,0.00,100.00,0.00,0.00,0.00,0,0.200000000000,0.690000000000,0.260000000000,0.690000000000,0,,0,0,
PMH,2026-04,21,False,0.50,15,1,1,0,1,0,0,0,0.00,100.00,0.00,0.00,0.00,0,0.200000000000,0.780000000000,0.260000000000,0.780000000000,0,,0,0,
PMH,2026-04,21,False,0.50,30,1,1,0,1,0,0,0,0.00,100.00,0.00,0.00,0.00,0,2.660000000000,0.780000000000,2.660000000000,0.780000000000,0,,0,0,
PMH,2026-04,21,False,1.00,5,1,1,0,0,0,1,0,0.00,0.00,0.00,100.00,0.00,0,0.200000000000,0.690000000000,0.260000000000,0.690000000000,0,,0,0,
PMH,2026-04,21,False,1.00,15,1,1,0,0,0,1,0,0.00,0.00,0.00,100.00,0.00,0,0.200000000000,0.780000000000,0.260000000000,0.780000000000,0,,0,0,
PMH,2026-04,21,False,1.00,30,1,1,1,0,0,0,0,100.00,0.00,0.00,0.00,0.00,0,2.660000000000,0.780000000000,2.660000000000,0.780000000000,0,0.00,0,0,
PMH,2026-05,20,False,0.25,5,0,0,0,0,0,0,0,,,,,,0,,,,,0,,0,0,
PMH,2026-05,20,False,0.25,15,0,0,0,0,0,0,0,,,,,,0,,,,,0,,0,0,
PMH,2026-05,20,False,0.25,30,0,0,0,0,0,0,0,,,,,,0,,,,,0,,0,0,
PMH,2026-05,20,False,0.50,5,0,0,0,0,0,0,0,,,,,,0,,,,,0,,0,0,
PMH,2026-05,20,False,0.50,15,0,0,0,0,0,0,0,,,,,,0,,,,,0,,0,0,
PMH,2026-05,20,False,0.50,30,0,0,0,0,0,0,0,,,,,,0,,,,,0,,0,0,
PMH,2026-05,20,False,1.00,5,0,0,0,0,0,0,0,,,,,,0,,,,,0,,0,0,
PMH,2026-05,20,False,1.00,15,0,0,0,0,0,0,0,,,,,,0,,,,,0,,0,0,
PMH,2026-05,20,False,1.00,30,0,0,0,0,0,0,0,,,,,,0,,,,,0,,0,0,
PMH,2026-06,21,False,0.25,5,0,0,0,0,0,0,0,,,,,,0,,,,,0,,0,0,
PMH,2026-06,21,False,0.25,15,0,0,0,0,0,0,0,,,,,,0,,,,,0,,0,0,
PMH,2026-06,21,False,0.25,30,0,0,0,0,0,0,0,,,,,,0,,,,,0,,0,0,
PMH,2026-06,21,False,0.50,5,0,0,0,0,0,0,0,,,,,,0,,,,,0,,0,0,
PMH,2026-06,21,False,0.50,15,0,0,0,0,0,0,0,,,,,,0,,,,,0,,0,0,
PMH,2026-06,21,False,0.50,30,0,0,0,0,0,0,0,,,,,,0,,,,,0,,0,0,
PMH,2026-06,21,False,1.00,5,0,0,0,0,0,0,0,,,,,,0,,,,,0,,0,0,
PMH,2026-06,21,False,1.00,15,0,0,0,0,0,0,0,,,,,,0,,,,,0,,0,0,
PMH,2026-06,21,False,1.00,30,0,0,0,0,0,0,0,,,,,,0,,,,,0,,0,0,
PMH,2026-07,22,False,0.25,5,0,0,0,0,0,0,0,,,,,,0,,,,,0,,0,0,
PMH,2026-07,22,False,0.25,15,0,0,0,0,0,0,0,,,,,,0,,,,,0,,0,0,
PMH,2026-07,22,False,0.25,30,0,0,0,0,0,0,0,,,,,,0,,,,,0,,0,0,
PMH,2026-07,22,False,0.50,5,0,0,0,0,0,0,0,,,,,,0,,,,,0,,0,0,
PMH,2026-07,22,False,0.50,15,0,0,0,0,0,0,0,,,,,,0,,,,,0,,0,0,
PMH,2026-07,22,False,0.50,30,0,0,0,0,0,0,0,,,,,,0,,,,,0,,0,0,
PMH,2026-07,22,False,1.00,5,0,0,0,0,0,0,0,,,,,,0,,,,,0,,0,0,
PMH,2026-07,22,False,1.00,15,0,0,0,0,0,0,0,,,,,,0,,,,,0,,0,0,
PMH,2026-07,22,False,1.00,30,0,0,0,0,0,0,0,,,,,,0,,,,,0,,0,0,
PMH,2026-08,21,False,0.25,5,0,0,0,0,0,0,0,,,,,,0,,,,,0,,0,0,
PMH,2026-08,21,False,0.25,15,0,0,0,0,0,0,0,,,,,,0,,,,,0,,0,0,
PMH,2026-08,21,False,0.25,30,0,0,0,0,0,0,0,,,,,,0,,,,,0,,0,0,
PMH,2026-08,21,False,0.50,5,0,0,0,0,0,0,0,,,,,,0,,,,,0,,0,0,
PMH,2026-08,21,False,0.50,15,0,0,0,0,0,0,0,,,,,,0,,,,,0,,0,0,
PMH,2026-08,21,False,0.50,30,0,0,0,0,0,0,0,,,,,,0,,,,,0,,0,0,
PMH,2026-08,21,False,1.00,5,0,0,0,0,0,0,0,,,,,,0,,,,,0,,0,0,
PMH,2026-08,21,False,1.00,15,0,0,0,0,0,0,0,,,,,,0,,,,,0,,0,0,
PMH,2026-08,21,False,1.00,30,0,0,0,0,0,0,0,,,,,,0,,,,,0,,0,0,
PMH,2026-09,4,True,0.25,5,0,0,0,0,0,0,0,,,,,,0,,,,,0,,0,0,
PMH,2026-09,4,True,0.25,15,0,0,0,0,0,0,0,,,,,,0,,,,,0,,0,0,
PMH,2026-09,4,True,0.25,30,0,0,0,0,0,0,0,,,,,,0,,,,,0,,0,0,
PMH,2026-09,4,True,0.50,5,0,0,0,0,0,0,0,,,,,,0,,,,,0,,0,0,
PMH,2026-09,4,True,0.50,15,0,0,0,0,0,0,0,,,,,,0,,,,,0,,0,0,
PMH,2026-09,4,True,0.50,30,0,0,0,0,0,0,0,,,,,,0,,,,,0,,0,0,
PMH,2026-09,4,True,1.00,5,0,0,0,0,0,0,0,,,,,,0,,,,,0,,0,0,
PMH,2026-09,4,True,1.00,15,0,0,0,0,0,0,0,,,,,,0,,,,,0,,0,0,
PMH,2026-09,4,True,1.00,30,0,0,0,0,0,0,0,,,,,,0,,,,,0,,0,0,
PML,2026-01,20,False,0.25,5,0,0,0,0,0,0,0,,,,,,0,,,,,0,,0,0,
PML,2026-01,20,False,0.25,15,0,0,0,0,0,0,0,,,,,,0,,,,,0,,0,0,
PML,2026-01,20,False,0.25,30,0,0,0,0,0,0,0,,,,,,0,,,,,0,,0,0,
PML,2026-01,20,False,0.50,5,0,0,0,0,0,0,0,,,,,,0,,,,,0,,0,0,
PML,2026-01,20,False,0.50,15,0,0,0,0,0,0,0,,,,,,0,,,,,0,,0,0,
PML,2026-01,20,False,0.50,30,0,0,0,0,0,0,0,,,,,,0,,,,,0,,0,0,
PML,2026-01,20,False,1.00,5,0,0,0,0,0,0,0,,,,,,0,,,,,0,,0,0,
PML,2026-01,20,False,1.00,15,0,0,0,0,0,0,0,,,,,,0,,,,,0,,0,0,
PML,2026-01,20,False,1.00,30,0,0,0,0,0,0,0,,,,,,0,,,,,0,,0,0,
PML,2026-02,19,False,0.25,5,0,0,0,0,0,0,0,,,,,,0,,,,,0,,0,0,
PML,2026-02,19,False,0.25,15,0,0,0,0,0,0,0,,,,,,0,,,,,0,,0,0,
PML,2026-02,19,False,0.25,30,0,0,0,0,0,0,0,,,,,,0,,,,,0,,0,0,
PML,2026-02,19,False,0.50,5,0,0,0,0,0,0,0,,,,,,0,,,,,0,,0,0,
PML,2026-02,19,False,0.50,15,0,0,0,0,0,0,0,,,,,,0,,,,,0,,0,0,
PML,2026-02,19,False,0.50,30,0,0,0,0,0,0,0,,,,,,0,,,,,0,,0,0,
PML,2026-02,19,False,1.00,5,0,0,0,0,0,0,0,,,,,,0,,,,,0,,0,0,
PML,2026-02,19,False,1.00,15,0,0,0,0,0,0,0,,,,,,0,,,,,0,,0,0,
PML,2026-02,19,False,1.00,30,0,0,0,0,0,0,0,,,,,,0,,,,,0,,0,0,
PML,2026-03,22,False,0.25,5,1,2,1,0,1,0,0,50.00,0.00,50.00,0.00,0.00,0,1.315000000000,0.235000000000,1.555000000000,0.270000000000,0,0.00,0,0,
PML,2026-03,22,False,0.25,15,1,2,1,0,1,0,0,50.00,0.00,50.00,0.00,0.00,0,1.795000000000,0.435000000000,1.795000000000,0.435000000000,0,0.00,0,0,
PML,2026-03,22,False,0.25,30,1,2,1,0,1,0,0,50.00,0.00,50.00,0.00,0.00,0,1.795000000000,2.287500000000,1.795000000000,2.287500000000,1,100.00,0,1,1620
PML,2026-03,22,False,0.50,5,1,2,0,0,2,0,0,0.00,0.00,100.00,0.00,0.00,0,1.315000000000,0.235000000000,1.555000000000,0.270000000000,0,,0,0,
PML,2026-03,22,False,0.50,15,1,2,0,0,2,0,0,0.00,0.00,100.00,0.00,0.00,0,1.795000000000,0.435000000000,1.795000000000,0.435000000000,0,,0,0,
PML,2026-03,22,False,0.50,30,1,2,0,0,2,0,0,0.00,0.00,100.00,0.00,0.00,0,1.795000000000,2.287500000000,1.795000000000,2.287500000000,0,,0,0,
PML,2026-03,22,False,1.00,5,1,2,1,0,1,0,0,50.00,0.00,50.00,0.00,0.00,0,1.315000000000,0.235000000000,1.555000000000,0.270000000000,0,0.00,0,0,
PML,2026-03,22,False,1.00,15,1,2,1,0,1,0,0,50.00,0.00,50.00,0.00,0.00,0,1.795000000000,0.435000000000,1.795000000000,0.435000000000,1,100.00,1,0,240
PML,2026-03,22,False,1.00,30,1,2,1,0,1,0,0,50.00,0.00,50.00,0.00,0.00,0,1.795000000000,2.287500000000,1.795000000000,2.287500000000,1,100.00,1,0,240
PML,2026-04,21,False,0.25,5,1,6,1,1,4,0,0,16.67,16.67,66.67,0.00,0.00,0,0.255000000000,0.315000000000,0.350000000000,0.350000000000,0,0.00,0,0,
PML,2026-04,21,False,0.25,15,1,6,1,1,4,0,0,16.67,16.67,66.67,0.00,0.00,0,0.490000000000,0.470000000000,0.496250000000,0.470000000000,0,0.00,0,0,
PML,2026-04,21,False,0.25,30,1,6,1,1,4,0,0,16.67,16.67,66.67,0.00,0.00,1,0.561250000000,0.910000000000,0.741250000000,0.910000000000,0,0.00,0,0,
PML,2026-04,21,False,0.50,5,1,6,0,1,2,3,0,0.00,16.67,33.33,50.00,0.00,0,0.255000000000,0.315000000000,0.350000000000,0.350000000000,0,,0,0,
PML,2026-04,21,False,0.50,15,1,6,1,2,2,1,0,16.67,33.33,33.33,16.67,0.00,0,0.490000000000,0.470000000000,0.496250000000,0.470000000000,1,100.00,1,0,180
PML,2026-04,21,False,0.50,30,1,6,2,2,2,0,0,33.33,33.33,33.33,0.00,0.00,1,0.561250000000,0.910000000000,0.741250000000,0.910000000000,1,50.00,1,0,180
PML,2026-04,21,False,1.00,5,1,6,1,0,0,5,0,16.67,0.00,0.00,83.33,0.00,0,0.255000000000,0.315000000000,0.350000000000,0.350000000000,0,0.00,0,0,
PML,2026-04,21,False,1.00,15,1,6,1,1,0,4,0,16.67,16.67,0.00,66.67,0.00,0,0.490000000000,0.470000000000,0.496250000000,0.470000000000,0,0.00,0,0,
PML,2026-04,21,False,1.00,30,1,6,2,2,0,2,0,33.33,33.33,0.00,33.33,0.00,1,0.561250000000,0.910000000000,0.741250000000,0.910000000000,1,50.00,0,1,1140
PML,2026-05,20,False,0.25,5,0,0,0,0,0,0,0,,,,,,0,,,,,0,,0,0,
PML,2026-05,20,False,0.25,15,0,0,0,0,0,0,0,,,,,,0,,,,,0,,0,0,
PML,2026-05,20,False,0.25,30,0,0,0,0,0,0,0,,,,,,0,,,,,0,,0,0,
PML,2026-05,20,False,0.50,5,0,0,0,0,0,0,0,,,,,,0,,,,,0,,0,0,
PML,2026-05,20,False,0.50,15,0,0,0,0,0,0,0,,,,,,0,,,,,0,,0,0,
PML,2026-05,20,False,0.50,30,0,0,0,0,0,0,0,,,,,,0,,,,,0,,0,0,
PML,2026-05,20,False,1.00,5,0,0,0,0,0,0,0,,,,,,0,,,,,0,,0,0,
PML,2026-05,20,False,1.00,15,0,0,0,0,0,0,0,,,,,,0,,,,,0,,0,0,
PML,2026-05,20,False,1.00,30,0,0,0,0,0,0,0,,,,,,0,,,,,0,,0,0,
PML,2026-06,21,False,0.25,5,0,0,0,0,0,0,0,,,,,,0,,,,,0,,0,0,
PML,2026-06,21,False,0.25,15,0,0,0,0,0,0,0,,,,,,0,,,,,0,,0,0,
PML,2026-06,21,False,0.25,30,0,0,0,0,0,0,0,,,,,,0,,,,,0,,0,0,
PML,2026-06,21,False,0.50,5,0,0,0,0,0,0,0,,,,,,0,,,,,0,,0,0,
PML,2026-06,21,False,0.50,15,0,0,0,0,0,0,0,,,,,,0,,,,,0,,0,0,
PML,2026-06,21,False,0.50,30,0,0,0,0,0,0,0,,,,,,0,,,,,0,,0,0,
PML,2026-06,21,False,1.00,5,0,0,0,0,0,0,0,,,,,,0,,,,,0,,0,0,
PML,2026-06,21,False,1.00,15,0,0,0,0,0,0,0,,,,,,0,,,,,0,,0,0,
PML,2026-06,21,False,1.00,30,0,0,0,0,0,0,0,,,,,,0,,,,,0,,0,0,
PML,2026-07,22,False,0.25,5,0,0,0,0,0,0,0,,,,,,0,,,,,0,,0,0,
PML,2026-07,22,False,0.25,15,0,0,0,0,0,0,0,,,,,,0,,,,,0,,0,0,
PML,2026-07,22,False,0.25,30,0,0,0,0,0,0,0,,,,,,0,,,,,0,,0,0,
PML,2026-07,22,False,0.50,5,0,0,0,0,0,0,0,,,,,,0,,,,,0,,0,0,
PML,2026-07,22,False,0.50,15,0,0,0,0,0,0,0,,,,,,0,,,,,0,,0,0,
PML,2026-07,22,False,0.50,30,0,0,0,0,0,0,0,,,,,,0,,,,,0,,0,0,
PML,2026-07,22,False,1.00,5,0,0,0,0,0,0,0,,,,,,0,,,,,0,,0,0,
PML,2026-07,22,False,1.00,15,0,0,0,0,0,0,0,,,,,,0,,,,,0,,0,0,
PML,2026-07,22,False,1.00,30,0,0,0,0,0,0,0,,,,,,0,,,,,0,,0,0,
PML,2026-08,21,False,0.25,5,0,0,0,0,0,0,0,,,,,,0,,,,,0,,0,0,
PML,2026-08,21,False,0.25,15,0,0,0,0,0,0,0,,,,,,0,,,,,0,,0,0,
PML,2026-08,21,False,0.25,30,0,0,0,0,0,0,0,,,,,,0,,,,,0,,0,0,
PML,2026-08,21,False,0.50,5,0,0,0,0,0,0,0,,,,,,0,,,,,0,,0,0,
PML,2026-08,21,False,0.50,15,0,0,0,0,0,0,0,,,,,,0,,,,,0,,0,0,
PML,2026-08,21,False,0.50,30,0,0,0,0,0,0,0,,,,,,0,,,,,0,,0,0,
PML,2026-08,21,False,1.00,5,0,0,0,0,0,0,0,,,,,,0,,,,,0,,0,0,
PML,2026-08,21,False,1.00,15,0,0,0,0,0,0,0,,,,,,0,,,,,0,,0,0,
PML,2026-08,21,False,1.00,30,0,0,0,0,0,0,0,,,,,,0,,,,,0,,0,0,
PML,2026-09,4,True,0.25,5,0,0,0,0,0,0,0,,,,,,0,,,,,0,,0,0,
PML,2026-09,4,True,0.25,15,0,0,0,0,0,0,0,,,,,,0,,,,,0,,0,0,
PML,2026-09,4,True,0.25,30,0,0,0,0,0,0,0,,,,,,0,,,,,0,,0,0,
PML,2026-09,4,True,0.50,5,0,0,0,0,0,0,0,,,,,,0,,,,,0,,0,0,
PML,2026-09,4,True,0.50,15,0,0,0,0,0,0,0,,,,,,0,,,,,0,,0,0,
PML,2026-09,4,True,0.50,30,0,0,0,0,0,0,0,,,,,,0,,,,,0,,0,0,
PML,2026-09,4,True,1.00,5,0,0,0,0,0,0,0,,,,,,0,,,,,0,,0,0,
PML,2026-09,4,True,1.00,15,0,0,0,0,0,0,0,,,,,,0,,,,,0,,0,0,
PML,2026-09,4,True,1.00,30,0,0,0,0,0,0,0,,,,,,0,,,,,0,,0,0,
ORH5,2026-01,20,False,0.25,5,18,59,19,14,22,4,0,32.20,23.73,37.29,6.78,0.00,0,0.280000000000,0.240000000000,0.340000000000,0.240000000000,4,21.05,4,0,60
ORH5,2026-01,20,False,0.25,15,18,59,22,15,22,0,0,37.29,25.42,37.29,0.00,0.00,2,0.450000000000,0.455000000000,0.480000000000,0.455000000000,11,50.00,4,7,360
ORH5,2026-01,20,False,0.25,30,18,59,22,15,22,0,0,37.29,25.42,37.29,0.00,0.00,2,0.710100000000,0.530000000000,0.730000000000,0.530000000000,16,72.73,4,12,510
ORH5,2026-01,20,False,0.50,5,18,59,14,14,5,26,0,23.73,23.73,8.47,44.07,0.00,0,0.280000000000,0.240000000000,0.340000000000,0.240000000000,0,0.00,0,0,
ORH5,2026-01,20,False,0.50,15,18,59,21,21,5,11,1,35.59,35.59,8.47,18.64,1.69,2,0.450000000000,0.455000000000,0.480000000000,0.455000000000,7,33.33,3,4,480
ORH5,2026-01,20,False,0.50,30,18,59,23,25,5,5,1,38.98,42.37,8.47,8.47,1.69,2,0.710100000000,0.530000000000,0.730000000000,0.530000000000,14,60.87,3,11,630
ORH5,2026-01,20,False,1.00,5,18,59,6,2,1,50,0,10.17,3.39,1.69,84.75,0.00,0,0.280000000000,0.240000000000,0.340000000000,0.240000000000,0,0.00,0,0,
ORH5,2026-01,20,False,1.00,15,18,59,12,7,1,37,2,20.34,11.86,1.69,62.71,3.39,2,0.450000000000,0.455000000000,0.480000000000,0.455000000000,3,25.00,1,2,420
ORH5,2026-01,20,False,1.00,30,18,59,19,11,1,26,2,32.20,18.64,1.69,44.07,3.39,2,0.710100000000,0.530000000000,0.730000000000,0.530000000000,7,36.84,1,6,600
ORH5,2026-02,19,False,0.25,5,16,49,7,2,39,1,0,14.29,4.08,79.59,2.04,0.00,2,0.440000000000,0.395000000000,0.570000000000,0.437500000000,2,28.57,2,0,180
ORH5,2026-02,19,False,0.25,15,16,49,8,2,39,0,0,16.33,4.08,79.59,0.00,0.00,2,0.750000000000,0.525000000000,0.780000000000,0.545000000000,3,37.50,2,1,180
ORH5,2026-02,19,False,0.25,30,16,49,8,2,39,0,0,16.33,4.08,79.59,0.00,0.00,2,0.985000000000,0.845000000000,1.015000000000,0.845000000000,5,62.50,2,3,420
ORH5,2026-02,19,False,0.50,5,16,49,9,10,18,11,1,18.37,20.41,36.73,22.45,2.04,2,0.440000000000,0.395000000000,0.570000000000,0.437500000000,1,11.11,1,0,60
ORH5,2026-02,19,False,0.50,15,16,49,17,12,18,1,1,34.69,24.49,36.73,2.04,2.04,2,0.750000000000,0.525000000000,0.780000000000,0.545000000000,5,29.41,3,2,240
ORH5,2026-02,19,False,0.50,30,16,49,17,13,18,0,1,34.69,26.53,36.73,0.00,2.04,2,0.985000000000,0.845000000000,1.015000000000,0.845000000000,10,58.82,3,7,540
ORH5,2026-02,19,False,1.00,5,16,49,8,7,3,29,2,16.33,14.29,6.12,59.18,4.08,2,0.440000000000,0.395000000000,0.570000000000,0.437500000000,0,0.00,0,0,
ORH5,2026-02,19,False,1.00,15,16,49,15,12,3,17,2,30.61,24.49,6.12,34.69,4.08,2,0.750000000000,0.525000000000,0.780000000000,0.545000000000,2,13.33,1,1,300
ORH5,2026-02,19,False,1.00,30,16,49,17,17,3,10,2,34.69,34.69,6.12,20.41,4.08,2,0.985000000000,0.845000000000,1.015000000000,0.845000000000,7,41.18,3,4,420
ORH5,2026-03,22,False,0.25,5,20,62,10,5,47,0,0,16.13,8.06,75.81,0.00,0.00,0,0.460000000000,0.300000000000,0.625000000000,0.300000000000,5,50.00,5,0,120
ORH5,2026-03,22,False,0.25,15,20,62,10,5,47,0,0,16.13,8.06,75.81,0.00,0.00,2,0.775000000000,0.660000000000,0.795000000000,0.660000000000,5,50.00,5,0,120
ORH5,2026-03,22,False,0.25,30,20,62,10,5,47,0,0,16.13,8.06,75.81,0.00,0.00,2,1.100000000000,0.860000000000,1.100000000000,0.860000000000,7,70.00,5,2,120
ORH5,2026-03,22,False,0.50,5,20,62,19,9,21,13,0,30.65,14.52,33.87,20.97,0.00,0,0.460000000000,0.300000000000,0.625000000000,0.300000000000,3,15.79,3,0,60
ORH5,2026-03,22,False,0.50,15,20,62,23,16,21,0,2,37.10,25.81,33.87,0.00,3.23,2,0.775000000000,0.660000000000,0.795000000000,0.660000000000,11,47.83,8,3,180
ORH5,2026-03,22,False,0.50,30,20,62,23,16,21,0,2,37.10,25.81,33.87,0.00,3.23,2,1.100000000000,0.860000000000,1.100000000000,0.860000000000,16,69.57,8,8,330
ORH5,2026-03,22,False,1.00,5,20,62,9,6,3,44,0,14.52,9.68,4.84,70.97,0.00,0,0.460000000000,0.300000000000,0.625000000000,0.300000000000,1,11.11,1,0,60
ORH5,2026-03,22,False,1.00,15,20,62,22,18,3,17,2,35.48,29.03,4.84,27.42,3.23,2,0.775000000000,0.660000000000,0.795000000000,0.660000000000,2,9.09,2,0,90
ORH5,2026-03,22,False,1.00,30,20,62,29,22,3,6,2,46.77,35.48,4.84,9.68,3.23,2,1.100000000000,0.860000000000,1.100000000000,0.860000000000,7,24.14,3,4,780
ORH5,2026-04,21,False,0.25,5,20,61,8,6,41,6,0,13.11,9.84,67.21,9.84,0.00,1,0.260000000000,0.225000000000,0.355000000000,0.300000000000,2,25.00,2,0,90
ORH5,2026-04,21,False,0.25,15,20,61,11,8,41,1,0,18.03,13.11,67.21,1.64,0.00,2,0.461200000000,0.500000000000,0.680000000000,0.510000000000,4,36.36,4,0,90
ORH5,2026-04,21,False,0.25,30,20,61,12,8,41,0,0,19.67,13.11,67.21,0.00,0.00,3,0.740000000000,0.700000000000,0.870000000000,0.700000000000,6,50.00,5,1,120
ORH5,2026-04,21,False,0.50,5,20,61,11,10,13,27,0,18.03,16.39,21.31,44.26,0.00,1,0.260000000000,0.225000000000,0.355000000000,0.300000000000,0,0.00,0,0,
ORH5,2026-04,21,False,0.50,15,20,61,20,22,13,6,0,32.79,36.07,21.31,9.84,0.00,2,0.461200000000,0.500000000000,0.680000000000,0.510000000000,3,15.00,1,2,540
ORH5,2026-04,21,False,0.50,30,20,61,22,25,13,1,0,36.07,40.98,21.31,1.64,0.00,3,0.740000000000,0.700000000000,0.870000000000,0.700000000000,7,31.82,1,6,660
ORH5,2026-04,21,False,1.00,5,20,61,4,2,3,51,1,6.56,3.28,4.92,83.61,1.64,1,0.260000000000,0.225000000000,0.355000000000,0.300000000000,0,0.00,0,0,
ORH5,2026-04,21,False,1.00,15,20,61,14,10,3,32,2,22.95,16.39,4.92,52.46,3.28,2,0.461200000000,0.500000000000,0.680000000000,0.510000000000,3,21.43,0,3,480
ORH5,2026-04,21,False,1.00,30,20,61,25,17,3,13,3,40.98,27.87,4.92,21.31,4.92,3,0.740000000000,0.700000000000,0.870000000000,0.700000000000,10,40.00,2,8,570
ORH5,2026-05,20,False,0.25,5,20,57,12,8,31,6,0,21.05,14.04,54.39,10.53,0.00,1,0.260000000000,0.280000000000,0.370000000000,0.280000000000,6,50.00,6,0,120
ORH5,2026-05,20,False,0.25,15,20,57,14,12,31,0,0,24.56,21.05,54.39,0.00,0.00,1,0.430000000000,0.550000000000,0.499500000000,0.575000000000,10,71.43,9,1,120
ORH5,2026-05,20,False,0.25,30,20,57,14,12,31,0,0,24.56,21.05,54.39,0.00,0.00,2,0.590000000000,0.830000000000,0.670000000000,0.830000000000,12,85.71,9,3,150
ORH5,2026-05,20,False,0.50,5,20,57,8,10,11,28,0,14.04,17.54,19.30,49.12,0.00,1,0.260000000000,0.280000000000,0.370000000000,0.280000000000,1,12.50,1,0,120
ORH5,2026-05,20,False,0.50,15,20,57,12,22,11,12,0,21.05,38.60,19.30,21.05,0.00,1,0.430000000000,0.550000000000,0.499500000000,0.575000000000,5,41.67,5,0,180
ORH5,2026-05,20,False,0.50,30,20,57,16,27,11,2,1,28.07,47.37,19.30,3.51,1.75,2,0.590000000000,0.830000000000,0.670000000000,0.830000000000,10,62.50,6,4,300
ORH5,2026-05,20,False,1.00,5,20,57,2,5,0,49,1,3.51,8.77,0.00,85.96,1.75,1,0.260000000000,0.280000000000,0.370000000000,0.280000000000,0,0.00,0,0,
ORH5,2026-05,20,False,1.00,15,20,57,10,13,0,33,1,17.54,22.81,0.00,57.89,1.75,1,0.430000000000,0.550000000000,0.499500000000,0.575000000000,0,0.00,0,0,
ORH5,2026-05,20,False,1.00,30,20,57,14,22,0,19,2,24.56,38.60,0.00,33.33,3.51,2,0.590000000000,0.830000000000,0.670000000000,0.830000000000,4,28.57,1,3,660
ORH5,2026-06,21,False,0.25,5,18,47,9,2,35,1,0,19.15,4.26,74.47,2.13,0.00,2,0.380000000000,0.450000000000,0.620000000000,0.450000000000,1,11.11,1,0,120
ORH5,2026-06,21,False,0.25,15,18,47,9,3,35,0,0,19.15,6.38,74.47,0.00,0.00,3,0.700000000000,0.730000000000,0.860000000000,0.785000000000,5,55.56,1,4,600
ORH5,2026-06,21,False,0.25,30,18,47,9,3,35,0,0,19.15,6.38,74.47,0.00,0.00,4,1.050000000000,0.830000000000,1.160000000000,0.910000000000,5,55.56,1,4,600
ORH5,2026-06,21,False,0.50,5,18,47,9,11,15,12,0,19.15,23.40,31.91,25.53,0.00,2,0.380000000000,0.450000000000,0.620000000000,0.450000000000,2,22.22,2,0,150
ORH5,2026-06,21,False,0.50,15,18,47,15,14,15,3,0,31.91,29.79,31.91,6.38,0.00,3,0.700000000000,0.730000000000,0.860000000000,0.785000000000,8,53.33,5,3,300
ORH5,2026-06,21,False,0.50,30,18,47,16,16,15,0,0,34.04,34.04,31.91,0.00,0.00,4,1.050000000000,0.830000000000,1.160000000000,0.910000000000,8,50.00,5,3,300
ORH5,2026-06,21,False,1.00,5,18,47,5,6,3,33,0,10.64,12.77,6.38,70.21,0.00,2,0.380000000000,0.450000000000,0.620000000000,0.450000000000,0,0.00,0,0,
ORH5,2026-06,21,False,1.00,15,18,47,14,12,3,18,0,29.79,25.53,6.38,38.30,0.00,3,0.700000000000,0.730000000000,0.860000000000,0.785000000000,5,35.71,2,3,420
ORH5,2026-06,21,False,1.00,30,18,47,20,17,3,7,0,42.55,36.17,6.38,14.89,0.00,4,1.050000000000,0.830000000000,1.160000000000,0.910000000000,9,45.00,2,7,420
ORH5,2026-07,22,False,0.25,5,21,51,9,6,34,2,0,17.65,11.76,66.67,3.92,0.00,1,0.355000000000,0.287500000000,0.481750000000,0.300500000000,1,11.11,1,0,120
ORH5,2026-07,22,False,0.25,15,21,51,11,6,34,0,0,21.57,11.76,66.67,0.00,0.00,1,0.660000000000,0.535500000000,0.735000000000,0.535500000000,6,54.55,2,4,390
ORH5,2026-07,22,False,0.25,30,21,51,11,6,34,0,0,21.57,11.76,66.67,0.00,0.00,2,0.882500000000,0.827500000000,0.915000000000,0.827500000000,8,72.73,2,6,420
ORH5,2026-07,22,False,0.50,5,21,51,15,8,11,17,0,29.41,15.69,21.57,33.33,0.00,1,0.355000000000,0.287500000000,0.481750000000,0.300500000000,3,20.00,3,0,60
ORH5,2026-07,22,False,0.50,15,21,51,23,15,11,2,0,45.10,29.41,21.57,3.92,0.00,1,0.660000000000,0.535500000000,0.735000000000,0.535500000000,11,47.83,6,5,300
ORH5,2026-07,22,False,0.50,30,21,51,23,17,11,0,0,45.10,33.33,21.57,0.00,0.00,2,0.882500000000,0.827500000000,0.915000000000,0.827500000000,15,65.22,6,9,420
ORH5,2026-07,22,False,1.00,5,21,51,4,6,2,38,1,7.84,11.76,3.92,74.51,1.96,1,0.355000000000,0.287500000000,0.481750000000,0.300500000000,0,0.00,0,0,
ORH5,2026-07,22,False,1.00,15,21,51,11,16,2,21,1,21.57,31.37,3.92,41.18,1.96,1,0.660000000000,0.535500000000,0.735000000000,0.535500000000,3,27.27,1,2,360
ORH5,2026-07,22,False,1.00,30,21,51,18,20,2,9,2,35.29,39.22,3.92,17.65,3.92,2,0.882500000000,0.827500000000,0.915000000000,0.827500000000,4,22.22,1,3,450
ORH5,2026-08,21,False,0.25,5,17,45,9,9,18,9,0,20.00,20.00,40.00,20.00,0.00,1,0.205000000000,0.280000000000,0.310000000000,0.286000000000,3,33.33,3,0,120
ORH5,2026-08,21,False,0.25,15,17,45,13,13,18,1,0,28.89,28.89,40.00,2.22,0.00,2,0.340000000000,0.558500000000,0.360000000000,0.558500000000,8,61.54,6,2,120
ORH5,2026-08,21,False,0.25,30,17,45,13,14,18,0,0,28.89,31.11,40.00,0.00,0.00,3,0.450000000000,0.660000000000,0.510000000000,0.660000000000,9,69.23,6,3,120
ORH5,2026-08,21,False,0.50,5,17,45,7,8,6,23,1,15.56,17.78,13.33,51.11,2.22,1,0.205000000000,0.280000000000,0.310000000000,0.286000000000,1,14.29,1,0,120
ORH5,2026-08,21,False,0.50,15,17,45,10,18,6,10,1,22.22,40.00,13.33,22.22,2.22,2,0.340000000000,0.558500000000,0.360000000000,0.558500000000,4,40.00,1,3,540
ORH5,2026-08,21,False,0.50,30,17,45,12,20,6,6,1,26.67,44.44,13.33,13.33,2.22,3,0.450000000000,0.660000000000,0.510000000000,0.660000000000,7,58.33,1,6,600
ORH5,2026-08,21,False,1.00,5,17,45,3,0,1,40,1,6.67,0.00,2.22,88.89,2.22,1,0.205000000000,0.280000000000,0.310000000000,0.286000000000,0,0.00,0,0,
ORH5,2026-08,21,False,1.00,15,17,45,5,6,1,32,1,11.11,13.33,2.22,71.11,2.22,2,0.340000000000,0.558500000000,0.360000000000,0.558500000000,3,60.00,1,2,420
ORH5,2026-08,21,False,1.00,30,17,45,10,14,1,18,2,22.22,31.11,2.22,40.00,4.44,3,0.450000000000,0.660000000000,0.510000000000,0.660000000000,3,30.00,1,2,420
ORH5,2026-09,4,True,0.25,5,4,8,2,1,5,0,0,25.00,12.50,62.50,0.00,0.00,0,0.075000000000,0.379750000000,0.402250000000,0.379750000000,0,0.00,0,0,
ORH5,2026-09,4,True,0.25,15,4,8,2,1,5,0,0,25.00,12.50,62.50,0.00,0.00,0,0.394750000000,0.469750000000,0.524750000000,0.469750000000,1,50.00,1,0,240
ORH5,2026-09,4,True,0.25,30,4,8,2,1,5,0,0,25.00,12.50,62.50,0.00,0.00,0,0.619250000000,0.684750000000,0.619250000000,0.684750000000,1,50.00,1,0,240
ORH5,2026-09,4,True,0.50,5,4,8,2,3,0,3,0,25.00,37.50,0.00,37.50,0.00,0,0.075000000000,0.379750000000,0.402250000000,0.379750000000,0,0.00,0,0,
ORH5,2026-09,4,True,0.50,15,4,8,4,4,0,0,0,50.00,50.00,0.00,0.00,0.00,0,0.394750000000,0.469750000000,0.524750000000,0.469750000000,1,25.00,0,1,600
ORH5,2026-09,4,True,0.50,30,4,8,4,4,0,0,0,50.00,50.00,0.00,0.00,0.00,0,0.619250000000,0.684750000000,0.619250000000,0.684750000000,2,50.00,0,2,510
ORH5,2026-09,4,True,1.00,5,4,8,0,0,0,8,0,0.00,0.00,0.00,100.00,0.00,0,0.075000000000,0.379750000000,0.402250000000,0.379750000000,0,,0,0,
ORH5,2026-09,4,True,1.00,15,4,8,1,1,0,6,0,12.50,12.50,0.00,75.00,0.00,0,0.394750000000,0.469750000000,0.524750000000,0.469750000000,0,0.00,0,0,
ORH5,2026-09,4,True,1.00,30,4,8,2,3,0,3,0,25.00,37.50,0.00,37.50,0.00,0,0.619250000000,0.684750000000,0.619250000000,0.684750000000,0,0.00,0,0,
ORL5,2026-01,20,False,0.25,5,17,46,13,3,29,1,0,28.26,6.52,63.04,2.17,0.00,0,0.450000000000,0.252500000000,0.486850000000,0.252500000000,3,23.08,3,0,120
ORL5,2026-01,20,False,0.25,15,17,46,13,4,29,0,0,28.26,8.70,63.04,0.00,0.00,0,0.825000000000,0.525000000000,0.830000000000,0.525000000000,6,46.15,4,2,180
ORL5,2026-01,20,False,0.25,30,17,46,13,4,29,0,0,28.26,8.70,63.04,0.00,0.00,2,0.930000000000,0.760000000000,0.972500000000,0.760000000000,8,61.54,4,4,330
ORL5,2026-01,20,False,0.50,5,17,46,16,13,7,10,0,34.78,28.26,15.22,21.74,0.00,0,0.450000000000,0.252500000000,0.486850000000,0.252500000000,2,12.50,2,0,60
ORL5,2026-01,20,False,0.50,15,17,46,23,15,7,1,0,50.00,32.61,15.22,2.17,0.00,0,0.825000000000,0.525000000000,0.830000000000,0.525000000000,8,34.78,5,3,240
ORL5,2026-01,20,False,0.50,30,17,46,23,15,7,1,0,50.00,32.61,15.22,2.17,0.00,2,0.930000000000,0.760000000000,0.972500000000,0.760000000000,12,52.17,5,7,390
ORL5,2026-01,20,False,1.00,5,17,46,4,5,1,36,0,8.70,10.87,2.17,78.26,0.00,0,0.450000000000,0.252500000000,0.486850000000,0.252500000000,0,0.00,0,0,
ORL5,2026-01,20,False,1.00,15,17,46,13,13,1,19,0,28.26,28.26,2.17,41.30,0.00,0,0.825000000000,0.525000000000,0.830000000000,0.525000000000,0,0.00,0,0,
ORL5,2026-01,20,False,1.00,30,17,46,19,15,1,11,0,41.30,32.61,2.17,23.91,0.00,2,0.930000000000,0.760000000000,0.972500000000,0.760000000000,2,10.53,0,2,570
ORL5,2026-02,19,False,0.25,5,13,33,9,0,23,1,0,27.27,0.00,69.70,3.03,0.00,0,0.559300000000,0.480000000000,0.570000000000,0.480000000000,5,55.56,5,0,120
ORL5,2026-02,19,False,0.25,15,13,33,9,1,23,0,0,27.27,3.03,69.70,0.00,0.00,0,0.650000000000,0.995000000000,0.700000000000,0.995000000000,7,77.78,6,1,120
ORL5,2026-02,19,False,0.25,30,13,33,9,1,23,0,0,27.27,3.03,69.70,0.00,0.00,1,0.720000000000,1.160000000000,0.820000000000,1.160000000000,7,77.78,6,1,120
ORL5,2026-02,19,False,0.50,5,13,33,10,7,10,6,0,30.30,21.21,30.30,18.18,0.00,0,0.559300000000,0.480000000000,0.570000000000,0.480000000000,5,50.00,5,0,60
ORL5,2026-02,19,False,0.50,15,13,33,11,11,10,1,0,33.33,33.33,30.30,3.03,0.00,0,0.650000000000,0.995000000000,0.700000000000,0.995000000000,7,63.64,7,0,120
ORL5,2026-02,19,False,0.50,30,13,33,11,11,10,1,0,33.33,33.33,30.30,3.03,0.00,1,0.720000000000,1.160000000000,0.820000000000,1.160000000000,7,63.64,7,0,120
ORL5,2026-02,19,False,1.00,5,13,33,5,6,2,20,0,15.15,18.18,6.06,60.61,0.00,0,0.559300000000,0.480000000000,0.570000000000,0.480000000000,1,20.00,1,0,180
ORL5,2026-02,19,False,1.00,15,13,33,6,14,2,11,0,18.18,42.42,6.06,33.33,0.00,0,0.650000000000,0.995000000000,0.700000000000,0.995000000000,1,16.67,1,0,180
ORL5,2026-02,19,False,1.00,30,13,33,7,19,2,5,0,21.21,57.58,6.06,15.15,0.00,1,0.720000000000,1.160000000000,0.820000000000,1.160000000000,2,28.57,1,1,420
ORL5,2026-03,22,False,0.25,5,20,58,11,0,46,1,0,18.97,0.00,79.31,1.72,0.00,0,0.455000000000,0.429950000000,0.585000000000,0.465000000000,5,45.45,5,0,180
ORL5,2026-03,22,False,0.25,15,20,58,11,1,46,0,0,18.97,1.72,79.31,0.00,0.00,1,0.850000000000,0.835000000000,0.955000000000,0.935000000000,7,63.64,6,1,180
ORL5,2026-03,22,False,0.25,30,20,58,11,1,46,0,0,18.97,1.72,79.31,0.00,0.00,1,1.230000000000,1.245000000000,1.265000000000,1.320000000000,7,63.64,6,1,180
ORL5,2026-03,22,False,0.50,5,20,58,14,12,23,9,0,24.14,20.69,39.66,15.52,0.00,0,0.455000000000,0.429950000000,0.585000000000,0.465000000000,4,28.57,4,0,120
ORL5,2026-03,22,False,0.50,15,20,58,19,16,23,0,0,32.76,27.59,39.66,0.00,0.00,1,0.850000000000,0.835000000000,0.955000000000,0.935000000000,8,42.11,7,1,210
ORL5,2026-03,22,False,0.50,30,20,58,19,16,23,0,0,32.76,27.59,39.66,0.00,0.00,1,1.230000000000,1.245000000000,1.265000000000,1.320000000000,9,47.37,7,2,240
ORL5,2026-03,22,False,1.00,5,20,58,9,6,8,35,0,15.52,10.34,13.79,60.34,0.00,0,0.455000000000,0.429950000000,0.585000000000,0.465000000000,0,0.00,0,0,
ORL5,2026-03,22,False,1.00,15,20,58,21,21,8,8,0,36.21,36.21,13.79,13.79,0.00,1,0.850000000000,0.835000000000,0.955000000000,0.935000000000,2,9.52,1,1,240
ORL5,2026-03,22,False,1.00,30,20,58,26,22,8,2,0,44.83,37.93,13.79,3.45,0.00,1,1.230000000000,1.245000000000,1.265000000000,1.320000000000,7,26.92,2,5,420
ORL5,2026-04,21,False,0.25,5,20,61,14,7,35,5,0,22.95,11.48,57.38,8.20,0.00,1,0.340000000000,0.260000000000,0.409900000000,0.270000000000,3,21.43,3,0,120
ORL5,2026-04,21,False,0.25,15,20,61,15,10,35,1,0,24.59,16.39,57.38,1.64,0.00,2,0.590000000000,0.410000000000,0.680000000000,0.410000000000,5,33.33,4,1,120
ORL5,2026-04,21,False,0.25,30,20,61,15,10,35,1,0,24.59,16.39,57.38,1.64,0.00,2,0.760000000000,0.640000000000,0.760000000000,0.640000000000,7,46.67,4,3,240
ORL5,2026-04,21,False,0.50,5,20,61,11,2,15,32,1,18.03,3.28,24.59,52.46,1.64,1,0.340000000000,0.260000000000,0.409900000000,0.270000000000,2,18.18,2,0,150
ORL5,2026-04,21,False,0.50,15,20,61,23,16,15,6,1,37.70,26.23,24.59,9.84,1.64,2,0.590000000000,0.410000000000,0.680000000000,0.410000000000,3,13.04,2,1,180
ORL5,2026-04,21,False,0.50,30,20,61,24,19,15,2,1,39.34,31.15,24.59,3.28,1.64,2,0.760000000000,0.640000000000,0.760000000000,0.640000000000,6,25.00,2,4,660
ORL5,2026-04,21,False,1.00,5,20,61,4,2,3,51,1,6.56,3.28,4.92,83.61,1.64,1,0.340000000000,0.260000000000,0.409900000000,0.270000000000,1,25.00,1,0,120
ORL5,2026-04,21,False,1.00,15,20,61,18,13,3,25,2,29.51,21.31,4.92,40.98,3.28,2,0.590000000000,0.410000000000,0.680000000000,0.410000000000,2,11.11,2,0,180
ORL5,2026-04,21,False,1.00,30,20,61,19,17,3,20,2,31.15,27.87,4.92,32.79,3.28,2,0.760000000000,0.640000000000,0.760000000000,0.640000000000,4,21.05,2,2,480
ORL5,2026-05,20,False,0.25,5,16,49,8,5,29,7,0,16.33,10.20,59.18,14.29,0.00,2,0.260000000000,0.210000000000,0.389100000000,0.250000000000,2,25.00,2,0,120
ORL5,2026-05,20,False,0.25,15,16,49,9,11,29,0,0,18.37,22.45,59.18,0.00,0.00,4,0.610000000000,0.370000000000,0.710400000000,0.390000000000,2,22.22,2,0,120
ORL5,2026-05,20,False,0.25,30,16,49,9,11,29,0,0,18.37,22.45,59.18,0.00,0.00,4,0.830000000000,0.660000000000,0.860000000000,0.660000000000,4,44.44,2,2,600
ORL5,2026-05,20,False,0.50,5,16,49,13,6,9,20,1,26.53,12.24,18.37,40.82,2.04,2,0.260000000000,0.210000000000,0.389100000000,0.250000000000,1,7.69,1,0,180
ORL5,2026-05,20,False,0.50,15,16,49,20,12,9,7,1,40.82,24.49,18.37,14.29,2.04,4,0.610000000000,0.370000000000,0.710400000000,0.390000000000,7,35.00,5,2,240
ORL5,2026-05,20,False,0.50,30,16,49,22,15,9,2,1,44.90,30.61,18.37,4.08,2.04,4,0.830000000000,0.660000000000,0.860000000000,0.660000000000,10,45.45,5,5,330
ORL5,2026-05,20,False,1.00,5,16,49,1,3,1,42,2,2.04,6.12,2.04,85.71,4.08,2,0.260000000000,0.210000000000,0.389100000000,0.250000000000,0,0.00,0,0,
ORL5,2026-05,20,False,1.00,15,16,49,13,8,1,23,4,26.53,16.33,2.04,46.94,8.16,4,0.610000000000,0.370000000000,0.710400000000,0.390000000000,1,7.69,0,1,360
ORL5,2026-05,20,False,1.00,30,16,49,18,12,1,14,4,36.73,24.49,2.04,28.57,8.16,4,0.830000000000,0.660000000000,0.860000000000,0.660000000000,2,11.11,1,1,300
ORL5,2026-06,21,False,0.25,5,16,45,9,2,33,1,0,20.00,4.44,73.33,2.22,0.00,1,0.470000000000,0.322500000000,0.540000000000,0.340000000000,3,33.33,3,0,120
ORL5,2026-06,21,False,0.25,15,16,45,9,3,33,0,0,20.00,6.67,73.33,0.00,0.00,1,1.077500000000,0.640000000000,1.090000000000,0.670000000000,3,33.33,3,0,120
ORL5,2026-06,21,False,0.25,30,16,45,9,3,33,0,0,20.00,6.67,73.33,0.00,0.00,1,1.550000000000,0.890000000000,1.550000000000,0.929900000000,5,55.56,3,2,120
ORL5,2026-06,21,False,0.50,5,16,45,9,6,20,10,0,20.00,13.33,44.44,22.22,0.00,1,0.470000000000,0.322500000000,0.540000000000,0.340000000000,3,33.33,3,0,120
ORL5,2026-06,21,False,0.50,15,16,45,13,11,20,1,0,28.89,24.44,44.44,2.22,0.00,1,1.077500000000,0.640000000000,1.090000000000,0.670000000000,6,46.15,4,2,120
ORL5,2026-06,21,False,0.50,30,16,45,13,12,20,0,0,28.89,26.67,44.44,0.00,0.00,1,1.550000000000,0.890000000000,1.550000000000,0.929900000000,8,61.54,4,4,270
ORL5,2026-06,21,False,1.00,5,16,45,8,8,5,24,0,17.78,17.78,11.11,53.33,0.00,1,0.470000000000,0.322500000000,0.540000000000,0.340000000000,1,12.50,1,0,120
ORL5,2026-06,21,False,1.00,15,16,45,20,12,5,8,0,44.44,26.67,11.11,17.78,0.00,1,1.077500000000,0.640000000000,1.090000000000,0.670000000000,2,10.00,2,0,150
ORL5,2026-06,21,False,1.00,30,16,45,22,13,5,5,0,48.89,28.89,11.11,11.11,0.00,1,1.550000000000,0.890000000000,1.550000000000,0.929900000000,10,45.45,3,7,630
ORL5,2026-07,22,False,0.25,5,21,54,9,1,43,1,0,16.67,1.85,79.63,1.85,0.00,1,0.430000000000,0.375000000000,0.560000000000,0.375000000000,2,22.22,2,0,60
ORL5,2026-07,22,False,0.25,15,21,54,10,1,43,0,0,18.52,1.85,79.63,0.00,0.00,1,0.580000000000,0.750000000000,0.680000000000,0.750000000000,6,60.00,3,3,360
ORL5,2026-07,22,False,0.25,30,21,54,10,1,43,0,0,18.52,1.85,79.63,0.00,0.00,3,0.754950000000,0.882150000000,0.816250000000,0.882150000000,6,60.00,3,3,360
ORL5,2026-07,22,False,0.50,5,21,54,12,10,19,12,1,22.22,18.52,35.19,22.22,1.85,1,0.430000000000,0.375000000000,0.560000000000,0.375000000000,1,8.33,1,0,60
ORL5,2026-07,22,False,0.50,15,21,54,15,16,19,3,1,27.78,29.63,35.19,5.56,1.85,1,0.580000000000,0.750000000000,0.680000000000,0.750000000000,6,40.00,2,4,420
ORL5,2026-07,22,False,0.50,30,21,54,17,17,19,0,1,31.48,31.48,35.19,0.00,1.85,3,0.754950000000,0.882150000000,0.816250000000,0.882150000000,8,47.06,3,5,420
ORL5,2026-07,22,False,1.00,5,21,54,4,3,3,43,1,7.41,5.56,5.56,79.63,1.85,1,0.430000000000,0.375000000000,0.560000000000,0.375000000000,0,0.00,0,0,
ORL5,2026-07,22,False,1.00,15,21,54,14,16,3,20,1,25.93,29.63,5.56,37.04,1.85,1,0.580000000000,0.750000000000,0.680000000000,0.750000000000,1,7.14,1,0,60
ORL5,2026-07,22,False,1.00,30,21,54,19,21,3,8,3,35.19,38.89,5.56,14.81,5.56,3,0.754950000000,0.882150000000,0.816250000000,0.882150000000,3,15.79,1,2,480
ORL5,2026-08,21,False,0.25,5,18,68,18,10,26,14,0,26.47,14.71,38.24,20.59,0.00,0,0.266200000000,0.190000000000,0.310000000000,0.190000000000,4,22.22,4,0,150
ORL5,2026-08,21,False,0.25,15,18,68,24,17,26,1,0,35.29,25.00,38.24,1.47,0.00,2,0.421200000000,0.372500000000,0.480000000000,0.372500000000,14,58.33,9,5,240
ORL5,2026-08,21,False,0.25,30,18,68,25,17,26,0,0,36.76,25.00,38.24,0.00,0.00,3,0.526050000000,0.600000000000,0.559000000000,0.600000000000,15,60.00,9,6,240
ORL5,2026-08,21,False,0.50,5,18,68,13,3,7,45,0,19.12,4.41,10.29,66.18,0.00,0,0.266200000000,0.190000000000,0.310000000000,0.190000000000,2,15.38,2,0,150
ORL5,2026-08,21,False,0.50,15,18,68,22,16,8,21,1,32.35,23.53,11.76,30.88,1.47,2,0.421200000000,0.372500000000,0.480000000000,0.372500000000,10,45.45,7,3,270
ORL5,2026-08,21,False,0.50,30,18,68,27,25,8,7,1,39.71,36.76,11.76,10.29,1.47,3,0.526050000000,0.600000000000,0.559000000000,0.600000000000,14,51.85,8,6,300
ORL5,2026-08,21,False,1.00,5,18,68,2,1,0,65,0,2.94,1.47,0.00,95.59,0.00,0,0.266200000000,0.190000000000,0.310000000000,0.190000000000,1,50.00,1,0,180
ORL5,2026-08,21,False,1.00,15,18,68,7,9,0,50,2,10.29,13.24,0.00,73.53,2.94,2,0.421200000000,0.372500000000,0.480000000000,0.372500000000,2,28.57,2,0,210
ORL5,2026-08,21,False,1.00,30,18,68,10,14,0,41,3,14.71,20.59,0.00,60.29,4.41,3,0.526050000000,0.600000000000,0.559000000000,0.600000000000,3,30.00,2,1,240
ORL5,2026-09,4,True,0.25,5,4,8,3,1,4,0,0,37.50,12.50,50.00,0.00,0.00,0,0.449750000000,0.030000000000,0.512500000000,0.230000000000,0,0.00,0,0,
ORL5,2026-09,4,True,0.25,15,4,8,3,1,4,0,0,37.50,12.50,50.00,0.00,0.00,0,0.890000000000,0.167500000000,0.890000000000,0.360000000000,1,33.33,0,1,360
ORL5,2026-09,4,True,0.25,30,4,8,3,1,4,0,0,37.50,12.50,50.00,0.00,0.00,1,0.905000000000,0.380000000000,0.905000000000,0.440000000000,2,66.67,0,2,870
ORL5,2026-09,4,True,0.50,5,4,8,2,0,2,4,0,25.00,0.00,25.00,50.00,0.00,0,0.449750000000,0.030000000000,0.512500000000,0.230000000000,0,0.00,0,0,
ORL5,2026-09,4,True,0.50,15,4,8,3,1,2,2,0,37.50,12.50,25.00,25.00,0.00,0,0.890000000000,0.167500000000,0.890000000000,0.360000000000,0,0.00,0,0,
ORL5,2026-09,4,True,0.50,30,4,8,4,1,2,1,0,50.00,12.50,25.00,12.50,0.00,1,0.905000000000,0.380000000000,0.905000000000,0.440000000000,1,25.00,1,0,300
ORL5,2026-09,4,True,1.00,5,4,8,1,0,0,7,0,12.50,0.00,0.00,87.50,0.00,0,0.449750000000,0.030000000000,0.512500000000,0.230000000000,0,0.00,0,0,
ORL5,2026-09,4,True,1.00,15,4,8,4,1,0,3,0,50.00,12.50,0.00,37.50,0.00,0,0.890000000000,0.167500000000,0.890000000000,0.360000000000,0,0.00,0,0,
ORL5,2026-09,4,True,1.00,30,4,8,4,2,0,1,1,50.00,25.00,0.00,12.50,12.50,1,0.905000000000,0.380000000000,0.905000000000,0.440000000000,0,0.00,0,0,
PWH,2026-01,20,False,0.25,5,10,36,8,5,18,4,1,22.22,13.89,50.00,11.11,2.78,1,0.244000000000,0.232500000000,0.337500000000,0.235000000000,0,0.00,0,0,
PWH,2026-01,20,False,0.25,15,10,36,11,5,18,1,1,30.56,13.89,50.00,2.78,2.78,1,0.430000000000,0.402500000000,0.489950000000,0.402500000000,3,27.27,1,2,540
PWH,2026-01,20,False,0.25,30,10,36,11,5,18,1,1,30.56,13.89,50.00,2.78,2.78,2,0.577500000000,0.629600000000,0.620000000000,0.629600000000,4,36.36,1,3,660
PWH,2026-01,20,False,0.50,5,10,36,6,5,7,17,1,16.67,13.89,19.44,47.22,2.78,1,0.244000000000,0.232500000000,0.337500000000,0.235000000000,0,0.00,0,0,
PWH,2026-01,20,False,0.50,15,10,36,11,10,7,7,1,30.56,27.78,19.44,19.44,2.78,1,0.430000000000,0.402500000000,0.489950000000,0.402500000000,2,18.18,0,2,570
PWH,2026-01,20,False,0.50,30,10,36,13,13,7,2,1,36.11,36.11,19.44,5.56,2.78,2,0.577500000000,0.629600000000,0.620000000000,0.629600000000,3,23.08,0,3,780
PWH,2026-01,20,False,1.00,5,10,36,1,2,0,32,1,2.78,5.56,0.00,88.89,2.78,1,0.244000000000,0.232500000000,0.337500000000,0.235000000000,0,0.00,0,0,
PWH,2026-01,20,False,1.00,15,10,36,5,6,0,24,1,13.89,16.67,0.00,66.67,2.78,1,0.430000000000,0.402500000000,0.489950000000,0.402500000000,0,0.00,0,0,
PWH,2026-01,20,False,1.00,30,10,36,10,7,0,18,1,27.78,19.44,0.00,50.00,2.78,2,0.577500000000,0.629600000000,0.620000000000,0.629600000000,1,10.00,1,0,180
PWH,2026-02,19,False,0.25,5,2,2,0,0,2,0,0,0.00,0.00,100.00,0.00,0.00,0,0.740000000000,0.280000000000,0.740000000000,0.332500000000,0,,0,0,
PWH,2026-02,19,False,0.25,15,2,2,0,0,2,0,0,0.00,0.00,100.00,0.00,0.00,0,1.197000000000,1.215000000000,1.197000000000,1.215000000000,0,,0,0,
PWH,2026-02,19,False,0.25,30,2,2,0,0,2,0,0,0.00,0.00,100.00,0.00,0.00,0,1.867000000000,2.750000000000,1.867000000000,2.750000000000,0,,0,0,
PWH,2026-02,19,False,0.50,5,2,2,1,0,1,0,0,50.00,0.00,50.00,0.00,0.00,0,0.740000000000,0.280000000000,0.740000000000,0.332500000000,0,0.00,0,0,
PWH,2026-02,19,False,0.50,15,2,2,1,0,1,0,0,50.00,0.00,50.00,0.00,0.00,0,1.197000000000,1.215000000000,1.197000000000,1.215000000000,1,100.00,1,0,300
PWH,2026-02,19,False,0.50,30,2,2,1,0,1,0,0,50.00,0.00,50.00,0.00,0.00,0,1.867000000000,2.750000000000,1.867000000000,2.750000000000,1,100.00,1,0,300
PWH,2026-02,19,False,1.00,5,2,2,0,0,0,2,0,0.00,0.00,0.00,100.00,0.00,0,0.740000000000,0.280000000000,0.740000000000,0.332500000000,0,,0,0,
PWH,2026-02,19,False,1.00,15,2,2,1,1,0,0,0,50.00,50.00,0.00,0.00,0.00,0,1.197000000000,1.215000000000,1.197000000000,1.215000000000,0,0.00,0,0,
PWH,2026-02,19,False,1.00,30,2,2,1,1,0,0,0,50.00,50.00,0.00,0.00,0.00,0,1.867000000000,2.750000000000,1.867000000000,2.750000000000,0,0.00,0,0,
PWH,2026-03,22,False,0.25,5,0,0,0,0,0,0,0,,,,,,0,,,,,0,,0,0,
PWH,2026-03,22,False,0.25,15,0,0,0,0,0,0,0,,,,,,0,,,,,0,,0,0,
PWH,2026-03,22,False,0.25,30,0,0,0,0,0,0,0,,,,,,0,,,,,0,,0,0,
PWH,2026-03,22,False,0.50,5,0,0,0,0,0,0,0,,,,,,0,,,,,0,,0,0,
PWH,2026-03,22,False,0.50,15,0,0,0,0,0,0,0,,,,,,0,,,,,0,,0,0,
PWH,2026-03,22,False,0.50,30,0,0,0,0,0,0,0,,,,,,0,,,,,0,,0,0,
PWH,2026-03,22,False,1.00,5,0,0,0,0,0,0,0,,,,,,0,,,,,0,,0,0,
PWH,2026-03,22,False,1.00,15,0,0,0,0,0,0,0,,,,,,0,,,,,0,,0,0,
PWH,2026-03,22,False,1.00,30,0,0,0,0,0,0,0,,,,,,0,,,,,0,,0,0,
PWH,2026-04,21,False,0.25,5,6,13,1,1,10,1,0,7.69,7.69,76.92,7.69,0.00,0,0.360000000000,0.260000000000,0.540000000000,0.290000000000,0,0.00,0,0,
PWH,2026-04,21,False,0.25,15,6,13,2,1,10,0,0,15.38,7.69,76.92,0.00,0.00,0,0.430000000000,0.600000000000,0.540000000000,0.600000000000,0,0.00,0,0,
PWH,2026-04,21,False,0.25,30,6,13,2,1,10,0,0,15.38,7.69,76.92,0.00,0.00,2,0.589900000000,0.800000000000,0.660000000000,0.800000000000,1,50.00,0,1,1080
PWH,2026-04,21,False,0.50,5,6,13,2,1,6,4,0,15.38,7.69,46.15,30.77,0.00,0,0.360000000000,0.260000000000,0.540000000000,0.290000000000,0,0.00,0,0,
PWH,2026-04,21,False,0.50,15,6,13,2,3,6,2,0,15.38,23.08,46.15,15.38,0.00,0,0.430000000000,0.600000000000,0.540000000000,0.600000000000,0,0.00,0,0,
PWH,2026-04,21,False,0.50,30,6,13,3,3,6,0,1,23.08,23.08,46.15,0.00,7.69,2,0.589900000000,0.800000000000,0.660000000000,0.800000000000,1,33.33,0,1,1020
PWH,2026-04,21,False,1.00,5,6,13,0,2,2,9,0,0.00,15.38,15.38,69.23,0.00,0,0.360000000000,0.260000000000,0.540000000000,0.290000000000,0,,0,0,
PWH,2026-04,21,False,1.00,15,6,13,1,3,2,7,0,7.69,23.08,15.38,53.85,0.00,0,0.430000000000,0.600000000000,0.540000000000,0.600000000000,1,100.00,0,1,360
PWH,2026-04,21,False,1.00,30,6,13,2,3,2,5,1,15.38,23.08,15.38,38.46,7.69,2,0.589900000000,0.800000000000,0.660000000000,0.800000000000,1,50.00,0,1,360
PWH,2026-05,20,False,0.25,5,7,15,3,3,7,2,0,20.00,20.00,46.67,13.33,0.00,0,0.160000000000,0.250000000000,0.315000000000,0.340000000000,2,66.67,2,0,90
PWH,2026-05,20,False,0.25,15,7,15,5,3,7,0,0,33.33,20.00,46.67,0.00,0.00,1,0.460000000000,0.440000000000,0.460000000000,0.440000000000,3,60.00,3,0,120
PWH,2026-05,20,False,0.25,30,7,15,5,3,7,0,0,33.33,20.00,46.67,0.00,0.00,1,0.480000000000,0.570000000000,0.480000000000,0.570000000000,3,60.00,3,0,120
PWH,2026-05,20,False,0.50,5,7,15,2,5,1,7,0,13.33,33.33,6.67,46.67,0.00,0,0.160000000000,0.250000000000,0.315000000000,0.340000000000,0,0.00,0,0,
PWH,2026-05,20,False,0.50,15,7,15,3,6,1,5,0,20.00,40.00,6.67,33.33,0.00,1,0.460000000000,0.440000000000,0.460000000000,0.440000000000,0,0.00,0,0,
PWH,2026-05,20,False,0.50,30,7,15,4,7,1,3,0,26.67,46.67,6.67,20.00,0.00,1,0.480000000000,0.570000000000,0.480000000000,0.570000000000,1,25.00,0,1,1140
PWH,2026-05,20,False,1.00,5,7,15,1,0,0,14,0,6.67,0.00,0.00,93.33,0.00,0,0.160000000000,0.250000000000,0.315000000000,0.340000000000,0,0.00,0,0,
PWH,2026-05,20,False,1.00,15,7,15,3,2,0,9,1,20.00,13.33,0.00,60.00,6.67,1,0.460000000000,0.440000000000,0.460000000000,0.440000000000,0,0.00,0,0,
PWH,2026-05,20,False,1.00,30,7,15,4,2,0,8,1,26.67,13.33,0.00,53.33,6.67,1,0.480000000000,0.570000000000,0.480000000000,0.570000000000,1,25.00,0,1,780
PWH,2026-06,21,False,0.25,5,6,16,5,1,9,1,0,31.25,6.25,56.25,6.25,0.00,1,0.175000000000,0.345000000000,0.437500000000,0.345000000000,0,0.00,0,0,
PWH,2026-06,21,False,0.25,15,6,16,5,2,9,0,0,31.25,12.50,56.25,0.00,0.00,1,0.452500000000,0.440000000000,0.560000000000,0.440000000000,1,20.00,1,0,300
PWH,2026-06,21,False,0.25,30,6,16,5,2,9,0,0,31.25,12.50,56.25,0.00,0.00,3,0.615000000000,0.750000000000,0.630000000000,0.750000000000,3,60.00,1,2,1080
PWH,2026-06,21,False,0.50,5,6,16,2,0,5,8,1,12.50,0.00,31.25,50.00,6.25,1,0.175000000000,0.345000000000,0.437500000000,0.345000000000,0,0.00,0,0,
PWH,2026-06,21,False,0.50,15,6,16,5,2,5,3,1,31.25,12.50,31.25,18.75,6.25,1,0.452500000000,0.440000000000,0.560000000000,0.440000000000,1,20.00,1,0,240
PWH,2026-06,21,False,0.50,30,6,16,6,2,5,2,1,37.50,12.50,31.25,12.50,6.25,3,0.615000000000,0.750000000000,0.630000000000,0.750000000000,4,66.67,2,2,450
PWH,2026-06,21,False,1.00,5,6,16,1,2,2,10,1,6.25,12.50,12.50,62.50,6.25,1,0.175000000000,0.345000000000,0.437500000000,0.345000000000,0,0.00,0,0,
PWH,2026-06,21,False,1.00,15,6,16,2,4,2,7,1,12.50,25.00,12.50,43.75,6.25,1,0.452500000000,0.440000000000,0.560000000000,0.440000000000,0,0.00,0,0,
PWH,2026-06,21,False,1.00,30,6,16,3,6,2,4,1,18.75,37.50,12.50,25.00,6.25,3,0.615000000000,0.750000000000,0.630000000000,0.750000000000,1,33.33,0,1,1260
PWH,2026-07,22,False,0.25,5,5,14,1,1,7,5,0,7.14,7.14,50.00,35.71,0.00,1,0.215000000000,0.183650000000,0.387500000000,0.208650000000,0,0.00,0,0,
PWH,2026-07,22,False,0.25,15,5,14,3,4,7,0,0,21.43,28.57,50.00,0.00,0.00,2,0.450000000000,0.328200000000,0.450000000000,0.328200000000,0,0.00,0,0,
PWH,2026-07,22,False,0.25,30,5,14,3,4,7,0,0,21.43,28.57,50.00,0.00,0.00,2,0.572500000000,0.475000000000,0.592500000000,0.475000000000,1,33.33,0,1,600
PWH,2026-07,22,False,0.50,5,5,14,3,0,3,7,1,21.43,0.00,21.43,50.00,7.14,1,0.215000000000,0.183650000000,0.387500000000,0.208650000000,1,33.33,1,0,120
PWH,2026-07,22,False,0.50,15,5,14,4,1,3,5,1,28.57,7.14,21.43,35.71,7.14,2,0.450000000000,0.328200000000,0.450000000000,0.328200000000,1,25.00,1,0,120
PWH,2026-07,22,False,0.50,30,5,14,5,3,3,2,1,35.71,21.43,21.43,14.29,7.14,2,0.572500000000,0.475000000000,0.592500000000,0.475000000000,1,20.00,1,0,120
PWH,2026-07,22,False,1.00,5,5,14,0,0,1,12,1,0.00,0.00,7.14,85.71,7.14,1,0.215000000000,0.183650000000,0.387500000000,0.208650000000,0,,0,0,
PWH,2026-07,22,False,1.00,15,5,14,2,3,1,6,2,14.29,21.43,7.14,42.86,14.29,2,0.450000000000,0.328200000000,0.450000000000,0.328200000000,0,0.00,0,0,
PWH,2026-07,22,False,1.00,30,5,14,3,3,1,5,2,21.43,21.43,7.14,35.71,14.29,2,0.572500000000,0.475000000000,0.592500000000,0.475000000000,0,0.00,0,0,
PWH,2026-08,21,False,0.25,5,3,8,2,1,2,3,0,25.00,12.50,25.00,37.50,0.00,0,0.155000000000,0.175000000000,0.285000000000,0.175000000000,0,0.00,0,0,
PWH,2026-08,21,False,0.25,15,3,8,3,2,2,1,0,37.50,25.00,25.00,12.50,0.00,0,0.250000000000,0.330000000000,0.325000000000,0.330000000000,1,33.33,0,1,360
PWH,2026-08,21,False,0.25,30,3,8,3,2,2,1,0,37.50,25.00,25.00,12.50,0.00,0,0.295000000000,0.430000000000,0.370000000000,0.430000000000,2,66.67,0,2,510
PWH,2026-08,21,False,0.50,5,3,8,1,0,0,7,0,12.50,0.00,0.00,87.50,0.00,0,0.155000000000,0.175000000000,0.285000000000,0.175000000000,0,0.00,0,0,
PWH,2026-08,21,False,0.50,15,3,8,2,3,0,3,0,25.00,37.50,0.00,37.50,0.00,0,0.250000000000,0.330000000000,0.325000000000,0.330000000000,0,0.00,0,0,
PWH,2026-08,21,False,0.50,30,3,8,2,4,0,2,0,25.00,50.00,0.00,25.00,0.00,0,0.295000000000,0.430000000000,0.370000000000,0.430000000000,1,50.00,0,1,1320
PWH,2026-08,21,False,1.00,5,3,8,0,0,1,7,0,0.00,0.00,12.50,87.50,0.00,0,0.155000000000,0.175000000000,0.285000000000,0.175000000000,0,,0,0,
PWH,2026-08,21,False,1.00,15,3,8,0,1,1,6,0,0.00,12.50,12.50,75.00,0.00,0,0.250000000000,0.330000000000,0.325000000000,0.330000000000,0,,0,0,
PWH,2026-08,21,False,1.00,30,3,8,0,2,1,5,0,0.00,25.00,12.50,62.50,0.00,0,0.295000000000,0.430000000000,0.370000000000,0.430000000000,0,,0,0,
PWH,2026-09,4,True,0.25,5,0,0,0,0,0,0,0,,,,,,0,,,,,0,,0,0,
PWH,2026-09,4,True,0.25,15,0,0,0,0,0,0,0,,,,,,0,,,,,0,,0,0,
PWH,2026-09,4,True,0.25,30,0,0,0,0,0,0,0,,,,,,0,,,,,0,,0,0,
PWH,2026-09,4,True,0.50,5,0,0,0,0,0,0,0,,,,,,0,,,,,0,,0,0,
PWH,2026-09,4,True,0.50,15,0,0,0,0,0,0,0,,,,,,0,,,,,0,,0,0,
PWH,2026-09,4,True,0.50,30,0,0,0,0,0,0,0,,,,,,0,,,,,0,,0,0,
PWH,2026-09,4,True,1.00,5,0,0,0,0,0,0,0,,,,,,0,,,,,0,,0,0,
PWH,2026-09,4,True,1.00,15,0,0,0,0,0,0,0,,,,,,0,,,,,0,,0,0,
PWH,2026-09,4,True,1.00,30,0,0,0,0,0,0,0,,,,,,0,,,,,0,,0,0,
PWL,2026-01,20,False,0.25,5,3,11,2,2,7,0,0,18.18,18.18,63.64,0.00,0.00,0,0.394400000000,0.245000000000,0.420000000000,0.245000000000,0,0.00,0,0,
PWL,2026-01,20,False,0.25,15,3,11,2,2,7,0,0,18.18,18.18,63.64,0.00,0.00,0,0.884900000000,0.610000000000,0.884900000000,0.610000000000,1,50.00,0,1,540
PWL,2026-01,20,False,0.25,30,3,11,2,2,7,0,0,18.18,18.18,63.64,0.00,0.00,1,1.060000000000,0.610000000000,1.060000000000,0.610000000000,1,50.00,0,1,540
PWL,2026-01,20,False,0.50,5,3,11,2,2,2,5,0,18.18,18.18,18.18,45.45,0.00,0,0.394400000000,0.245000000000,0.420000000000,0.245000000000,0,0.00,0,0,
PWL,2026-01,20,False,0.50,15,3,11,5,4,2,0,0,45.45,36.36,18.18,0.00,0.00,0,0.884900000000,0.610000000000,0.884900000000,0.610000000000,1,20.00,0,1,420
PWL,2026-01,20,False,0.50,30,3,11,5,4,2,0,0,45.45,36.36,18.18,0.00,0.00,1,1.060000000000,0.610000000000,1.060000000000,0.610000000000,1,20.00,0,1,420
PWL,2026-01,20,False,1.00,5,3,11,1,1,0,9,0,9.09,9.09,0.00,81.82,0.00,0,0.394400000000,0.245000000000,0.420000000000,0.245000000000,0,0.00,0,0,
PWL,2026-01,20,False,1.00,15,3,11,2,4,0,5,0,18.18,36.36,0.00,45.45,0.00,0,0.884900000000,0.610000000000,0.884900000000,0.610000000000,0,0.00,0,0,
PWL,2026-01,20,False,1.00,30,3,11,5,4,0,1,1,45.45,36.36,0.00,9.09,9.09,1,1.060000000000,0.610000000000,1.060000000000,0.610000000000,1,20.00,1,0,240
PWL,2026-02,19,False,0.25,5,4,10,0,0,10,0,0,0.00,0.00,100.00,0.00,0.00,0,0.415000000000,0.580000000000,0.645000000000,0.580000000000,0,,0,0,
PWL,2026-02,19,False,0.25,15,4,10,0,0,10,0,0,0.00,0.00,100.00,0.00,0.00,0,1.335000000000,1.095000000000,1.335000000000,1.095000000000,0,,0,0,
PWL,2026-02,19,False,0.25,30,4,10,0,0,10,0,0,0.00,0.00,100.00,0.00,0.00,0,1.720000000000,1.340000000000,1.720000000000,1.340000000000,0,,0,0,
PWL,2026-02,19,False,0.50,5,4,10,1,3,6,0,0,10.00,30.00,60.00,0.00,0.00,0,0.415000000000,0.580000000000,0.645000000000,0.580000000000,0,0.00,0,0,
PWL,2026-02,19,False,0.50,15,4,10,1,3,6,0,0,10.00,30.00,60.00,0.00,0.00,0,1.335000000000,1.095000000000,1.335000000000,1.095000000000,0,0.00,0,0,
PWL,2026-02,19,False,0.50,30,4,10,1,3,6,0,0,10.00,30.00,60.00,0.00,0.00,0,1.720000000000,1.340000000000,1.720000000000,1.340000000000,1,100.00,0,1,720
PWL,2026-02,19,False,1.00,5,4,10,2,1,1,6,0,20.00,10.00,10.00,60.00,0.00,0,0.415000000000,0.580000000000,0.645000000000,0.580000000000,0,0.00,0,0,
PWL,2026-02,19,False,1.00,15,4,10,5,4,1,0,0,50.00,40.00,10.00,0.00,0.00,0,1.335000000000,1.095000000000,1.335000000000,1.095000000000,1,20.00,0,1,480
PWL,2026-02,19,False,1.00,30,4,10,5,4,1,0,0,50.00,40.00,10.00,0.00,0.00,0,1.720000000000,1.340000000000,1.720000000000,1.340000000000,2,40.00,0,2,600
PWL,2026-03,22,False,0.25,5,10,27,2,3,22,0,0,7.41,11.11,81.48,0.00,0.00,1,0.340000000000,0.620000000000,0.570000000000,0.620000000000,2,100.00,2,0,180
PWL,2026-03,22,False,0.25,15,10,27,2,3,22,0,0,7.41,11.11,81.48,0.00,0.00,2,0.700000000000,0.650000000000,0.830000000000,0.650000000000,2,100.00,2,0,180
PWL,2026-03,22,False,0.25,30,10,27,2,3,22,0,0,7.41,11.11,81.48,0.00,0.00,2,0.955000000000,0.990000000000,0.955000000000,0.990000000000,2,100.00,2,0,180
PWL,2026-03,22,False,0.50,5,10,27,6,4,11,5,1,22.22,14.81,40.74,18.52,3.70,1,0.340000000000,0.620000000000,0.570000000000,0.620000000000,1,16.67,1,0,120
PWL,2026-03,22,False,0.50,15,10,27,10,5,11,0,1,37.04,18.52,40.74,0.00,3.70,2,0.700000000000,0.650000000000,0.830000000000,0.650000000000,2,20.00,2,0,150
PWL,2026-03,22,False,0.50,30,10,27,10,5,11,0,1,37.04,18.52,40.74,0.00,3.70,2,0.955000000000,0.990000000000,0.955000000000,0.990000000000,5,50.00,3,2,180
PWL,2026-03,22,False,1.00,5,10,27,3,1,2,20,1,11.11,3.70,7.41,74.07,3.70,1,0.340000000000,0.620000000000,0.570000000000,0.620000000000,0,0.00,0,0,
PWL,2026-03,22,False,1.00,15,10,27,10,8,2,5,2,37.04,29.63,7.41,18.52,7.41,2,0.700000000000,0.650000000000,0.830000000000,0.650000000000,1,10.00,1,0,120
PWL,2026-03,22,False,1.00,30,10,27,10,11,2,2,2,37.04,40.74,7.41,7.41,7.41,2,0.955000000000,0.990000000000,0.955000000000,0.990000000000,3,30.00,1,2,1080
PWL,2026-04,21,False,0.25,5,0,0,0,0,0,0,0,,,,,,0,,,,,0,,0,0,
PWL,2026-04,21,False,0.25,15,0,0,0,0,0,0,0,,,,,,0,,,,,0,,0,0,
PWL,2026-04,21,False,0.25,30,0,0,0,0,0,0,0,,,,,,0,,,,,0,,0,0,
PWL,2026-04,21,False,0.50,5,0,0,0,0,0,0,0,,,,,,0,,,,,0,,0,0,
PWL,2026-04,21,False,0.50,15,0,0,0,0,0,0,0,,,,,,0,,,,,0,,0,0,
PWL,2026-04,21,False,0.50,30,0,0,0,0,0,0,0,,,,,,0,,,,,0,,0,0,
PWL,2026-04,21,False,1.00,5,0,0,0,0,0,0,0,,,,,,0,,,,,0,,0,0,
PWL,2026-04,21,False,1.00,15,0,0,0,0,0,0,0,,,,,,0,,,,,0,,0,0,
PWL,2026-04,21,False,1.00,30,0,0,0,0,0,0,0,,,,,,0,,,,,0,,0,0,
PWL,2026-05,20,False,0.25,5,1,2,1,0,1,0,0,50.00,0.00,50.00,0.00,0.00,0,0.895000000000,0.040000000000,0.895000000000,0.110000000000,0,0.00,0,0,
PWL,2026-05,20,False,0.25,15,1,2,1,0,1,0,0,50.00,0.00,50.00,0.00,0.00,0,1.585000000000,0.040000000000,1.585000000000,0.110000000000,0,0.00,0,0,
PWL,2026-05,20,False,0.25,30,1,2,1,0,1,0,0,50.00,0.00,50.00,0.00,0.00,0,1.875000000000,0.150000000000,1.875000000000,0.215000000000,0,0.00,0,0,
PWL,2026-05,20,False,0.50,5,1,2,2,0,0,0,0,100.00,0.00,0.00,0.00,0.00,0,0.895000000000,0.040000000000,0.895000000000,0.110000000000,0,0.00,0,0,
PWL,2026-05,20,False,0.50,15,1,2,2,0,0,0,0,100.00,0.00,0.00,0.00,0.00,0,1.585000000000,0.040000000000,1.585000000000,0.110000000000,0,0.00,0,0,
PWL,2026-05,20,False,0.50,30,1,2,2,0,0,0,0,100.00,0.00,0.00,0.00,0.00,0,1.875000000000,0.150000000000,1.875000000000,0.215000000000,0,0.00,0,0,
PWL,2026-05,20,False,1.00,5,1,2,0,0,0,2,0,0.00,0.00,0.00,100.00,0.00,0,0.895000000000,0.040000000000,0.895000000000,0.110000000000,0,,0,0,
PWL,2026-05,20,False,1.00,15,1,2,2,0,0,0,0,100.00,0.00,0.00,0.00,0.00,0,1.585000000000,0.040000000000,1.585000000000,0.110000000000,0,0.00,0,0,
PWL,2026-05,20,False,1.00,30,1,2,2,0,0,0,0,100.00,0.00,0.00,0.00,0.00,0,1.875000000000,0.150000000000,1.875000000000,0.215000000000,0,0.00,0,0,
PWL,2026-06,21,False,0.25,5,8,16,1,2,13,0,0,6.25,12.50,81.25,0.00,0.00,0,0.557500000000,0.755000000000,0.645000000000,0.755000000000,0,0.00,0,0,
PWL,2026-06,21,False,0.25,15,8,16,1,2,13,0,0,6.25,12.50,81.25,0.00,0.00,1,0.935000000000,0.985000000000,1.007500000000,0.985000000000,1,100.00,1,0,240
PWL,2026-06,21,False,0.25,30,8,16,1,2,13,0,0,6.25,12.50,81.25,0.00,0.00,1,1.002500000000,1.497500000000,1.075000000000,1.497500000000,1,100.00,1,0,240
PWL,2026-06,21,False,0.50,5,8,16,1,3,11,1,0,6.25,18.75,68.75,6.25,0.00,0,0.557500000000,0.755000000000,0.645000000000,0.755000000000,0,0.00,0,0,
PWL,2026-06,21,False,0.50,15,8,16,1,4,11,0,0,6.25,25.00,68.75,0.00,0.00,1,0.935000000000,0.985000000000,1.007500000000,0.985000000000,1,100.00,1,0,60
PWL,2026-06,21,False,0.50,30,8,16,1,4,11,0,0,6.25,25.00,68.75,0.00,0.00,1,1.002500000000,1.497500000000,1.075000000000,1.497500000000,1,100.00,1,0,60
PWL,2026-06,21,False,1.00,5,8,16,1,5,2,8,0,6.25,31.25,12.50,50.00,0.00,0,0.557500000000,0.755000000000,0.645000000000,0.755000000000,0,0.00,0,0,
PWL,2026-06,21,False,1.00,15,8,16,5,8,2,1,0,31.25,50.00,12.50,6.25,0.00,1,0.935000000000,0.985000000000,1.007500000000,0.985000000000,0,0.00,0,0,
PWL,2026-06,21,False,1.00,30,8,16,5,9,2,0,0,31.25,56.25,12.50,0.00,0.00,1,1.002500000000,1.497500000000,1.075000000000,1.497500000000,2,40.00,1,1,390
PWL,2026-07,22,False,0.25,5,4,12,4,0,7,1,0,33.33,0.00,58.33,8.33,0.00,0,0.575000000000,0.115000000000,0.665000000000,0.164950000000,0,0.00,0,0,
PWL,2026-07,22,False,0.25,15,4,12,5,0,7,0,0,41.67,0.00,58.33,0.00,0.00,0,0.957500000000,0.600000000000,0.957500000000,0.600000000000,3,60.00,1,2,600
PWL,2026-07,22,False,0.25,30,4,12,5,0,7,0,0,41.67,0.00,58.33,0.00,0.00,0,1.235000000000,0.940000000000,1.235000000000,0.940000000000,3,60.00,1,2,600
PWL,2026-07,22,False,0.50,5,4,12,4,2,5,1,0,33.33,16.67,41.67,8.33,0.00,0,0.575000000000,0.115000000000,0.665000000000,0.164950000000,0,0.00,0,0,
PWL,2026-07,22,False,0.50,15,4,12,4,2,5,1,0,33.33,16.67,41.67,8.33,0.00,0,0.957500000000,0.600000000000,0.957500000000,0.600000000000,2,50.00,0,2,630
PWL,2026-07,22,False,0.50,30,4,12,4,3,5,0,0,33.33,25.00,41.67,0.00,0.00,0,1.235000000000,0.940000000000,1.235000000000,0.940000000000,2,50.00,0,2,630
PWL,2026-07,22,False,1.00,5,4,12,1,1,1,9,0,8.33,8.33,8.33,75.00,0.00,0,0.575000000000,0.115000000000,0.665000000000,0.164950000000,0,0.00,0,0,
PWL,2026-07,22,False,1.00,15,4,12,4,3,1,4,0,33.33,25.00,8.33,33.33,0.00,0,0.957500000000,0.600000000000,0.957500000000,0.600000000000,2,50.00,1,1,270
PWL,2026-07,22,False,1.00,30,4,12,5,4,1,2,0,41.67,33.33,8.33,16.67,0.00,0,1.235000000000,0.940000000000,1.235000000000,0.940000000000,2,40.00,1,1,270
PWL,2026-08,21,False,0.25,5,2,7,2,0,4,1,0,28.57,0.00,57.14,14.29,0.00,0,0.220000000000,0.180000000000,0.755000000000,0.200000000000,0,0.00,0,0,
PWL,2026-08,21,False,0.25,15,2,7,3,0,4,0,0,42.86,0.00,57.14,0.00,0.00,0,1.175000000000,0.240000000000,1.175000000000,0.240000000000,0,0.00,0,0,
PWL,2026-08,21,False,0.25,30,2,7,3,0,4,0,0,42.86,0.00,57.14,0.00,0.00,1,1.175000000000,0.240000000000,1.175000000000,0.240000000000,0,0.00,0,0,
PWL,2026-08,21,False,0.50,5,2,7,2,0,2,3,0,28.57,0.00,28.57,42.86,0.00,0,0.220000000000,0.180000000000,0.755000000000,0.200000000000,0,0.00,0,0,
PWL,2026-08,21,False,0.50,15,2,7,3,1,2,1,0,42.86,14.29,28.57,14.29,0.00,0,1.175000000000,0.240000000000,1.175000000000,0.240000000000,1,33.33,1,0,180
PWL,2026-08,21,False,0.50,30,2,7,4,1,2,0,0,57.14,14.29,28.57,0.00,0.00,1,1.175000000000,0.240000000000,1.175000000000,0.240000000000,1,25.00,1,0,180
PWL,2026-08,21,False,1.00,5,2,7,1,1,0,5,0,14.29,14.29,0.00,71.43,0.00,0,0.220000000000,0.180000000000,0.755000000000,0.200000000000,0,0.00,0,0,
PWL,2026-08,21,False,1.00,15,2,7,3,1,0,3,0,42.86,14.29,0.00,42.86,0.00,0,1.175000000000,0.240000000000,1.175000000000,0.240000000000,1,33.33,0,1,420
PWL,2026-08,21,False,1.00,30,2,7,3,2,0,2,0,42.86,28.57,0.00,28.57,0.00,1,1.175000000000,0.240000000000,1.175000000000,0.240000000000,1,33.33,0,1,420
PWL,2026-09,4,True,0.25,5,2,5,2,1,2,0,0,40.00,20.00,40.00,0.00,0.00,0,0.300000000000,0.340000000000,0.440000000000,0.340000000000,1,50.00,1,0,120
PWL,2026-09,4,True,0.25,15,2,5,2,1,2,0,0,40.00,20.00,40.00,0.00,0.00,0,0.520000000000,0.350000000000,0.550000000000,0.350000000000,2,100.00,2,0,150
PWL,2026-09,4,True,0.25,30,2,5,2,1,2,0,0,40.00,20.00,40.00,0.00,0.00,0,0.620000000000,0.480000000000,0.620000000000,0.480000000000,2,100.00,2,0,150
PWL,2026-09,4,True,0.50,5,2,5,0,0,1,4,0,0.00,0.00,20.00,80.00,0.00,0,0.300000000000,0.340000000000,0.440000000000,0.340000000000,0,,0,0,
PWL,2026-09,4,True,0.50,15,2,5,3,1,1,0,0,60.00,20.00,20.00,0.00,0.00,0,0.520000000000,0.350000000000,0.550000000000,0.350000000000,0,0.00,0,0,
PWL,2026-09,4,True,0.50,30,2,5,3,1,1,0,0,60.00,20.00,20.00,0.00,0.00,0,0.620000000000,0.480000000000,0.620000000000,0.480000000000,2,66.67,0,2,570
PWL,2026-09,4,True,1.00,5,2,5,0,0,0,5,0,0.00,0.00,0.00,100.00,0.00,0,0.300000000000,0.340000000000,0.440000000000,0.340000000000,0,,0,0,
PWL,2026-09,4,True,1.00,15,2,5,0,0,0,5,0,0.00,0.00,0.00,100.00,0.00,0,0.520000000000,0.350000000000,0.550000000000,0.350000000000,0,,0,0,
PWL,2026-09,4,True,1.00,30,2,5,0,1,0,4,0,0.00,20.00,0.00,80.00,0.00,0,0.620000000000,0.480000000000,0.620000000000,0.480000000000,0,,0,0,
1H_HIGH,2026-01,20,False,0.25,5,19,339,80,39,183,36,1,23.60,11.50,53.98,10.62,0.29,8,0.290000000000,0.250000000000,0.430000000000,0.270000000000,19,23.75,19,0,60
1H_HIGH,2026-01,20,False,0.25,15,19,339,96,56,183,3,1,28.32,16.52,53.98,0.88,0.29,16,0.530000000000,0.425000000000,0.630000000000,0.450000000000,46,47.92,33,13,180
1H_HIGH,2026-01,20,False,0.25,30,19,339,97,57,183,1,1,28.61,16.81,53.98,0.29,0.29,29,0.685000000000,0.580000000000,0.750000000000,0.590000000000,62,63.92,33,29,300
1H_HIGH,2026-01,20,False,0.50,5,19,339,68,49,73,143,6,20.06,14.45,21.53,42.18,1.77,8,0.290000000000,0.250000000000,0.430000000000,0.270000000000,5,7.35,5,0,60
1H_HIGH,2026-01,20,False,0.50,15,19,339,112,95,73,52,7,33.04,28.02,21.53,15.34,2.06,16,0.530000000000,0.425000000000,0.630000000000,0.450000000000,26,23.21,11,15,360
1H_HIGH,2026-01,20,False,0.50,30,19,339,126,105,73,28,7,37.17,30.97,21.53,8.26,2.06,29,0.685000000000,0.580000000000,0.750000000000,0.590000000000,52,41.27,13,39,600
1H_HIGH,2026-01,20,False,1.00,5,19,339,26,24,9,272,8,7.67,7.08,2.65,80.24,2.36,8,0.290000000000,0.250000000000,0.430000000000,0.270000000000,0,0.00,0,0,
1H_HIGH,2026-01,20,False,1.00,15,19,339,81,68,9,168,13,23.89,20.06,2.65,49.56,3.83,16,0.530000000000,0.425000000000,0.630000000000,0.450000000000,7,8.64,2,5,420
1H_HIGH,2026-01,20,False,1.00,30,19,339,111,91,9,111,17,32.74,26.84,2.65,32.74,5.01,29,0.685000000000,0.580000000000,0.750000000000,0.590000000000,24,21.62,5,19,720
1H_HIGH,2026-02,19,False,0.25,5,18,493,103,37,329,24,0,20.89,7.51,66.73,4.87,0.00,7,0.365000000000,0.295000000000,0.540000000000,0.315000000000,27,26.21,27,0,120
1H_HIGH,2026-02,19,False,0.25,15,18,493,115,47,329,2,0,23.33,9.53,66.73,0.41,0.00,21,0.650000000000,0.550000000000,0.720000000000,0.560000000000,61,53.04,39,22,240
1H_HIGH,2026-02,19,False,0.25,30,18,493,115,48,329,1,0,23.33,9.74,66.73,0.20,0.00,38,0.860000000000,0.789900000000,0.890000000000,0.789900000000,75,65.22,41,34,300
1H_HIGH,2026-02,19,False,0.50,5,18,493,120,81,155,136,1,24.34,16.43,31.44,27.59,0.20,7,0.365000000000,0.295000000000,0.540000000000,0.315000000000,14,11.67,14,0,120
1H_HIGH,2026-02,19,False,0.50,15,18,493,166,123,155,47,2,33.67,24.95,31.44,9.53,0.41,21,0.650000000000,0.550000000000,0.720000000000,0.560000000000,61,36.75,40,21,240
1H_HIGH,2026-02,19,False,0.50,30,18,493,187,135,155,13,3,37.93,27.38,31.44,2.64,0.61,38,0.860000000000,0.789900000000,0.890000000000,0.789900000000,95,50.80,45,50,360
1H_HIGH,2026-02,19,False,1.00,5,18,493,58,39,31,358,7,11.76,7.91,6.29,72.62,1.42,7,0.365000000000,0.295000000000,0.540000000000,0.315000000000,4,6.90,4,0,150
1H_HIGH,2026-02,19,False,1.00,15,18,493,133,121,31,195,13,26.98,24.54,6.29,39.55,2.64,21,0.650000000000,0.550000000000,0.720000000000,0.560000000000,33,24.81,22,11,240
1H_HIGH,2026-02,19,False,1.00,30,18,493,176,159,31,107,20,35.70,32.25,6.29,21.70,4.06,38,0.860000000000,0.789900000000,0.890000000000,0.789900000000,58,32.95,22,36,420
1H_HIGH,2026-03,22,False,0.25,5,10,138,23,19,82,14,0,16.67,13.77,59.42,10.14,0.00,1,0.245000000000,0.347500000000,0.385000000000,0.350050000000,3,13.04,3,0,180
1H_HIGH,2026-03,22,False,0.25,15,10,138,27,29,82,0,0,19.57,21.01,59.42,0.00,0.00,6,0.472500000000,0.604950000000,0.532500000000,0.627500000000,10,37.04,7,3,210
1H_HIGH,2026-03,22,False,0.25,30,10,138,27,29,82,0,0,19.57,21.01,59.42,0.00,0.00,13,0.580000000000,0.757400000000,0.640000000000,0.772500000000,20,74.07,7,13,690
1H_HIGH,2026-03,22,False,0.50,5,10,138,21,33,30,54,0,15.22,23.91,21.74,39.13,0.00,1,0.245000000000,0.347500000000,0.385000000000,0.350050000000,2,9.52,2,0,120
1H_HIGH,2026-03,22,False,0.50,15,10,138,43,54,30,11,0,31.16,39.13,21.74,7.97,0.00,6,0.472500000000,0.604950000000,0.532500000000,0.627500000000,10,23.26,8,2,150
1H_HIGH,2026-03,22,False,0.50,30,10,138,46,57,30,5,0,33.33,41.30,21.74,3.62,0.00,13,0.580000000000,0.757400000000,0.640000000000,0.772500000000,21,45.65,8,13,600
1H_HIGH,2026-03,22,False,1.00,5,10,138,8,12,5,112,1,5.80,8.70,3.62,81.16,0.72,1,0.245000000000,0.347500000000,0.385000000000,0.350050000000,1,12.50,1,0,120
1H_HIGH,2026-03,22,False,1.00,15,10,138,25,36,5,66,6,18.12,26.09,3.62,47.83,4.35,6,0.472500000000,0.604950000000,0.532500000000,0.627500000000,2,8.00,1,1,420
1H_HIGH,2026-03,22,False,1.00,30,10,138,39,42,5,45,7,28.26,30.43,3.62,32.61,5.07,13,0.580000000000,0.757400000000,0.640000000000,0.772500000000,5,12.82,1,4,720
1H_HIGH,2026-04,21,False,0.25,5,18,198,49,32,93,23,1,24.75,16.16,46.97,11.62,0.51,7,0.260000000000,0.230000000000,0.349950000000,0.260000000000,6,12.24,6,0,180
1H_HIGH,2026-04,21,False,0.25,15,18,198,60,42,93,2,1,30.30,21.21,46.97,1.01,0.51,14,0.420000000000,0.431100000000,0.485000000000,0.437500000000,24,40.00,14,10,300
1H_HIGH,2026-04,21,False,0.25,30,18,198,61,43,93,0,1,30.81,21.72,46.97,0.00,0.51,23,0.630000000000,0.563000000000,0.700000000000,0.577500000000,36,59.02,15,21,360
1H_HIGH,2026-04,21,False,0.50,5,18,198,23,27,44,99,5,11.62,13.64,22.22,50.00,2.53,7,0.260000000000,0.230000000000,0.349950000000,0.260000000000,1,4.35,1,0,60
1H_HIGH,2026-04,21,False,0.50,15,18,198,51,59,44,36,8,25.76,29.80,22.22,18.18,4.04,14,0.420000000000,0.431100000000,0.485000000000,0.437500000000,10,19.61,4,6,390
1H_HIGH,2026-04,21,False,0.50,30,18,198,62,69,44,14,9,31.31,34.85,22.22,7.07,4.55,23,0.630000000000,0.563000000000,0.700000000000,0.577500000000,19,30.65,4,15,660
1H_HIGH,2026-04,21,False,1.00,5,18,198,9,10,16,156,7,4.55,5.05,8.08,78.79,3.54,7,0.260000000000,0.230000000000,0.349950000000,0.260000000000,1,11.11,1,0,60
1H_HIGH,2026-04,21,False,1.00,15,18,198,29,29,16,111,13,14.65,14.65,8.08,56.06,6.57,14,0.420000000000,0.431100000000,0.485000000000,0.437500000000,5,17.24,2,3,360
1H_HIGH,2026-04,21,False,1.00,30,18,198,51,45,16,69,17,25.76,22.73,8.08,34.85,8.59,23,0.630000000000,0.563000000000,0.700000000000,0.577500000000,13,25.49,2,11,540
1H_HIGH,2026-05,20,False,0.25,5,16,93,16,11,54,12,0,17.20,11.83,58.06,12.90,0.00,1,0.350000000000,0.290000000000,0.520000000000,0.320000000000,6,37.50,6,0,120
1H_HIGH,2026-05,20,False,0.25,15,16,93,19,20,54,0,0,20.43,21.51,58.06,0.00,0.00,1,0.750000000000,0.500000000000,0.790000000000,0.500000000000,9,47.37,8,1,120
1H_HIGH,2026-05,20,False,0.25,30,16,93,19,20,54,0,0,20.43,21.51,58.06,0.00,0.00,3,1.080000000000,0.650000000000,1.110000000000,0.650000000000,9,47.37,8,1,120
1H_HIGH,2026-05,20,False,0.50,5,16,93,25,11,25,32,0,26.88,11.83,26.88,34.41,0.00,1,0.350000000000,0.290000000000,0.520000000000,0.320000000000,5,20.00,5,0,120
1H_HIGH,2026-05,20,False,0.50,15,16,93,35,21,25,12,0,37.63,22.58,26.88,12.90,0.00,1,0.750000000000,0.500000000000,0.790000000000,0.500000000000,10,28.57,6,4,180
1H_HIGH,2026-05,20,False,0.50,30,16,93,38,27,25,3,0,40.86,29.03,26.88,3.23,0.00,3,1.080000000000,0.650000000000,1.110000000000,0.650000000000,12,31.58,7,5,180
1H_HIGH,2026-05,20,False,1.00,5,16,93,5,5,6,76,1,5.38,5.38,6.45,81.72,1.08,1,0.350000000000,0.290000000000,0.520000000000,0.320000000000,1,20.00,1,0,180
1H_HIGH,2026-05,20,False,1.00,15,16,93,25,16,6,45,1,26.88,17.20,6.45,48.39,1.08,1,0.750000000000,0.500000000000,0.790000000000,0.500000000000,3,12.00,2,1,300
1H_HIGH,2026-05,20,False,1.00,30,16,93,46,21,6,19,1,49.46,22.58,6.45,20.43,1.08,3,1.080000000000,0.650000000000,1.110000000000,0.650000000000,7,15.22,2,5,780
1H_HIGH,2026-06,21,False,0.25,5,21,296,58,13,207,18,0,19.59,4.39,69.93,6.08,0.00,9,0.365000000000,0.357500000000,0.587500000000,0.370000000000,20,34.48,20,0,120
1H_HIGH,2026-06,21,False,0.25,15,21,296,66,20,207,3,0,22.30,6.76,69.93,1.01,0.00,14,0.710000000000,0.710000000000,0.830000000000,0.745000000000,34,51.52,24,10,210
1H_HIGH,2026-06,21,False,0.25,30,21,296,69,20,207,0,0,23.31,6.76,69.93,0.00,0.00,26,0.983150000000,0.959750000000,1.045000000000,0.965000000000,46,66.67,26,20,270
1H_HIGH,2026-06,21,False,0.50,5,21,296,55,44,118,77,2,18.58,14.86,39.86,26.01,0.68,9,0.365000000000,0.357500000000,0.587500000000,0.370000000000,9,16.36,9,0,120
1H_HIGH,2026-06,21,False,0.50,15,21,296,81,75,118,20,2,27.36,25.34,39.86,6.76,0.68,14,0.710000000000,0.710000000000,0.830000000000,0.745000000000,29,35.80,23,6,240
1H_HIGH,2026-06,21,False,0.50,30,21,296,84,79,118,13,2,28.38,26.69,39.86,4.39,0.68,26,0.983150000000,0.959750000000,1.045000000000,0.965000000000,49,58.33,26,23,300
1H_HIGH,2026-06,21,False,1.00,5,21,296,45,32,28,186,5,15.20,10.81,9.46,62.84,1.69,9,0.365000000000,0.357500000000,0.587500000000,0.370000000000,3,6.67,3,0,60
1H_HIGH,2026-06,21,False,1.00,15,21,296,94,79,28,87,8,31.76,26.69,9.46,29.39,2.70,14,0.710000000000,0.710000000000,0.830000000000,0.745000000000,24,25.53,14,10,300
1H_HIGH,2026-06,21,False,1.00,30,21,296,110,102,28,46,10,37.16,34.46,9.46,15.54,3.38,26,0.983150000000,0.959750000000,1.045000000000,0.965000000000,42,38.18,16,26,360
1H_HIGH,2026-07,22,False,0.25,5,22,600,140,51,361,48,0,23.33,8.50,60.17,8.00,0.00,14,0.320000000000,0.280000000000,0.450000000000,0.300000000000,40,28.57,40,0,120
1H_HIGH,2026-07,22,False,0.25,15,22,600,168,66,361,5,0,28.00,11.00,60.17,0.83,0.00,35,0.520000000000,0.580000000000,0.600000000000,0.600000000000,94,55.95,66,28,180
1H_HIGH,2026-07,22,False,0.25,30,22,600,171,68,361,0,0,28.50,11.33,60.17,0.00,0.00,51,0.700000000000,0.770000000000,0.760000000000,0.810000000000,119,69.59,66,53,300
1H_HIGH,2026-07,22,False,0.50,5,22,600,118,93,163,221,5,19.67,15.50,27.17,36.83,0.83,14,0.320000000000,0.280000000000,0.450000000000,0.300000000000,11,9.32,11,0,60
1H_HIGH,2026-07,22,False,0.50,15,22,600,188,165,163,77,7,31.33,27.50,27.17,12.83,1.17,35,0.520000000000,0.580000000000,0.600000000000,0.600000000000,73,38.83,52,21,240
1H_HIGH,2026-07,22,False,0.50,30,22,600,203,192,163,35,7,33.83,32.00,27.17,5.83,1.17,51,0.700000000000,0.770000000000,0.760000000000,0.810000000000,111,54.68,56,55,300
1H_HIGH,2026-07,22,False,1.00,5,22,600,46,52,30,460,12,7.67,8.67,5.00,76.67,2.00,14,0.320000000000,0.280000000000,0.450000000000,0.300000000000,0,0.00,0,0,
1H_HIGH,2026-07,22,False,1.00,15,22,600,132,158,30,258,22,22.00,26.33,5.00,43.00,3.67,35,0.520000000000,0.580000000000,0.600000000000,0.600000000000,24,18.18,12,12,330
1H_HIGH,2026-07,22,False,1.00,30,22,600,188,213,30,142,27,31.33,35.50,5.00,23.67,4.50,51,0.700000000000,0.770000000000,0.760000000000,0.810000000000,43,22.87,13,30,420
1H_HIGH,2026-08,21,False,0.25,5,12,110,24,23,39,24,0,21.82,20.91,35.45,21.82,0.00,1,0.150000000000,0.250000000000,0.265000000000,0.275000000000,7,29.17,7,0,120
1H_HIGH,2026-08,21,False,0.25,15,12,110,34,32,39,5,0,30.91,29.09,35.45,4.55,0.00,5,0.320000000000,0.395000000000,0.400000000000,0.415000000000,11,32.35,9,2,120
1H_HIGH,2026-08,21,False,0.25,30,12,110,36,34,39,1,0,32.73,30.91,35.45,0.91,0.00,9,0.410000000000,0.520000000000,0.490000000000,0.545000000000,21,58.33,12,9,180
1H_HIGH,2026-08,21,False,0.50,5,12,110,11,13,13,73,0,10.00,11.82,11.82,66.36,0.00,1,0.150000000000,0.250000000000,0.265000000000,0.275000000000,3,27.27,3,0,120
1H_HIGH,2026-08,21,False,0.50,15,12,110,30,32,13,32,3,27.27,29.09,11.82,29.09,2.73,5,0.320000000000,0.395000000000,0.400000000000,0.415000000000,4,13.33,4,0,150
1H_HIGH,2026-08,21,False,0.50,30,12,110,37,48,13,9,3,33.64,43.64,11.82,8.18,2.73,9,0.410000000000,0.520000000000,0.490000000000,0.545000000000,10,27.03,4,6,660
1H_HIGH,2026-08,21,False,1.00,5,12,110,2,8,4,96,0,1.82,7.27,3.64,87.27,0.00,1,0.150000000000,0.250000000000,0.265000000000,0.275000000000,0,0.00,0,0,
1H_HIGH,2026-08,21,False,1.00,15,12,110,12,21,4,70,3,10.91,19.09,3.64,63.64,2.73,5,0.320000000000,0.395000000000,0.400000000000,0.415000000000,0,0.00,0,0,
1H_HIGH,2026-08,21,False,1.00,30,12,110,18,30,4,53,5,16.36,27.27,3.64,48.18,4.55,9,0.410000000000,0.520000000000,0.490000000000,0.545000000000,3,16.67,0,3,780
1H_HIGH,2026-09,4,True,0.25,5,4,31,7,7,11,6,0,22.58,22.58,35.48,19.35,0.00,0,0.200000000000,0.145000000000,0.260000000000,0.230000000000,0,0.00,0,0,
1H_HIGH,2026-09,4,True,0.25,15,4,31,10,9,11,1,0,32.26,29.03,35.48,3.23,0.00,0,0.400000000000,0.265000000000,0.400000000000,0.320000000000,3,30.00,1,2,360
1H_HIGH,2026-09,4,True,0.25,30,4,31,11,9,11,0,0,35.48,29.03,35.48,0.00,0.00,1,0.660000000000,0.300000000000,0.660000000000,0.320000000000,4,36.36,1,3,480
1H_HIGH,2026-09,4,True,0.50,5,4,31,2,7,1,21,0,6.45,22.58,3.23,67.74,0.00,0,0.200000000000,0.145000000000,0.260000000000,0.230000000000,0,0.00,0,0,
1H_HIGH,2026-09,4,True,0.50,15,4,31,9,10,1,11,0,29.03,32.26,3.23,35.48,0.00,0,0.400000000000,0.265000000000,0.400000000000,0.320000000000,0,0.00,0,0,
1H_HIGH,2026-09,4,True,0.50,30,4,31,14,10,1,5,1,45.16,32.26,3.23,16.13,3.23,1,0.660000000000,0.300000000000,0.660000000000,0.320000000000,1,7.14,1,0,240
1H_HIGH,2026-09,4,True,1.00,5,4,31,2,0,0,29,0,6.45,0.00,0.00,93.55,0.00,0,0.200000000000,0.145000000000,0.260000000000,0.230000000000,0,0.00,0,0,
1H_HIGH,2026-09,4,True,1.00,15,4,31,3,0,0,28,0,9.68,0.00,0.00,90.32,0.00,0,0.400000000000,0.265000000000,0.400000000000,0.320000000000,0,0.00,0,0,
1H_HIGH,2026-09,4,True,1.00,30,4,31,7,2,0,21,1,22.58,6.45,0.00,67.74,3.23,1,0.660000000000,0.300000000000,0.660000000000,0.320000000000,0,0.00,0,0,
1H_LOW,2026-01,20,False,0.25,5,18,216,39,28,139,10,0,18.06,12.96,64.35,4.63,0.00,2,0.330000000000,0.360000000000,0.452500000000,0.372500000000,12,30.77,12,0,90
1H_LOW,2026-01,20,False,0.25,15,18,216,45,32,139,0,0,20.83,14.81,64.35,0.00,0.00,3,0.535000000000,0.580000000000,0.629950000000,0.590000000000,23,51.11,16,7,180
1H_LOW,2026-01,20,False,0.25,30,18,216,45,32,139,0,0,20.83,14.81,64.35,0.00,0.00,9,0.767500000000,0.755000000000,0.822500000000,0.755000000000,32,71.11,17,15,240
1H_LOW,2026-01,20,False,0.50,5,18,216,53,49,43,71,0,24.54,22.69,19.91,32.87,0.00,2,0.330000000000,0.360000000000,0.452500000000,0.372500000000,11,20.75,11,0,60
1H_LOW,2026-01,20,False,0.50,15,18,216,76,74,43,23,0,35.19,34.26,19.91,10.65,0.00,3,0.535000000000,0.580000000000,0.629950000000,0.590000000000,32,42.11,22,10,210
1H_LOW,2026-01,20,False,0.50,30,18,216,87,78,43,7,1,40.28,36.11,19.91,3.24,0.46,9,0.767500000000,0.755000000000,0.822500000000,0.755000000000,49,56.32,22,27,420
1H_LOW,2026-01,20,False,1.00,5,18,216,21,10,5,178,2,9.72,4.63,2.31,82.41,0.93,2,0.330000000000,0.360000000000,0.452500000000,0.372500000000,1,4.76,1,0,120
1H_LOW,2026-01,20,False,1.00,15,18,216,53,62,5,94,2,24.54,28.70,2.31,43.52,0.93,3,0.535000000000,0.580000000000,0.629950000000,0.590000000000,9,16.98,5,4,300
1H_LOW,2026-01,20,False,1.00,30,18,216,80,75,5,53,3,37.04,34.72,2.31,24.54,1.39,9,0.767500000000,0.755000000000,0.822500000000,0.755000000000,19,23.75,6,13,540
1H_LOW,2026-02,19,False,0.25,5,19,704,124,57,507,16,0,17.61,8.10,72.02,2.27,0.00,10,0.372500000000,0.400000000000,0.520000000000,0.420000000000,41,33.06,41,0,120
1H_LOW,2026-02,19,False,0.25,15,19,704,129,68,507,0,0,18.32,9.66,72.02,0.00,0.00,36,0.615000000000,0.706250000000,0.715000000000,0.706250000000,71,55.04,52,19,120
1H_LOW,2026-02,19,False,0.25,30,19,704,129,68,507,0,0,18.32,9.66,72.02,0.00,0.00,48,0.860000000000,0.915000000000,0.935000000000,0.915000000000,83,64.34,53,30,240
1H_LOW,2026-02,19,False,0.50,5,19,704,151,142,231,175,5,21.45,20.17,32.81,24.86,0.71,10,0.372500000000,0.400000000000,0.520000000000,0.420000000000,25,16.56,25,0,60
1H_LOW,2026-02,19,False,0.50,15,19,704,202,210,231,53,8,28.69,29.83,32.81,7.53,1.14,36,0.615000000000,0.706250000000,0.715000000000,0.706250000000,69,34.16,47,22,180
1H_LOW,2026-02,19,False,0.50,30,19,704,223,231,231,11,8,31.68,32.81,32.81,1.56,1.14,48,0.860000000000,0.915000000000,0.935000000000,0.915000000000,111,49.78,51,60,360
1H_LOW,2026-02,19,False,1.00,5,19,704,78,79,48,491,8,11.08,11.22,6.82,69.74,1.14,10,0.372500000000,0.400000000000,0.520000000000,0.420000000000,5,6.41,5,0,60
1H_LOW,2026-02,19,False,1.00,15,19,704,191,212,48,234,19,27.13,30.11,6.82,33.24,2.70,36,0.615000000000,0.706250000000,0.715000000000,0.706250000000,39,20.42,23,16,300
1H_LOW,2026-02,19,False,1.00,30,19,704,240,269,48,126,21,34.09,38.21,6.82,17.90,2.98,48,0.860000000000,0.915000000000,0.935000000000,0.915000000000,73,30.42,27,46,480
1H_LOW,2026-03,22,False,0.25,5,21,482,75,41,357,9,0,15.56,8.51,74.07,1.87,0.00,8,0.403750000000,0.400000000000,0.570000000000,0.401200000000,24,32.00,24,0,120
1H_LOW,2026-03,22,False,0.25,15,21,482,80,45,357,0,0,16.60,9.34,74.07,0.00,0.00,17,0.790000000000,0.713000000000,0.819500000000,0.730000000000,46,57.50,34,12,180
1H_LOW,2026-03,22,False,0.25,30,21,482,80,45,357,0,0,16.60,9.34,74.07,0.00,0.00,33,1.070000000000,0.930000000000,1.095000000000,0.945000000000,56,70.00,35,21,240
1H_LOW,2026-03,22,False,0.50,5,21,482,110,91,180,98,3,22.82,18.88,37.34,20.33,0.62,8,0.403750000000,0.400000000000,0.570000000000,0.401200000000,16,14.55,16,0,90
1H_LOW,2026-03,22,False,0.50,15,21,482,150,128,180,21,3,31.12,26.56,37.34,4.36,0.62,17,0.790000000000,0.713000000000,0.819500000000,0.730000000000,51,34.00,35,16,180
1H_LOW,2026-03,22,False,0.50,30,21,482,160,133,180,6,3,33.20,27.59,37.34,1.24,0.62,33,1.070000000000,0.930000000000,1.095000000000,0.945000000000,78,48.75,38,40,360
1H_LOW,2026-03,22,False,1.00,5,21,482,57,48,39,330,8,11.83,9.96,8.09,68.46,1.66,8,0.403750000000,0.400000000000,0.570000000000,0.401200000000,3,5.26,3,0,180
1H_LOW,2026-03,22,False,1.00,15,21,482,159,132,39,137,15,32.99,27.39,8.09,28.42,3.11,17,0.790000000000,0.713000000000,0.819500000000,0.730000000000,34,21.38,22,12,240
1H_LOW,2026-03,22,False,1.00,30,21,482,204,172,39,49,18,42.32,35.68,8.09,10.17,3.73,33,1.070000000000,0.930000000000,1.095000000000,0.945000000000,73,35.78,28,45,420
1H_LOW,2026-04,21,False,0.25,5,15,217,45,22,134,16,0,20.74,10.14,61.75,7.37,0.00,2,0.360000000000,0.280000000000,0.497500000000,0.310000000000,18,40.00,18,0,90
1H_LOW,2026-04,21,False,0.25,15,15,217,51,30,134,2,0,23.50,13.82,61.75,0.92,0.00,10,0.580000000000,0.530000000000,0.710000000000,0.539000000000,27,52.94,20,7,120
1H_LOW,2026-04,21,False,0.25,30,15,217,52,31,134,0,0,23.96,14.29,61.75,0.00,0.00,19,0.880000000000,0.815000000000,0.950000000000,0.815000000000,34,65.38,20,14,210
1H_LOW,2026-04,21,False,0.50,5,15,217,42,19,69,85,2,19.35,8.76,31.80,39.17,0.92,2,0.360000000000,0.280000000000,0.497500000000,0.310000000000,3,7.14,3,0,180
1H_LOW,2026-04,21,False,0.50,15,15,217,71,47,69,24,6,32.72,21.66,31.80,11.06,2.76,10,0.580000000000,0.530000000000,0.710000000000,0.539000000000,20,28.17,13,7,300
1H_LOW,2026-04,21,False,0.50,30,15,217,77,60,69,5,6,35.48,27.65,31.80,2.30,2.76,19,0.880000000000,0.815000000000,0.950000000000,0.815000000000,29,37.66,13,16,420
1H_LOW,2026-04,21,False,1.00,5,15,217,19,14,20,162,2,8.76,6.45,9.22,74.65,0.92,2,0.360000000000,0.280000000000,0.497500000000,0.310000000000,1,5.26,1,0,120
1H_LOW,2026-04,21,False,1.00,15,15,217,60,43,20,85,9,27.65,19.82,9.22,39.17,4.15,10,0.580000000000,0.530000000000,0.710000000000,0.539000000000,11,18.33,8,3,240
1H_LOW,2026-04,21,False,1.00,30,15,217,83,66,20,37,11,38.25,30.41,9.22,17.05,5.07,19,0.880000000000,0.815000000000,0.950000000000,0.815000000000,20,24.10,8,12,390
1H_LOW,2026-05,20,False,0.25,5,7,29,4,2,22,1,0,13.79,6.90,75.86,3.45,0.00,0,0.420000000000,0.310000000000,0.610000000000,0.375000000000,1,25.00,1,0,120
1H_LOW,2026-05,20,False,0.25,15,7,29,4,3,22,0,0,13.79,10.34,75.86,0.00,0.00,1,0.815000000000,0.530000000000,0.940000000000,0.530000000000,1,25.00,1,0,120
1H_LOW,2026-05,20,False,0.25,30,7,29,4,3,22,0,0,13.79,10.34,75.86,0.00,0.00,2,1.315000000000,0.635000000000,1.315000000000,0.635000000000,1,25.00,1,0,120
1H_LOW,2026-05,20,False,0.50,5,7,29,9,6,9,5,0,31.03,20.69,31.03,17.24,0.00,0,0.420000000000,0.310000000000,0.610000000000,0.375000000000,1,11.11,1,0,120
1H_LOW,2026-05,20,False,0.50,15,7,29,12,7,9,1,0,41.38,24.14,31.03,3.45,0.00,1,0.815000000000,0.530000000000,0.940000000000,0.530000000000,4,33.33,2,2,330
1H_LOW,2026-05,20,False,0.50,30,7,29,12,7,9,1,0,41.38,24.14,31.03,3.45,0.00,2,1.315000000000,0.635000000000,1.315000000000,0.635000000000,4,33.33,2,2,330
1H_LOW,2026-05,20,False,1.00,5,7,29,3,4,2,20,0,10.34,13.79,6.90,68.97,0.00,0,0.420000000000,0.310000000000,0.610000000000,0.375000000000,0,0.00,0,0,
1H_LOW,2026-05,20,False,1.00,15,7,29,12,6,2,8,1,41.38,20.69,6.90,27.59,3.45,1,0.815000000000,0.530000000000,0.940000000000,0.530000000000,1,8.33,1,0,300
1H_LOW,2026-05,20,False,1.00,30,7,29,16,9,2,1,1,55.17,31.03,6.90,3.45,3.45,2,1.315000000000,0.635000000000,1.315000000000,0.635000000000,2,12.50,1,1,690
1H_LOW,2026-06,21,False,0.25,5,18,271,57,12,199,3,0,21.03,4.43,73.43,1.11,0.00,17,0.450000000000,0.420000000000,0.670000000000,0.430000000000,14,24.56,14,0,120
1H_LOW,2026-06,21,False,0.25,15,18,271,58,13,199,1,0,21.40,4.80,73.43,0.37,0.00,24,0.840000000000,0.770000000000,0.985000000000,0.800000000000,33,56.90,19,14,300
1H_LOW,2026-06,21,False,0.25,30,18,271,58,13,199,1,0,21.40,4.80,73.43,0.37,0.00,29,1.160000000000,1.095000000000,1.290000000000,1.200000000000,41,70.69,19,22,360
1H_LOW,2026-06,21,False,0.50,5,18,271,55,40,133,42,1,20.30,14.76,49.08,15.50,0.37,17,0.450000000000,0.420000000000,0.670000000000,0.430000000000,6,10.91,6,0,60
1H_LOW,2026-06,21,False,0.50,15,18,271,74,56,133,7,1,27.31,20.66,49.08,2.58,0.37,24,0.840000000000,0.770000000000,0.985000000000,0.800000000000,36,48.65,29,7,240
1H_LOW,2026-06,21,False,0.50,30,18,271,78,58,133,1,1,28.78,21.40,49.08,0.37,0.37,29,1.160000000000,1.095000000000,1.290000000000,1.200000000000,45,57.69,29,16,300
1H_LOW,2026-06,21,False,1.00,5,18,271,40,39,41,148,3,14.76,14.39,15.13,54.61,1.11,17,0.450000000000,0.420000000000,0.670000000000,0.430000000000,0,0.00,0,0,
1H_LOW,2026-06,21,False,1.00,15,18,271,80,84,41,63,3,29.52,31.00,15.13,23.25,1.11,24,0.840000000000,0.770000000000,0.985000000000,0.800000000000,15,18.75,9,6,300
1H_LOW,2026-06,21,False,1.00,30,18,271,102,104,41,21,3,37.64,38.38,15.13,7.75,1.11,29,1.160000000000,1.095000000000,1.290000000000,1.200000000000,35,34.31,10,25,480
1H_LOW,2026-07,22,False,0.25,5,22,476,94,55,302,25,0,19.75,11.55,63.45,5.25,0.00,15,0.330000000000,0.309650000000,0.470000000000,0.320000000000,26,27.66,26,0,120
1H_LOW,2026-07,22,False,0.25,15,22,476,107,61,302,6,0,22.48,12.82,63.45,1.26,0.00,34,0.530000000000,0.623500000000,0.640000000000,0.630000000000,65,60.75,45,20,240
1H_LOW,2026-07,22,False,0.25,30,22,476,111,62,302,1,0,23.32,13.03,63.45,0.21,0.00,50,0.710000000000,0.845000000000,0.769950000000,0.845000000000,76,68.47,47,29,240
1H_LOW,2026-07,22,False,0.50,5,22,476,110,77,121,161,7,23.11,16.18,25.42,33.82,1.47,15,0.330000000000,0.309650000000,0.470000000000,0.320000000000,11,10.00,11,0,120
1H_LOW,2026-07,22,False,0.50,15,22,476,162,134,121,51,8,34.03,28.15,25.42,10.71,1.68,34,0.530000000000,0.623500000000,0.640000000000,0.630000000000,80,49.38,53,27,240
1H_LOW,2026-07,22,False,0.50,30,22,476,172,147,121,28,8,36.13,30.88,25.42,5.88,1.68,50,0.710000000000,0.845000000000,0.769950000000,0.845000000000,99,57.56,55,44,300
1H_LOW,2026-07,22,False,1.00,5,22,476,30,42,25,366,13,6.30,8.82,5.25,76.89,2.73,15,0.330000000000,0.309650000000,0.470000000000,0.320000000000,0,0.00,0,0,
1H_LOW,2026-07,22,False,1.00,15,22,476,92,127,25,206,26,19.33,26.68,5.25,43.28,5.46,34,0.530000000000,0.623500000000,0.640000000000,0.630000000000,20,21.74,9,11,360
1H_LOW,2026-07,22,False,1.00,30,22,476,145,173,25,106,27,30.46,36.34,5.25,22.27,5.67,50,0.710000000000,0.845000000000,0.769950000000,0.845000000000,37,25.52,14,23,420
1H_LOW,2026-08,21,False,0.25,5,16,103,29,12,47,15,0,28.16,11.65,45.63,14.56,0.00,1,0.355000000000,0.207500000000,0.445000000000,0.230000000000,7,24.14,7,0,120
1H_LOW,2026-08,21,False,0.25,15,16,103,35,21,47,0,0,33.98,20.39,45.63,0.00,0.00,10,0.570000000000,0.385000000000,0.595000000000,0.390000000000,17,48.57,14,3,180
1H_LOW,2026-08,21,False,0.25,30,16,103,35,21,47,0,0,33.98,20.39,45.63,0.00,0.00,12,0.715000000000,0.505000000000,0.745000000000,0.505000000000,22,62.86,14,8,240
1H_LOW,2026-08,21,False,0.50,5,16,103,25,7,23,48,0,24.27,6.80,22.33,46.60,0.00,1,0.355000000000,0.207500000000,0.445000000000,0.230000000000,3,12.00,3,0,60
1H_LOW,2026-08,21,False,0.50,15,16,103,37,18,24,22,2,35.92,17.48,23.30,21.36,1.94,10,0.570000000000,0.385000000000,0.595000000000,0.390000000000,12,32.43,8,4,210
1H_LOW,2026-08,21,False,0.50,30,16,103,44,25,24,8,2,42.72,24.27,23.30,7.77,1.94,12,0.715000000000,0.505000000000,0.745000000000,0.505000000000,19,43.18,8,11,420
1H_LOW,2026-08,21,False,1.00,5,16,103,7,2,4,90,0,6.80,1.94,3.88,87.38,0.00,1,0.355000000000,0.207500000000,0.445000000000,0.230000000000,1,14.29,1,0,180
1H_LOW,2026-08,21,False,1.00,15,16,103,20,8,4,62,9,19.42,7.77,3.88,60.19,8.74,10,0.570000000000,0.385000000000,0.595000000000,0.390000000000,4,20.00,2,2,300
1H_LOW,2026-08,21,False,1.00,30,16,103,34,17,4,39,9,33.01,16.50,3.88,37.86,8.74,12,0.715000000000,0.505000000000,0.745000000000,0.505000000000,4,11.76,2,2,300
1H_LOW,2026-09,4,True,0.25,5,4,62,11,17,28,6,0,17.74,27.42,45.16,9.68,0.00,0,0.153850000000,0.314950000000,0.290000000000,0.328750000000,3,27.27,3,0,60
1H_LOW,2026-09,4,True,0.25,15,4,62,14,19,28,1,0,22.58,30.65,45.16,1.61,0.00,0,0.229950000000,0.580000000000,0.300000000000,0.580000000000,8,57.14,6,2,180
1H_LOW,2026-09,4,True,0.25,30,4,62,14,20,28,0,0,22.58,32.26,45.16,0.00,0.00,2,0.295000000000,0.735000000000,0.362500000000,0.735000000000,9,64.29,6,3,180
1H_LOW,2026-09,4,True,0.50,5,4,62,4,15,4,39,0,6.45,24.19,6.45,62.90,0.00,0,0.153850000000,0.314950000000,0.290000000000,0.328750000000,0,0.00,0,0,
1H_LOW,2026-09,4,True,0.50,15,4,62,10,31,4,17,0,16.13,50.00,6.45,27.42,0.00,0,0.229950000000,0.580000000000,0.300000000000,0.580000000000,1,10.00,0,1,720
1H_LOW,2026-09,4,True,0.50,30,4,62,20,32,4,6,0,32.26,51.61,6.45,9.68,0.00,2,0.295000000000,0.735000000000,0.362500000000,0.735000000000,8,40.00,2,6,690
1H_LOW,2026-09,4,True,1.00,5,4,62,0,1,2,59,0,0.00,1.61,3.23,95.16,0.00,0,0.153850000000,0.314950000000,0.290000000000,0.328750000000,0,,0,0,
1H_LOW,2026-09,4,True,1.00,15,4,62,1,15,2,44,0,1.61,24.19,3.23,70.97,0.00,0,0.229950000000,0.580000000000,0.300000000000,0.580000000000,0,0.00,0,0,
1H_LOW,2026-09,4,True,1.00,30,4,62,5,21,2,32,2,8.06,33.87,3.23,51.61,3.23,2,0.295000000000,0.735000000000,0.362500000000,0.735000000000,0,0.00,0,0,
