event_id,session_date,direction,first_price,strong_price,raw_price_difference,entry_disadvantage,delay_minutes,entry_comparison,first_mfe,strong_mfe,first_mae,strong_mae,first_eod_move,strong_eod_move,mfe_lost,mae_improvement,same_pair_excursions_available,first_minutes_to_reclaim,strong_minutes_to_reclaim,first_timestamp,first_reclaim_timestamp,first_0.25_0.25_result,first_0.25_0.25_favorable_hit,first_0.25_0.25_adverse_hit,first_0.50_0.25_result,first_0.50_0.25_favorable_hit,first_0.50_0.25_adverse_hit,first_0.75_0.25_result,first_0.75_0.25_favorable_hit,first_0.75_0.25_adverse_hit,first_1.00_0.25_result,first_1.00_0.25_favorable_hit,first_1.00_0.25_adverse_hit,first_0.50_0.30_result,first_0.50_0.30_favorable_hit,first_0.50_0.30_adverse_hit,first_0.75_0.30_result,first_0.75_0.30_favorable_hit,first_0.75_0.30_adverse_hit,first_1.00_0.30_result,first_1.00_0.30_favorable_hit,first_1.00_0.30_adverse_hit,first_1.50_0.30_result,first_1.50_0.30_favorable_hit,first_1.50_0.30_adverse_hit,first_2.00_0.30_result,first_2.00_0.30_favorable_hit,first_2.00_0.30_adverse_hit,strong_timestamp,strong_reclaim_timestamp,strong_0.25_0.25_result,strong_0.25_0.25_favorable_hit,strong_0.25_0.25_adverse_hit,strong_0.50_0.25_result,strong_0.50_0.25_favorable_hit,strong_0.50_0.25_adverse_hit,strong_0.75_0.25_result,strong_0.75_0.25_favorable_hit,strong_0.75_0.25_adverse_hit,strong_1.00_0.25_result,strong_1.00_0.25_favorable_hit,strong_1.00_0.25_adverse_hit,strong_0.50_0.30_result,strong_0.50_0.30_favorable_hit,strong_0.50_0.30_adverse_hit,strong_0.75_0.30_result,strong_0.75_0.30_favorable_hit,strong_0.75_0.30_adverse_hit,strong_1.00_0.30_result,strong_1.00_0.30_favorable_hit,strong_1.00_0.30_adverse_hit,strong_1.50_0.30_result,strong_1.50_0.30_favorable_hit,strong_1.50_0.30_adverse_hit,strong_2.00_0.30_result,strong_2.00_0.30_favorable_hit,strong_2.00_0.30_adverse_hit
SPY:2026-01-02:LONG:2026-01-02T14:50:00+00:00:v1,2026-01-02,LONG,686.200000000000,686.190000000000,-0.010000000000,-0.010000000000,5,UNCHANGED_WITHIN_ONE_CENT,0.670000000000,0.680000000000,6.380000000000,6.370000000000,-3.030000000000,-3.020000000000,-0.010000000000,0.010000000000,True,15,10,2026-01-02T14:55:00Z,2026-01-02T15:10:00Z,FAVORABLE_FIRST,2026-01-02T14:56:00Z,2026-01-02T15:07:00Z,FAVORABLE_FIRST,2026-01-02T15:01:00Z,2026-01-02T15:07:00Z,ADVERSE_FIRST,,2026-01-02T15:07:00Z,ADVERSE_FIRST,,2026-01-02T15:07:00Z,FAVORABLE_FIRST,2026-01-02T15:01:00Z,2026-01-02T15:08:00Z,ADVERSE_FIRST,,2026-01-02T15:08:00Z,ADVERSE_FIRST,,2026-01-02T15:08:00Z,ADVERSE_FIRST,,2026-01-02T15:08:00Z,ADVERSE_FIRST,,2026-01-02T15:08:00Z,2026-01-02T15:00:00Z,2026-01-02T15:10:00Z,FAVORABLE_FIRST,2026-01-02T15:01:00Z,2026-01-02T15:08:00Z,FAVORABLE_FIRST,2026-01-02T15:01:00Z,2026-01-02T15:08:00Z,ADVERSE_FIRST,,2026-01-02T15:08:00Z,ADVERSE_FIRST,,2026-01-02T15:08:00Z,FAVORABLE_FIRST,2026-01-02T15:01:00Z,2026-01-02T15:08:00Z,ADVERSE_FIRST,,2026-01-02T15:08:00Z,ADVERSE_FIRST,,2026-01-02T15:08:00Z,ADVERSE_FIRST,,2026-01-02T15:08:00Z,ADVERSE_FIRST,,2026-01-02T15:08:00Z
SPY:2026-01-02:SHORT:2026-01-02T15:14:00+00:00:v1,2026-01-02,SHORT,684.350000000000,683.850000000000,-0.500000000000,0.500000000000,5,WORSE,4.530000000000,4.030000000000,0.240000000000,0.740000000000,1.180000000000,0.680000000000,0.500000000000,-0.500000000000,True,,,2026-01-02T15:15:00Z,,FAVORABLE_FIRST,2026-01-02T15:16:00Z,,FAVORABLE_FIRST,2026-01-02T15:16:00Z,,FAVORABLE_FIRST,2026-01-02T15:17:00Z,,FAVORABLE_FIRST,2026-01-02T15:20:00Z,,FAVORABLE_FIRST,2026-01-02T15:16:00Z,,FAVORABLE_FIRST,2026-01-02T15:17:00Z,,FAVORABLE_FIRST,2026-01-02T15:20:00Z,,FAVORABLE_FIRST,2026-01-02T15:21:00Z,,FAVORABLE_FIRST,2026-01-02T15:22:00Z,,2026-01-02T15:20:00Z,,FAVORABLE_FIRST,2026-01-02T15:21:00Z,2026-01-02T15:42:00Z,FAVORABLE_FIRST,2026-01-02T15:21:00Z,2026-01-02T15:42:00Z,FAVORABLE_FIRST,2026-01-02T15:21:00Z,2026-01-02T15:42:00Z,FAVORABLE_FIRST,2026-01-02T15:21:00Z,2026-01-02T15:42:00Z,FAVORABLE_FIRST,2026-01-02T15:21:00Z,2026-01-02T15:42:00Z,FAVORABLE_FIRST,2026-01-02T15:21:00Z,2026-01-02T15:42:00Z,FAVORABLE_FIRST,2026-01-02T15:21:00Z,2026-01-02T15:42:00Z,FAVORABLE_FIRST,2026-01-02T15:22:00Z,2026-01-02T15:42:00Z,FAVORABLE_FIRST,2026-01-02T15:25:00Z,2026-01-02T15:42:00Z
SPY:2026-01-05:LONG:2026-01-05T15:03:00+00:00:v1,2026-01-05,LONG,687.660000000000,687.689900000000,0.029900000000,0.029900000000,5,WORSE,1.770000000000,1.740100000000,0.500000000000,0.529900000000,0.070000000000,0.040100000000,0.029900000000,-0.029900000000,True,10,5,2026-01-05T15:05:00Z,2026-01-05T15:15:00Z,ADVERSE_FIRST,2026-01-05T15:19:00Z,2026-01-05T15:06:00Z,ADVERSE_FIRST,2026-01-05T15:27:00Z,2026-01-05T15:06:00Z,ADVERSE_FIRST,2026-01-05T15:27:00Z,2026-01-05T15:06:00Z,ADVERSE_FIRST,2026-01-05T15:30:00Z,2026-01-05T15:06:00Z,ADVERSE_FIRST,2026-01-05T15:27:00Z,2026-01-05T15:06:00Z,ADVERSE_FIRST,2026-01-05T15:27:00Z,2026-01-05T15:06:00Z,ADVERSE_FIRST,2026-01-05T15:30:00Z,2026-01-05T15:06:00Z,ADVERSE_FIRST,2026-01-05T16:49:00Z,2026-01-05T15:06:00Z,ADVERSE_FIRST,,2026-01-05T15:06:00Z,2026-01-05T15:10:00Z,2026-01-05T15:15:00Z,ADVERSE_FIRST,2026-01-05T15:20:00Z,2026-01-05T15:11:00Z,ADVERSE_FIRST,2026-01-05T15:27:00Z,2026-01-05T15:11:00Z,ADVERSE_FIRST,2026-01-05T15:28:00Z,2026-01-05T15:11:00Z,ADVERSE_FIRST,2026-01-05T15:30:00Z,2026-01-05T15:11:00Z,ADVERSE_FIRST,2026-01-05T15:27:00Z,2026-01-05T15:11:00Z,ADVERSE_FIRST,2026-01-05T15:28:00Z,2026-01-05T15:11:00Z,ADVERSE_FIRST,2026-01-05T15:30:00Z,2026-01-05T15:11:00Z,ADVERSE_FIRST,2026-01-05T16:49:00Z,2026-01-05T15:11:00Z,ADVERSE_FIRST,,2026-01-05T15:11:00Z
SPY:2026-01-05:LONG:2026-01-05T15:15:00+00:00:v1,2026-01-05,LONG,687.900000000000,688.090000000000,0.190000000000,0.190000000000,5,WORSE,1.530000000000,1.340000000000,0.740000000000,0.930000000000,-0.170000000000,-0.360000000000,0.190000000000,-0.190000000000,True,275,270,2026-01-05T15:20:00Z,2026-01-05T19:55:00Z,FAVORABLE_FIRST,2026-01-05T15:27:00Z,2026-01-05T18:19:00Z,FAVORABLE_FIRST,2026-01-05T15:27:00Z,2026-01-05T18:19:00Z,FAVORABLE_FIRST,2026-01-05T15:30:00Z,2026-01-05T18:19:00Z,FAVORABLE_FIRST,2026-01-05T16:38:00Z,2026-01-05T18:19:00Z,FAVORABLE_FIRST,2026-01-05T15:27:00Z,2026-01-05T19:40:00Z,FAVORABLE_FIRST,2026-01-05T15:30:00Z,2026-01-05T19:40:00Z,FAVORABLE_FIRST,2026-01-05T16:38:00Z,2026-01-05T19:40:00Z,FAVORABLE_FIRST,2026-01-05T16:51:00Z,2026-01-05T19:40:00Z,ADVERSE_FIRST,,2026-01-05T19:40:00Z,2026-01-05T15:25:00Z,2026-01-05T19:55:00Z,ADVERSE_FIRST,2026-01-05T15:27:00Z,2026-01-05T15:26:00Z,ADVERSE_FIRST,2026-01-05T15:28:00Z,2026-01-05T15:26:00Z,ADVERSE_FIRST,2026-01-05T16:25:00Z,2026-01-05T15:26:00Z,ADVERSE_FIRST,2026-01-05T16:48:00Z,2026-01-05T15:26:00Z,ADVERSE_FIRST,2026-01-05T15:28:00Z,2026-01-05T15:26:00Z,ADVERSE_FIRST,2026-01-05T16:25:00Z,2026-01-05T15:26:00Z,ADVERSE_FIRST,2026-01-05T16:48:00Z,2026-01-05T15:26:00Z,ADVERSE_FIRST,,2026-01-05T15:26:00Z,ADVERSE_FIRST,,2026-01-05T15:26:00Z
SPY:2026-01-05:LONG:2026-01-05T20:05:00+00:00:v1,2026-01-05,LONG,687.960000000000,688.130000000000,0.170000000000,0.170000000000,5,WORSE,0.280000000000,0,0.800000000000,0.970000000000,-0.230000000000,-0.400000000000,0.280000000000,-0.170000000000,True,45,40,2026-01-05T20:10:00Z,2026-01-05T20:55:00Z,FAVORABLE_FIRST,2026-01-05T20:12:00Z,2026-01-05T20:51:00Z,ADVERSE_FIRST,,2026-01-05T20:51:00Z,ADVERSE_FIRST,,2026-01-05T20:51:00Z,ADVERSE_FIRST,,2026-01-05T20:51:00Z,ADVERSE_FIRST,,2026-01-05T20:52:00Z,ADVERSE_FIRST,,2026-01-05T20:52:00Z,ADVERSE_FIRST,,2026-01-05T20:52:00Z,ADVERSE_FIRST,,2026-01-05T20:52:00Z,ADVERSE_FIRST,,2026-01-05T20:52:00Z,2026-01-05T20:15:00Z,2026-01-05T20:55:00Z,ADVERSE_FIRST,,2026-01-05T20:20:00Z,ADVERSE_FIRST,,2026-01-05T20:20:00Z,ADVERSE_FIRST,,2026-01-05T20:20:00Z,ADVERSE_FIRST,,2026-01-05T20:20:00Z,ADVERSE_FIRST,,2026-01-05T20:20:00Z,ADVERSE_FIRST,,2026-01-05T20:20:00Z,ADVERSE_FIRST,,2026-01-05T20:20:00Z,ADVERSE_FIRST,,2026-01-05T20:20:00Z,ADVERSE_FIRST,,2026-01-05T20:20:00Z
SPY:2026-01-06:LONG:2026-01-06T14:45:00+00:00:v1,2026-01-06,LONG,689.235000000000,689.720100000000,0.485100000000,0.485100000000,5,WORSE,3.080000000000,2.594900000000,0.935000000000,1.420100000000,2.565000000000,2.079900000000,0.485100000000,-0.485100000000,True,75,70,2026-01-06T14:50:00Z,2026-01-06T16:05:00Z,FAVORABLE_FIRST,2026-01-06T14:51:00Z,2026-01-06T15:55:00Z,FAVORABLE_FIRST,2026-01-06T14:51:00Z,2026-01-06T15:55:00Z,FAVORABLE_FIRST,2026-01-06T14:57:00Z,2026-01-06T15:55:00Z,FAVORABLE_FIRST,2026-01-06T15:00:00Z,2026-01-06T15:55:00Z,FAVORABLE_FIRST,2026-01-06T14:51:00Z,2026-01-06T15:55:00Z,FAVORABLE_FIRST,2026-01-06T14:57:00Z,2026-01-06T15:55:00Z,FAVORABLE_FIRST,2026-01-06T15:00:00Z,2026-01-06T15:55:00Z,FAVORABLE_FIRST,2026-01-06T15:25:00Z,2026-01-06T15:55:00Z,ADVERSE_FIRST,2026-01-06T18:43:00Z,2026-01-06T15:55:00Z,2026-01-06T14:55:00Z,2026-01-06T16:05:00Z,FAVORABLE_FIRST,2026-01-06T14:57:00Z,2026-01-06T15:52:00Z,FAVORABLE_FIRST,2026-01-06T15:00:00Z,2026-01-06T15:52:00Z,FAVORABLE_FIRST,2026-01-06T15:06:00Z,2026-01-06T15:52:00Z,FAVORABLE_FIRST,2026-01-06T15:25:00Z,2026-01-06T15:52:00Z,FAVORABLE_FIRST,2026-01-06T15:00:00Z,2026-01-06T15:52:00Z,FAVORABLE_FIRST,2026-01-06T15:06:00Z,2026-01-06T15:52:00Z,FAVORABLE_FIRST,2026-01-06T15:25:00Z,2026-01-06T15:52:00Z,ADVERSE_FIRST,2026-01-06T18:43:00Z,2026-01-06T15:52:00Z,ADVERSE_FIRST,2026-01-06T18:59:00Z,2026-01-06T15:52:00Z
SPY:2026-01-06:LONG:2026-01-06T16:05:00+00:00:v1,2026-01-06,LONG,688.855000000000,688.865000000000,0.010000000000,0.010000000000,5,UNCHANGED_WITHIN_ONE_CENT,3.460000000000,3.450000000000,0.235000000000,0.245000000000,2.945000000000,2.935000000000,0.010000000000,-0.010000000000,True,,,2026-01-06T16:10:00Z,,FAVORABLE_FIRST,2026-01-06T16:12:00Z,,FAVORABLE_FIRST,2026-01-06T16:24:00Z,,FAVORABLE_FIRST,2026-01-06T17:05:00Z,,FAVORABLE_FIRST,2026-01-06T17:08:00Z,,FAVORABLE_FIRST,2026-01-06T16:24:00Z,,FAVORABLE_FIRST,2026-01-06T17:05:00Z,,FAVORABLE_FIRST,2026-01-06T17:08:00Z,,FAVORABLE_FIRST,2026-01-06T17:22:00Z,,FAVORABLE_FIRST,2026-01-06T17:38:00Z,,2026-01-06T16:15:00Z,,FAVORABLE_FIRST,2026-01-06T16:22:00Z,,FAVORABLE_FIRST,2026-01-06T16:24:00Z,,FAVORABLE_FIRST,2026-01-06T17:05:00Z,,FAVORABLE_FIRST,2026-01-06T17:08:00Z,,FAVORABLE_FIRST,2026-01-06T16:24:00Z,,FAVORABLE_FIRST,2026-01-06T17:05:00Z,,FAVORABLE_FIRST,2026-01-06T17:08:00Z,,FAVORABLE_FIRST,2026-01-06T17:22:00Z,,FAVORABLE_FIRST,2026-01-06T17:38:00Z,
SPY:2026-01-07:LONG:2026-01-07T14:40:00+00:00:v1,2026-01-07,LONG,692.741300000000,692.690000000000,-0.051300000000,-0.051300000000,5,BETTER,1.218700000000,1.270000000000,3.421300000000,3.370000000000,-3.151300000000,-3.100000000000,-0.051300000000,0.051300000000,True,20,15,2026-01-07T14:45:00Z,2026-01-07T15:05:00Z,FAVORABLE_FIRST,2026-01-07T14:46:00Z,2026-01-07T14:51:00Z,ADVERSE_FIRST,2026-01-07T16:44:00Z,2026-01-07T14:51:00Z,ADVERSE_FIRST,2026-01-07T16:57:00Z,2026-01-07T14:51:00Z,ADVERSE_FIRST,2026-01-07T17:05:00Z,2026-01-07T14:51:00Z,ADVERSE_FIRST,2026-01-07T16:44:00Z,2026-01-07T14:51:00Z,ADVERSE_FIRST,2026-01-07T16:57:00Z,2026-01-07T14:51:00Z,ADVERSE_FIRST,2026-01-07T17:05:00Z,2026-01-07T14:51:00Z,ADVERSE_FIRST,,2026-01-07T14:51:00Z,ADVERSE_FIRST,,2026-01-07T14:51:00Z,2026-01-07T14:50:00Z,2026-01-07T15:05:00Z,ADVERSE_FIRST,2026-01-07T16:43:00Z,2026-01-07T14:51:00Z,ADVERSE_FIRST,2026-01-07T16:43:00Z,2026-01-07T14:51:00Z,ADVERSE_FIRST,2026-01-07T16:55:00Z,2026-01-07T14:51:00Z,ADVERSE_FIRST,2026-01-07T17:04:00Z,2026-01-07T14:51:00Z,ADVERSE_FIRST,2026-01-07T16:43:00Z,2026-01-07T14:51:00Z,ADVERSE_FIRST,2026-01-07T16:55:00Z,2026-01-07T14:51:00Z,ADVERSE_FIRST,2026-01-07T17:04:00Z,2026-01-07T14:51:00Z,ADVERSE_FIRST,,2026-01-07T14:51:00Z,ADVERSE_FIRST,,2026-01-07T14:51:00Z
SPY:2026-01-07:SHORT:2026-01-07T15:11:00+00:00:v1,2026-01-07,SHORT,691.620000000000,691.250000000000,-0.370000000000,0.370000000000,5,WORSE,2.300000000000,1.930000000000,2.340000000000,2.710000000000,2.030000000000,1.660000000000,0.370000000000,-0.370000000000,True,20,15,2026-01-07T15:15:00Z,2026-01-07T15:35:00Z,FAVORABLE_FIRST,2026-01-07T15:16:00Z,2026-01-07T15:28:00Z,FAVORABLE_FIRST,2026-01-07T15:17:00Z,2026-01-07T15:28:00Z,ADVERSE_FIRST,2026-01-07T20:13:00Z,2026-01-07T15:28:00Z,ADVERSE_FIRST,2026-01-07T20:15:00Z,2026-01-07T15:28:00Z,FAVORABLE_FIRST,2026-01-07T15:17:00Z,2026-01-07T15:28:00Z,ADVERSE_FIRST,2026-01-07T20:13:00Z,2026-01-07T15:28:00Z,ADVERSE_FIRST,2026-01-07T20:15:00Z,2026-01-07T15:28:00Z,ADVERSE_FIRST,2026-01-07T20:28:00Z,2026-01-07T15:28:00Z,ADVERSE_FIRST,2026-01-07T20:35:00Z,2026-01-07T15:28:00Z,2026-01-07T15:20:00Z,2026-01-07T15:35:00Z,ADVERSE_FIRST,2026-01-07T15:39:00Z,2026-01-07T15:21:00Z,ADVERSE_FIRST,2026-01-07T20:14:00Z,2026-01-07T15:21:00Z,ADVERSE_FIRST,2026-01-07T20:15:00Z,2026-01-07T15:21:00Z,ADVERSE_FIRST,2026-01-07T20:27:00Z,2026-01-07T15:21:00Z,ADVERSE_FIRST,2026-01-07T20:14:00Z,2026-01-07T15:21:00Z,ADVERSE_FIRST,2026-01-07T20:15:00Z,2026-01-07T15:21:00Z,ADVERSE_FIRST,2026-01-07T20:27:00Z,2026-01-07T15:21:00Z,ADVERSE_FIRST,2026-01-07T20:34:00Z,2026-01-07T15:21:00Z,ADVERSE_FIRST,,2026-01-07T15:21:00Z
SPY:2026-01-07:LONG:2026-01-07T15:55:00+00:00:v1,2026-01-07,LONG,692.505000000000,692.720000000000,0.215000000000,0.215000000000,5,WORSE,1.455000000000,1.240000000000,3.185000000000,3.400000000000,-2.915000000000,-3.130000000000,0.215000000000,-0.215000000000,True,25,20,2026-01-07T16:00:00Z,2026-01-07T16:25:00Z,FAVORABLE_FIRST,2026-01-07T16:03:00Z,2026-01-07T16:25:00Z,ADVERSE_FIRST,2026-01-07T16:43:00Z,2026-01-07T16:25:00Z,ADVERSE_FIRST,2026-01-07T16:45:00Z,2026-01-07T16:25:00Z,ADVERSE_FIRST,2026-01-07T16:57:00Z,2026-01-07T16:25:00Z,ADVERSE_FIRST,2026-01-07T16:43:00Z,2026-01-07T16:25:00Z,ADVERSE_FIRST,2026-01-07T16:45:00Z,2026-01-07T16:25:00Z,ADVERSE_FIRST,2026-01-07T16:57:00Z,2026-01-07T16:25:00Z,ADVERSE_FIRST,,2026-01-07T16:25:00Z,ADVERSE_FIRST,,2026-01-07T16:25:00Z,2026-01-07T16:05:00Z,2026-01-07T16:25:00Z,ADVERSE_FIRST,2026-01-07T16:43:00Z,2026-01-07T16:11:00Z,ADVERSE_FIRST,2026-01-07T16:44:00Z,2026-01-07T16:11:00Z,ADVERSE_FIRST,2026-01-07T16:56:00Z,2026-01-07T16:11:00Z,ADVERSE_FIRST,2026-01-07T17:04:00Z,2026-01-07T16:11:00Z,ADVERSE_FIRST,2026-01-07T16:44:00Z,2026-01-07T16:11:00Z,ADVERSE_FIRST,2026-01-07T16:56:00Z,2026-01-07T16:11:00Z,ADVERSE_FIRST,2026-01-07T17:04:00Z,2026-01-07T16:11:00Z,ADVERSE_FIRST,,2026-01-07T16:11:00Z,ADVERSE_FIRST,,2026-01-07T16:11:00Z
SPY:2026-01-07:LONG:2026-01-07T16:40:00+00:00:v1,2026-01-07,LONG,693.200100000000,693.180000000000,-0.020100000000,-0.020100000000,5,BETTER,0.759900000000,0.780000000000,3.880100000000,3.860000000000,-3.610100000000,-3.590000000000,-0.020100000000,0.020100000000,True,95,90,2026-01-07T16:45:00Z,2026-01-07T18:20:00Z,FAVORABLE_FIRST,2026-01-07T16:56:00Z,2026-01-07T17:51:00Z,FAVORABLE_FIRST,2026-01-07T17:04:00Z,2026-01-07T17:51:00Z,FAVORABLE_FIRST,2026-01-07T17:08:00Z,2026-01-07T17:51:00Z,ADVERSE_FIRST,,2026-01-07T17:51:00Z,FAVORABLE_FIRST,2026-01-07T17:04:00Z,2026-01-07T17:52:00Z,FAVORABLE_FIRST,2026-01-07T17:08:00Z,2026-01-07T17:52:00Z,ADVERSE_FIRST,,2026-01-07T17:52:00Z,ADVERSE_FIRST,,2026-01-07T17:52:00Z,ADVERSE_FIRST,,2026-01-07T17:52:00Z,2026-01-07T16:50:00Z,2026-01-07T18:20:00Z,FAVORABLE_FIRST,2026-01-07T16:55:00Z,2026-01-07T17:52:00Z,FAVORABLE_FIRST,2026-01-07T17:04:00Z,2026-01-07T17:52:00Z,FAVORABLE_FIRST,2026-01-07T17:07:00Z,2026-01-07T17:52:00Z,ADVERSE_FIRST,,2026-01-07T17:52:00Z,FAVORABLE_FIRST,2026-01-07T17:04:00Z,2026-01-07T17:52:00Z,FAVORABLE_FIRST,2026-01-07T17:07:00Z,2026-01-07T17:52:00Z,ADVERSE_FIRST,,2026-01-07T17:52:00Z,ADVERSE_FIRST,,2026-01-07T17:52:00Z,ADVERSE_FIRST,,2026-01-07T17:52:00Z
SPY:2026-01-07:LONG:2026-01-07T18:31:00+00:00:v1,2026-01-07,LONG,692.580000000000,692.510000000000,-0.070000000000,-0.070000000000,5,BETTER,0.565000000000,0.635000000000,3.260000000000,3.190000000000,-2.990000000000,-2.920000000000,-0.070000000000,0.070000000000,True,35,30,2026-01-07T18:35:00Z,2026-01-07T19:10:00Z,FAVORABLE_FIRST,2026-01-07T18:42:00Z,2026-01-07T19:09:00Z,FAVORABLE_FIRST,2026-01-07T18:52:00Z,2026-01-07T19:09:00Z,ADVERSE_FIRST,,2026-01-07T19:09:00Z,ADVERSE_FIRST,,2026-01-07T19:09:00Z,FAVORABLE_FIRST,2026-01-07T18:52:00Z,2026-01-07T19:09:00Z,ADVERSE_FIRST,,2026-01-07T19:09:00Z,ADVERSE_FIRST,,2026-01-07T19:09:00Z,ADVERSE_FIRST,,2026-01-07T19:09:00Z,ADVERSE_FIRST,,2026-01-07T19:09:00Z,2026-01-07T18:40:00Z,2026-01-07T19:10:00Z,FAVORABLE_FIRST,2026-01-07T18:41:00Z,2026-01-07T19:10:00Z,FAVORABLE_FIRST,2026-01-07T18:50:00Z,2026-01-07T19:10:00Z,ADVERSE_FIRST,,2026-01-07T19:10:00Z,ADVERSE_FIRST,,2026-01-07T19:10:00Z,FAVORABLE_FIRST,2026-01-07T18:50:00Z,2026-01-07T19:10:00Z,ADVERSE_FIRST,,2026-01-07T19:10:00Z,ADVERSE_FIRST,,2026-01-07T19:10:00Z,ADVERSE_FIRST,,2026-01-07T19:10:00Z,ADVERSE_FIRST,,2026-01-07T19:10:00Z
SPY:2026-01-07:SHORT:2026-01-07T19:21:00+00:00:v1,2026-01-07,SHORT,691.685000000000,691.680000000000,-0.005000000000,0.005000000000,5,UNCHANGED_WITHIN_ONE_CENT,2.365000000000,2.360000000000,0.475000000000,0.480000000000,2.095000000000,2.090000000000,0.005000000000,-0.005000000000,True,10,5,2026-01-07T19:25:00Z,2026-01-07T19:35:00Z,ADVERSE_FIRST,2026-01-07T20:08:00Z,2026-01-07T19:32:00Z,ADVERSE_FIRST,2026-01-07T20:12:00Z,2026-01-07T19:32:00Z,ADVERSE_FIRST,2026-01-07T20:13:00Z,2026-01-07T19:32:00Z,ADVERSE_FIRST,2026-01-07T20:15:00Z,2026-01-07T19:32:00Z,ADVERSE_FIRST,2026-01-07T20:12:00Z,2026-01-07T19:32:00Z,ADVERSE_FIRST,2026-01-07T20:13:00Z,2026-01-07T19:32:00Z,ADVERSE_FIRST,2026-01-07T20:15:00Z,2026-01-07T19:32:00Z,ADVERSE_FIRST,2026-01-07T20:27:00Z,2026-01-07T19:32:00Z,ADVERSE_FIRST,2026-01-07T20:35:00Z,2026-01-07T19:32:00Z,2026-01-07T19:30:00Z,2026-01-07T19:35:00Z,ADVERSE_FIRST,2026-01-07T20:08:00Z,2026-01-07T19:31:00Z,ADVERSE_FIRST,2026-01-07T20:12:00Z,2026-01-07T19:31:00Z,ADVERSE_FIRST,2026-01-07T20:13:00Z,2026-01-07T19:31:00Z,ADVERSE_FIRST,2026-01-07T20:15:00Z,2026-01-07T19:31:00Z,ADVERSE_FIRST,2026-01-07T20:12:00Z,2026-01-07T19:32:00Z,ADVERSE_FIRST,2026-01-07T20:13:00Z,2026-01-07T19:32:00Z,ADVERSE_FIRST,2026-01-07T20:15:00Z,2026-01-07T19:32:00Z,ADVERSE_FIRST,2026-01-07T20:27:00Z,2026-01-07T19:32:00Z,ADVERSE_FIRST,2026-01-07T20:35:00Z,2026-01-07T19:32:00Z
SPY:2026-01-07:SHORT:2026-01-07T20:05:00+00:00:v1,2026-01-07,SHORT,691.437500000000,690.780000000000,-0.657500000000,0.657500000000,5,WORSE,2.117500000000,1.460000000000,0.002500000000,0.340000000000,1.847500000000,1.190000000000,0.657500000000,-0.337500000000,True,,,2026-01-07T20:10:00Z,,FAVORABLE_FIRST,2026-01-07T20:12:00Z,,FAVORABLE_FIRST,2026-01-07T20:13:00Z,,FAVORABLE_FIRST,2026-01-07T20:15:00Z,,FAVORABLE_FIRST,2026-01-07T20:25:00Z,,FAVORABLE_FIRST,2026-01-07T20:13:00Z,,FAVORABLE_FIRST,2026-01-07T20:15:00Z,,FAVORABLE_FIRST,2026-01-07T20:25:00Z,,FAVORABLE_FIRST,2026-01-07T20:31:00Z,,FAVORABLE_FIRST,2026-01-07T20:37:00Z,,2026-01-07T20:15:00Z,,ADVERSE_FIRST,2026-01-07T20:25:00Z,2026-01-07T20:19:00Z,ADVERSE_FIRST,2026-01-07T20:26:00Z,2026-01-07T20:19:00Z,ADVERSE_FIRST,2026-01-07T20:31:00Z,2026-01-07T20:19:00Z,ADVERSE_FIRST,2026-01-07T20:34:00Z,2026-01-07T20:19:00Z,ADVERSE_FIRST,2026-01-07T20:26:00Z,2026-01-07T20:19:00Z,ADVERSE_FIRST,2026-01-07T20:31:00Z,2026-01-07T20:19:00Z,ADVERSE_FIRST,2026-01-07T20:34:00Z,2026-01-07T20:19:00Z,ADVERSE_FIRST,,2026-01-07T20:19:00Z,ADVERSE_FIRST,,2026-01-07T20:19:00Z
SPY:2026-01-08:LONG:2026-01-08T15:06:00+00:00:v1,2026-01-08,LONG,689.790000000000,689.680000000000,-0.110000000000,-0.110000000000,5,BETTER,0.825000000000,0.935000000000,1.510000000000,1.400000000000,-0.350000000000,-0.240000000000,-0.110000000000,0.110000000000,True,40,35,2026-01-08T15:10:00Z,2026-01-08T15:50:00Z,ADVERSE_FIRST,2026-01-08T16:46:00Z,2026-01-08T15:11:00Z,ADVERSE_FIRST,2026-01-08T17:50:00Z,2026-01-08T15:11:00Z,ADVERSE_FIRST,2026-01-08T17:52:00Z,2026-01-08T15:11:00Z,ADVERSE_FIRST,,2026-01-08T15:11:00Z,ADVERSE_FIRST,2026-01-08T17:50:00Z,2026-01-08T15:11:00Z,ADVERSE_FIRST,2026-01-08T17:52:00Z,2026-01-08T15:11:00Z,ADVERSE_FIRST,,2026-01-08T15:11:00Z,ADVERSE_FIRST,,2026-01-08T15:11:00Z,ADVERSE_FIRST,,2026-01-08T15:11:00Z,2026-01-08T15:15:00Z,2026-01-08T15:50:00Z,FAVORABLE_FIRST,2026-01-08T15:16:00Z,2026-01-08T15:27:00Z,ADVERSE_FIRST,2026-01-08T17:42:00Z,2026-01-08T15:27:00Z,ADVERSE_FIRST,2026-01-08T17:51:00Z,2026-01-08T15:27:00Z,ADVERSE_FIRST,,2026-01-08T15:27:00Z,ADVERSE_FIRST,2026-01-08T17:42:00Z,2026-01-08T15:30:00Z,ADVERSE_FIRST,2026-01-08T17:51:00Z,2026-01-08T15:30:00Z,ADVERSE_FIRST,,2026-01-08T15:30:00Z,ADVERSE_FIRST,,2026-01-08T15:30:00Z,ADVERSE_FIRST,,2026-01-08T15:30:00Z
SPY:2026-01-08:LONG:2026-01-08T15:58:00+00:00:v1,2026-01-08,LONG,689.840000000000,689.900000000000,0.060000000000,0.060000000000,5,WORSE,0.775000000000,0.715000000000,1.560000000000,1.620000000000,-0.400000000000,-0.460000000000,0.060000000000,-0.060000000000,True,10,5,2026-01-08T16:00:00Z,2026-01-08T16:10:00Z,ADVERSE_FIRST,2026-01-08T17:41:00Z,2026-01-08T16:05:00Z,ADVERSE_FIRST,2026-01-08T17:50:00Z,2026-01-08T16:05:00Z,ADVERSE_FIRST,2026-01-08T17:52:00Z,2026-01-08T16:05:00Z,ADVERSE_FIRST,,2026-01-08T16:05:00Z,ADVERSE_FIRST,2026-01-08T17:50:00Z,2026-01-08T16:05:00Z,ADVERSE_FIRST,2026-01-08T17:52:00Z,2026-01-08T16:05:00Z,ADVERSE_FIRST,,2026-01-08T16:05:00Z,ADVERSE_FIRST,,2026-01-08T16:05:00Z,ADVERSE_FIRST,,2026-01-08T16:05:00Z,2026-01-08T16:05:00Z,2026-01-08T16:10:00Z,ADVERSE_FIRST,2026-01-08T17:42:00Z,2026-01-08T16:06:00Z,ADVERSE_FIRST,2026-01-08T17:51:00Z,2026-01-08T16:06:00Z,ADVERSE_FIRST,,2026-01-08T16:06:00Z,ADVERSE_FIRST,,2026-01-08T16:06:00Z,ADVERSE_FIRST,2026-01-08T17:51:00Z,2026-01-08T16:06:00Z,ADVERSE_FIRST,,2026-01-08T16:06:00Z,ADVERSE_FIRST,,2026-01-08T16:06:00Z,ADVERSE_FIRST,,2026-01-08T16:06:00Z,ADVERSE_FIRST,,2026-01-08T16:06:00Z
SPY:2026-01-08:LONG:2026-01-08T16:40:00+00:00:v1,2026-01-08,LONG,689.600000000000,689.820000000000,0.220000000000,0.220000000000,5,WORSE,1.015000000000,0.795000000000,1.320000000000,1.540000000000,-0.160000000000,-0.380000000000,0.220000000000,-0.220000000000,True,10,5,2026-01-08T16:45:00Z,2026-01-08T16:55:00Z,FAVORABLE_FIRST,2026-01-08T16:46:00Z,2026-01-08T16:52:00Z,ADVERSE_FIRST,2026-01-08T17:41:00Z,2026-01-08T16:52:00Z,ADVERSE_FIRST,2026-01-08T17:50:00Z,2026-01-08T16:52:00Z,ADVERSE_FIRST,2026-01-08T17:52:00Z,2026-01-08T16:52:00Z,ADVERSE_FIRST,2026-01-08T17:41:00Z,2026-01-08T16:52:00Z,ADVERSE_FIRST,2026-01-08T17:50:00Z,2026-01-08T16:52:00Z,ADVERSE_FIRST,2026-01-08T17:52:00Z,2026-01-08T16:52:00Z,ADVERSE_FIRST,,2026-01-08T16:52:00Z,ADVERSE_FIRST,,2026-01-08T16:52:00Z,2026-01-08T16:50:00Z,2026-01-08T16:55:00Z,ADVERSE_FIRST,2026-01-08T17:41:00Z,2026-01-08T16:51:00Z,ADVERSE_FIRST,2026-01-08T17:50:00Z,2026-01-08T16:51:00Z,ADVERSE_FIRST,2026-01-08T17:52:00Z,2026-01-08T16:51:00Z,ADVERSE_FIRST,,2026-01-08T16:51:00Z,ADVERSE_FIRST,2026-01-08T17:50:00Z,2026-01-08T16:51:00Z,ADVERSE_FIRST,2026-01-08T17:52:00Z,2026-01-08T16:51:00Z,ADVERSE_FIRST,,2026-01-08T16:51:00Z,ADVERSE_FIRST,,2026-01-08T16:51:00Z,ADVERSE_FIRST,,2026-01-08T16:51:00Z
SPY:2026-01-08:LONG:2026-01-08T16:55:00+00:00:v1,2026-01-08,LONG,689.900000000000,689.590000000000,-0.310000000000,-0.310000000000,5,BETTER,0.715000000000,1.025000000000,1.620000000000,1.310000000000,-0.460000000000,-0.150000000000,-0.310000000000,0.310000000000,True,75,70,2026-01-08T17:00:00Z,2026-01-08T18:15:00Z,ADVERSE_FIRST,2026-01-08T17:42:00Z,2026-01-08T17:01:00Z,ADVERSE_FIRST,2026-01-08T17:51:00Z,2026-01-08T17:01:00Z,ADVERSE_FIRST,,2026-01-08T17:01:00Z,ADVERSE_FIRST,,2026-01-08T17:01:00Z,ADVERSE_FIRST,2026-01-08T17:51:00Z,2026-01-08T17:01:00Z,ADVERSE_FIRST,,2026-01-08T17:01:00Z,ADVERSE_FIRST,,2026-01-08T17:01:00Z,ADVERSE_FIRST,,2026-01-08T17:01:00Z,ADVERSE_FIRST,,2026-01-08T17:01:00Z,2026-01-08T17:05:00Z,2026-01-08T18:15:00Z,ADVERSE_FIRST,2026-01-08T17:19:00Z,2026-01-08T17:12:00Z,ADVERSE_FIRST,2026-01-08T17:41:00Z,2026-01-08T17:12:00Z,ADVERSE_FIRST,2026-01-08T17:50:00Z,2026-01-08T17:12:00Z,ADVERSE_FIRST,2026-01-08T17:52:00Z,2026-01-08T17:12:00Z,ADVERSE_FIRST,2026-01-08T17:41:00Z,2026-01-08T17:12:00Z,ADVERSE_FIRST,2026-01-08T17:50:00Z,2026-01-08T17:12:00Z,ADVERSE_FIRST,2026-01-08T17:52:00Z,2026-01-08T17:12:00Z,ADVERSE_FIRST,,2026-01-08T17:12:00Z,ADVERSE_FIRST,,2026-01-08T17:12:00Z
SPY:2026-01-08:LONG:2026-01-08T18:17:00+00:00:v1,2026-01-08,LONG,689.630000000000,689.410000000000,-0.220000000000,-0.220000000000,5,BETTER,0.425000000000,0.645000000000,1.350000000000,1.130000000000,-0.190000000000,0.030000000000,-0.220000000000,0.220000000000,True,15,10,2026-01-08T18:20:00Z,2026-01-08T18:35:00Z,ADVERSE_FIRST,2026-01-08T20:34:00Z,2026-01-08T18:22:00Z,ADVERSE_FIRST,,2026-01-08T18:22:00Z,ADVERSE_FIRST,,2026-01-08T18:22:00Z,ADVERSE_FIRST,,2026-01-08T18:22:00Z,ADVERSE_FIRST,,2026-01-08T18:22:00Z,ADVERSE_FIRST,,2026-01-08T18:22:00Z,ADVERSE_FIRST,,2026-01-08T18:22:00Z,ADVERSE_FIRST,,2026-01-08T18:22:00Z,ADVERSE_FIRST,,2026-01-08T18:22:00Z,2026-01-08T18:25:00Z,2026-01-08T18:35:00Z,FAVORABLE_FIRST,2026-01-08T18:46:00Z,2026-01-08T18:53:00Z,ADVERSE_FIRST,2026-01-08T20:35:00Z,2026-01-08T18:53:00Z,ADVERSE_FIRST,,2026-01-08T18:53:00Z,ADVERSE_FIRST,,2026-01-08T18:53:00Z,ADVERSE_FIRST,2026-01-08T20:35:00Z,2026-01-08T18:54:00Z,ADVERSE_FIRST,,2026-01-08T18:54:00Z,ADVERSE_FIRST,,2026-01-08T18:54:00Z,ADVERSE_FIRST,,2026-01-08T18:54:00Z,ADVERSE_FIRST,,2026-01-08T18:54:00Z
SPY:2026-01-08:LONG:2026-01-08T18:40:00+00:00:v1,2026-01-08,LONG,689.420000000000,689.635000000000,0.215000000000,0.215000000000,5,WORSE,0.635000000000,0.420000000000,1.140000000000,1.355000000000,0.020000000000,-0.195000000000,0.215000000000,-0.215000000000,True,10,5,2026-01-08T18:45:00Z,2026-01-08T18:55:00Z,FAVORABLE_FIRST,2026-01-08T18:47:00Z,2026-01-08T18:53:00Z,ADVERSE_FIRST,2026-01-08T20:35:00Z,2026-01-08T18:53:00Z,ADVERSE_FIRST,,2026-01-08T18:53:00Z,ADVERSE_FIRST,,2026-01-08T18:53:00Z,ADVERSE_FIRST,2026-01-08T20:35:00Z,2026-01-08T18:54:00Z,ADVERSE_FIRST,,2026-01-08T18:54:00Z,ADVERSE_FIRST,,2026-01-08T18:54:00Z,ADVERSE_FIRST,,2026-01-08T18:54:00Z,ADVERSE_FIRST,,2026-01-08T18:54:00Z,2026-01-08T18:50:00Z,2026-01-08T18:55:00Z,ADVERSE_FIRST,2026-01-08T20:35:00Z,2026-01-08T18:51:00Z,ADVERSE_FIRST,,2026-01-08T18:51:00Z,ADVERSE_FIRST,,2026-01-08T18:51:00Z,ADVERSE_FIRST,,2026-01-08T18:51:00Z,ADVERSE_FIRST,,2026-01-08T18:51:00Z,ADVERSE_FIRST,,2026-01-08T18:51:00Z,ADVERSE_FIRST,,2026-01-08T18:51:00Z,ADVERSE_FIRST,,2026-01-08T18:51:00Z,ADVERSE_FIRST,,2026-01-08T18:51:00Z
SPY:2026-01-08:LONG:2026-01-08T20:26:00+00:00:v1,2026-01-08,LONG,689.575000000000,689.875000000000,0.300000000000,0.300000000000,5,WORSE,0.480000000000,0.180000000000,0.320000000000,0.620000000000,-0.135000000000,-0.435000000000,0.300000000000,-0.300000000000,True,,,2026-01-08T20:30:00Z,,FAVORABLE_FIRST,2026-01-08T20:31:00Z,2026-01-08T20:43:00Z,ADVERSE_FIRST,,2026-01-08T20:43:00Z,ADVERSE_FIRST,,2026-01-08T20:43:00Z,ADVERSE_FIRST,,2026-01-08T20:43:00Z,ADVERSE_FIRST,,2026-01-08T20:43:00Z,ADVERSE_FIRST,,2026-01-08T20:43:00Z,ADVERSE_FIRST,,2026-01-08T20:43:00Z,ADVERSE_FIRST,,2026-01-08T20:43:00Z,ADVERSE_FIRST,,2026-01-08T20:43:00Z,2026-01-08T20:35:00Z,,ADVERSE_FIRST,,2026-01-08T20:39:00Z,ADVERSE_FIRST,,2026-01-08T20:39:00Z,ADVERSE_FIRST,,2026-01-08T20:39:00Z,ADVERSE_FIRST,,2026-01-08T20:39:00Z,ADVERSE_FIRST,,2026-01-08T20:39:00Z,ADVERSE_FIRST,,2026-01-08T20:39:00Z,ADVERSE_FIRST,,2026-01-08T20:39:00Z,ADVERSE_FIRST,,2026-01-08T20:39:00Z,ADVERSE_FIRST,,2026-01-08T20:39:00Z
SPY:2026-01-09:LONG:2026-01-09T14:35:00+00:00:v1,2026-01-09,LONG,691.959900000000,691.380000000000,-0.579900000000,-0.579900000000,5,BETTER,3.350100000000,3.930000000000,2.779900000000,2.200000000000,2.030100000000,2.610000000000,-0.579900000000,0.579900000000,True,10,5,2026-01-09T14:40:00Z,2026-01-09T14:50:00Z,ADVERSE_FIRST,2026-01-09T15:22:00Z,2026-01-09T14:42:00Z,ADVERSE_FIRST,2026-01-09T15:22:00Z,2026-01-09T14:42:00Z,ADVERSE_FIRST,2026-01-09T15:26:00Z,2026-01-09T14:42:00Z,ADVERSE_FIRST,2026-01-09T15:27:00Z,2026-01-09T14:42:00Z,ADVERSE_FIRST,2026-01-09T15:22:00Z,2026-01-09T14:42:00Z,ADVERSE_FIRST,2026-01-09T15:26:00Z,2026-01-09T14:42:00Z,ADVERSE_FIRST,2026-01-09T15:27:00Z,2026-01-09T14:42:00Z,ADVERSE_FIRST,2026-01-09T16:13:00Z,2026-01-09T14:42:00Z,ADVERSE_FIRST,2026-01-09T16:52:00Z,2026-01-09T14:42:00Z,2026-01-09T14:45:00Z,2026-01-09T14:50:00Z,FAVORABLE_FIRST,2026-01-09T14:47:00Z,2026-01-09T14:48:00Z,ADVERSE_FIRST,2026-01-09T15:00:00Z,2026-01-09T14:48:00Z,ADVERSE_FIRST,2026-01-09T15:22:00Z,2026-01-09T14:48:00Z,ADVERSE_FIRST,2026-01-09T15:22:00Z,2026-01-09T14:48:00Z,ADVERSE_FIRST,2026-01-09T15:00:00Z,2026-01-09T14:48:00Z,ADVERSE_FIRST,2026-01-09T15:22:00Z,2026-01-09T14:48:00Z,ADVERSE_FIRST,2026-01-09T15:22:00Z,2026-01-09T14:48:00Z,ADVERSE_FIRST,2026-01-09T15:26:00Z,2026-01-09T14:48:00Z,ADVERSE_FIRST,2026-01-09T15:32:00Z,2026-01-09T14:48:00Z
SPY:2026-01-09:LONG:2026-01-09T14:53:00+00:00:v1,2026-01-09,LONG,691.420000000000,691.510000000000,0.090000000000,0.090000000000,5,WORSE,3.890000000000,3.800000000000,2.240000000000,2.330000000000,2.570000000000,2.480000000000,0.090000000000,-0.090000000000,True,10,5,2026-01-09T14:55:00Z,2026-01-09T15:05:00Z,ADVERSE_FIRST,2026-01-09T15:00:00Z,2026-01-09T14:56:00Z,ADVERSE_FIRST,2026-01-09T15:00:00Z,2026-01-09T14:56:00Z,ADVERSE_FIRST,2026-01-09T15:22:00Z,2026-01-09T14:56:00Z,ADVERSE_FIRST,2026-01-09T15:22:00Z,2026-01-09T14:56:00Z,ADVERSE_FIRST,2026-01-09T15:00:00Z,2026-01-09T14:56:00Z,ADVERSE_FIRST,2026-01-09T15:22:00Z,2026-01-09T14:56:00Z,ADVERSE_FIRST,2026-01-09T15:22:00Z,2026-01-09T14:56:00Z,ADVERSE_FIRST,2026-01-09T15:26:00Z,2026-01-09T14:56:00Z,ADVERSE_FIRST,2026-01-09T15:34:00Z,2026-01-09T14:56:00Z,2026-01-09T15:00:00Z,2026-01-09T15:05:00Z,ADVERSE_FIRST,2026-01-09T15:02:00Z,2026-01-09T15:01:00Z,ADVERSE_FIRST,2026-01-09T15:22:00Z,2026-01-09T15:01:00Z,ADVERSE_FIRST,2026-01-09T15:22:00Z,2026-01-09T15:01:00Z,ADVERSE_FIRST,2026-01-09T15:24:00Z,2026-01-09T15:01:00Z,ADVERSE_FIRST,2026-01-09T15:22:00Z,2026-01-09T15:01:00Z,ADVERSE_FIRST,2026-01-09T15:22:00Z,2026-01-09T15:01:00Z,ADVERSE_FIRST,2026-01-09T15:24:00Z,2026-01-09T15:01:00Z,ADVERSE_FIRST,2026-01-09T15:27:00Z,2026-01-09T15:01:00Z,ADVERSE_FIRST,2026-01-09T16:13:00Z,2026-01-09T15:01:00Z
SPY:2026-01-09:LONG:2026-01-09T15:14:00+00:00:v1,2026-01-09,LONG,691.280000000000,691.530000000000,0.250000000000,0.250000000000,5,WORSE,4.030000000000,3.780000000000,0.390000000000,0.300000000000,2.710000000000,2.460000000000,0.250000000000,0.090000000000,True,,,2026-01-09T15:15:00Z,,FAVORABLE_FIRST,2026-01-09T15:16:00Z,2026-01-09T15:17:00Z,ADVERSE_FIRST,2026-01-09T15:22:00Z,2026-01-09T15:17:00Z,ADVERSE_FIRST,2026-01-09T15:22:00Z,2026-01-09T15:17:00Z,ADVERSE_FIRST,2026-01-09T15:22:00Z,2026-01-09T15:17:00Z,ADVERSE_FIRST,2026-01-09T15:22:00Z,2026-01-09T15:17:00Z,ADVERSE_FIRST,2026-01-09T15:22:00Z,2026-01-09T15:17:00Z,ADVERSE_FIRST,2026-01-09T15:22:00Z,2026-01-09T15:17:00Z,ADVERSE_FIRST,2026-01-09T15:26:00Z,2026-01-09T15:17:00Z,ADVERSE_FIRST,2026-01-09T15:28:00Z,2026-01-09T15:17:00Z,2026-01-09T15:20:00Z,,ADVERSE_FIRST,2026-01-09T15:22:00Z,2026-01-09T15:21:00Z,ADVERSE_FIRST,2026-01-09T15:22:00Z,2026-01-09T15:21:00Z,ADVERSE_FIRST,2026-01-09T15:22:00Z,2026-01-09T15:21:00Z,ADVERSE_FIRST,2026-01-09T15:24:00Z,2026-01-09T15:21:00Z,ADVERSE_FIRST,2026-01-09T15:22:00Z,2026-01-09T15:21:00Z,ADVERSE_FIRST,2026-01-09T15:22:00Z,2026-01-09T15:21:00Z,ADVERSE_FIRST,2026-01-09T15:24:00Z,2026-01-09T15:21:00Z,ADVERSE_FIRST,2026-01-09T15:27:00Z,2026-01-09T15:21:00Z,ADVERSE_FIRST,2026-01-09T16:13:00Z,2026-01-09T15:21:00Z
SPY:2026-01-12:LONG:2026-01-12T14:36:00+00:00:v1,2026-01-12,LONG,692.675000000000,692.749900000000,0.074900000000,0.074900000000,5,WORSE,3.415000000000,3.340100000000,0.274900000000,0.209900000000,2.485000000000,2.410100000000,0.074900000000,0.065000000000,True,,,2026-01-12T14:40:00Z,,AMBIGUOUS_SAME_BAR,2026-01-12T14:41:00Z,2026-01-12T14:41:00Z,ADVERSE_FIRST,2026-01-12T14:43:00Z,2026-01-12T14:41:00Z,ADVERSE_FIRST,2026-01-12T14:50:00Z,2026-01-12T14:41:00Z,ADVERSE_FIRST,2026-01-12T14:51:00Z,2026-01-12T14:41:00Z,FAVORABLE_FIRST,2026-01-12T14:43:00Z,,FAVORABLE_FIRST,2026-01-12T14:50:00Z,,FAVORABLE_FIRST,2026-01-12T14:51:00Z,,FAVORABLE_FIRST,2026-01-12T16:10:00Z,,FAVORABLE_FIRST,2026-01-12T16:16:00Z,,2026-01-12T14:45:00Z,,FAVORABLE_FIRST,2026-01-12T14:47:00Z,,FAVORABLE_FIRST,2026-01-12T14:50:00Z,,FAVORABLE_FIRST,2026-01-12T14:51:00Z,,FAVORABLE_FIRST,2026-01-12T14:54:00Z,,FAVORABLE_FIRST,2026-01-12T14:50:00Z,,FAVORABLE_FIRST,2026-01-12T14:51:00Z,,FAVORABLE_FIRST,2026-01-12T14:54:00Z,,FAVORABLE_FIRST,2026-01-12T16:12:00Z,,FAVORABLE_FIRST,2026-01-12T16:51:00Z,
SPY:2026-01-13:SHORT:2026-01-13T14:43:00+00:00:v1,2026-01-13,SHORT,695.150000000000,694.810000000000,-0.340000000000,0.340000000000,5,WORSE,3.800000000000,3.460000000000,0.050000000000,0.390000000000,1.400000000000,1.060000000000,0.340000000000,-0.340000000000,True,,,2026-01-13T14:45:00Z,,FAVORABLE_FIRST,2026-01-13T14:46:00Z,,FAVORABLE_FIRST,2026-01-13T14:48:00Z,,FAVORABLE_FIRST,2026-01-13T14:51:00Z,,FAVORABLE_FIRST,2026-01-13T15:00:00Z,,FAVORABLE_FIRST,2026-01-13T14:48:00Z,,FAVORABLE_FIRST,2026-01-13T14:51:00Z,,FAVORABLE_FIRST,2026-01-13T15:00:00Z,,FAVORABLE_FIRST,2026-01-13T15:02:00Z,,FAVORABLE_FIRST,2026-01-13T15:15:00Z,,2026-01-13T14:50:00Z,,FAVORABLE_FIRST,2026-01-13T14:51:00Z,2026-01-13T16:51:00Z,FAVORABLE_FIRST,2026-01-13T14:51:00Z,2026-01-13T16:51:00Z,FAVORABLE_FIRST,2026-01-13T15:01:00Z,2026-01-13T16:51:00Z,FAVORABLE_FIRST,2026-01-13T15:02:00Z,2026-01-13T16:51:00Z,FAVORABLE_FIRST,2026-01-13T14:51:00Z,2026-01-13T16:52:00Z,FAVORABLE_FIRST,2026-01-13T15:01:00Z,2026-01-13T16:52:00Z,FAVORABLE_FIRST,2026-01-13T15:02:00Z,2026-01-13T16:52:00Z,FAVORABLE_FIRST,2026-01-13T15:03:00Z,2026-01-13T16:52:00Z,FAVORABLE_FIRST,2026-01-13T15:18:00Z,2026-01-13T16:52:00Z
SPY:2026-01-14:SHORT:2026-01-14T14:50:00+00:00:v1,2026-01-14,SHORT,689.710000000000,688.720000000000,-0.990000000000,0.990000000000,5,WORSE,3.670000000000,2.680000000000,1.140000000000,2.130000000000,-0.730000000000,-1.720000000000,0.990000000000,-0.990000000000,True,20,15,2026-01-14T14:55:00Z,2026-01-14T15:15:00Z,FAVORABLE_FIRST,2026-01-14T14:56:00Z,2026-01-14T15:11:00Z,FAVORABLE_FIRST,2026-01-14T14:56:00Z,2026-01-14T15:11:00Z,FAVORABLE_FIRST,2026-01-14T14:59:00Z,2026-01-14T15:11:00Z,FAVORABLE_FIRST,2026-01-14T14:59:00Z,2026-01-14T15:11:00Z,FAVORABLE_FIRST,2026-01-14T14:56:00Z,2026-01-14T15:12:00Z,FAVORABLE_FIRST,2026-01-14T14:59:00Z,2026-01-14T15:12:00Z,FAVORABLE_FIRST,2026-01-14T14:59:00Z,2026-01-14T15:12:00Z,FAVORABLE_FIRST,2026-01-14T15:00:00Z,2026-01-14T15:12:00Z,FAVORABLE_FIRST,2026-01-14T15:00:00Z,2026-01-14T15:12:00Z,2026-01-14T15:00:00Z,2026-01-14T15:15:00Z,FAVORABLE_FIRST,2026-01-14T15:01:00Z,2026-01-14T15:11:00Z,FAVORABLE_FIRST,2026-01-14T15:01:00Z,2026-01-14T15:11:00Z,FAVORABLE_FIRST,2026-01-14T15:01:00Z,2026-01-14T15:11:00Z,ADVERSE_FIRST,2026-01-14T15:44:00Z,2026-01-14T15:11:00Z,FAVORABLE_FIRST,2026-01-14T15:01:00Z,2026-01-14T15:11:00Z,FAVORABLE_FIRST,2026-01-14T15:01:00Z,2026-01-14T15:11:00Z,ADVERSE_FIRST,2026-01-14T15:44:00Z,2026-01-14T15:11:00Z,ADVERSE_FIRST,2026-01-14T15:47:00Z,2026-01-14T15:11:00Z,ADVERSE_FIRST,2026-01-14T15:49:00Z,2026-01-14T15:11:00Z
SPY:2026-01-14:SHORT:2026-01-14T15:20:00+00:00:v1,2026-01-14,SHORT,689.860000000000,688.760000000000,-1.100000000000,1.100000000000,5,WORSE,3.820000000000,2.720000000000,0.780000000000,1.880000000000,-0.580000000000,-1.680000000000,1.100000000000,-1.100000000000,True,310,305,2026-01-14T15:25:00Z,2026-01-14T20:35:00Z,FAVORABLE_FIRST,2026-01-14T15:27:00Z,2026-01-14T20:33:00Z,FAVORABLE_FIRST,2026-01-14T15:28:00Z,2026-01-14T20:33:00Z,FAVORABLE_FIRST,2026-01-14T15:28:00Z,2026-01-14T20:33:00Z,FAVORABLE_FIRST,2026-01-14T15:29:00Z,2026-01-14T20:33:00Z,FAVORABLE_FIRST,2026-01-14T15:28:00Z,2026-01-14T20:33:00Z,FAVORABLE_FIRST,2026-01-14T15:28:00Z,2026-01-14T20:33:00Z,FAVORABLE_FIRST,2026-01-14T15:29:00Z,2026-01-14T20:33:00Z,FAVORABLE_FIRST,2026-01-14T15:30:00Z,2026-01-14T20:33:00Z,FAVORABLE_FIRST,2026-01-14T15:43:00Z,2026-01-14T20:33:00Z,2026-01-14T15:30:00Z,2026-01-14T20:35:00Z,FAVORABLE_FIRST,2026-01-14T15:31:00Z,2026-01-14T15:40:00Z,FAVORABLE_FIRST,2026-01-14T15:31:00Z,2026-01-14T15:40:00Z,FAVORABLE_FIRST,2026-01-14T15:33:00Z,2026-01-14T15:40:00Z,ADVERSE_FIRST,2026-01-14T15:44:00Z,2026-01-14T15:40:00Z,FAVORABLE_FIRST,2026-01-14T15:31:00Z,2026-01-14T16:27:00Z,FAVORABLE_FIRST,2026-01-14T15:33:00Z,2026-01-14T16:27:00Z,FAVORABLE_FIRST,2026-01-14T15:44:00Z,2026-01-14T16:27:00Z,FAVORABLE_FIRST,2026-01-14T15:46:00Z,2026-01-14T16:27:00Z,FAVORABLE_FIRST,2026-01-14T15:48:00Z,2026-01-14T16:27:00Z
SPY:2026-01-14:SHORT:2026-01-14T20:42:00+00:00:v1,2026-01-14,SHORT,689.140000000000,688.680000000000,-0.460000000000,0.460000000000,5,WORSE,0.520000000000,0,1.500000000000,1.960000000000,-1.300000000000,-1.760000000000,0.520000000000,-0.460000000000,True,15,10,2026-01-14T20:45:00Z,2026-01-14T21:00:00Z,FAVORABLE_FIRST,2026-01-14T20:46:00Z,2026-01-14T20:50:00Z,FAVORABLE_FIRST,2026-01-14T20:48:00Z,2026-01-14T20:50:00Z,ADVERSE_FIRST,,2026-01-14T20:50:00Z,ADVERSE_FIRST,,2026-01-14T20:50:00Z,FAVORABLE_FIRST,2026-01-14T20:48:00Z,2026-01-14T20:51:00Z,ADVERSE_FIRST,,2026-01-14T20:51:00Z,ADVERSE_FIRST,,2026-01-14T20:51:00Z,ADVERSE_FIRST,,2026-01-14T20:51:00Z,ADVERSE_FIRST,,2026-01-14T20:51:00Z,2026-01-14T20:50:00Z,2026-01-14T21:00:00Z,ADVERSE_FIRST,,2026-01-14T20:51:00Z,ADVERSE_FIRST,,2026-01-14T20:51:00Z,ADVERSE_FIRST,,2026-01-14T20:51:00Z,ADVERSE_FIRST,,2026-01-14T20:51:00Z,ADVERSE_FIRST,,2026-01-14T20:51:00Z,ADVERSE_FIRST,,2026-01-14T20:51:00Z,ADVERSE_FIRST,,2026-01-14T20:51:00Z,ADVERSE_FIRST,,2026-01-14T20:51:00Z,ADVERSE_FIRST,,2026-01-14T20:51:00Z
SPY:2026-01-15:SHORT:2026-01-15T14:56:00+00:00:v1,2026-01-15,SHORT,693.610000000000,693.655000000000,0.045000000000,-0.045000000000,5,BETTER,2.360000000000,2.405000000000,1.840000000000,1.795000000000,1.430000000000,1.475000000000,-0.045000000000,0.045000000000,True,15,10,2026-01-15T15:00:00Z,2026-01-15T15:15:00Z,ADVERSE_FIRST,2026-01-15T15:07:00Z,2026-01-15T15:01:00Z,ADVERSE_FIRST,2026-01-15T15:52:00Z,2026-01-15T15:01:00Z,ADVERSE_FIRST,2026-01-15T19:31:00Z,2026-01-15T15:01:00Z,ADVERSE_FIRST,2026-01-15T19:56:00Z,2026-01-15T15:01:00Z,ADVERSE_FIRST,2026-01-15T15:52:00Z,2026-01-15T15:01:00Z,ADVERSE_FIRST,2026-01-15T19:31:00Z,2026-01-15T15:01:00Z,ADVERSE_FIRST,2026-01-15T19:56:00Z,2026-01-15T15:01:00Z,ADVERSE_FIRST,2026-01-15T20:17:00Z,2026-01-15T15:01:00Z,ADVERSE_FIRST,2026-01-15T20:20:00Z,2026-01-15T15:01:00Z,2026-01-15T15:05:00Z,2026-01-15T15:15:00Z,FAVORABLE_FIRST,2026-01-15T15:07:00Z,2026-01-15T15:09:00Z,ADVERSE_FIRST,2026-01-15T15:50:00Z,2026-01-15T15:09:00Z,ADVERSE_FIRST,2026-01-15T19:31:00Z,2026-01-15T15:09:00Z,ADVERSE_FIRST,2026-01-15T19:31:00Z,2026-01-15T15:09:00Z,ADVERSE_FIRST,2026-01-15T15:50:00Z,2026-01-15T15:10:00Z,ADVERSE_FIRST,2026-01-15T19:31:00Z,2026-01-15T15:10:00Z,ADVERSE_FIRST,2026-01-15T19:31:00Z,2026-01-15T15:10:00Z,ADVERSE_FIRST,2026-01-15T20:17:00Z,2026-01-15T15:10:00Z,ADVERSE_FIRST,2026-01-15T20:20:00Z,2026-01-15T15:10:00Z
SPY:2026-01-15:SHORT:2026-01-15T15:44:00+00:00:v1,2026-01-15,SHORT,693.910000000000,693.280000000000,-0.630000000000,0.630000000000,5,WORSE,2.660000000000,2.030000000000,1.540000000000,2.170000000000,1.730000000000,1.100000000000,0.630000000000,-0.630000000000,True,15,10,2026-01-15T15:45:00Z,2026-01-15T16:00:00Z,FAVORABLE_FIRST,2026-01-15T15:46:00Z,2026-01-15T15:57:00Z,FAVORABLE_FIRST,2026-01-15T15:46:00Z,2026-01-15T15:57:00Z,FAVORABLE_FIRST,2026-01-15T15:50:00Z,2026-01-15T15:57:00Z,ADVERSE_FIRST,2026-01-15T19:31:00Z,2026-01-15T15:57:00Z,FAVORABLE_FIRST,2026-01-15T15:46:00Z,2026-01-15T15:57:00Z,FAVORABLE_FIRST,2026-01-15T15:50:00Z,2026-01-15T15:57:00Z,ADVERSE_FIRST,2026-01-15T19:31:00Z,2026-01-15T15:57:00Z,ADVERSE_FIRST,2026-01-15T20:00:00Z,2026-01-15T15:57:00Z,ADVERSE_FIRST,2026-01-15T20:19:00Z,2026-01-15T15:57:00Z,2026-01-15T15:50:00Z,2026-01-15T16:00:00Z,FAVORABLE_FIRST,2026-01-15T15:52:00Z,2026-01-15T15:54:00Z,ADVERSE_FIRST,2026-01-15T19:31:00Z,2026-01-15T15:54:00Z,ADVERSE_FIRST,2026-01-15T20:00:00Z,2026-01-15T15:54:00Z,ADVERSE_FIRST,2026-01-15T20:15:00Z,2026-01-15T15:54:00Z,ADVERSE_FIRST,2026-01-15T19:31:00Z,2026-01-15T15:54:00Z,ADVERSE_FIRST,2026-01-15T20:00:00Z,2026-01-15T15:54:00Z,ADVERSE_FIRST,2026-01-15T20:15:00Z,2026-01-15T15:54:00Z,ADVERSE_FIRST,2026-01-15T20:19:00Z,2026-01-15T15:54:00Z,ADVERSE_FIRST,2026-01-15T20:50:00Z,2026-01-15T15:54:00Z
SPY:2026-01-15:LONG:2026-01-15T16:17:00+00:00:v1,2026-01-15,LONG,694.870000000000,695.060000000000,0.190000000000,0.190000000000,5,WORSE,0.580000000000,0.390000000000,3.620000000000,3.810000000000,-2.690000000000,-2.880000000000,0.190000000000,-0.190000000000,True,15,10,2026-01-15T16:20:00Z,2026-01-15T16:35:00Z,FAVORABLE_FIRST,2026-01-15T16:23:00Z,2026-01-15T16:28:00Z,ADVERSE_FIRST,2026-01-15T17:03:00Z,2026-01-15T16:28:00Z,ADVERSE_FIRST,,2026-01-15T16:28:00Z,ADVERSE_FIRST,,2026-01-15T16:28:00Z,ADVERSE_FIRST,2026-01-15T17:03:00Z,2026-01-15T16:28:00Z,ADVERSE_FIRST,,2026-01-15T16:28:00Z,ADVERSE_FIRST,,2026-01-15T16:28:00Z,ADVERSE_FIRST,,2026-01-15T16:28:00Z,ADVERSE_FIRST,,2026-01-15T16:28:00Z,2026-01-15T16:25:00Z,2026-01-15T16:35:00Z,ADVERSE_FIRST,2026-01-15T16:51:00Z,2026-01-15T16:26:00Z,ADVERSE_FIRST,,2026-01-15T16:26:00Z,ADVERSE_FIRST,,2026-01-15T16:26:00Z,ADVERSE_FIRST,,2026-01-15T16:26:00Z,ADVERSE_FIRST,,2026-01-15T16:26:00Z,ADVERSE_FIRST,,2026-01-15T16:26:00Z,ADVERSE_FIRST,,2026-01-15T16:26:00Z,ADVERSE_FIRST,,2026-01-15T16:26:00Z,ADVERSE_FIRST,,2026-01-15T16:26:00Z
SPY:2026-01-15:LONG:2026-01-15T16:35:00+00:00:v1,2026-01-15,LONG,694.880000000000,694.955000000000,0.075000000000,0.075000000000,5,WORSE,0.570000000000,0.495000000000,3.630000000000,3.705000000000,-2.700000000000,-2.775000000000,0.075000000000,-0.075000000000,True,50,45,2026-01-15T16:40:00Z,2026-01-15T17:30:00Z,FAVORABLE_FIRST,2026-01-15T16:49:00Z,2026-01-15T17:26:00Z,FAVORABLE_FIRST,2026-01-15T17:03:00Z,2026-01-15T17:26:00Z,ADVERSE_FIRST,,2026-01-15T17:26:00Z,ADVERSE_FIRST,,2026-01-15T17:26:00Z,FAVORABLE_FIRST,2026-01-15T17:03:00Z,2026-01-15T17:28:00Z,ADVERSE_FIRST,,2026-01-15T17:28:00Z,ADVERSE_FIRST,,2026-01-15T17:28:00Z,ADVERSE_FIRST,,2026-01-15T17:28:00Z,ADVERSE_FIRST,,2026-01-15T17:28:00Z,2026-01-15T16:45:00Z,2026-01-15T17:30:00Z,FAVORABLE_FIRST,2026-01-15T16:50:00Z,2026-01-15T17:18:00Z,ADVERSE_FIRST,,2026-01-15T17:18:00Z,ADVERSE_FIRST,,2026-01-15T17:18:00Z,ADVERSE_FIRST,,2026-01-15T17:18:00Z,ADVERSE_FIRST,,2026-01-15T17:26:00Z,ADVERSE_FIRST,,2026-01-15T17:26:00Z,ADVERSE_FIRST,,2026-01-15T17:26:00Z,ADVERSE_FIRST,,2026-01-15T17:26:00Z,ADVERSE_FIRST,,2026-01-15T17:26:00Z
SPY:2026-01-15:LONG:2026-01-15T18:20:00+00:00:v1,2026-01-15,LONG,694.720000000000,694.885000000000,0.165000000000,0.165000000000,5,WORSE,0.530000000000,0.365000000000,3.470000000000,3.635000000000,-2.540000000000,-2.705000000000,0.165000000000,-0.165000000000,True,40,35,2026-01-15T18:25:00Z,2026-01-15T19:05:00Z,FAVORABLE_FIRST,2026-01-15T18:30:00Z,2026-01-15T19:02:00Z,FAVORABLE_FIRST,2026-01-15T18:35:00Z,2026-01-15T19:02:00Z,ADVERSE_FIRST,,2026-01-15T19:02:00Z,ADVERSE_FIRST,,2026-01-15T19:02:00Z,FAVORABLE_FIRST,2026-01-15T18:35:00Z,2026-01-15T19:02:00Z,ADVERSE_FIRST,,2026-01-15T19:02:00Z,ADVERSE_FIRST,,2026-01-15T19:02:00Z,ADVERSE_FIRST,,2026-01-15T19:02:00Z,ADVERSE_FIRST,,2026-01-15T19:02:00Z,2026-01-15T18:30:00Z,2026-01-15T19:05:00Z,FAVORABLE_FIRST,2026-01-15T18:31:00Z,2026-01-15T18:51:00Z,ADVERSE_FIRST,,2026-01-15T18:51:00Z,ADVERSE_FIRST,,2026-01-15T18:51:00Z,ADVERSE_FIRST,,2026-01-15T18:51:00Z,ADVERSE_FIRST,,2026-01-15T19:00:00Z,ADVERSE_FIRST,,2026-01-15T19:00:00Z,ADVERSE_FIRST,,2026-01-15T19:00:00Z,ADVERSE_FIRST,,2026-01-15T19:00:00Z,ADVERSE_FIRST,,2026-01-15T19:00:00Z
SPY:2026-01-15:SHORT:2026-01-15T19:26:00+00:00:v1,2026-01-15,SHORT,693.610000000000,693.210000000000,-0.400000000000,0.400000000000,5,WORSE,2.360000000000,1.960000000000,0.127600000000,0.527600000000,1.430000000000,1.030000000000,0.400000000000,-0.400000000000,True,,,2026-01-15T19:30:00Z,,FAVORABLE_FIRST,2026-01-15T19:31:00Z,,FAVORABLE_FIRST,2026-01-15T19:31:00Z,,FAVORABLE_FIRST,2026-01-15T19:31:00Z,,FAVORABLE_FIRST,2026-01-15T19:56:00Z,,FAVORABLE_FIRST,2026-01-15T19:31:00Z,,FAVORABLE_FIRST,2026-01-15T19:31:00Z,,FAVORABLE_FIRST,2026-01-15T19:56:00Z,,FAVORABLE_FIRST,2026-01-15T20:17:00Z,,FAVORABLE_FIRST,2026-01-15T20:20:00Z,,2026-01-15T19:35:00Z,,ADVERSE_FIRST,2026-01-15T19:55:00Z,2026-01-15T19:38:00Z,ADVERSE_FIRST,2026-01-15T19:56:00Z,2026-01-15T19:38:00Z,ADVERSE_FIRST,2026-01-15T20:00:00Z,2026-01-15T19:38:00Z,ADVERSE_FIRST,2026-01-15T20:16:00Z,2026-01-15T19:38:00Z,ADVERSE_FIRST,2026-01-15T19:56:00Z,2026-01-15T19:40:00Z,ADVERSE_FIRST,2026-01-15T20:00:00Z,2026-01-15T19:40:00Z,ADVERSE_FIRST,2026-01-15T20:16:00Z,2026-01-15T19:40:00Z,ADVERSE_FIRST,2026-01-15T20:19:00Z,2026-01-15T19:40:00Z,ADVERSE_FIRST,,2026-01-15T19:40:00Z
SPY:2026-01-16:SHORT:2026-01-16T14:50:00+00:00:v1,2026-01-16,SHORT,692.880000000000,691.960000000000,-0.920000000000,0.920000000000,5,WORSE,2.780000000000,1.860000000000,0.830000000000,1.750000000000,1.300000000000,0.380000000000,0.920000000000,-0.920000000000,True,250,245,2026-01-16T14:55:00Z,2026-01-16T19:05:00Z,FAVORABLE_FIRST,2026-01-16T14:56:00Z,2026-01-16T16:42:00Z,FAVORABLE_FIRST,2026-01-16T14:57:00Z,2026-01-16T16:42:00Z,FAVORABLE_FIRST,2026-01-16T14:59:00Z,2026-01-16T16:42:00Z,FAVORABLE_FIRST,2026-01-16T15:00:00Z,2026-01-16T16:42:00Z,FAVORABLE_FIRST,2026-01-16T14:57:00Z,2026-01-16T16:43:00Z,FAVORABLE_FIRST,2026-01-16T14:59:00Z,2026-01-16T16:43:00Z,FAVORABLE_FIRST,2026-01-16T15:00:00Z,2026-01-16T16:43:00Z,FAVORABLE_FIRST,2026-01-16T15:33:00Z,2026-01-16T16:43:00Z,FAVORABLE_FIRST,2026-01-16T15:35:00Z,2026-01-16T16:43:00Z,2026-01-16T15:00:00Z,2026-01-16T19:05:00Z,FAVORABLE_FIRST,2026-01-16T15:01:00Z,2026-01-16T15:03:00Z,ADVERSE_FIRST,2026-01-16T15:30:00Z,2026-01-16T15:03:00Z,ADVERSE_FIRST,2026-01-16T15:33:00Z,2026-01-16T15:03:00Z,ADVERSE_FIRST,2026-01-16T15:35:00Z,2026-01-16T15:03:00Z,ADVERSE_FIRST,2026-01-16T15:30:00Z,2026-01-16T15:03:00Z,ADVERSE_FIRST,2026-01-16T15:33:00Z,2026-01-16T15:03:00Z,ADVERSE_FIRST,2026-01-16T15:35:00Z,2026-01-16T15:03:00Z,ADVERSE_FIRST,2026-01-16T15:40:00Z,2026-01-16T15:03:00Z,ADVERSE_FIRST,,2026-01-16T15:03:00Z
SPY:2026-01-16:SHORT:2026-01-16T19:10:00+00:00:v1,2026-01-16,SHORT,692.540000000000,692.179900000000,-0.360100000000,0.360100000000,5,WORSE,1.070000000000,0.709900000000,0.460000000000,0.820100000000,0.960000000000,0.599900000000,0.360100000000,-0.360100000000,True,,,2026-01-16T19:15:00Z,,FAVORABLE_FIRST,2026-01-16T19:18:00Z,2026-01-16T19:39:00Z,FAVORABLE_FIRST,2026-01-16T19:26:00Z,2026-01-16T19:39:00Z,ADVERSE_FIRST,2026-01-16T20:46:00Z,2026-01-16T19:39:00Z,ADVERSE_FIRST,2026-01-16T20:59:00Z,2026-01-16T19:39:00Z,FAVORABLE_FIRST,2026-01-16T19:26:00Z,2026-01-16T19:39:00Z,ADVERSE_FIRST,2026-01-16T20:46:00Z,2026-01-16T19:39:00Z,ADVERSE_FIRST,2026-01-16T20:59:00Z,2026-01-16T19:39:00Z,ADVERSE_FIRST,,2026-01-16T19:39:00Z,ADVERSE_FIRST,,2026-01-16T19:39:00Z,2026-01-16T19:20:00Z,,ADVERSE_FIRST,2026-01-16T20:30:00Z,2026-01-16T19:23:00Z,ADVERSE_FIRST,2026-01-16T20:46:00Z,2026-01-16T19:23:00Z,ADVERSE_FIRST,,2026-01-16T19:23:00Z,ADVERSE_FIRST,,2026-01-16T19:23:00Z,ADVERSE_FIRST,2026-01-16T20:46:00Z,2026-01-16T19:33:00Z,ADVERSE_FIRST,,2026-01-16T19:33:00Z,ADVERSE_FIRST,,2026-01-16T19:33:00Z,ADVERSE_FIRST,,2026-01-16T19:33:00Z,ADVERSE_FIRST,,2026-01-16T19:33:00Z
SPY:2026-01-20:LONG:2026-01-20T15:21:00+00:00:v1,2026-01-20,LONG,683.055000000000,683.878800000000,0.823800000000,0.823800000000,5,WORSE,1.715000000000,0.891200000000,6.485000000000,7.308800000000,-5.445000000000,-6.268800000000,0.823800000000,-0.823800000000,True,90,85,2026-01-20T15:25:00Z,2026-01-20T16:55:00Z,FAVORABLE_FIRST,2026-01-20T15:26:00Z,2026-01-20T16:25:00Z,FAVORABLE_FIRST,2026-01-20T15:26:00Z,2026-01-20T16:25:00Z,FAVORABLE_FIRST,2026-01-20T15:27:00Z,2026-01-20T16:25:00Z,FAVORABLE_FIRST,2026-01-20T15:31:00Z,2026-01-20T16:25:00Z,FAVORABLE_FIRST,2026-01-20T15:26:00Z,2026-01-20T16:25:00Z,FAVORABLE_FIRST,2026-01-20T15:27:00Z,2026-01-20T16:25:00Z,FAVORABLE_FIRST,2026-01-20T15:31:00Z,2026-01-20T16:25:00Z,FAVORABLE_FIRST,2026-01-20T15:34:00Z,2026-01-20T16:25:00Z,ADVERSE_FIRST,,2026-01-20T16:25:00Z,2026-01-20T15:30:00Z,2026-01-20T16:55:00Z,FAVORABLE_FIRST,2026-01-20T15:31:00Z,2026-01-20T15:49:00Z,FAVORABLE_FIRST,2026-01-20T15:33:00Z,2026-01-20T15:49:00Z,FAVORABLE_FIRST,2026-01-20T15:42:00Z,2026-01-20T15:49:00Z,ADVERSE_FIRST,,2026-01-20T15:49:00Z,FAVORABLE_FIRST,2026-01-20T15:33:00Z,2026-01-20T15:50:00Z,FAVORABLE_FIRST,2026-01-20T15:42:00Z,2026-01-20T15:50:00Z,ADVERSE_FIRST,,2026-01-20T15:50:00Z,ADVERSE_FIRST,,2026-01-20T15:50:00Z,ADVERSE_FIRST,,2026-01-20T15:50:00Z
SPY:2026-01-20:LONG:2026-01-20T16:55:00+00:00:v1,2026-01-20,LONG,683.690000000000,683.400000000000,-0.290000000000,-0.290000000000,5,BETTER,0.215000000000,0.270000000000,7.120000000000,6.830000000000,-6.080000000000,-5.790000000000,-0.055000000000,0.290000000000,True,25,20,2026-01-20T17:00:00Z,2026-01-20T17:25:00Z,ADVERSE_FIRST,,2026-01-20T17:04:00Z,ADVERSE_FIRST,,2026-01-20T17:04:00Z,ADVERSE_FIRST,,2026-01-20T17:04:00Z,ADVERSE_FIRST,,2026-01-20T17:04:00Z,ADVERSE_FIRST,,2026-01-20T17:04:00Z,ADVERSE_FIRST,,2026-01-20T17:04:00Z,ADVERSE_FIRST,,2026-01-20T17:04:00Z,ADVERSE_FIRST,,2026-01-20T17:04:00Z,ADVERSE_FIRST,,2026-01-20T17:04:00Z,2026-01-20T17:05:00Z,2026-01-20T17:25:00Z,ADVERSE_FIRST,2026-01-20T17:07:00Z,2026-01-20T17:06:00Z,ADVERSE_FIRST,,2026-01-20T17:06:00Z,ADVERSE_FIRST,,2026-01-20T17:06:00Z,ADVERSE_FIRST,,2026-01-20T17:06:00Z,ADVERSE_FIRST,,2026-01-20T17:08:00Z,ADVERSE_FIRST,,2026-01-20T17:08:00Z,ADVERSE_FIRST,,2026-01-20T17:08:00Z,ADVERSE_FIRST,,2026-01-20T17:08:00Z,ADVERSE_FIRST,,2026-01-20T17:08:00Z
SPY:2026-01-20:SHORT:2026-01-20T17:44:00+00:00:v1,2026-01-20,SHORT,681.340000000000,680.715000000000,-0.625000000000,0.625000000000,5,WORSE,4.770000000000,4.145000000000,0.140000000000,0.765000000000,3.730000000000,3.105000000000,0.625000000000,-0.625000000000,True,,,2026-01-20T17:45:00Z,,FAVORABLE_FIRST,2026-01-20T17:46:00Z,,FAVORABLE_FIRST,2026-01-20T17:46:00Z,,FAVORABLE_FIRST,2026-01-20T17:52:00Z,,FAVORABLE_FIRST,2026-01-20T18:25:00Z,,FAVORABLE_FIRST,2026-01-20T17:46:00Z,,FAVORABLE_FIRST,2026-01-20T17:52:00Z,,FAVORABLE_FIRST,2026-01-20T18:25:00Z,,FAVORABLE_FIRST,2026-01-20T18:33:00Z,,FAVORABLE_FIRST,2026-01-20T18:40:00Z,,2026-01-20T17:50:00Z,,FAVORABLE_FIRST,2026-01-20T17:52:00Z,2026-01-20T17:54:00Z,ADVERSE_FIRST,2026-01-20T18:30:00Z,2026-01-20T17:54:00Z,ADVERSE_FIRST,2026-01-20T18:33:00Z,2026-01-20T17:54:00Z,ADVERSE_FIRST,2026-01-20T18:36:00Z,2026-01-20T17:54:00Z,ADVERSE_FIRST,2026-01-20T18:30:00Z,2026-01-20T17:54:00Z,ADVERSE_FIRST,2026-01-20T18:33:00Z,2026-01-20T17:54:00Z,ADVERSE_FIRST,2026-01-20T18:36:00Z,2026-01-20T17:54:00Z,ADVERSE_FIRST,2026-01-20T18:40:00Z,2026-01-20T17:54:00Z,ADVERSE_FIRST,2026-01-20T18:50:00Z,2026-01-20T17:54:00Z
SPY:2026-01-21:LONG:2026-01-21T14:45:00+00:00:v1,2026-01-21,LONG,681.160000000000,681.610000000000,0.450000000000,0.450000000000,5,WORSE,7.575000000000,7.125000000000,3.030000000000,3.480000000000,4.170000000000,3.720000000000,0.450000000000,-0.450000000000,True,130,125,2026-01-21T14:50:00Z,2026-01-21T17:00:00Z,FAVORABLE_FIRST,2026-01-21T14:51:00Z,2026-01-21T16:51:00Z,FAVORABLE_FIRST,2026-01-21T14:52:00Z,2026-01-21T16:51:00Z,FAVORABLE_FIRST,2026-01-21T14:56:00Z,2026-01-21T16:51:00Z,FAVORABLE_FIRST,2026-01-21T14:57:00Z,2026-01-21T16:51:00Z,FAVORABLE_FIRST,2026-01-21T14:52:00Z,2026-01-21T16:52:00Z,FAVORABLE_FIRST,2026-01-21T14:56:00Z,2026-01-21T16:52:00Z,FAVORABLE_FIRST,2026-01-21T14:57:00Z,2026-01-21T16:52:00Z,FAVORABLE_FIRST,2026-01-21T14:58:00Z,2026-01-21T16:52:00Z,FAVORABLE_FIRST,2026-01-21T15:16:00Z,2026-01-21T16:52:00Z,2026-01-21T14:55:00Z,2026-01-21T17:00:00Z,FAVORABLE_FIRST,2026-01-21T14:56:00Z,2026-01-21T16:42:00Z,FAVORABLE_FIRST,2026-01-21T14:57:00Z,2026-01-21T16:42:00Z,FAVORABLE_FIRST,2026-01-21T14:58:00Z,2026-01-21T16:42:00Z,FAVORABLE_FIRST,2026-01-21T14:58:00Z,2026-01-21T16:42:00Z,FAVORABLE_FIRST,2026-01-21T14:57:00Z,2026-01-21T16:44:00Z,FAVORABLE_FIRST,2026-01-21T14:58:00Z,2026-01-21T16:44:00Z,FAVORABLE_FIRST,2026-01-21T14:58:00Z,2026-01-21T16:44:00Z,FAVORABLE_FIRST,2026-01-21T15:16:00Z,2026-01-21T16:44:00Z,FAVORABLE_FIRST,2026-01-21T15:32:00Z,2026-01-21T16:44:00Z
SPY:2026-01-21:LONG:2026-01-21T17:54:00+00:00:v1,2026-01-21,LONG,680.565000000000,680.630000000000,0.065000000000,0.065000000000,5,WORSE,8.170000000000,8.105000000000,1.935000000000,2.000000000000,4.765000000000,4.700000000000,0.065000000000,-0.065000000000,True,10,5,2026-01-21T17:55:00Z,2026-01-21T18:05:00Z,ADVERSE_FIRST,2026-01-21T17:58:00Z,2026-01-21T17:56:00Z,ADVERSE_FIRST,2026-01-21T18:48:00Z,2026-01-21T17:56:00Z,ADVERSE_FIRST,2026-01-21T18:51:00Z,2026-01-21T17:56:00Z,ADVERSE_FIRST,2026-01-21T19:27:00Z,2026-01-21T17:56:00Z,ADVERSE_FIRST,2026-01-21T18:48:00Z,2026-01-21T17:56:00Z,ADVERSE_FIRST,2026-01-21T18:51:00Z,2026-01-21T17:56:00Z,ADVERSE_FIRST,2026-01-21T19:27:00Z,2026-01-21T17:56:00Z,ADVERSE_FIRST,2026-01-21T19:27:00Z,2026-01-21T17:56:00Z,ADVERSE_FIRST,2026-01-21T19:27:00Z,2026-01-21T17:56:00Z,2026-01-21T18:00:00Z,2026-01-21T18:05:00Z,ADVERSE_FIRST,2026-01-21T18:48:00Z,2026-01-21T18:01:00Z,ADVERSE_FIRST,2026-01-21T18:49:00Z,2026-01-21T18:01:00Z,ADVERSE_FIRST,2026-01-21T18:51:00Z,2026-01-21T18:01:00Z,ADVERSE_FIRST,2026-01-21T19:27:00Z,2026-01-21T18:01:00Z,ADVERSE_FIRST,2026-01-21T18:49:00Z,2026-01-21T18:01:00Z,ADVERSE_FIRST,2026-01-21T18:51:00Z,2026-01-21T18:01:00Z,ADVERSE_FIRST,2026-01-21T19:27:00Z,2026-01-21T18:01:00Z,ADVERSE_FIRST,2026-01-21T19:27:00Z,2026-01-21T18:01:00Z,ADVERSE_FIRST,2026-01-21T19:27:00Z,2026-01-21T18:01:00Z
SPY:2026-01-21:LONG:2026-01-21T18:28:00+00:00:v1,2026-01-21,LONG,680.570000000000,680.660000000000,0.090000000000,0.090000000000,5,WORSE,8.165000000000,8.075000000000,0.850000000000,0.940000000000,4.760000000000,4.670000000000,0.090000000000,-0.090000000000,True,10,5,2026-01-21T18:30:00Z,2026-01-21T18:40:00Z,FAVORABLE_FIRST,2026-01-21T18:33:00Z,2026-01-21T18:37:00Z,ADVERSE_FIRST,2026-01-21T18:48:00Z,2026-01-21T18:37:00Z,ADVERSE_FIRST,2026-01-21T18:51:00Z,2026-01-21T18:37:00Z,ADVERSE_FIRST,2026-01-21T19:27:00Z,2026-01-21T18:37:00Z,ADVERSE_FIRST,2026-01-21T18:48:00Z,2026-01-21T18:37:00Z,ADVERSE_FIRST,2026-01-21T18:51:00Z,2026-01-21T18:37:00Z,ADVERSE_FIRST,2026-01-21T19:27:00Z,2026-01-21T18:37:00Z,ADVERSE_FIRST,2026-01-21T19:27:00Z,2026-01-21T18:37:00Z,ADVERSE_FIRST,2026-01-21T19:27:00Z,2026-01-21T18:37:00Z,2026-01-21T18:35:00Z,2026-01-21T18:40:00Z,ADVERSE_FIRST,2026-01-21T18:48:00Z,2026-01-21T18:36:00Z,ADVERSE_FIRST,2026-01-21T18:49:00Z,2026-01-21T18:36:00Z,ADVERSE_FIRST,2026-01-21T18:51:00Z,2026-01-21T18:36:00Z,ADVERSE_FIRST,2026-01-21T19:27:00Z,2026-01-21T18:36:00Z,ADVERSE_FIRST,2026-01-21T18:49:00Z,2026-01-21T18:37:00Z,ADVERSE_FIRST,2026-01-21T18:51:00Z,2026-01-21T18:37:00Z,ADVERSE_FIRST,2026-01-21T19:27:00Z,2026-01-21T18:37:00Z,ADVERSE_FIRST,2026-01-21T19:27:00Z,2026-01-21T18:37:00Z,ADVERSE_FIRST,2026-01-21T19:27:00Z,2026-01-21T18:37:00Z
SPY:2026-01-21:LONG:2026-01-21T18:47:00+00:00:v1,2026-01-21,LONG,681.110000000000,681.070000000000,-0.040000000000,-0.040000000000,5,BETTER,7.625000000000,7.665000000000,1.240000000000,1.200000000000,4.220000000000,4.260000000000,-0.040000000000,0.040000000000,True,20,15,2026-01-21T18:50:00Z,2026-01-21T19:10:00Z,FAVORABLE_FIRST,2026-01-21T18:51:00Z,2026-01-21T18:55:00Z,ADVERSE_FIRST,2026-01-21T19:27:00Z,2026-01-21T18:55:00Z,ADVERSE_FIRST,2026-01-21T19:27:00Z,2026-01-21T18:55:00Z,ADVERSE_FIRST,2026-01-21T19:27:00Z,2026-01-21T18:55:00Z,ADVERSE_FIRST,2026-01-21T19:27:00Z,2026-01-21T18:55:00Z,ADVERSE_FIRST,2026-01-21T19:27:00Z,2026-01-21T18:55:00Z,ADVERSE_FIRST,2026-01-21T19:27:00Z,2026-01-21T18:55:00Z,ADVERSE_FIRST,2026-01-21T19:27:00Z,2026-01-21T18:55:00Z,ADVERSE_FIRST,2026-01-21T19:27:00Z,2026-01-21T18:55:00Z,2026-01-21T18:55:00Z,2026-01-21T19:10:00Z,ADVERSE_FIRST,2026-01-21T19:27:00Z,2026-01-21T18:56:00Z,ADVERSE_FIRST,2026-01-21T19:27:00Z,2026-01-21T18:56:00Z,ADVERSE_FIRST,2026-01-21T19:27:00Z,2026-01-21T18:56:00Z,ADVERSE_FIRST,2026-01-21T19:27:00Z,2026-01-21T18:56:00Z,ADVERSE_FIRST,2026-01-21T19:27:00Z,2026-01-21T18:56:00Z,ADVERSE_FIRST,2026-01-21T19:27:00Z,2026-01-21T18:56:00Z,ADVERSE_FIRST,2026-01-21T19:27:00Z,2026-01-21T18:56:00Z,ADVERSE_FIRST,2026-01-21T19:27:00Z,2026-01-21T18:56:00Z,ADVERSE_FIRST,2026-01-21T19:27:00Z,2026-01-21T18:56:00Z
SPY:2026-01-21:LONG:2026-01-21T19:20:00+00:00:v1,2026-01-21,LONG,680.840000000000,684.400000000000,3.560000000000,3.560000000000,5,WORSE,7.895000000000,4.335000000000,0.460000000000,0.070000000000,4.490000000000,0.930000000000,3.560000000000,0.390000000000,True,,,2026-01-21T19:25:00Z,,ADVERSE_FIRST,2026-01-21T19:27:00Z,2026-01-21T19:26:00Z,ADVERSE_FIRST,2026-01-21T19:27:00Z,2026-01-21T19:26:00Z,ADVERSE_FIRST,2026-01-21T19:27:00Z,2026-01-21T19:26:00Z,ADVERSE_FIRST,2026-01-21T19:27:00Z,2026-01-21T19:26:00Z,ADVERSE_FIRST,2026-01-21T19:27:00Z,2026-01-21T19:26:00Z,ADVERSE_FIRST,2026-01-21T19:27:00Z,2026-01-21T19:26:00Z,ADVERSE_FIRST,2026-01-21T19:27:00Z,2026-01-21T19:26:00Z,ADVERSE_FIRST,2026-01-21T19:27:00Z,2026-01-21T19:26:00Z,ADVERSE_FIRST,2026-01-21T19:27:00Z,2026-01-21T19:26:00Z,2026-01-21T19:30:00Z,,FAVORABLE_FIRST,2026-01-21T19:31:00Z,,FAVORABLE_FIRST,2026-01-21T19:31:00Z,,FAVORABLE_FIRST,2026-01-21T19:31:00Z,,FAVORABLE_FIRST,2026-01-21T19:31:00Z,,FAVORABLE_FIRST,2026-01-21T19:31:00Z,,FAVORABLE_FIRST,2026-01-21T19:31:00Z,,FAVORABLE_FIRST,2026-01-21T19:31:00Z,,FAVORABLE_FIRST,2026-01-21T19:37:00Z,,FAVORABLE_FIRST,2026-01-21T19:38:00Z,
SPY:2026-01-22:SHORT:2026-01-22T14:43:00+00:00:v1,2026-01-22,SHORT,689.400000000000,687.879900000000,-1.520100000000,1.520100000000,5,WORSE,2.480000000000,0.959900000000,1.725000000000,3.245100000000,0.470000000000,-1.050100000000,1.520100000000,-1.520100000000,True,90,85,2026-01-22T14:45:00Z,2026-01-22T16:15:00Z,FAVORABLE_FIRST,2026-01-22T14:46:00Z,2026-01-22T16:12:00Z,FAVORABLE_FIRST,2026-01-22T14:46:00Z,2026-01-22T16:12:00Z,FAVORABLE_FIRST,2026-01-22T14:47:00Z,2026-01-22T16:12:00Z,FAVORABLE_FIRST,2026-01-22T14:48:00Z,2026-01-22T16:12:00Z,FAVORABLE_FIRST,2026-01-22T14:46:00Z,2026-01-22T16:12:00Z,FAVORABLE_FIRST,2026-01-22T14:47:00Z,2026-01-22T16:12:00Z,FAVORABLE_FIRST,2026-01-22T14:48:00Z,2026-01-22T16:12:00Z,FAVORABLE_FIRST,2026-01-22T14:48:00Z,2026-01-22T16:12:00Z,FAVORABLE_FIRST,2026-01-22T14:58:00Z,2026-01-22T16:12:00Z,2026-01-22T14:50:00Z,2026-01-22T16:15:00Z,ADVERSE_FIRST,2026-01-22T14:57:00Z,2026-01-22T14:51:00Z,ADVERSE_FIRST,2026-01-22T15:00:00Z,2026-01-22T14:51:00Z,ADVERSE_FIRST,2026-01-22T15:02:00Z,2026-01-22T14:51:00Z,ADVERSE_FIRST,,2026-01-22T14:51:00Z,ADVERSE_FIRST,2026-01-22T15:00:00Z,2026-01-22T14:51:00Z,ADVERSE_FIRST,2026-01-22T15:02:00Z,2026-01-22T14:51:00Z,ADVERSE_FIRST,,2026-01-22T14:51:00Z,ADVERSE_FIRST,,2026-01-22T14:51:00Z,ADVERSE_FIRST,,2026-01-22T14:51:00Z
SPY:2026-01-22:LONG:2026-01-22T17:30:00+00:00:v1,2026-01-22,LONG,690.815000000000,690.610000000000,-0.205000000000,-0.205000000000,5,BETTER,0.310000000000,0.515000000000,3.220000000000,3.015000000000,-1.885000000000,-1.680000000000,-0.205000000000,0.205000000000,True,70,65,2026-01-22T17:35:00Z,2026-01-22T18:45:00Z,ADVERSE_FIRST,2026-01-22T17:52:00Z,2026-01-22T17:38:00Z,ADVERSE_FIRST,,2026-01-22T17:38:00Z,ADVERSE_FIRST,,2026-01-22T17:38:00Z,ADVERSE_FIRST,,2026-01-22T17:38:00Z,ADVERSE_FIRST,,2026-01-22T18:11:00Z,ADVERSE_FIRST,,2026-01-22T18:11:00Z,ADVERSE_FIRST,,2026-01-22T18:11:00Z,ADVERSE_FIRST,,2026-01-22T18:11:00Z,ADVERSE_FIRST,,2026-01-22T18:11:00Z,2026-01-22T17:40:00Z,2026-01-22T18:45:00Z,FAVORABLE_FIRST,2026-01-22T17:41:00Z,2026-01-22T18:17:00Z,FAVORABLE_FIRST,2026-01-22T18:05:00Z,2026-01-22T18:17:00Z,ADVERSE_FIRST,,2026-01-22T18:17:00Z,ADVERSE_FIRST,,2026-01-22T18:17:00Z,FAVORABLE_FIRST,2026-01-22T18:05:00Z,2026-01-22T18:17:00Z,ADVERSE_FIRST,,2026-01-22T18:17:00Z,ADVERSE_FIRST,,2026-01-22T18:17:00Z,ADVERSE_FIRST,,2026-01-22T18:17:00Z,ADVERSE_FIRST,,2026-01-22T18:17:00Z
SPY:2026-01-22:LONG:2026-01-22T19:02:00+00:00:v1,2026-01-22,LONG,690.580000000000,690.691900000000,0.111900000000,0.111900000000,5,WORSE,0.380000000000,0.268100000000,2.985000000000,3.096900000000,-1.650000000000,-1.761900000000,0.111900000000,-0.111900000000,True,35,30,2026-01-22T19:05:00Z,2026-01-22T19:40:00Z,FAVORABLE_FIRST,2026-01-22T19:06:00Z,2026-01-22T19:35:00Z,ADVERSE_FIRST,,2026-01-22T19:35:00Z,ADVERSE_FIRST,,2026-01-22T19:35:00Z,ADVERSE_FIRST,,2026-01-22T19:35:00Z,ADVERSE_FIRST,,2026-01-22T19:36:00Z,ADVERSE_FIRST,,2026-01-22T19:36:00Z,ADVERSE_FIRST,,2026-01-22T19:36:00Z,ADVERSE_FIRST,,2026-01-22T19:36:00Z,ADVERSE_FIRST,,2026-01-22T19:36:00Z,2026-01-22T19:10:00Z,2026-01-22T19:40:00Z,FAVORABLE_FIRST,2026-01-22T19:13:00Z,2026-01-22T19:31:00Z,ADVERSE_FIRST,,2026-01-22T19:31:00Z,ADVERSE_FIRST,,2026-01-22T19:31:00Z,ADVERSE_FIRST,,2026-01-22T19:31:00Z,ADVERSE_FIRST,,2026-01-22T19:31:00Z,ADVERSE_FIRST,,2026-01-22T19:31:00Z,ADVERSE_FIRST,,2026-01-22T19:31:00Z,ADVERSE_FIRST,,2026-01-22T19:31:00Z,ADVERSE_FIRST,,2026-01-22T19:31:00Z
SPY:2026-01-22:SHORT:2026-01-22T19:54:00+00:00:v1,2026-01-22,SHORT,689.430000000000,688.770000000000,-0.660000000000,0.660000000000,5,WORSE,1.835000000000,1.175000000000,0.100000000000,0.740000000000,0.500000000000,-0.160000000000,0.660000000000,-0.640000000000,True,,,2026-01-22T19:55:00Z,,FAVORABLE_FIRST,2026-01-22T19:56:00Z,,FAVORABLE_FIRST,2026-01-22T19:56:00Z,,FAVORABLE_FIRST,2026-01-22T20:00:00Z,,FAVORABLE_FIRST,2026-01-22T20:26:00Z,,FAVORABLE_FIRST,2026-01-22T19:56:00Z,,FAVORABLE_FIRST,2026-01-22T20:00:00Z,,FAVORABLE_FIRST,2026-01-22T20:26:00Z,,FAVORABLE_FIRST,2026-01-22T20:31:00Z,,NEITHER,,,2026-01-22T20:00:00Z,,ADVERSE_FIRST,2026-01-22T20:26:00Z,2026-01-22T20:02:00Z,ADVERSE_FIRST,2026-01-22T20:29:00Z,2026-01-22T20:02:00Z,ADVERSE_FIRST,2026-01-22T20:30:00Z,2026-01-22T20:02:00Z,ADVERSE_FIRST,2026-01-22T20:31:00Z,2026-01-22T20:02:00Z,ADVERSE_FIRST,2026-01-22T20:29:00Z,2026-01-22T20:03:00Z,ADVERSE_FIRST,2026-01-22T20:30:00Z,2026-01-22T20:03:00Z,ADVERSE_FIRST,2026-01-22T20:31:00Z,2026-01-22T20:03:00Z,ADVERSE_FIRST,,2026-01-22T20:03:00Z,ADVERSE_FIRST,,2026-01-22T20:03:00Z
SPY:2026-01-23:LONG:2026-01-23T14:58:00+00:00:v1,2026-01-23,LONG,688.770000000000,689.280100000000,0.510100000000,0.510100000000,5,WORSE,2.190000000000,1.679900000000,1.040000000000,1.550100000000,0.415000000000,-0.095100000000,0.510100000000,-0.510100000000,True,15,10,2026-01-23T15:00:00Z,2026-01-23T15:15:00Z,FAVORABLE_FIRST,2026-01-23T15:01:00Z,2026-01-23T15:14:00Z,FAVORABLE_FIRST,2026-01-23T15:02:00Z,2026-01-23T15:14:00Z,ADVERSE_FIRST,2026-01-23T15:22:00Z,2026-01-23T15:14:00Z,ADVERSE_FIRST,2026-01-23T15:25:00Z,2026-01-23T15:14:00Z,FAVORABLE_FIRST,2026-01-23T15:02:00Z,2026-01-23T15:17:00Z,ADVERSE_FIRST,2026-01-23T15:22:00Z,2026-01-23T15:17:00Z,ADVERSE_FIRST,2026-01-23T15:25:00Z,2026-01-23T15:17:00Z,ADVERSE_FIRST,2026-01-23T15:49:00Z,2026-01-23T15:17:00Z,ADVERSE_FIRST,2026-01-23T16:01:00Z,2026-01-23T15:17:00Z,2026-01-23T15:05:00Z,2026-01-23T15:15:00Z,ADVERSE_FIRST,2026-01-23T15:22:00Z,2026-01-23T15:07:00Z,ADVERSE_FIRST,2026-01-23T15:25:00Z,2026-01-23T15:07:00Z,ADVERSE_FIRST,2026-01-23T15:48:00Z,2026-01-23T15:07:00Z,ADVERSE_FIRST,2026-01-23T15:49:00Z,2026-01-23T15:07:00Z,ADVERSE_FIRST,2026-01-23T15:25:00Z,2026-01-23T15:07:00Z,ADVERSE_FIRST,2026-01-23T15:48:00Z,2026-01-23T15:07:00Z,ADVERSE_FIRST,2026-01-23T15:49:00Z,2026-01-23T15:07:00Z,ADVERSE_FIRST,2026-01-23T16:01:00Z,2026-01-23T15:07:00Z,ADVERSE_FIRST,,2026-01-23T15:07:00Z
SPY:2026-01-23:LONG:2026-01-23T15:20:00+00:00:v1,2026-01-23,LONG,689.555000000000,689.325000000000,-0.230000000000,-0.230000000000,5,BETTER,1.405000000000,1.635000000000,1.825000000000,1.595000000000,-0.370000000000,-0.140000000000,-0.230000000000,0.230000000000,True,150,145,2026-01-23T15:25:00Z,2026-01-23T17:55:00Z,ADVERSE_FIRST,2026-01-23T15:37:00Z,2026-01-23T15:27:00Z,ADVERSE_FIRST,2026-01-23T15:48:00Z,2026-01-23T15:27:00Z,ADVERSE_FIRST,2026-01-23T15:49:00Z,2026-01-23T15:27:00Z,ADVERSE_FIRST,2026-01-23T15:55:00Z,2026-01-23T15:27:00Z,ADVERSE_FIRST,2026-01-23T15:48:00Z,2026-01-23T15:27:00Z,ADVERSE_FIRST,2026-01-23T15:49:00Z,2026-01-23T15:27:00Z,ADVERSE_FIRST,2026-01-23T15:55:00Z,2026-01-23T15:27:00Z,ADVERSE_FIRST,,2026-01-23T15:27:00Z,ADVERSE_FIRST,,2026-01-23T15:27:00Z,2026-01-23T15:30:00Z,2026-01-23T17:55:00Z,FAVORABLE_FIRST,2026-01-23T15:31:00Z,2026-01-23T17:42:00Z,FAVORABLE_FIRST,2026-01-23T15:40:00Z,2026-01-23T17:42:00Z,FAVORABLE_FIRST,2026-01-23T15:48:00Z,2026-01-23T17:42:00Z,FAVORABLE_FIRST,2026-01-23T15:49:00Z,2026-01-23T17:42:00Z,FAVORABLE_FIRST,2026-01-23T15:40:00Z,2026-01-23T17:42:00Z,FAVORABLE_FIRST,2026-01-23T15:48:00Z,2026-01-23T17:42:00Z,FAVORABLE_FIRST,2026-01-23T15:49:00Z,2026-01-23T17:42:00Z,FAVORABLE_FIRST,2026-01-23T16:02:00Z,2026-01-23T17:42:00Z,ADVERSE_FIRST,,2026-01-23T17:42:00Z
SPY:2026-01-23:LONG:2026-01-23T18:16:00+00:00:v1,2026-01-23,LONG,688.775400000000,688.800000000000,0.024600000000,0.024600000000,5,WORSE,1.424100000000,1.399500000000,0.405400000000,0.430000000000,0.409600000000,0.385000000000,0.024600000000,-0.024600000000,True,15,10,2026-01-23T18:20:00Z,2026-01-23T18:35:00Z,FAVORABLE_FIRST,2026-01-23T18:25:00Z,2026-01-23T18:34:00Z,ADVERSE_FIRST,2026-01-23T18:39:00Z,2026-01-23T18:34:00Z,ADVERSE_FIRST,2026-01-23T19:04:00Z,2026-01-23T18:34:00Z,ADVERSE_FIRST,2026-01-23T19:08:00Z,2026-01-23T18:34:00Z,ADVERSE_FIRST,2026-01-23T18:39:00Z,2026-01-23T18:34:00Z,ADVERSE_FIRST,2026-01-23T19:04:00Z,2026-01-23T18:34:00Z,ADVERSE_FIRST,2026-01-23T19:08:00Z,2026-01-23T18:34:00Z,ADVERSE_FIRST,,2026-01-23T18:34:00Z,ADVERSE_FIRST,,2026-01-23T18:34:00Z,2026-01-23T18:25:00Z,2026-01-23T18:35:00Z,FAVORABLE_FIRST,2026-01-23T18:27:00Z,2026-01-23T18:34:00Z,ADVERSE_FIRST,2026-01-23T19:03:00Z,2026-01-23T18:34:00Z,ADVERSE_FIRST,2026-01-23T19:04:00Z,2026-01-23T18:34:00Z,ADVERSE_FIRST,2026-01-23T19:08:00Z,2026-01-23T18:34:00Z,ADVERSE_FIRST,2026-01-23T19:03:00Z,2026-01-23T18:34:00Z,ADVERSE_FIRST,2026-01-23T19:04:00Z,2026-01-23T18:34:00Z,ADVERSE_FIRST,2026-01-23T19:08:00Z,2026-01-23T18:34:00Z,ADVERSE_FIRST,,2026-01-23T18:34:00Z,ADVERSE_FIRST,,2026-01-23T18:34:00Z
SPY:2026-01-23:LONG:2026-01-23T18:35:00+00:00:v1,2026-01-23,LONG,689.105000000000,688.740000000000,-0.365000000000,-0.365000000000,5,BETTER,1.094500000000,1.459500000000,0.735000000000,0.230000000000,0.080000000000,0.445000000000,-0.365000000000,0.505000000000,True,,,2026-01-23T18:40:00Z,,ADVERSE_FIRST,2026-01-23T19:03:00Z,2026-01-23T18:41:00Z,ADVERSE_FIRST,2026-01-23T19:06:00Z,2026-01-23T18:41:00Z,ADVERSE_FIRST,2026-01-23T19:20:00Z,2026-01-23T18:41:00Z,ADVERSE_FIRST,2026-01-23T19:21:00Z,2026-01-23T18:41:00Z,ADVERSE_FIRST,2026-01-23T19:06:00Z,2026-01-23T18:41:00Z,ADVERSE_FIRST,2026-01-23T19:20:00Z,2026-01-23T18:41:00Z,ADVERSE_FIRST,2026-01-23T19:21:00Z,2026-01-23T18:41:00Z,ADVERSE_FIRST,,2026-01-23T18:41:00Z,ADVERSE_FIRST,,2026-01-23T18:41:00Z,2026-01-23T18:45:00Z,,FAVORABLE_FIRST,2026-01-23T18:50:00Z,,FAVORABLE_FIRST,2026-01-23T19:00:00Z,,FAVORABLE_FIRST,2026-01-23T19:04:00Z,,FAVORABLE_FIRST,2026-01-23T19:08:00Z,,FAVORABLE_FIRST,2026-01-23T19:00:00Z,,FAVORABLE_FIRST,2026-01-23T19:04:00Z,,FAVORABLE_FIRST,2026-01-23T19:08:00Z,,NEITHER,,,NEITHER,,
SPY:2026-01-26:LONG:2026-01-26T14:35:00+00:00:v1,2026-01-26,LONG,691.710000000000,692.185000000000,0.475000000000,0.475000000000,5,WORSE,2.420000000000,1.945000000000,0.310000000000,0.435000000000,1.000000000000,0.525000000000,0.475000000000,-0.125000000000,True,,,2026-01-26T14:40:00Z,,FAVORABLE_FIRST,2026-01-26T14:41:00Z,2026-01-26T14:42:00Z,FAVORABLE_FIRST,2026-01-26T14:41:00Z,2026-01-26T14:42:00Z,ADVERSE_FIRST,2026-01-26T14:46:00Z,2026-01-26T14:42:00Z,ADVERSE_FIRST,2026-01-26T15:16:00Z,2026-01-26T14:42:00Z,FAVORABLE_FIRST,2026-01-26T14:41:00Z,2026-01-26T14:42:00Z,ADVERSE_FIRST,2026-01-26T14:46:00Z,2026-01-26T14:42:00Z,ADVERSE_FIRST,2026-01-26T15:16:00Z,2026-01-26T14:42:00Z,ADVERSE_FIRST,2026-01-26T15:20:00Z,2026-01-26T14:42:00Z,ADVERSE_FIRST,2026-01-26T18:24:00Z,2026-01-26T14:42:00Z,2026-01-26T14:45:00Z,,FAVORABLE_FIRST,2026-01-26T14:46:00Z,2026-01-26T15:10:00Z,ADVERSE_FIRST,2026-01-26T15:15:00Z,2026-01-26T15:10:00Z,ADVERSE_FIRST,2026-01-26T15:18:00Z,2026-01-26T15:10:00Z,ADVERSE_FIRST,2026-01-26T15:20:00Z,2026-01-26T15:10:00Z,ADVERSE_FIRST,2026-01-26T15:15:00Z,2026-01-26T15:10:00Z,ADVERSE_FIRST,2026-01-26T15:18:00Z,2026-01-26T15:10:00Z,ADVERSE_FIRST,2026-01-26T15:20:00Z,2026-01-26T15:10:00Z,ADVERSE_FIRST,2026-01-26T17:07:00Z,2026-01-26T15:10:00Z,ADVERSE_FIRST,,2026-01-26T15:10:00Z
SPY:2026-01-27:LONG:2026-01-27T14:45:00+00:00:v1,2026-01-27,LONG,694.480000000000,695.270000000000,0.790000000000,0.790000000000,5,WORSE,2.050000000000,1.260000000000,0,0.760000000000,1.060000000000,0.270000000000,0.790000000000,-0.760000000000,True,,,2026-01-27T14:50:00Z,,FAVORABLE_FIRST,2026-01-27T14:51:00Z,,FAVORABLE_FIRST,2026-01-27T14:51:00Z,,FAVORABLE_FIRST,2026-01-27T14:53:00Z,,FAVORABLE_FIRST,2026-01-27T14:55:00Z,,FAVORABLE_FIRST,2026-01-27T14:51:00Z,,FAVORABLE_FIRST,2026-01-27T14:53:00Z,,FAVORABLE_FIRST,2026-01-27T14:55:00Z,,FAVORABLE_FIRST,2026-01-27T15:45:00Z,,FAVORABLE_FIRST,2026-01-27T16:20:00Z,,2026-01-27T14:55:00Z,,ADVERSE_FIRST,2026-01-27T15:36:00Z,2026-01-27T15:05:00Z,ADVERSE_FIRST,2026-01-27T15:44:00Z,2026-01-27T15:05:00Z,ADVERSE_FIRST,2026-01-27T15:45:00Z,2026-01-27T15:05:00Z,ADVERSE_FIRST,2026-01-27T16:12:00Z,2026-01-27T15:05:00Z,ADVERSE_FIRST,2026-01-27T15:44:00Z,2026-01-27T15:05:00Z,ADVERSE_FIRST,2026-01-27T15:45:00Z,2026-01-27T15:05:00Z,ADVERSE_FIRST,2026-01-27T16:12:00Z,2026-01-27T15:05:00Z,ADVERSE_FIRST,,2026-01-27T15:05:00Z,ADVERSE_FIRST,,2026-01-27T15:05:00Z
SPY:2026-01-28:SHORT:2026-01-28T15:05:00+00:00:v1,2026-01-28,SHORT,696.620000000000,696.110000000000,-0.510000000000,0.510000000000,5,WORSE,2.680000000000,2.170000000000,0.480000000000,0.990000000000,1.200000000000,0.690000000000,0.510000000000,-0.510000000000,True,,,2026-01-28T15:10:00Z,,FAVORABLE_FIRST,2026-01-28T15:11:00Z,2026-01-28T15:22:00Z,FAVORABLE_FIRST,2026-01-28T15:14:00Z,2026-01-28T15:22:00Z,ADVERSE_FIRST,2026-01-28T15:44:00Z,2026-01-28T15:22:00Z,ADVERSE_FIRST,2026-01-28T15:51:00Z,2026-01-28T15:22:00Z,FAVORABLE_FIRST,2026-01-28T15:14:00Z,2026-01-28T15:23:00Z,ADVERSE_FIRST,2026-01-28T15:44:00Z,2026-01-28T15:23:00Z,ADVERSE_FIRST,2026-01-28T15:51:00Z,2026-01-28T15:23:00Z,ADVERSE_FIRST,2026-01-28T16:42:00Z,2026-01-28T15:23:00Z,ADVERSE_FIRST,2026-01-28T16:51:00Z,2026-01-28T15:23:00Z,2026-01-28T15:15:00Z,,ADVERSE_FIRST,2026-01-28T15:44:00Z,2026-01-28T15:16:00Z,ADVERSE_FIRST,2026-01-28T15:57:00Z,2026-01-28T15:16:00Z,ADVERSE_FIRST,2026-01-28T16:31:00Z,2026-01-28T15:16:00Z,ADVERSE_FIRST,2026-01-28T16:42:00Z,2026-01-28T15:16:00Z,ADVERSE_FIRST,2026-01-28T15:57:00Z,2026-01-28T15:16:00Z,ADVERSE_FIRST,2026-01-28T16:31:00Z,2026-01-28T15:16:00Z,ADVERSE_FIRST,2026-01-28T16:42:00Z,2026-01-28T15:16:00Z,ADVERSE_FIRST,2026-01-28T16:51:00Z,2026-01-28T15:16:00Z,ADVERSE_FIRST,2026-01-28T19:02:00Z,2026-01-28T15:16:00Z
SPY:2026-01-29:SHORT:2026-01-29T14:35:00+00:00:v1,2026-01-29,SHORT,695.392000000000,693.205000000000,-2.187000000000,2.187000000000,5,WORSE,10.562000000000,8.375000000000,0.068000000000,1.585000000000,1.422000000000,-0.765000000000,2.187000000000,-1.517000000000,True,,,2026-01-29T14:40:00Z,,FAVORABLE_FIRST,2026-01-29T14:41:00Z,,FAVORABLE_FIRST,2026-01-29T14:41:00Z,,FAVORABLE_FIRST,2026-01-29T14:42:00Z,,FAVORABLE_FIRST,2026-01-29T14:42:00Z,,FAVORABLE_FIRST,2026-01-29T14:41:00Z,,FAVORABLE_FIRST,2026-01-29T14:42:00Z,,FAVORABLE_FIRST,2026-01-29T14:42:00Z,,FAVORABLE_FIRST,2026-01-29T14:43:00Z,,FAVORABLE_FIRST,2026-01-29T14:44:00Z,,2026-01-29T14:45:00Z,,FAVORABLE_FIRST,2026-01-29T14:46:00Z,2026-01-29T14:48:00Z,FAVORABLE_FIRST,2026-01-29T14:46:00Z,2026-01-29T14:48:00Z,FAVORABLE_FIRST,2026-01-29T14:46:00Z,2026-01-29T14:48:00Z,ADVERSE_FIRST,2026-01-29T14:54:00Z,2026-01-29T14:48:00Z,FAVORABLE_FIRST,2026-01-29T14:46:00Z,2026-01-29T14:48:00Z,FAVORABLE_FIRST,2026-01-29T14:46:00Z,2026-01-29T14:48:00Z,ADVERSE_FIRST,2026-01-29T14:54:00Z,2026-01-29T14:48:00Z,ADVERSE_FIRST,2026-01-29T14:59:00Z,2026-01-29T14:48:00Z,ADVERSE_FIRST,2026-01-29T15:00:00Z,2026-01-29T14:48:00Z
SPY:2026-01-30:LONG:2026-01-30T15:40:00+00:00:v1,2026-01-30,LONG,693.500100000000,693.520000000000,0.019900000000,0.019900000000,5,WORSE,0.709900000000,0.130000000000,6.380100000000,6.400000000000,-1.650100000000,-1.670000000000,0.579900000000,-0.019900000000,True,10,5,2026-01-30T15:45:00Z,2026-01-30T15:55:00Z,FAVORABLE_FIRST,2026-01-30T15:46:00Z,2026-01-30T15:50:00Z,FAVORABLE_FIRST,2026-01-30T15:46:00Z,2026-01-30T15:50:00Z,ADVERSE_FIRST,,2026-01-30T15:50:00Z,ADVERSE_FIRST,,2026-01-30T15:50:00Z,FAVORABLE_FIRST,2026-01-30T15:46:00Z,2026-01-30T15:50:00Z,ADVERSE_FIRST,,2026-01-30T15:50:00Z,ADVERSE_FIRST,,2026-01-30T15:50:00Z,ADVERSE_FIRST,,2026-01-30T15:50:00Z,ADVERSE_FIRST,,2026-01-30T15:50:00Z,2026-01-30T15:50:00Z,2026-01-30T15:55:00Z,ADVERSE_FIRST,,2026-01-30T15:51:00Z,ADVERSE_FIRST,,2026-01-30T15:51:00Z,ADVERSE_FIRST,,2026-01-30T15:51:00Z,ADVERSE_FIRST,,2026-01-30T15:51:00Z,ADVERSE_FIRST,,2026-01-30T15:51:00Z,ADVERSE_FIRST,,2026-01-30T15:51:00Z,ADVERSE_FIRST,,2026-01-30T15:51:00Z,ADVERSE_FIRST,,2026-01-30T15:51:00Z,ADVERSE_FIRST,,2026-01-30T15:51:00Z
SPY:2026-01-30:SHORT:2026-01-30T16:18:00+00:00:v1,2026-01-30,SHORT,691.075000000000,690.500000000000,-0.575000000000,0.575000000000,5,WORSE,3.955000000000,3.380000000000,1.751200000000,2.326200000000,-0.775000000000,-1.350000000000,0.575000000000,-0.575000000000,True,25,20,2026-01-30T16:20:00Z,2026-01-30T16:45:00Z,FAVORABLE_FIRST,2026-01-30T16:21:00Z,2026-01-30T16:29:00Z,FAVORABLE_FIRST,2026-01-30T16:21:00Z,2026-01-30T16:29:00Z,FAVORABLE_FIRST,2026-01-30T16:24:00Z,2026-01-30T16:29:00Z,ADVERSE_FIRST,2026-01-30T17:02:00Z,2026-01-30T16:29:00Z,FAVORABLE_FIRST,2026-01-30T16:21:00Z,2026-01-30T16:29:00Z,FAVORABLE_FIRST,2026-01-30T16:24:00Z,2026-01-30T16:29:00Z,ADVERSE_FIRST,2026-01-30T17:02:00Z,2026-01-30T16:29:00Z,ADVERSE_FIRST,2026-01-30T17:05:00Z,2026-01-30T16:29:00Z,ADVERSE_FIRST,2026-01-30T17:07:00Z,2026-01-30T16:29:00Z,2026-01-30T16:25:00Z,2026-01-30T16:45:00Z,ADVERSE_FIRST,2026-01-30T17:02:00Z,2026-01-30T16:26:00Z,ADVERSE_FIRST,2026-01-30T17:02:00Z,2026-01-30T16:26:00Z,ADVERSE_FIRST,2026-01-30T17:04:00Z,2026-01-30T16:26:00Z,ADVERSE_FIRST,2026-01-30T17:05:00Z,2026-01-30T16:26:00Z,ADVERSE_FIRST,2026-01-30T17:02:00Z,2026-01-30T16:26:00Z,ADVERSE_FIRST,2026-01-30T17:04:00Z,2026-01-30T16:26:00Z,ADVERSE_FIRST,2026-01-30T17:05:00Z,2026-01-30T16:26:00Z,ADVERSE_FIRST,2026-01-30T17:07:00Z,2026-01-30T16:26:00Z,ADVERSE_FIRST,2026-01-30T18:16:00Z,2026-01-30T16:26:00Z
SPY:2026-01-30:SHORT:2026-01-30T16:55:00+00:00:v1,2026-01-30,SHORT,690.670000000000,689.640000000000,-1.030000000000,1.030000000000,5,WORSE,3.550000000000,2.520000000000,2.156200000000,3.186200000000,-1.180000000000,-2.210000000000,1.030000000000,-1.030000000000,True,120,115,2026-01-30T17:00:00Z,2026-01-30T19:00:00Z,FAVORABLE_FIRST,2026-01-30T17:01:00Z,2026-01-30T17:26:00Z,FAVORABLE_FIRST,2026-01-30T17:02:00Z,2026-01-30T17:26:00Z,FAVORABLE_FIRST,2026-01-30T17:04:00Z,2026-01-30T17:26:00Z,FAVORABLE_FIRST,2026-01-30T17:04:00Z,2026-01-30T17:26:00Z,FAVORABLE_FIRST,2026-01-30T17:02:00Z,2026-01-30T17:26:00Z,FAVORABLE_FIRST,2026-01-30T17:04:00Z,2026-01-30T17:26:00Z,FAVORABLE_FIRST,2026-01-30T17:04:00Z,2026-01-30T17:26:00Z,FAVORABLE_FIRST,2026-01-30T17:06:00Z,2026-01-30T17:26:00Z,ADVERSE_FIRST,2026-01-30T18:16:00Z,2026-01-30T17:26:00Z,2026-01-30T17:05:00Z,2026-01-30T19:00:00Z,FAVORABLE_FIRST,2026-01-30T17:06:00Z,2026-01-30T17:21:00Z,FAVORABLE_FIRST,2026-01-30T17:07:00Z,2026-01-30T17:21:00Z,FAVORABLE_FIRST,2026-01-30T17:08:00Z,2026-01-30T17:21:00Z,ADVERSE_FIRST,2026-01-30T18:16:00Z,2026-01-30T17:21:00Z,FAVORABLE_FIRST,2026-01-30T17:07:00Z,2026-01-30T17:21:00Z,FAVORABLE_FIRST,2026-01-30T17:08:00Z,2026-01-30T17:21:00Z,ADVERSE_FIRST,2026-01-30T18:16:00Z,2026-01-30T17:21:00Z,ADVERSE_FIRST,2026-01-30T18:19:00Z,2026-01-30T17:21:00Z,ADVERSE_FIRST,2026-01-30T18:21:00Z,2026-01-30T17:21:00Z
SPY:2026-01-30:SHORT:2026-01-30T19:44:00+00:00:v1,2026-01-30,SHORT,691.290000000000,690.850000000000,-0.440000000000,0.440000000000,5,WORSE,1.990000000000,1.550000000000,1.536200000000,1.976200000000,-0.560000000000,-1.000000000000,0.440000000000,-0.440000000000,True,10,5,2026-01-30T19:45:00Z,2026-01-30T19:55:00Z,FAVORABLE_FIRST,2026-01-30T19:46:00Z,2026-01-30T19:53:00Z,FAVORABLE_FIRST,2026-01-30T19:48:00Z,2026-01-30T19:53:00Z,ADVERSE_FIRST,2026-01-30T19:59:00Z,2026-01-30T19:53:00Z,ADVERSE_FIRST,2026-01-30T20:06:00Z,2026-01-30T19:53:00Z,FAVORABLE_FIRST,2026-01-30T19:48:00Z,2026-01-30T19:53:00Z,ADVERSE_FIRST,2026-01-30T19:59:00Z,2026-01-30T19:53:00Z,ADVERSE_FIRST,2026-01-30T20:06:00Z,2026-01-30T19:53:00Z,ADVERSE_FIRST,2026-01-30T20:15:00Z,2026-01-30T19:53:00Z,ADVERSE_FIRST,,2026-01-30T19:53:00Z,2026-01-30T19:50:00Z,2026-01-30T19:55:00Z,ADVERSE_FIRST,2026-01-30T19:59:00Z,2026-01-30T19:51:00Z,ADVERSE_FIRST,2026-01-30T20:06:00Z,2026-01-30T19:51:00Z,ADVERSE_FIRST,2026-01-30T20:07:00Z,2026-01-30T19:51:00Z,ADVERSE_FIRST,2026-01-30T20:15:00Z,2026-01-30T19:51:00Z,ADVERSE_FIRST,2026-01-30T20:06:00Z,2026-01-30T19:51:00Z,ADVERSE_FIRST,2026-01-30T20:07:00Z,2026-01-30T19:51:00Z,ADVERSE_FIRST,2026-01-30T20:15:00Z,2026-01-30T19:51:00Z,ADVERSE_FIRST,2026-01-30T20:22:00Z,2026-01-30T19:51:00Z,ADVERSE_FIRST,,2026-01-30T19:51:00Z
SPY:2026-01-30:SHORT:2026-01-30T19:58:00+00:00:v1,2026-01-30,SHORT,690.570000000000,690.780000000000,0.210000000000,-0.210000000000,5,BETTER,1.270000000000,1.480000000000,2.256200000000,2.046200000000,-1.280000000000,-1.070000000000,-0.210000000000,0.210000000000,True,50,45,2026-01-30T20:00:00Z,2026-01-30T20:50:00Z,ADVERSE_FIRST,2026-01-30T20:06:00Z,2026-01-30T20:01:00Z,ADVERSE_FIRST,2026-01-30T20:07:00Z,2026-01-30T20:01:00Z,ADVERSE_FIRST,2026-01-30T20:15:00Z,2026-01-30T20:01:00Z,ADVERSE_FIRST,2026-01-30T20:15:00Z,2026-01-30T20:01:00Z,ADVERSE_FIRST,2026-01-30T20:07:00Z,2026-01-30T20:01:00Z,ADVERSE_FIRST,2026-01-30T20:15:00Z,2026-01-30T20:01:00Z,ADVERSE_FIRST,2026-01-30T20:15:00Z,2026-01-30T20:01:00Z,ADVERSE_FIRST,,2026-01-30T20:01:00Z,ADVERSE_FIRST,,2026-01-30T20:01:00Z,2026-01-30T20:05:00Z,2026-01-30T20:50:00Z,FAVORABLE_FIRST,2026-01-30T20:06:00Z,2026-01-30T20:44:00Z,FAVORABLE_FIRST,2026-01-30T20:06:00Z,2026-01-30T20:44:00Z,FAVORABLE_FIRST,2026-01-30T20:07:00Z,2026-01-30T20:44:00Z,FAVORABLE_FIRST,2026-01-30T20:15:00Z,2026-01-30T20:44:00Z,FAVORABLE_FIRST,2026-01-30T20:06:00Z,2026-01-30T20:44:00Z,FAVORABLE_FIRST,2026-01-30T20:07:00Z,2026-01-30T20:44:00Z,FAVORABLE_FIRST,2026-01-30T20:15:00Z,2026-01-30T20:44:00Z,ADVERSE_FIRST,,2026-01-30T20:44:00Z,ADVERSE_FIRST,,2026-01-30T20:44:00Z
SPY:2026-02-02:LONG:2026-02-02T14:35:00+00:00:v1,2026-02-02,LONG,691.945000000000,692.590000000000,0.645000000000,0.645000000000,5,WORSE,4.985000000000,4.340000000000,0.305000000000,0.490000000000,3.515000000000,2.870000000000,0.645000000000,-0.185000000000,True,,,2026-02-02T14:40:00Z,,AMBIGUOUS_SAME_BAR,2026-02-02T14:41:00Z,2026-02-02T14:41:00Z,ADVERSE_FIRST,2026-02-02T14:42:00Z,2026-02-02T14:41:00Z,ADVERSE_FIRST,2026-02-02T14:44:00Z,2026-02-02T14:41:00Z,ADVERSE_FIRST,2026-02-02T14:49:00Z,2026-02-02T14:41:00Z,ADVERSE_FIRST,2026-02-02T14:42:00Z,2026-02-02T14:41:00Z,ADVERSE_FIRST,2026-02-02T14:44:00Z,2026-02-02T14:41:00Z,ADVERSE_FIRST,2026-02-02T14:49:00Z,2026-02-02T14:41:00Z,ADVERSE_FIRST,2026-02-02T14:50:00Z,2026-02-02T14:41:00Z,ADVERSE_FIRST,2026-02-02T15:05:00Z,2026-02-02T14:41:00Z,2026-02-02T14:45:00Z,,FAVORABLE_FIRST,2026-02-02T14:46:00Z,2026-02-02T14:48:00Z,ADVERSE_FIRST,2026-02-02T14:50:00Z,2026-02-02T14:48:00Z,ADVERSE_FIRST,2026-02-02T14:50:00Z,2026-02-02T14:48:00Z,ADVERSE_FIRST,2026-02-02T14:50:00Z,2026-02-02T14:48:00Z,FAVORABLE_FIRST,2026-02-02T14:50:00Z,2026-02-02T14:58:00Z,FAVORABLE_FIRST,2026-02-02T14:50:00Z,2026-02-02T14:58:00Z,FAVORABLE_FIRST,2026-02-02T14:50:00Z,2026-02-02T14:58:00Z,ADVERSE_FIRST,2026-02-02T15:05:00Z,2026-02-02T14:58:00Z,ADVERSE_FIRST,2026-02-02T15:11:00Z,2026-02-02T14:58:00Z
SPY:2026-02-03:SHORT:2026-02-03T14:51:00+00:00:v1,2026-02-03,SHORT,694.940000000000,693.480000000000,-1.460000000000,1.460000000000,5,WORSE,10.910000000000,9.450000000000,0,0,5.470000000000,4.010000000000,1.460000000000,0,True,,,2026-02-03T14:55:00Z,,FAVORABLE_FIRST,2026-02-03T14:56:00Z,,FAVORABLE_FIRST,2026-02-03T14:56:00Z,,FAVORABLE_FIRST,2026-02-03T14:57:00Z,,FAVORABLE_FIRST,2026-02-03T14:57:00Z,,FAVORABLE_FIRST,2026-02-03T14:56:00Z,,FAVORABLE_FIRST,2026-02-03T14:57:00Z,,FAVORABLE_FIRST,2026-02-03T14:57:00Z,,FAVORABLE_FIRST,2026-02-03T14:59:00Z,,FAVORABLE_FIRST,2026-02-03T15:00:00Z,,2026-02-03T15:00:00Z,,FAVORABLE_FIRST,2026-02-03T15:01:00Z,,FAVORABLE_FIRST,2026-02-03T15:01:00Z,,FAVORABLE_FIRST,2026-02-03T15:01:00Z,,FAVORABLE_FIRST,2026-02-03T15:02:00Z,,FAVORABLE_FIRST,2026-02-03T15:01:00Z,,FAVORABLE_FIRST,2026-02-03T15:01:00Z,,FAVORABLE_FIRST,2026-02-03T15:02:00Z,,FAVORABLE_FIRST,2026-02-03T15:12:00Z,,FAVORABLE_FIRST,2026-02-03T15:24:00Z,
SPY:2026-02-04:LONG:2026-02-04T14:35:00+00:00:v1,2026-02-04,LONG,690.610000000000,690.650000000000,0.040000000000,0.040000000000,5,WORSE,0.840000000000,0.800000000000,8.850000000000,8.890000000000,-4.490000000000,-4.530000000000,0.040000000000,-0.040000000000,True,15,10,2026-02-04T14:40:00Z,2026-02-04T14:55:00Z,ADVERSE_FIRST,2026-02-04T14:42:00Z,2026-02-04T14:41:00Z,ADVERSE_FIRST,2026-02-04T14:43:00Z,2026-02-04T14:41:00Z,ADVERSE_FIRST,2026-02-04T14:48:00Z,2026-02-04T14:41:00Z,ADVERSE_FIRST,,2026-02-04T14:41:00Z,ADVERSE_FIRST,2026-02-04T14:43:00Z,2026-02-04T14:41:00Z,ADVERSE_FIRST,2026-02-04T14:48:00Z,2026-02-04T14:41:00Z,ADVERSE_FIRST,,2026-02-04T14:41:00Z,ADVERSE_FIRST,,2026-02-04T14:41:00Z,ADVERSE_FIRST,,2026-02-04T14:41:00Z,2026-02-04T14:45:00Z,2026-02-04T14:55:00Z,ADVERSE_FIRST,2026-02-04T14:47:00Z,2026-02-04T14:46:00Z,ADVERSE_FIRST,2026-02-04T14:48:00Z,2026-02-04T14:46:00Z,ADVERSE_FIRST,2026-02-04T14:48:00Z,2026-02-04T14:46:00Z,ADVERSE_FIRST,,2026-02-04T14:46:00Z,ADVERSE_FIRST,2026-02-04T14:48:00Z,2026-02-04T14:46:00Z,ADVERSE_FIRST,2026-02-04T14:48:00Z,2026-02-04T14:46:00Z,ADVERSE_FIRST,,2026-02-04T14:46:00Z,ADVERSE_FIRST,,2026-02-04T14:46:00Z,ADVERSE_FIRST,,2026-02-04T14:46:00Z
SPY:2026-02-04:SHORT:2026-02-04T14:57:00+00:00:v1,2026-02-04,SHORT,688.190000000000,687.280000000000,-0.910000000000,0.910000000000,5,WORSE,6.430000000000,5.520000000000,2.660000000000,3.570000000000,2.070000000000,1.160000000000,0.910000000000,-0.910000000000,True,25,20,2026-02-04T15:00:00Z,2026-02-04T15:25:00Z,FAVORABLE_FIRST,2026-02-04T15:01:00Z,2026-02-04T15:07:00Z,FAVORABLE_FIRST,2026-02-04T15:01:00Z,2026-02-04T15:07:00Z,FAVORABLE_FIRST,2026-02-04T15:01:00Z,2026-02-04T15:07:00Z,FAVORABLE_FIRST,2026-02-04T15:01:00Z,2026-02-04T15:07:00Z,FAVORABLE_FIRST,2026-02-04T15:01:00Z,2026-02-04T15:07:00Z,FAVORABLE_FIRST,2026-02-04T15:01:00Z,2026-02-04T15:07:00Z,FAVORABLE_FIRST,2026-02-04T15:01:00Z,2026-02-04T15:07:00Z,FAVORABLE_FIRST,2026-02-04T15:02:00Z,2026-02-04T15:07:00Z,ADVERSE_FIRST,2026-02-04T16:40:00Z,2026-02-04T15:07:00Z,2026-02-04T15:05:00Z,2026-02-04T15:25:00Z,ADVERSE_FIRST,2026-02-04T16:05:00Z,2026-02-04T15:06:00Z,ADVERSE_FIRST,2026-02-04T16:09:00Z,2026-02-04T15:06:00Z,ADVERSE_FIRST,2026-02-04T16:19:00Z,2026-02-04T15:06:00Z,ADVERSE_FIRST,2026-02-04T16:40:00Z,2026-02-04T15:06:00Z,ADVERSE_FIRST,2026-02-04T16:09:00Z,2026-02-04T15:06:00Z,ADVERSE_FIRST,2026-02-04T16:19:00Z,2026-02-04T15:06:00Z,ADVERSE_FIRST,2026-02-04T16:40:00Z,2026-02-04T15:06:00Z,ADVERSE_FIRST,2026-02-04T16:43:00Z,2026-02-04T15:06:00Z,ADVERSE_FIRST,2026-02-04T16:45:00Z,2026-02-04T15:06:00Z
SPY:2026-02-04:SHORT:2026-02-04T15:31:00+00:00:v1,2026-02-04,SHORT,688.300000000000,688.840000000000,0.540000000000,-0.540000000000,5,BETTER,6.540000000000,7.080000000000,1.970000000000,1.430000000000,2.180000000000,2.720000000000,-0.540000000000,0.540000000000,True,10,5,2026-02-04T15:35:00Z,2026-02-04T15:45:00Z,FAVORABLE_FIRST,2026-02-04T15:36:00Z,2026-02-04T15:38:00Z,FAVORABLE_FIRST,2026-02-04T15:36:00Z,2026-02-04T15:38:00Z,FAVORABLE_FIRST,2026-02-04T15:37:00Z,2026-02-04T15:38:00Z,ADVERSE_FIRST,2026-02-04T16:02:00Z,2026-02-04T15:38:00Z,FAVORABLE_FIRST,2026-02-04T15:36:00Z,2026-02-04T15:38:00Z,FAVORABLE_FIRST,2026-02-04T15:37:00Z,2026-02-04T15:38:00Z,ADVERSE_FIRST,2026-02-04T16:02:00Z,2026-02-04T15:38:00Z,ADVERSE_FIRST,2026-02-04T16:09:00Z,2026-02-04T15:38:00Z,ADVERSE_FIRST,2026-02-04T16:40:00Z,2026-02-04T15:38:00Z,2026-02-04T15:40:00Z,2026-02-04T15:45:00Z,ADVERSE_FIRST,2026-02-04T15:46:00Z,2026-02-04T15:41:00Z,ADVERSE_FIRST,2026-02-04T15:51:00Z,2026-02-04T15:41:00Z,ADVERSE_FIRST,2026-02-04T16:01:00Z,2026-02-04T15:41:00Z,ADVERSE_FIRST,2026-02-04T16:02:00Z,2026-02-04T15:41:00Z,ADVERSE_FIRST,2026-02-04T15:51:00Z,2026-02-04T15:41:00Z,ADVERSE_FIRST,2026-02-04T16:01:00Z,2026-02-04T15:41:00Z,ADVERSE_FIRST,2026-02-04T16:02:00Z,2026-02-04T15:41:00Z,ADVERSE_FIRST,2026-02-04T16:02:00Z,2026-02-04T15:41:00Z,ADVERSE_FIRST,2026-02-04T16:09:00Z,2026-02-04T15:41:00Z
SPY:2026-02-04:SHORT:2026-02-04T15:46:00+00:00:v1,2026-02-04,SHORT,688.680000000000,688.810000000000,0.130000000000,-0.130000000000,5,BETTER,6.920000000000,7.050000000000,0.660000000000,0.360000000000,2.560000000000,2.690000000000,-0.130000000000,0.300000000000,True,,,2026-02-04T15:50:00Z,,FAVORABLE_FIRST,2026-02-04T15:51:00Z,2026-02-04T15:53:00Z,ADVERSE_FIRST,2026-02-04T16:00:00Z,2026-02-04T15:53:00Z,ADVERSE_FIRST,2026-02-04T16:01:00Z,2026-02-04T15:53:00Z,ADVERSE_FIRST,2026-02-04T16:02:00Z,2026-02-04T15:53:00Z,ADVERSE_FIRST,2026-02-04T16:00:00Z,2026-02-04T15:53:00Z,ADVERSE_FIRST,2026-02-04T16:01:00Z,2026-02-04T15:53:00Z,ADVERSE_FIRST,2026-02-04T16:02:00Z,2026-02-04T15:53:00Z,ADVERSE_FIRST,2026-02-04T16:03:00Z,2026-02-04T15:53:00Z,ADVERSE_FIRST,2026-02-04T16:09:00Z,2026-02-04T15:53:00Z,2026-02-04T15:55:00Z,,AMBIGUOUS_SAME_BAR,2026-02-04T15:56:00Z,2026-02-04T15:56:00Z,ADVERSE_FIRST,2026-02-04T15:57:00Z,2026-02-04T15:56:00Z,ADVERSE_FIRST,2026-02-04T16:01:00Z,2026-02-04T15:56:00Z,ADVERSE_FIRST,2026-02-04T16:02:00Z,2026-02-04T15:56:00Z,ADVERSE_FIRST,2026-02-04T15:57:00Z,2026-02-04T15:56:00Z,ADVERSE_FIRST,2026-02-04T16:01:00Z,2026-02-04T15:56:00Z,ADVERSE_FIRST,2026-02-04T16:02:00Z,2026-02-04T15:56:00Z,ADVERSE_FIRST,2026-02-04T16:02:00Z,2026-02-04T15:56:00Z,ADVERSE_FIRST,2026-02-04T16:09:00Z,2026-02-04T15:56:00Z
SPY:2026-02-05:LONG:2026-02-05T14:35:00+00:00:v1,2026-02-05,LONG,682.480000000000,682.940000000000,0.460000000000,0.460000000000,5,WORSE,1.210000000000,0.750000000000,6.690000000000,7.150000000000,-5.030000000000,-5.490000000000,0.460000000000,-0.460000000000,True,20,15,2026-02-05T14:40:00Z,2026-02-05T15:00:00Z,ADVERSE_FIRST,2026-02-05T14:43:00Z,2026-02-05T14:41:00Z,ADVERSE_FIRST,2026-02-05T14:43:00Z,2026-02-05T14:41:00Z,ADVERSE_FIRST,2026-02-05T14:44:00Z,2026-02-05T14:41:00Z,ADVERSE_FIRST,2026-02-05T14:50:00Z,2026-02-05T14:41:00Z,ADVERSE_FIRST,2026-02-05T14:43:00Z,2026-02-05T14:41:00Z,ADVERSE_FIRST,2026-02-05T14:44:00Z,2026-02-05T14:41:00Z,ADVERSE_FIRST,2026-02-05T14:50:00Z,2026-02-05T14:41:00Z,ADVERSE_FIRST,,2026-02-05T14:41:00Z,ADVERSE_FIRST,,2026-02-05T14:41:00Z,2026-02-05T14:45:00Z,2026-02-05T15:00:00Z,AMBIGUOUS_SAME_BAR,2026-02-05T14:46:00Z,2026-02-05T14:46:00Z,ADVERSE_FIRST,2026-02-05T14:50:00Z,2026-02-05T14:46:00Z,ADVERSE_FIRST,2026-02-05T14:50:00Z,2026-02-05T14:46:00Z,ADVERSE_FIRST,,2026-02-05T14:46:00Z,ADVERSE_FIRST,2026-02-05T14:50:00Z,2026-02-05T14:46:00Z,ADVERSE_FIRST,2026-02-05T14:50:00Z,2026-02-05T14:46:00Z,ADVERSE_FIRST,,2026-02-05T14:46:00Z,ADVERSE_FIRST,,2026-02-05T14:46:00Z,ADVERSE_FIRST,,2026-02-05T14:46:00Z
SPY:2026-02-05:SHORT:2026-02-05T15:10:00+00:00:v1,2026-02-05,SHORT,676.860000000000,678.120000000000,1.260000000000,-1.260000000000,5,BETTER,1.070000000000,2.330000000000,5.755000000000,4.495000000000,-0.590000000000,0.670000000000,-1.260000000000,1.260000000000,True,70,65,2026-02-05T15:15:00Z,2026-02-05T16:25:00Z,ADVERSE_FIRST,2026-02-05T15:26:00Z,2026-02-05T15:16:00Z,ADVERSE_FIRST,2026-02-05T15:27:00Z,2026-02-05T15:16:00Z,ADVERSE_FIRST,2026-02-05T15:32:00Z,2026-02-05T15:16:00Z,ADVERSE_FIRST,2026-02-05T16:14:00Z,2026-02-05T15:16:00Z,ADVERSE_FIRST,2026-02-05T15:27:00Z,2026-02-05T15:16:00Z,ADVERSE_FIRST,2026-02-05T15:32:00Z,2026-02-05T15:16:00Z,ADVERSE_FIRST,2026-02-05T16:14:00Z,2026-02-05T15:16:00Z,ADVERSE_FIRST,,2026-02-05T15:16:00Z,ADVERSE_FIRST,,2026-02-05T15:16:00Z,2026-02-05T15:20:00Z,2026-02-05T16:25:00Z,FAVORABLE_FIRST,2026-02-05T15:21:00Z,2026-02-05T15:22:00Z,FAVORABLE_FIRST,2026-02-05T15:21:00Z,2026-02-05T15:22:00Z,FAVORABLE_FIRST,2026-02-05T15:21:00Z,2026-02-05T15:22:00Z,ADVERSE_FIRST,2026-02-05T15:23:00Z,2026-02-05T15:22:00Z,FAVORABLE_FIRST,2026-02-05T15:21:00Z,2026-02-05T15:42:00Z,FAVORABLE_FIRST,2026-02-05T15:21:00Z,2026-02-05T15:42:00Z,FAVORABLE_FIRST,2026-02-05T15:23:00Z,2026-02-05T15:42:00Z,FAVORABLE_FIRST,2026-02-05T15:26:00Z,2026-02-05T15:42:00Z,FAVORABLE_FIRST,2026-02-05T15:32:00Z,2026-02-05T15:42:00Z
SPY:2026-02-05:LONG:2026-02-05T16:51:00+00:00:v1,2026-02-05,LONG,681.045000000000,681.240000000000,0.195000000000,0.195000000000,5,WORSE,1.570000000000,1.375000000000,4.859500000000,5.054500000000,-3.595000000000,-3.790000000000,0.195000000000,-0.195000000000,True,10,5,2026-02-05T16:55:00Z,2026-02-05T17:05:00Z,AMBIGUOUS_SAME_BAR,2026-02-05T16:56:00Z,2026-02-05T16:56:00Z,ADVERSE_FIRST,2026-02-05T17:25:00Z,2026-02-05T16:56:00Z,ADVERSE_FIRST,2026-02-05T17:26:00Z,2026-02-05T16:56:00Z,ADVERSE_FIRST,2026-02-05T17:40:00Z,2026-02-05T16:56:00Z,ADVERSE_FIRST,2026-02-05T17:25:00Z,2026-02-05T16:56:00Z,ADVERSE_FIRST,2026-02-05T17:26:00Z,2026-02-05T16:56:00Z,ADVERSE_FIRST,2026-02-05T17:40:00Z,2026-02-05T16:56:00Z,ADVERSE_FIRST,2026-02-05T17:46:00Z,2026-02-05T16:56:00Z,ADVERSE_FIRST,,2026-02-05T16:56:00Z,2026-02-05T17:00:00Z,2026-02-05T17:05:00Z,ADVERSE_FIRST,2026-02-05T17:25:00Z,2026-02-05T17:01:00Z,ADVERSE_FIRST,2026-02-05T17:26:00Z,2026-02-05T17:01:00Z,ADVERSE_FIRST,2026-02-05T17:40:00Z,2026-02-05T17:01:00Z,ADVERSE_FIRST,2026-02-05T17:41:00Z,2026-02-05T17:01:00Z,ADVERSE_FIRST,2026-02-05T17:26:00Z,2026-02-05T17:01:00Z,ADVERSE_FIRST,2026-02-05T17:40:00Z,2026-02-05T17:01:00Z,ADVERSE_FIRST,2026-02-05T17:41:00Z,2026-02-05T17:01:00Z,ADVERSE_FIRST,,2026-02-05T17:01:00Z,ADVERSE_FIRST,,2026-02-05T17:01:00Z
SPY:2026-02-05:LONG:2026-02-05T17:24:00+00:00:v1,2026-02-05,LONG,681.090000000000,681.500000000000,0.410000000000,0.410000000000,5,WORSE,1.525000000000,1.115000000000,4.904500000000,5.314500000000,-3.640000000000,-4.050000000000,0.410000000000,-0.410000000000,True,10,5,2026-02-05T17:25:00Z,2026-02-05T17:35:00Z,FAVORABLE_FIRST,2026-02-05T17:26:00Z,2026-02-05T17:31:00Z,FAVORABLE_FIRST,2026-02-05T17:26:00Z,2026-02-05T17:31:00Z,FAVORABLE_FIRST,2026-02-05T17:26:00Z,2026-02-05T17:31:00Z,ADVERSE_FIRST,2026-02-05T17:40:00Z,2026-02-05T17:31:00Z,FAVORABLE_FIRST,2026-02-05T17:26:00Z,2026-02-05T17:34:00Z,FAVORABLE_FIRST,2026-02-05T17:26:00Z,2026-02-05T17:34:00Z,ADVERSE_FIRST,2026-02-05T17:40:00Z,2026-02-05T17:34:00Z,ADVERSE_FIRST,2026-02-05T17:46:00Z,2026-02-05T17:34:00Z,ADVERSE_FIRST,,2026-02-05T17:34:00Z,2026-02-05T17:30:00Z,2026-02-05T17:35:00Z,ADVERSE_FIRST,2026-02-05T17:40:00Z,2026-02-05T17:31:00Z,ADVERSE_FIRST,2026-02-05T17:40:00Z,2026-02-05T17:31:00Z,ADVERSE_FIRST,2026-02-05T17:41:00Z,2026-02-05T17:31:00Z,ADVERSE_FIRST,2026-02-05T17:46:00Z,2026-02-05T17:31:00Z,ADVERSE_FIRST,2026-02-05T17:40:00Z,2026-02-05T17:31:00Z,ADVERSE_FIRST,2026-02-05T17:41:00Z,2026-02-05T17:31:00Z,ADVERSE_FIRST,2026-02-05T17:46:00Z,2026-02-05T17:31:00Z,ADVERSE_FIRST,,2026-02-05T17:31:00Z,ADVERSE_FIRST,,2026-02-05T17:31:00Z
SPY:2026-02-05:LONG:2026-02-05T17:35:00+00:00:v1,2026-02-05,LONG,681.430000000000,681.720000000000,0.290000000000,0.290000000000,5,WORSE,1.185000000000,0.895000000000,5.244500000000,5.534500000000,-3.980000000000,-4.270000000000,0.290000000000,-0.290000000000,True,15,10,2026-02-05T17:40:00Z,2026-02-05T17:55:00Z,FAVORABLE_FIRST,2026-02-05T17:41:00Z,2026-02-05T17:48:00Z,FAVORABLE_FIRST,2026-02-05T17:41:00Z,2026-02-05T17:48:00Z,FAVORABLE_FIRST,2026-02-05T17:41:00Z,2026-02-05T17:48:00Z,FAVORABLE_FIRST,2026-02-05T17:46:00Z,2026-02-05T17:48:00Z,FAVORABLE_FIRST,2026-02-05T17:41:00Z,2026-02-05T17:48:00Z,FAVORABLE_FIRST,2026-02-05T17:41:00Z,2026-02-05T17:48:00Z,FAVORABLE_FIRST,2026-02-05T17:46:00Z,2026-02-05T17:48:00Z,ADVERSE_FIRST,,2026-02-05T17:48:00Z,ADVERSE_FIRST,,2026-02-05T17:48:00Z,2026-02-05T17:45:00Z,2026-02-05T17:55:00Z,FAVORABLE_FIRST,2026-02-05T17:46:00Z,2026-02-05T17:48:00Z,FAVORABLE_FIRST,2026-02-05T17:46:00Z,2026-02-05T17:48:00Z,FAVORABLE_FIRST,2026-02-05T17:46:00Z,2026-02-05T17:48:00Z,ADVERSE_FIRST,,2026-02-05T17:48:00Z,FAVORABLE_FIRST,2026-02-05T17:46:00Z,2026-02-05T17:48:00Z,FAVORABLE_FIRST,2026-02-05T17:46:00Z,2026-02-05T17:48:00Z,ADVERSE_FIRST,,2026-02-05T17:48:00Z,ADVERSE_FIRST,,2026-02-05T17:48:00Z,ADVERSE_FIRST,,2026-02-05T17:48:00Z
SPY:2026-02-05:SHORT:2026-02-05T18:46:00+00:00:v1,2026-02-05,SHORT,678.520000000000,678.020000000000,-0.500000000000,0.500000000000,5,WORSE,2.334500000000,1.834500000000,2.950000000000,3.450000000000,1.070000000000,0.570000000000,0.500000000000,-0.500000000000,True,15,10,2026-02-05T18:50:00Z,2026-02-05T19:05:00Z,FAVORABLE_FIRST,2026-02-05T18:51:00Z,2026-02-05T19:03:00Z,FAVORABLE_FIRST,2026-02-05T18:51:00Z,2026-02-05T19:03:00Z,FAVORABLE_FIRST,2026-02-05T18:53:00Z,2026-02-05T19:03:00Z,ADVERSE_FIRST,2026-02-05T20:31:00Z,2026-02-05T19:03:00Z,FAVORABLE_FIRST,2026-02-05T18:51:00Z,2026-02-05T19:03:00Z,FAVORABLE_FIRST,2026-02-05T18:53:00Z,2026-02-05T19:03:00Z,ADVERSE_FIRST,2026-02-05T20:31:00Z,2026-02-05T19:03:00Z,ADVERSE_FIRST,2026-02-05T20:44:00Z,2026-02-05T19:03:00Z,ADVERSE_FIRST,2026-02-05T20:48:00Z,2026-02-05T19:03:00Z,2026-02-05T18:55:00Z,2026-02-05T19:05:00Z,FAVORABLE_FIRST,2026-02-05T18:56:00Z,2026-02-05T18:57:00Z,ADVERSE_FIRST,2026-02-05T20:31:00Z,2026-02-05T18:57:00Z,ADVERSE_FIRST,2026-02-05T20:34:00Z,2026-02-05T18:57:00Z,ADVERSE_FIRST,2026-02-05T20:44:00Z,2026-02-05T18:57:00Z,ADVERSE_FIRST,2026-02-05T20:31:00Z,2026-02-05T18:57:00Z,ADVERSE_FIRST,2026-02-05T20:34:00Z,2026-02-05T18:57:00Z,ADVERSE_FIRST,2026-02-05T20:44:00Z,2026-02-05T18:57:00Z,ADVERSE_FIRST,2026-02-05T20:48:00Z,2026-02-05T18:57:00Z,ADVERSE_FIRST,,2026-02-05T18:57:00Z
SPY:2026-02-05:LONG:2026-02-05T19:17:00+00:00:v1,2026-02-05,LONG,681.130000000000,681.210000000000,0.080000000000,0.080000000000,5,WORSE,0.340000000000,0,4.944500000000,5.024500000000,-3.680000000000,-3.760000000000,0.340000000000,-0.080000000000,True,10,5,2026-02-05T19:20:00Z,2026-02-05T19:30:00Z,FAVORABLE_FIRST,2026-02-05T19:21:00Z,2026-02-05T19:25:00Z,ADVERSE_FIRST,,2026-02-05T19:25:00Z,ADVERSE_FIRST,,2026-02-05T19:25:00Z,ADVERSE_FIRST,,2026-02-05T19:25:00Z,ADVERSE_FIRST,,2026-02-05T19:25:00Z,ADVERSE_FIRST,,2026-02-05T19:25:00Z,ADVERSE_FIRST,,2026-02-05T19:25:00Z,ADVERSE_FIRST,,2026-02-05T19:25:00Z,ADVERSE_FIRST,,2026-02-05T19:25:00Z,2026-02-05T19:25:00Z,2026-02-05T19:30:00Z,ADVERSE_FIRST,,2026-02-05T19:26:00Z,ADVERSE_FIRST,,2026-02-05T19:26:00Z,ADVERSE_FIRST,,2026-02-05T19:26:00Z,ADVERSE_FIRST,,2026-02-05T19:26:00Z,ADVERSE_FIRST,,2026-02-05T19:26:00Z,ADVERSE_FIRST,,2026-02-05T19:26:00Z,ADVERSE_FIRST,,2026-02-05T19:26:00Z,ADVERSE_FIRST,,2026-02-05T19:26:00Z,ADVERSE_FIRST,,2026-02-05T19:26:00Z
SPY:2026-02-05:SHORT:2026-02-05T20:20:00+00:00:v1,2026-02-05,SHORT,677.980000000000,677.770000000000,-0.210000000000,0.210000000000,5,WORSE,1.794500000000,1.584500000000,0.369900000000,0.579900000000,0.530000000000,0.320000000000,0.210000000000,-0.210000000000,True,,,2026-02-05T20:25:00Z,,FAVORABLE_FIRST,2026-02-05T20:26:00Z,2026-02-05T20:40:00Z,FAVORABLE_FIRST,2026-02-05T20:31:00Z,2026-02-05T20:40:00Z,FAVORABLE_FIRST,2026-02-05T20:35:00Z,2026-02-05T20:40:00Z,ADVERSE_FIRST,2026-02-05T20:44:00Z,2026-02-05T20:40:00Z,FAVORABLE_FIRST,2026-02-05T20:31:00Z,2026-02-05T20:40:00Z,FAVORABLE_FIRST,2026-02-05T20:35:00Z,2026-02-05T20:40:00Z,ADVERSE_FIRST,2026-02-05T20:44:00Z,2026-02-05T20:40:00Z,ADVERSE_FIRST,2026-02-05T20:51:00Z,2026-02-05T20:40:00Z,ADVERSE_FIRST,,2026-02-05T20:40:00Z,2026-02-05T20:30:00Z,,AMBIGUOUS_SAME_BAR,2026-02-05T20:31:00Z,2026-02-05T20:31:00Z,ADVERSE_FIRST,2026-02-05T20:34:00Z,2026-02-05T20:31:00Z,ADVERSE_FIRST,2026-02-05T20:44:00Z,2026-02-05T20:31:00Z,ADVERSE_FIRST,2026-02-05T20:47:00Z,2026-02-05T20:31:00Z,ADVERSE_FIRST,2026-02-05T20:34:00Z,2026-02-05T20:31:00Z,ADVERSE_FIRST,2026-02-05T20:44:00Z,2026-02-05T20:31:00Z,ADVERSE_FIRST,2026-02-05T20:47:00Z,2026-02-05T20:31:00Z,ADVERSE_FIRST,2026-02-05T20:52:00Z,2026-02-05T20:31:00Z,ADVERSE_FIRST,,2026-02-05T20:31:00Z
SPY:2026-02-06:LONG:2026-02-06T14:38:00+00:00:v1,2026-02-06,LONG,684.710000000000,685.550000000000,0.840000000000,0.840000000000,5,WORSE,7.600000000000,6.760000000000,1.600000000000,2.440000000000,5.950000000000,5.110000000000,0.840000000000,-0.840000000000,True,25,20,2026-02-06T14:40:00Z,2026-02-06T15:05:00Z,AMBIGUOUS_SAME_BAR,2026-02-06T14:41:00Z,2026-02-06T14:41:00Z,ADVERSE_FIRST,2026-02-06T14:44:00Z,2026-02-06T14:41:00Z,ADVERSE_FIRST,2026-02-06T14:44:00Z,2026-02-06T14:41:00Z,ADVERSE_FIRST,2026-02-06T14:45:00Z,2026-02-06T14:41:00Z,ADVERSE_FIRST,2026-02-06T14:44:00Z,2026-02-06T14:41:00Z,ADVERSE_FIRST,2026-02-06T14:44:00Z,2026-02-06T14:41:00Z,ADVERSE_FIRST,2026-02-06T14:45:00Z,2026-02-06T14:41:00Z,ADVERSE_FIRST,2026-02-06T14:51:00Z,2026-02-06T14:41:00Z,ADVERSE_FIRST,2026-02-06T15:42:00Z,2026-02-06T14:41:00Z,2026-02-06T14:45:00Z,2026-02-06T15:05:00Z,ADVERSE_FIRST,2026-02-06T14:50:00Z,2026-02-06T14:46:00Z,ADVERSE_FIRST,2026-02-06T14:51:00Z,2026-02-06T14:46:00Z,ADVERSE_FIRST,2026-02-06T14:51:00Z,2026-02-06T14:46:00Z,ADVERSE_FIRST,2026-02-06T15:42:00Z,2026-02-06T14:46:00Z,ADVERSE_FIRST,2026-02-06T14:51:00Z,2026-02-06T14:46:00Z,ADVERSE_FIRST,2026-02-06T14:51:00Z,2026-02-06T14:46:00Z,ADVERSE_FIRST,2026-02-06T15:42:00Z,2026-02-06T14:46:00Z,ADVERSE_FIRST,2026-02-06T16:07:00Z,2026-02-06T14:46:00Z,ADVERSE_FIRST,2026-02-06T16:21:00Z,2026-02-06T14:46:00Z
SPY:2026-02-06:LONG:2026-02-06T15:25:00+00:00:v1,2026-02-06,LONG,685.650000000000,686.150000000000,0.500000000000,0.500000000000,5,WORSE,6.660000000000,6.160000000000,1.320000000000,1.820000000000,5.010000000000,4.510000000000,0.500000000000,-0.500000000000,True,,,2026-02-06T15:30:00Z,,ADVERSE_FIRST,2026-02-06T15:33:00Z,2026-02-06T15:31:00Z,ADVERSE_FIRST,2026-02-06T15:34:00Z,2026-02-06T15:31:00Z,ADVERSE_FIRST,2026-02-06T15:41:00Z,2026-02-06T15:31:00Z,ADVERSE_FIRST,2026-02-06T15:42:00Z,2026-02-06T15:31:00Z,ADVERSE_FIRST,2026-02-06T15:34:00Z,2026-02-06T15:31:00Z,ADVERSE_FIRST,2026-02-06T15:41:00Z,2026-02-06T15:31:00Z,ADVERSE_FIRST,2026-02-06T15:42:00Z,2026-02-06T15:31:00Z,ADVERSE_FIRST,2026-02-06T16:07:00Z,2026-02-06T15:31:00Z,ADVERSE_FIRST,2026-02-06T16:22:00Z,2026-02-06T15:31:00Z,2026-02-06T15:35:00Z,,ADVERSE_FIRST,2026-02-06T15:41:00Z,2026-02-06T15:36:00Z,ADVERSE_FIRST,2026-02-06T15:42:00Z,2026-02-06T15:36:00Z,ADVERSE_FIRST,2026-02-06T15:46:00Z,2026-02-06T15:36:00Z,ADVERSE_FIRST,2026-02-06T16:07:00Z,2026-02-06T15:36:00Z,ADVERSE_FIRST,2026-02-06T15:42:00Z,2026-02-06T15:36:00Z,ADVERSE_FIRST,2026-02-06T15:46:00Z,2026-02-06T15:36:00Z,ADVERSE_FIRST,2026-02-06T16:07:00Z,2026-02-06T15:36:00Z,ADVERSE_FIRST,2026-02-06T16:22:00Z,2026-02-06T15:36:00Z,ADVERSE_FIRST,2026-02-06T17:07:00Z,2026-02-06T15:36:00Z
SPY:2026-02-09:LONG:2026-02-09T14:37:00+00:00:v1,2026-02-09,LONG,691.130000000000,691.195000000000,0.065000000000,0.065000000000,5,WORSE,4.740000000000,4.675000000000,1.350000000000,1.415000000000,2.790000000000,2.725000000000,0.065000000000,-0.065000000000,True,,,2026-02-09T14:40:00Z,,AMBIGUOUS_SAME_BAR,2026-02-09T14:41:00Z,2026-02-09T14:41:00Z,ADVERSE_FIRST,2026-02-09T14:49:00Z,2026-02-09T14:41:00Z,ADVERSE_FIRST,2026-02-09T15:07:00Z,2026-02-09T14:41:00Z,ADVERSE_FIRST,2026-02-09T15:15:00Z,2026-02-09T14:41:00Z,ADVERSE_FIRST,2026-02-09T14:49:00Z,2026-02-09T14:42:00Z,ADVERSE_FIRST,2026-02-09T15:07:00Z,2026-02-09T14:42:00Z,ADVERSE_FIRST,2026-02-09T15:15:00Z,2026-02-09T14:42:00Z,ADVERSE_FIRST,2026-02-09T15:19:00Z,2026-02-09T14:42:00Z,ADVERSE_FIRST,2026-02-09T15:34:00Z,2026-02-09T14:42:00Z,2026-02-09T14:45:00Z,,AMBIGUOUS_SAME_BAR,2026-02-09T14:46:00Z,2026-02-09T14:46:00Z,ADVERSE_FIRST,2026-02-09T15:06:00Z,2026-02-09T14:46:00Z,ADVERSE_FIRST,2026-02-09T15:15:00Z,2026-02-09T14:46:00Z,ADVERSE_FIRST,2026-02-09T15:15:00Z,2026-02-09T14:46:00Z,ADVERSE_FIRST,2026-02-09T15:06:00Z,2026-02-09T14:47:00Z,ADVERSE_FIRST,2026-02-09T15:15:00Z,2026-02-09T14:47:00Z,ADVERSE_FIRST,2026-02-09T15:15:00Z,2026-02-09T14:47:00Z,ADVERSE_FIRST,2026-02-09T15:20:00Z,2026-02-09T14:47:00Z,ADVERSE_FIRST,2026-02-09T15:34:00Z,2026-02-09T14:47:00Z
SPY:2026-02-10:SHORT:2026-02-10T14:36:00+00:00:v1,2026-02-10,SHORT,694.370000000000,693.985000000000,-0.385000000000,0.385000000000,5,WORSE,2.710000000000,2.325000000000,2.170000000000,2.555000000000,2.260000000000,1.875000000000,0.385000000000,-0.385000000000,True,15,10,2026-02-10T14:40:00Z,2026-02-10T14:55:00Z,FAVORABLE_FIRST,2026-02-10T14:41:00Z,2026-02-10T14:51:00Z,FAVORABLE_FIRST,2026-02-10T14:42:00Z,2026-02-10T14:51:00Z,FAVORABLE_FIRST,2026-02-10T14:42:00Z,2026-02-10T14:51:00Z,ADVERSE_FIRST,2026-02-10T18:29:00Z,2026-02-10T14:51:00Z,FAVORABLE_FIRST,2026-02-10T14:42:00Z,2026-02-10T14:51:00Z,FAVORABLE_FIRST,2026-02-10T14:42:00Z,2026-02-10T14:51:00Z,ADVERSE_FIRST,2026-02-10T18:29:00Z,2026-02-10T14:51:00Z,ADVERSE_FIRST,2026-02-10T18:52:00Z,2026-02-10T14:51:00Z,ADVERSE_FIRST,2026-02-10T20:53:00Z,2026-02-10T14:51:00Z,2026-02-10T14:45:00Z,2026-02-10T14:55:00Z,FAVORABLE_FIRST,2026-02-10T14:47:00Z,2026-02-10T14:48:00Z,ADVERSE_FIRST,2026-02-10T18:29:00Z,2026-02-10T14:48:00Z,ADVERSE_FIRST,2026-02-10T18:34:00Z,2026-02-10T14:48:00Z,ADVERSE_FIRST,2026-02-10T18:51:00Z,2026-02-10T14:48:00Z,ADVERSE_FIRST,2026-02-10T18:29:00Z,2026-02-10T14:50:00Z,ADVERSE_FIRST,2026-02-10T18:34:00Z,2026-02-10T14:50:00Z,ADVERSE_FIRST,2026-02-10T18:51:00Z,2026-02-10T14:50:00Z,ADVERSE_FIRST,2026-02-10T20:52:00Z,2026-02-10T14:50:00Z,ADVERSE_FIRST,2026-02-10T20:56:00Z,2026-02-10T14:50:00Z
SPY:2026-02-10:LONG:2026-02-10T14:55:00+00:00:v1,2026-02-10,LONG,695.750000000000,695.810000000000,0.060000000000,0.060000000000,5,WORSE,0.790000000000,0.730000000000,4.090000000000,4.150000000000,-3.640000000000,-3.700000000000,0.060000000000,-0.060000000000,True,15,10,2026-02-10T15:00:00Z,2026-02-10T15:15:00Z,ADVERSE_FIRST,2026-02-10T15:06:00Z,2026-02-10T15:03:00Z,ADVERSE_FIRST,2026-02-10T15:06:00Z,2026-02-10T15:03:00Z,ADVERSE_FIRST,2026-02-10T15:31:00Z,2026-02-10T15:03:00Z,ADVERSE_FIRST,,2026-02-10T15:03:00Z,FAVORABLE_FIRST,2026-02-10T15:06:00Z,2026-02-10T15:13:00Z,ADVERSE_FIRST,2026-02-10T15:31:00Z,2026-02-10T15:13:00Z,ADVERSE_FIRST,,2026-02-10T15:13:00Z,ADVERSE_FIRST,,2026-02-10T15:13:00Z,ADVERSE_FIRST,,2026-02-10T15:13:00Z,2026-02-10T15:05:00Z,2026-02-10T15:15:00Z,FAVORABLE_FIRST,2026-02-10T15:06:00Z,2026-02-10T15:13:00Z,FAVORABLE_FIRST,2026-02-10T15:06:00Z,2026-02-10T15:13:00Z,ADVERSE_FIRST,,2026-02-10T15:13:00Z,ADVERSE_FIRST,,2026-02-10T15:13:00Z,FAVORABLE_FIRST,2026-02-10T15:06:00Z,2026-02-10T15:13:00Z,ADVERSE_FIRST,,2026-02-10T15:13:00Z,ADVERSE_FIRST,,2026-02-10T15:13:00Z,ADVERSE_FIRST,,2026-02-10T15:13:00Z,ADVERSE_FIRST,,2026-02-10T15:13:00Z
SPY:2026-02-10:LONG:2026-02-10T15:25:00+00:00:v1,2026-02-10,LONG,695.920000000000,695.921300000000,0.001300000000,0.001300000000,5,UNCHANGED_WITHIN_ONE_CENT,0.620000000000,0.288700000000,4.260000000000,4.261300000000,-3.810000000000,-3.811300000000,0.331300000000,-0.001300000000,True,30,25,2026-02-10T15:30:00Z,2026-02-10T16:00:00Z,FAVORABLE_FIRST,2026-02-10T15:31:00Z,2026-02-10T15:36:00Z,FAVORABLE_FIRST,2026-02-10T15:31:00Z,2026-02-10T15:36:00Z,ADVERSE_FIRST,,2026-02-10T15:36:00Z,ADVERSE_FIRST,,2026-02-10T15:36:00Z,FAVORABLE_FIRST,2026-02-10T15:31:00Z,2026-02-10T15:36:00Z,ADVERSE_FIRST,,2026-02-10T15:36:00Z,ADVERSE_FIRST,,2026-02-10T15:36:00Z,ADVERSE_FIRST,,2026-02-10T15:36:00Z,ADVERSE_FIRST,,2026-02-10T15:36:00Z,2026-02-10T15:35:00Z,2026-02-10T16:00:00Z,ADVERSE_FIRST,2026-02-10T15:47:00Z,2026-02-10T15:36:00Z,ADVERSE_FIRST,,2026-02-10T15:36:00Z,ADVERSE_FIRST,,2026-02-10T15:36:00Z,ADVERSE_FIRST,,2026-02-10T15:36:00Z,ADVERSE_FIRST,,2026-02-10T15:36:00Z,ADVERSE_FIRST,,2026-02-10T15:36:00Z,ADVERSE_FIRST,,2026-02-10T15:36:00Z,ADVERSE_FIRST,,2026-02-10T15:36:00Z,ADVERSE_FIRST,,2026-02-10T15:36:00Z
SPY:2026-02-10:SHORT:2026-02-10T16:20:00+00:00:v1,2026-02-10,SHORT,694.528000000000,694.780000000000,0.252000000000,-0.252000000000,5,BETTER,2.868000000000,3.120000000000,1.272000000000,1.020000000000,2.418000000000,2.670000000000,-0.252000000000,0.252000000000,True,15,10,2026-02-10T16:25:00Z,2026-02-10T16:40:00Z,ADVERSE_FIRST,2026-02-10T17:04:00Z,2026-02-10T16:26:00Z,ADVERSE_FIRST,2026-02-10T18:16:00Z,2026-02-10T16:26:00Z,ADVERSE_FIRST,2026-02-10T18:20:00Z,2026-02-10T16:26:00Z,ADVERSE_FIRST,2026-02-10T18:27:00Z,2026-02-10T16:26:00Z,ADVERSE_FIRST,2026-02-10T18:16:00Z,2026-02-10T16:26:00Z,ADVERSE_FIRST,2026-02-10T18:20:00Z,2026-02-10T16:26:00Z,ADVERSE_FIRST,2026-02-10T18:27:00Z,2026-02-10T16:26:00Z,ADVERSE_FIRST,2026-02-10T18:34:00Z,2026-02-10T16:26:00Z,ADVERSE_FIRST,2026-02-10T20:52:00Z,2026-02-10T16:26:00Z,2026-02-10T16:30:00Z,2026-02-10T16:40:00Z,FAVORABLE_FIRST,2026-02-10T16:34:00Z,2026-02-10T16:42:00Z,ADVERSE_FIRST,2026-02-10T17:03:00Z,2026-02-10T16:42:00Z,ADVERSE_FIRST,2026-02-10T18:16:00Z,2026-02-10T16:42:00Z,ADVERSE_FIRST,2026-02-10T18:20:00Z,2026-02-10T16:42:00Z,ADVERSE_FIRST,2026-02-10T17:03:00Z,2026-02-10T16:42:00Z,ADVERSE_FIRST,2026-02-10T18:16:00Z,2026-02-10T16:42:00Z,ADVERSE_FIRST,2026-02-10T18:20:00Z,2026-02-10T16:42:00Z,ADVERSE_FIRST,2026-02-10T18:33:00Z,2026-02-10T16:42:00Z,ADVERSE_FIRST,2026-02-10T20:50:00Z,2026-02-10T16:42:00Z
SPY:2026-02-10:SHORT:2026-02-10T16:40:00+00:00:v1,2026-02-10,SHORT,694.645000000000,694.640000000000,-0.005000000000,0.005000000000,5,UNCHANGED_WITHIN_ONE_CENT,2.985000000000,2.980000000000,1.155000000000,1.160000000000,2.535000000000,2.530000000000,0.005000000000,-0.005000000000,True,10,5,2026-02-10T16:45:00Z,2026-02-10T16:55:00Z,ADVERSE_FIRST,2026-02-10T16:50:00Z,2026-02-10T16:46:00Z,ADVERSE_FIRST,2026-02-10T18:16:00Z,2026-02-10T16:46:00Z,ADVERSE_FIRST,2026-02-10T18:19:00Z,2026-02-10T16:46:00Z,ADVERSE_FIRST,2026-02-10T18:27:00Z,2026-02-10T16:46:00Z,ADVERSE_FIRST,2026-02-10T18:16:00Z,2026-02-10T16:46:00Z,ADVERSE_FIRST,2026-02-10T18:19:00Z,2026-02-10T16:46:00Z,ADVERSE_FIRST,2026-02-10T18:27:00Z,2026-02-10T16:46:00Z,ADVERSE_FIRST,2026-02-10T18:34:00Z,2026-02-10T16:46:00Z,ADVERSE_FIRST,2026-02-10T20:50:00Z,2026-02-10T16:46:00Z,2026-02-10T16:50:00Z,2026-02-10T16:55:00Z,FAVORABLE_FIRST,2026-02-10T16:51:00Z,2026-02-10T16:54:00Z,ADVERSE_FIRST,2026-02-10T18:16:00Z,2026-02-10T16:54:00Z,ADVERSE_FIRST,2026-02-10T18:19:00Z,2026-02-10T16:54:00Z,ADVERSE_FIRST,2026-02-10T18:27:00Z,2026-02-10T16:54:00Z,ADVERSE_FIRST,2026-02-10T18:16:00Z,2026-02-10T16:56:00Z,ADVERSE_FIRST,2026-02-10T18:19:00Z,2026-02-10T16:56:00Z,ADVERSE_FIRST,2026-02-10T18:27:00Z,2026-02-10T16:56:00Z,ADVERSE_FIRST,2026-02-10T18:34:00Z,2026-02-10T16:56:00Z,ADVERSE_FIRST,2026-02-10T20:50:00Z,2026-02-10T16:56:00Z
SPY:2026-02-10:SHORT:2026-02-10T16:55:00+00:00:v1,2026-02-10,SHORT,694.770000000000,694.480000000000,-0.290000000000,0.290000000000,5,WORSE,3.110000000000,2.820000000000,1.030000000000,1.320000000000,2.660000000000,2.370000000000,0.290000000000,-0.290000000000,True,10,5,2026-02-10T17:00:00Z,2026-02-10T17:10:00Z,FAVORABLE_FIRST,2026-02-10T17:01:00Z,2026-02-10T17:08:00Z,FAVORABLE_FIRST,2026-02-10T17:04:00Z,2026-02-10T17:08:00Z,ADVERSE_FIRST,2026-02-10T18:16:00Z,2026-02-10T17:08:00Z,ADVERSE_FIRST,2026-02-10T18:20:00Z,2026-02-10T17:08:00Z,FAVORABLE_FIRST,2026-02-10T17:04:00Z,2026-02-10T17:08:00Z,ADVERSE_FIRST,2026-02-10T18:16:00Z,2026-02-10T17:08:00Z,ADVERSE_FIRST,2026-02-10T18:20:00Z,2026-02-10T17:08:00Z,ADVERSE_FIRST,2026-02-10T18:33:00Z,2026-02-10T17:08:00Z,ADVERSE_FIRST,2026-02-10T20:50:00Z,2026-02-10T17:08:00Z,2026-02-10T17:05:00Z,2026-02-10T17:10:00Z,ADVERSE_FIRST,2026-02-10T18:16:00Z,2026-02-10T17:06:00Z,ADVERSE_FIRST,2026-02-10T18:16:00Z,2026-02-10T17:06:00Z,ADVERSE_FIRST,2026-02-10T18:20:00Z,2026-02-10T17:06:00Z,ADVERSE_FIRST,2026-02-10T18:29:00Z,2026-02-10T17:06:00Z,ADVERSE_FIRST,2026-02-10T18:16:00Z,2026-02-10T17:06:00Z,ADVERSE_FIRST,2026-02-10T18:20:00Z,2026-02-10T17:06:00Z,ADVERSE_FIRST,2026-02-10T18:29:00Z,2026-02-10T17:06:00Z,ADVERSE_FIRST,2026-02-10T18:51:00Z,2026-02-10T17:06:00Z,ADVERSE_FIRST,2026-02-10T20:52:00Z,2026-02-10T17:06:00Z
SPY:2026-02-10:SHORT:2026-02-10T18:10:00+00:00:v1,2026-02-10,SHORT,694.595000000000,694.120000000000,-0.475000000000,0.475000000000,5,WORSE,2.935000000000,2.460000000000,0,0.300000000000,2.485000000000,2.010000000000,0.475000000000,-0.300000000000,True,,,2026-02-10T18:15:00Z,,FAVORABLE_FIRST,2026-02-10T18:16:00Z,,FAVORABLE_FIRST,2026-02-10T18:16:00Z,,FAVORABLE_FIRST,2026-02-10T18:19:00Z,,FAVORABLE_FIRST,2026-02-10T18:27:00Z,,FAVORABLE_FIRST,2026-02-10T18:16:00Z,,FAVORABLE_FIRST,2026-02-10T18:19:00Z,,FAVORABLE_FIRST,2026-02-10T18:27:00Z,,FAVORABLE_FIRST,2026-02-10T18:34:00Z,,FAVORABLE_FIRST,2026-02-10T20:52:00Z,,2026-02-10T18:20:00Z,,FAVORABLE_FIRST,2026-02-10T18:21:00Z,2026-02-10T18:23:00Z,ADVERSE_FIRST,2026-02-10T18:27:00Z,2026-02-10T18:23:00Z,ADVERSE_FIRST,2026-02-10T18:29:00Z,2026-02-10T18:23:00Z,ADVERSE_FIRST,2026-02-10T18:34:00Z,2026-02-10T18:23:00Z,ADVERSE_FIRST,2026-02-10T18:27:00Z,2026-02-10T18:23:00Z,ADVERSE_FIRST,2026-02-10T18:29:00Z,2026-02-10T18:23:00Z,ADVERSE_FIRST,2026-02-10T18:34:00Z,2026-02-10T18:23:00Z,ADVERSE_FIRST,2026-02-10T20:50:00Z,2026-02-10T18:23:00Z,ADVERSE_FIRST,2026-02-10T20:55:00Z,2026-02-10T18:23:00Z
SPY:2026-02-11:SHORT:2026-02-11T14:35:00+00:00:v1,2026-02-11,SHORT,695.300000000000,695.410000000000,0.110000000000,-0.110000000000,5,BETTER,6.120000000000,6.230000000000,1.080000000000,0.970000000000,3.390000000000,3.500000000000,-0.110000000000,0.110000000000,True,,,2026-02-11T14:40:00Z,,ADVERSE_FIRST,2026-02-11T14:50:00Z,2026-02-11T14:41:00Z,ADVERSE_FIRST,2026-02-11T14:56:00Z,2026-02-11T14:41:00Z,ADVERSE_FIRST,2026-02-11T14:56:00Z,2026-02-11T14:41:00Z,ADVERSE_FIRST,2026-02-11T14:57:00Z,2026-02-11T14:41:00Z,ADVERSE_FIRST,2026-02-11T14:56:00Z,2026-02-11T14:41:00Z,ADVERSE_FIRST,2026-02-11T14:56:00Z,2026-02-11T14:41:00Z,ADVERSE_FIRST,2026-02-11T14:57:00Z,2026-02-11T14:41:00Z,ADVERSE_FIRST,2026-02-11T15:02:00Z,2026-02-11T14:41:00Z,ADVERSE_FIRST,2026-02-11T15:05:00Z,2026-02-11T14:41:00Z,2026-02-11T14:45:00Z,,ADVERSE_FIRST,2026-02-11T14:50:00Z,2026-02-11T14:46:00Z,ADVERSE_FIRST,2026-02-11T14:53:00Z,2026-02-11T14:46:00Z,ADVERSE_FIRST,2026-02-11T14:56:00Z,2026-02-11T14:46:00Z,ADVERSE_FIRST,2026-02-11T14:57:00Z,2026-02-11T14:46:00Z,ADVERSE_FIRST,2026-02-11T14:53:00Z,2026-02-11T14:46:00Z,ADVERSE_FIRST,2026-02-11T14:56:00Z,2026-02-11T14:46:00Z,ADVERSE_FIRST,2026-02-11T14:57:00Z,2026-02-11T14:46:00Z,ADVERSE_FIRST,2026-02-11T14:57:00Z,2026-02-11T14:46:00Z,ADVERSE_FIRST,2026-02-11T15:05:00Z,2026-02-11T14:46:00Z
SPY:2026-02-12:SHORT:2026-02-12T14:44:00+00:00:v1,2026-02-12,SHORT,694.029900000000,693.320100000000,-0.709800000000,0.709800000000,5,WORSE,13.659900000000,12.950100000000,0.210100000000,0.669900000000,12.739900000000,12.030100000000,0.709800000000,-0.459800000000,True,,,2026-02-12T14:45:00Z,,FAVORABLE_FIRST,2026-02-12T14:46:00Z,,FAVORABLE_FIRST,2026-02-12T14:46:00Z,,FAVORABLE_FIRST,2026-02-12T14:49:00Z,,FAVORABLE_FIRST,2026-02-12T14:56:00Z,,FAVORABLE_FIRST,2026-02-12T14:46:00Z,,FAVORABLE_FIRST,2026-02-12T14:49:00Z,,FAVORABLE_FIRST,2026-02-12T14:56:00Z,,FAVORABLE_FIRST,2026-02-12T14:58:00Z,,FAVORABLE_FIRST,2026-02-12T15:34:00Z,,2026-02-12T14:50:00Z,,ADVERSE_FIRST,2026-02-12T14:56:00Z,2026-02-12T14:51:00Z,ADVERSE_FIRST,2026-02-12T14:57:00Z,2026-02-12T14:51:00Z,ADVERSE_FIRST,2026-02-12T14:58:00Z,2026-02-12T14:51:00Z,ADVERSE_FIRST,2026-02-12T14:59:00Z,2026-02-12T14:51:00Z,ADVERSE_FIRST,2026-02-12T14:57:00Z,2026-02-12T14:51:00Z,ADVERSE_FIRST,2026-02-12T14:58:00Z,2026-02-12T14:51:00Z,ADVERSE_FIRST,2026-02-12T14:59:00Z,2026-02-12T14:51:00Z,ADVERSE_FIRST,2026-02-12T15:36:00Z,2026-02-12T14:51:00Z,ADVERSE_FIRST,2026-02-12T15:38:00Z,2026-02-12T14:51:00Z
SPY:2026-02-13:SHORT:2026-02-13T14:35:00+00:00:v1,2026-02-13,SHORT,679.840000000000,680.460000000000,0.620000000000,-0.620000000000,5,BETTER,2.320000000000,0.900000000000,6.440000000000,5.820000000000,-1.790000000000,-1.170000000000,1.420000000000,0.620000000000,True,10,5,2026-02-13T14:40:00Z,2026-02-13T14:50:00Z,FAVORABLE_FIRST,2026-02-13T14:41:00Z,2026-02-13T14:44:00Z,FAVORABLE_FIRST,2026-02-13T14:41:00Z,2026-02-13T14:44:00Z,FAVORABLE_FIRST,2026-02-13T14:41:00Z,2026-02-13T14:44:00Z,FAVORABLE_FIRST,2026-02-13T14:41:00Z,2026-02-13T14:44:00Z,FAVORABLE_FIRST,2026-02-13T14:41:00Z,2026-02-13T14:44:00Z,FAVORABLE_FIRST,2026-02-13T14:41:00Z,2026-02-13T14:44:00Z,FAVORABLE_FIRST,2026-02-13T14:41:00Z,2026-02-13T14:44:00Z,FAVORABLE_FIRST,2026-02-13T14:41:00Z,2026-02-13T14:44:00Z,FAVORABLE_FIRST,2026-02-13T14:42:00Z,2026-02-13T14:44:00Z,2026-02-13T14:45:00Z,2026-02-13T14:50:00Z,ADVERSE_FIRST,2026-02-13T14:50:00Z,2026-02-13T14:46:00Z,ADVERSE_FIRST,2026-02-13T14:50:00Z,2026-02-13T14:46:00Z,ADVERSE_FIRST,2026-02-13T14:57:00Z,2026-02-13T14:46:00Z,ADVERSE_FIRST,,2026-02-13T14:46:00Z,ADVERSE_FIRST,2026-02-13T14:50:00Z,2026-02-13T14:46:00Z,ADVERSE_FIRST,2026-02-13T14:57:00Z,2026-02-13T14:46:00Z,ADVERSE_FIRST,,2026-02-13T14:46:00Z,ADVERSE_FIRST,,2026-02-13T14:46:00Z,ADVERSE_FIRST,,2026-02-13T14:46:00Z
SPY:2026-02-13:SHORT:2026-02-13T14:50:00+00:00:v1,2026-02-13,SHORT,680.495000000000,679.930000000000,-0.565000000000,0.565000000000,5,WORSE,0.935000000000,0.120000000000,5.785000000000,6.350000000000,-1.135000000000,-1.700000000000,0.815000000000,-0.565000000000,True,10,5,2026-02-13T14:55:00Z,2026-02-13T15:05:00Z,AMBIGUOUS_SAME_BAR,2026-02-13T14:56:00Z,2026-02-13T14:56:00Z,AMBIGUOUS_SAME_BAR,2026-02-13T14:56:00Z,2026-02-13T14:56:00Z,ADVERSE_FIRST,2026-02-13T14:57:00Z,2026-02-13T14:56:00Z,ADVERSE_FIRST,,2026-02-13T14:56:00Z,AMBIGUOUS_SAME_BAR,2026-02-13T14:56:00Z,2026-02-13T14:56:00Z,ADVERSE_FIRST,2026-02-13T14:57:00Z,2026-02-13T14:56:00Z,ADVERSE_FIRST,,2026-02-13T14:56:00Z,ADVERSE_FIRST,,2026-02-13T14:56:00Z,ADVERSE_FIRST,,2026-02-13T14:56:00Z,2026-02-13T15:00:00Z,2026-02-13T15:05:00Z,ADVERSE_FIRST,,2026-02-13T15:01:00Z,ADVERSE_FIRST,,2026-02-13T15:01:00Z,ADVERSE_FIRST,,2026-02-13T15:01:00Z,ADVERSE_FIRST,,2026-02-13T15:01:00Z,ADVERSE_FIRST,,2026-02-13T15:01:00Z,ADVERSE_FIRST,,2026-02-13T15:01:00Z,ADVERSE_FIRST,,2026-02-13T15:01:00Z,ADVERSE_FIRST,,2026-02-13T15:01:00Z,ADVERSE_FIRST,,2026-02-13T15:01:00Z
SPY:2026-02-13:LONG:2026-02-13T15:27:00+00:00:v1,2026-02-13,LONG,682.940000000000,684.110000000000,1.170000000000,1.170000000000,5,WORSE,3.340000000000,2.170000000000,3.130000000000,4.300000000000,-1.310000000000,-2.480000000000,1.170000000000,-1.170000000000,True,15,10,2026-02-13T15:30:00Z,2026-02-13T15:45:00Z,FAVORABLE_FIRST,2026-02-13T15:31:00Z,2026-02-13T15:40:00Z,FAVORABLE_FIRST,2026-02-13T15:31:00Z,2026-02-13T15:40:00Z,FAVORABLE_FIRST,2026-02-13T15:31:00Z,2026-02-13T15:40:00Z,FAVORABLE_FIRST,2026-02-13T15:32:00Z,2026-02-13T15:40:00Z,FAVORABLE_FIRST,2026-02-13T15:31:00Z,2026-02-13T15:40:00Z,FAVORABLE_FIRST,2026-02-13T15:31:00Z,2026-02-13T15:40:00Z,FAVORABLE_FIRST,2026-02-13T15:32:00Z,2026-02-13T15:40:00Z,FAVORABLE_FIRST,2026-02-13T15:33:00Z,2026-02-13T15:40:00Z,ADVERSE_FIRST,2026-02-13T16:46:00Z,2026-02-13T15:40:00Z,2026-02-13T15:35:00Z,2026-02-13T15:45:00Z,FAVORABLE_FIRST,2026-02-13T15:36:00Z,2026-02-13T15:38:00Z,ADVERSE_FIRST,2026-02-13T16:43:00Z,2026-02-13T15:38:00Z,ADVERSE_FIRST,2026-02-13T16:45:00Z,2026-02-13T15:38:00Z,ADVERSE_FIRST,2026-02-13T16:55:00Z,2026-02-13T15:38:00Z,ADVERSE_FIRST,2026-02-13T16:43:00Z,2026-02-13T15:38:00Z,ADVERSE_FIRST,2026-02-13T16:45:00Z,2026-02-13T15:38:00Z,ADVERSE_FIRST,2026-02-13T16:55:00Z,2026-02-13T15:38:00Z,ADVERSE_FIRST,2026-02-13T17:06:00Z,2026-02-13T15:38:00Z,ADVERSE_FIRST,2026-02-13T17:41:00Z,2026-02-13T15:38:00Z
SPY:2026-02-13:LONG:2026-02-13T15:51:00+00:00:v1,2026-02-13,LONG,682.590000000000,682.520200000000,-0.069800000000,-0.069800000000,5,BETTER,3.690000000000,3.759800000000,2.780000000000,2.710200000000,-0.960000000000,-0.890200000000,-0.069800000000,0.069800000000,True,30,25,2026-02-13T15:55:00Z,2026-02-13T16:25:00Z,AMBIGUOUS_SAME_BAR,2026-02-13T15:56:00Z,2026-02-13T15:56:00Z,AMBIGUOUS_SAME_BAR,2026-02-13T15:56:00Z,2026-02-13T15:56:00Z,ADVERSE_FIRST,2026-02-13T16:02:00Z,2026-02-13T15:56:00Z,ADVERSE_FIRST,2026-02-13T16:05:00Z,2026-02-13T15:56:00Z,AMBIGUOUS_SAME_BAR,2026-02-13T15:56:00Z,2026-02-13T15:56:00Z,ADVERSE_FIRST,2026-02-13T16:02:00Z,2026-02-13T15:56:00Z,ADVERSE_FIRST,2026-02-13T16:05:00Z,2026-02-13T15:56:00Z,ADVERSE_FIRST,2026-02-13T16:06:00Z,2026-02-13T15:56:00Z,ADVERSE_FIRST,2026-02-13T16:43:00Z,2026-02-13T15:56:00Z,2026-02-13T16:00:00Z,2026-02-13T16:25:00Z,FAVORABLE_FIRST,2026-02-13T16:01:00Z,2026-02-13T16:23:00Z,FAVORABLE_FIRST,2026-02-13T16:01:00Z,2026-02-13T16:23:00Z,FAVORABLE_FIRST,2026-02-13T16:02:00Z,2026-02-13T16:23:00Z,FAVORABLE_FIRST,2026-02-13T16:05:00Z,2026-02-13T16:23:00Z,FAVORABLE_FIRST,2026-02-13T16:01:00Z,2026-02-13T16:23:00Z,FAVORABLE_FIRST,2026-02-13T16:02:00Z,2026-02-13T16:23:00Z,FAVORABLE_FIRST,2026-02-13T16:05:00Z,2026-02-13T16:23:00Z,FAVORABLE_FIRST,2026-02-13T16:06:00Z,2026-02-13T16:23:00Z,ADVERSE_FIRST,2026-02-13T16:40:00Z,2026-02-13T16:23:00Z
SPY:2026-02-13:LONG:2026-02-13T16:25:00+00:00:v1,2026-02-13,LONG,683.820000000000,683.880000000000,0.060000000000,0.060000000000,5,WORSE,2.460000000000,2.400000000000,4.010000000000,4.070000000000,-2.190000000000,-2.250000000000,0.060000000000,-0.060000000000,True,210,205,2026-02-13T16:30:00Z,2026-02-13T20:00:00Z,ADVERSE_FIRST,2026-02-13T16:33:00Z,2026-02-13T16:31:00Z,ADVERSE_FIRST,2026-02-13T16:39:00Z,2026-02-13T16:31:00Z,ADVERSE_FIRST,2026-02-13T16:43:00Z,2026-02-13T16:31:00Z,ADVERSE_FIRST,2026-02-13T16:45:00Z,2026-02-13T16:31:00Z,ADVERSE_FIRST,2026-02-13T16:39:00Z,2026-02-13T16:31:00Z,ADVERSE_FIRST,2026-02-13T16:43:00Z,2026-02-13T16:31:00Z,ADVERSE_FIRST,2026-02-13T16:45:00Z,2026-02-13T16:31:00Z,ADVERSE_FIRST,2026-02-13T16:56:00Z,2026-02-13T16:31:00Z,ADVERSE_FIRST,2026-02-13T17:14:00Z,2026-02-13T16:31:00Z,2026-02-13T16:35:00Z,2026-02-13T20:00:00Z,AMBIGUOUS_SAME_BAR,2026-02-13T16:37:00Z,2026-02-13T16:37:00Z,ADVERSE_FIRST,2026-02-13T16:39:00Z,2026-02-13T16:37:00Z,ADVERSE_FIRST,2026-02-13T16:45:00Z,2026-02-13T16:37:00Z,ADVERSE_FIRST,2026-02-13T16:46:00Z,2026-02-13T16:37:00Z,ADVERSE_FIRST,2026-02-13T16:39:00Z,2026-02-13T16:37:00Z,ADVERSE_FIRST,2026-02-13T16:45:00Z,2026-02-13T16:37:00Z,ADVERSE_FIRST,2026-02-13T16:46:00Z,2026-02-13T16:37:00Z,ADVERSE_FIRST,2026-02-13T16:56:00Z,2026-02-13T16:37:00Z,ADVERSE_FIRST,2026-02-13T17:14:00Z,2026-02-13T16:37:00Z
SPY:2026-02-13:LONG:2026-02-13T20:00:00+00:00:v1,2026-02-13,LONG,683.130000000000,683.127000000000,-0.003000000000,-0.003000000000,5,UNCHANGED_WITHIN_ONE_CENT,0.130000000000,0,3.320000000000,3.317000000000,-1.500000000000,-1.497000000000,0.130000000000,0.003000000000,True,10,5,2026-02-13T20:05:00Z,2026-02-13T20:15:00Z,ADVERSE_FIRST,,2026-02-13T20:08:00Z,ADVERSE_FIRST,,2026-02-13T20:08:00Z,ADVERSE_FIRST,,2026-02-13T20:08:00Z,ADVERSE_FIRST,,2026-02-13T20:08:00Z,ADVERSE_FIRST,,2026-02-13T20:08:00Z,ADVERSE_FIRST,,2026-02-13T20:08:00Z,ADVERSE_FIRST,,2026-02-13T20:08:00Z,ADVERSE_FIRST,,2026-02-13T20:08:00Z,ADVERSE_FIRST,,2026-02-13T20:08:00Z,2026-02-13T20:10:00Z,2026-02-13T20:15:00Z,ADVERSE_FIRST,,2026-02-13T20:11:00Z,ADVERSE_FIRST,,2026-02-13T20:11:00Z,ADVERSE_FIRST,,2026-02-13T20:11:00Z,ADVERSE_FIRST,,2026-02-13T20:11:00Z,ADVERSE_FIRST,,2026-02-13T20:11:00Z,ADVERSE_FIRST,,2026-02-13T20:11:00Z,ADVERSE_FIRST,,2026-02-13T20:11:00Z,ADVERSE_FIRST,,2026-02-13T20:11:00Z,ADVERSE_FIRST,,2026-02-13T20:11:00Z
SPY:2026-02-13:SHORT:2026-02-13T20:27:00+00:00:v1,2026-02-13,SHORT,680.630000000000,680.250000000000,-0.380000000000,0.380000000000,5,WORSE,0.820000000000,0.440000000000,1.210000000000,1.590000000000,-1.000000000000,-1.380000000000,0.380000000000,-0.380000000000,True,20,15,2026-02-13T20:30:00Z,2026-02-13T20:50:00Z,ADVERSE_FIRST,2026-02-13T20:34:00Z,2026-02-13T20:31:00Z,ADVERSE_FIRST,2026-02-13T20:35:00Z,2026-02-13T20:31:00Z,ADVERSE_FIRST,2026-02-13T20:43:00Z,2026-02-13T20:31:00Z,ADVERSE_FIRST,,2026-02-13T20:31:00Z,ADVERSE_FIRST,2026-02-13T20:35:00Z,2026-02-13T20:31:00Z,ADVERSE_FIRST,2026-02-13T20:43:00Z,2026-02-13T20:31:00Z,ADVERSE_FIRST,,2026-02-13T20:31:00Z,ADVERSE_FIRST,,2026-02-13T20:31:00Z,ADVERSE_FIRST,,2026-02-13T20:31:00Z,2026-02-13T20:35:00Z,2026-02-13T20:50:00Z,ADVERSE_FIRST,2026-02-13T20:42:00Z,2026-02-13T20:36:00Z,ADVERSE_FIRST,,2026-02-13T20:36:00Z,ADVERSE_FIRST,,2026-02-13T20:36:00Z,ADVERSE_FIRST,,2026-02-13T20:36:00Z,ADVERSE_FIRST,,2026-02-13T20:39:00Z,ADVERSE_FIRST,,2026-02-13T20:39:00Z,ADVERSE_FIRST,,2026-02-13T20:39:00Z,ADVERSE_FIRST,,2026-02-13T20:39:00Z,ADVERSE_FIRST,,2026-02-13T20:39:00Z
SPY:2026-02-17:SHORT:2026-02-17T14:50:00+00:00:v1,2026-02-17,SHORT,677.817500000000,676.630000000000,-1.187500000000,1.187500000000,5,WORSE,2.037500000000,0.850000000000,7.122500000000,8.310000000000,-4.962500000000,-6.150000000000,1.187500000000,-1.187500000000,True,75,70,2026-02-17T14:55:00Z,2026-02-17T16:10:00Z,FAVORABLE_FIRST,2026-02-17T14:56:00Z,2026-02-17T15:03:00Z,FAVORABLE_FIRST,2026-02-17T14:56:00Z,2026-02-17T15:03:00Z,FAVORABLE_FIRST,2026-02-17T14:56:00Z,2026-02-17T15:03:00Z,FAVORABLE_FIRST,2026-02-17T14:59:00Z,2026-02-17T15:03:00Z,FAVORABLE_FIRST,2026-02-17T14:56:00Z,2026-02-17T15:03:00Z,FAVORABLE_FIRST,2026-02-17T14:56:00Z,2026-02-17T15:03:00Z,FAVORABLE_FIRST,2026-02-17T14:59:00Z,2026-02-17T15:03:00Z,FAVORABLE_FIRST,2026-02-17T15:00:00Z,2026-02-17T15:03:00Z,ADVERSE_FIRST,2026-02-17T15:39:00Z,2026-02-17T15:03:00Z,2026-02-17T15:00:00Z,2026-02-17T16:10:00Z,ADVERSE_FIRST,2026-02-17T15:33:00Z,2026-02-17T15:01:00Z,ADVERSE_FIRST,2026-02-17T15:33:00Z,2026-02-17T15:01:00Z,ADVERSE_FIRST,2026-02-17T15:33:00Z,2026-02-17T15:01:00Z,ADVERSE_FIRST,,2026-02-17T15:01:00Z,ADVERSE_FIRST,2026-02-17T15:33:00Z,2026-02-17T15:01:00Z,ADVERSE_FIRST,2026-02-17T15:33:00Z,2026-02-17T15:01:00Z,ADVERSE_FIRST,,2026-02-17T15:01:00Z,ADVERSE_FIRST,,2026-02-17T15:01:00Z,ADVERSE_FIRST,,2026-02-17T15:01:00Z
SPY:2026-02-17:LONG:2026-02-17T16:12:00+00:00:v1,2026-02-17,LONG,682.335000000000,682.730000000000,0.395000000000,0.395000000000,5,WORSE,2.605000000000,2.210000000000,3.185000000000,3.580000000000,0.445000000000,0.050000000000,0.395000000000,-0.395000000000,True,15,10,2026-02-17T16:15:00Z,2026-02-17T16:30:00Z,ADVERSE_FIRST,2026-02-17T16:19:00Z,2026-02-17T16:16:00Z,ADVERSE_FIRST,2026-02-17T16:19:00Z,2026-02-17T16:16:00Z,ADVERSE_FIRST,2026-02-17T16:23:00Z,2026-02-17T16:16:00Z,ADVERSE_FIRST,2026-02-17T18:39:00Z,2026-02-17T16:16:00Z,ADVERSE_FIRST,2026-02-17T16:19:00Z,2026-02-17T16:16:00Z,ADVERSE_FIRST,2026-02-17T16:23:00Z,2026-02-17T16:16:00Z,ADVERSE_FIRST,2026-02-17T18:39:00Z,2026-02-17T16:16:00Z,ADVERSE_FIRST,2026-02-17T18:40:00Z,2026-02-17T16:16:00Z,ADVERSE_FIRST,2026-02-17T18:54:00Z,2026-02-17T16:16:00Z,2026-02-17T16:20:00Z,2026-02-17T16:30:00Z,ADVERSE_FIRST,2026-02-17T16:23:00Z,2026-02-17T16:21:00Z,ADVERSE_FIRST,2026-02-17T16:23:00Z,2026-02-17T16:21:00Z,ADVERSE_FIRST,2026-02-17T18:40:00Z,2026-02-17T16:21:00Z,ADVERSE_FIRST,2026-02-17T18:40:00Z,2026-02-17T16:21:00Z,ADVERSE_FIRST,2026-02-17T16:23:00Z,2026-02-17T16:21:00Z,ADVERSE_FIRST,2026-02-17T18:40:00Z,2026-02-17T16:21:00Z,ADVERSE_FIRST,2026-02-17T18:40:00Z,2026-02-17T16:21:00Z,ADVERSE_FIRST,2026-02-17T18:52:00Z,2026-02-17T16:21:00Z,ADVERSE_FIRST,2026-02-17T19:36:00Z,2026-02-17T16:21:00Z
SPY:2026-02-17:LONG:2026-02-17T16:50:00+00:00:v1,2026-02-17,LONG,682.420000000000,682.460000000000,0.040000000000,0.040000000000,5,WORSE,2.520000000000,2.480000000000,3.270000000000,3.310000000000,0.360000000000,0.320000000000,0.040000000000,-0.040000000000,True,10,5,2026-02-17T16:55:00Z,2026-02-17T17:05:00Z,FAVORABLE_FIRST,2026-02-17T16:56:00Z,2026-02-17T16:57:00Z,FAVORABLE_FIRST,2026-02-17T16:56:00Z,2026-02-17T16:57:00Z,ADVERSE_FIRST,2026-02-17T18:38:00Z,2026-02-17T16:57:00Z,ADVERSE_FIRST,2026-02-17T18:40:00Z,2026-02-17T16:57:00Z,FAVORABLE_FIRST,2026-02-17T16:56:00Z,2026-02-17T16:57:00Z,ADVERSE_FIRST,2026-02-17T18:38:00Z,2026-02-17T16:57:00Z,ADVERSE_FIRST,2026-02-17T18:40:00Z,2026-02-17T16:57:00Z,ADVERSE_FIRST,2026-02-17T18:40:00Z,2026-02-17T16:57:00Z,ADVERSE_FIRST,2026-02-17T18:55:00Z,2026-02-17T16:57:00Z,2026-02-17T17:00:00Z,2026-02-17T17:05:00Z,ADVERSE_FIRST,2026-02-17T18:32:00Z,2026-02-17T17:01:00Z,ADVERSE_FIRST,2026-02-17T18:34:00Z,2026-02-17T17:01:00Z,ADVERSE_FIRST,2026-02-17T18:39:00Z,2026-02-17T17:01:00Z,ADVERSE_FIRST,2026-02-17T18:40:00Z,2026-02-17T17:01:00Z,ADVERSE_FIRST,2026-02-17T18:34:00Z,2026-02-17T17:01:00Z,ADVERSE_FIRST,2026-02-17T18:39:00Z,2026-02-17T17:01:00Z,ADVERSE_FIRST,2026-02-17T18:40:00Z,2026-02-17T17:01:00Z,ADVERSE_FIRST,2026-02-17T18:40:00Z,2026-02-17T17:01:00Z,ADVERSE_FIRST,2026-02-17T18:55:00Z,2026-02-17T17:01:00Z
SPY:2026-02-17:LONG:2026-02-17T18:22:00+00:00:v1,2026-02-17,LONG,682.030000000000,682.390000000000,0.360000000000,0.360000000000,5,WORSE,2.910000000000,2.550000000000,0.570000000000,0.460000000000,0.750000000000,0.390000000000,0.360000000000,0.110000000000,True,,,2026-02-17T18:25:00Z,,ADVERSE_FIRST,2026-02-17T18:28:00Z,2026-02-17T18:26:00Z,ADVERSE_FIRST,2026-02-17T18:29:00Z,2026-02-17T18:26:00Z,ADVERSE_FIRST,2026-02-17T18:33:00Z,2026-02-17T18:26:00Z,ADVERSE_FIRST,2026-02-17T18:37:00Z,2026-02-17T18:26:00Z,ADVERSE_FIRST,2026-02-17T18:29:00Z,2026-02-17T18:26:00Z,ADVERSE_FIRST,2026-02-17T18:33:00Z,2026-02-17T18:26:00Z,ADVERSE_FIRST,2026-02-17T18:37:00Z,2026-02-17T18:26:00Z,ADVERSE_FIRST,2026-02-17T18:40:00Z,2026-02-17T18:26:00Z,ADVERSE_FIRST,2026-02-17T18:40:00Z,2026-02-17T18:26:00Z,2026-02-17T18:30:00Z,,FAVORABLE_FIRST,2026-02-17T18:31:00Z,2026-02-17T20:31:00Z,FAVORABLE_FIRST,2026-02-17T18:34:00Z,2026-02-17T20:31:00Z,FAVORABLE_FIRST,2026-02-17T18:38:00Z,2026-02-17T20:31:00Z,FAVORABLE_FIRST,2026-02-17T18:40:00Z,2026-02-17T20:31:00Z,FAVORABLE_FIRST,2026-02-17T18:34:00Z,2026-02-17T20:34:00Z,FAVORABLE_FIRST,2026-02-17T18:38:00Z,2026-02-17T20:34:00Z,FAVORABLE_FIRST,2026-02-17T18:40:00Z,2026-02-17T20:34:00Z,FAVORABLE_FIRST,2026-02-17T18:40:00Z,2026-02-17T20:34:00Z,FAVORABLE_FIRST,2026-02-17T18:54:00Z,2026-02-17T20:34:00Z
SPY:2026-02-18:LONG:2026-02-18T14:52:00+00:00:v1,2026-02-18,LONG,685.265000000000,686.160000000000,0.895000000000,0.895000000000,5,WORSE,3.885000000000,2.990000000000,1.345000000000,2.240000000000,0.995000000000,0.100000000000,0.895000000000,-0.895000000000,True,325,320,2026-02-18T14:55:00Z,2026-02-18T20:20:00Z,FAVORABLE_FIRST,2026-02-18T14:56:00Z,2026-02-18T19:38:00Z,FAVORABLE_FIRST,2026-02-18T14:56:00Z,2026-02-18T19:38:00Z,FAVORABLE_FIRST,2026-02-18T14:58:00Z,2026-02-18T19:38:00Z,FAVORABLE_FIRST,2026-02-18T14:58:00Z,2026-02-18T19:38:00Z,FAVORABLE_FIRST,2026-02-18T14:56:00Z,2026-02-18T19:38:00Z,FAVORABLE_FIRST,2026-02-18T14:58:00Z,2026-02-18T19:38:00Z,FAVORABLE_FIRST,2026-02-18T14:58:00Z,2026-02-18T19:38:00Z,FAVORABLE_FIRST,2026-02-18T15:01:00Z,2026-02-18T19:38:00Z,FAVORABLE_FIRST,2026-02-18T15:04:00Z,2026-02-18T19:38:00Z,2026-02-18T15:00:00Z,2026-02-18T20:20:00Z,FAVORABLE_FIRST,2026-02-18T15:01:00Z,2026-02-18T19:31:00Z,FAVORABLE_FIRST,2026-02-18T15:01:00Z,2026-02-18T19:31:00Z,FAVORABLE_FIRST,2026-02-18T15:02:00Z,2026-02-18T19:31:00Z,FAVORABLE_FIRST,2026-02-18T15:04:00Z,2026-02-18T19:31:00Z,FAVORABLE_FIRST,2026-02-18T15:01:00Z,2026-02-18T19:31:00Z,FAVORABLE_FIRST,2026-02-18T15:02:00Z,2026-02-18T19:31:00Z,FAVORABLE_FIRST,2026-02-18T15:04:00Z,2026-02-18T19:31:00Z,FAVORABLE_FIRST,2026-02-18T15:05:00Z,2026-02-18T19:31:00Z,FAVORABLE_FIRST,2026-02-18T15:16:00Z,2026-02-18T19:31:00Z
SPY:2026-02-18:LONG:2026-02-18T20:30:00+00:00:v1,2026-02-18,LONG,685.097700000000,685.530000000000,0.432300000000,0.432300000000,5,WORSE,2.082300000000,1.650000000000,0.127700000000,0.200000000000,1.162300000000,0.730000000000,0.432300000000,-0.072300000000,True,,,2026-02-18T20:35:00Z,,FAVORABLE_FIRST,2026-02-18T20:37:00Z,,FAVORABLE_FIRST,2026-02-18T20:39:00Z,,FAVORABLE_FIRST,2026-02-18T20:43:00Z,,FAVORABLE_FIRST,2026-02-18T20:46:00Z,,FAVORABLE_FIRST,2026-02-18T20:39:00Z,,FAVORABLE_FIRST,2026-02-18T20:43:00Z,,FAVORABLE_FIRST,2026-02-18T20:46:00Z,,FAVORABLE_FIRST,2026-02-18T20:50:00Z,,FAVORABLE_FIRST,2026-02-18T20:54:00Z,,2026-02-18T20:40:00Z,,FAVORABLE_FIRST,2026-02-18T20:43:00Z,,FAVORABLE_FIRST,2026-02-18T20:46:00Z,,FAVORABLE_FIRST,2026-02-18T20:47:00Z,,FAVORABLE_FIRST,2026-02-18T20:50:00Z,,FAVORABLE_FIRST,2026-02-18T20:46:00Z,,FAVORABLE_FIRST,2026-02-18T20:47:00Z,,FAVORABLE_FIRST,2026-02-18T20:50:00Z,,FAVORABLE_FIRST,2026-02-18T20:54:00Z,,NEITHER,,
SPY:2026-02-19:LONG:2026-02-19T14:50:00+00:00:v1,2026-02-19,LONG,684.880000000000,685.000000000000,0.120000000000,0.120000000000,5,WORSE,1.300000000000,1.180000000000,3.332500000000,3.452500000000,-0.360000000000,-0.480000000000,0.120000000000,-0.120000000000,True,15,10,2026-02-19T14:55:00Z,2026-02-19T15:10:00Z,FAVORABLE_FIRST,2026-02-19T14:56:00Z,2026-02-19T15:00:00Z,FAVORABLE_FIRST,2026-02-19T14:56:00Z,2026-02-19T15:00:00Z,FAVORABLE_FIRST,2026-02-19T14:56:00Z,2026-02-19T15:00:00Z,ADVERSE_FIRST,2026-02-19T15:03:00Z,2026-02-19T15:00:00Z,FAVORABLE_FIRST,2026-02-19T14:56:00Z,2026-02-19T15:00:00Z,FAVORABLE_FIRST,2026-02-19T14:56:00Z,2026-02-19T15:00:00Z,ADVERSE_FIRST,2026-02-19T15:03:00Z,2026-02-19T15:00:00Z,ADVERSE_FIRST,,2026-02-19T15:00:00Z,ADVERSE_FIRST,,2026-02-19T15:00:00Z,2026-02-19T15:00:00Z,2026-02-19T15:10:00Z,AMBIGUOUS_SAME_BAR,2026-02-19T15:01:00Z,2026-02-19T15:01:00Z,ADVERSE_FIRST,2026-02-19T15:03:00Z,2026-02-19T15:01:00Z,ADVERSE_FIRST,2026-02-19T15:03:00Z,2026-02-19T15:01:00Z,ADVERSE_FIRST,2026-02-19T15:03:00Z,2026-02-19T15:01:00Z,ADVERSE_FIRST,2026-02-19T15:03:00Z,2026-02-19T15:01:00Z,ADVERSE_FIRST,2026-02-19T15:03:00Z,2026-02-19T15:01:00Z,ADVERSE_FIRST,2026-02-19T15:03:00Z,2026-02-19T15:01:00Z,ADVERSE_FIRST,,2026-02-19T15:01:00Z,ADVERSE_FIRST,,2026-02-19T15:01:00Z
SPY:2026-02-19:LONG:2026-02-19T15:15:00+00:00:v1,2026-02-19,LONG,684.800000000000,685.270000000000,0.470000000000,0.470000000000,5,WORSE,1.060000000000,0.590000000000,3.252500000000,3.722500000000,-0.280000000000,-0.750000000000,0.470000000000,-0.470000000000,True,10,5,2026-02-19T15:20:00Z,2026-02-19T15:30:00Z,AMBIGUOUS_SAME_BAR,2026-02-19T15:21:00Z,2026-02-19T15:21:00Z,ADVERSE_FIRST,2026-02-19T15:24:00Z,2026-02-19T15:21:00Z,ADVERSE_FIRST,2026-02-19T15:34:00Z,2026-02-19T15:21:00Z,ADVERSE_FIRST,2026-02-19T15:35:00Z,2026-02-19T15:21:00Z,ADVERSE_FIRST,2026-02-19T15:24:00Z,2026-02-19T15:21:00Z,ADVERSE_FIRST,2026-02-19T15:34:00Z,2026-02-19T15:21:00Z,ADVERSE_FIRST,2026-02-19T15:35:00Z,2026-02-19T15:21:00Z,ADVERSE_FIRST,,2026-02-19T15:21:00Z,ADVERSE_FIRST,,2026-02-19T15:21:00Z,2026-02-19T15:25:00Z,2026-02-19T15:30:00Z,ADVERSE_FIRST,2026-02-19T15:33:00Z,2026-02-19T15:26:00Z,ADVERSE_FIRST,2026-02-19T15:35:00Z,2026-02-19T15:26:00Z,ADVERSE_FIRST,,2026-02-19T15:26:00Z,ADVERSE_FIRST,,2026-02-19T15:26:00Z,ADVERSE_FIRST,2026-02-19T15:35:00Z,2026-02-19T15:26:00Z,ADVERSE_FIRST,,2026-02-19T15:26:00Z,ADVERSE_FIRST,,2026-02-19T15:26:00Z,ADVERSE_FIRST,,2026-02-19T15:26:00Z,ADVERSE_FIRST,,2026-02-19T15:26:00Z
SPY:2026-02-19:LONG:2026-02-19T15:31:00+00:00:v1,2026-02-19,LONG,685.700700000000,685.480000000000,-0.220700000000,-0.220700000000,5,BETTER,0.159300000000,0.380000000000,4.153200000000,3.932500000000,-1.180700000000,-0.960000000000,-0.220700000000,0.220700000000,True,20,15,2026-02-19T15:35:00Z,2026-02-19T15:55:00Z,ADVERSE_FIRST,,2026-02-19T15:36:00Z,ADVERSE_FIRST,,2026-02-19T15:36:00Z,ADVERSE_FIRST,,2026-02-19T15:36:00Z,ADVERSE_FIRST,,2026-02-19T15:36:00Z,ADVERSE_FIRST,,2026-02-19T15:36:00Z,ADVERSE_FIRST,,2026-02-19T15:36:00Z,ADVERSE_FIRST,,2026-02-19T15:36:00Z,ADVERSE_FIRST,,2026-02-19T15:36:00Z,ADVERSE_FIRST,,2026-02-19T15:36:00Z,2026-02-19T15:40:00Z,2026-02-19T15:55:00Z,FAVORABLE_FIRST,2026-02-19T15:41:00Z,2026-02-19T15:49:00Z,ADVERSE_FIRST,,2026-02-19T15:49:00Z,ADVERSE_FIRST,,2026-02-19T15:49:00Z,ADVERSE_FIRST,,2026-02-19T15:49:00Z,ADVERSE_FIRST,,2026-02-19T15:49:00Z,ADVERSE_FIRST,,2026-02-19T15:49:00Z,ADVERSE_FIRST,,2026-02-19T15:49:00Z,ADVERSE_FIRST,,2026-02-19T15:49:00Z,ADVERSE_FIRST,,2026-02-19T15:49:00Z
SPY:2026-02-19:LONG:2026-02-19T15:55:00+00:00:v1,2026-02-19,LONG,685.320000000000,684.640000000000,-0.680000000000,-0.680000000000,5,BETTER,0.510000000000,1.190000000000,3.772500000000,3.092500000000,-0.800000000000,-0.120000000000,-0.680000000000,0.680000000000,True,30,25,2026-02-19T16:00:00Z,2026-02-19T16:30:00Z,FAVORABLE_FIRST,2026-02-19T16:01:00Z,2026-02-19T16:02:00Z,ADVERSE_FIRST,2026-02-19T16:20:00Z,2026-02-19T16:02:00Z,ADVERSE_FIRST,,2026-02-19T16:02:00Z,ADVERSE_FIRST,,2026-02-19T16:02:00Z,ADVERSE_FIRST,2026-02-19T16:20:00Z,2026-02-19T16:02:00Z,ADVERSE_FIRST,,2026-02-19T16:02:00Z,ADVERSE_FIRST,,2026-02-19T16:02:00Z,ADVERSE_FIRST,,2026-02-19T16:02:00Z,ADVERSE_FIRST,,2026-02-19T16:02:00Z,2026-02-19T16:05:00Z,2026-02-19T16:30:00Z,ADVERSE_FIRST,2026-02-19T16:10:00Z,2026-02-19T16:06:00Z,ADVERSE_FIRST,2026-02-19T16:15:00Z,2026-02-19T16:06:00Z,ADVERSE_FIRST,2026-02-19T16:16:00Z,2026-02-19T16:06:00Z,ADVERSE_FIRST,2026-02-19T16:18:00Z,2026-02-19T16:06:00Z,ADVERSE_FIRST,2026-02-19T16:15:00Z,2026-02-19T16:06:00Z,ADVERSE_FIRST,2026-02-19T16:16:00Z,2026-02-19T16:06:00Z,ADVERSE_FIRST,2026-02-19T16:18:00Z,2026-02-19T16:06:00Z,ADVERSE_FIRST,,2026-02-19T16:06:00Z,ADVERSE_FIRST,,2026-02-19T16:06:00Z
SPY:2026-02-19:LONG:2026-02-19T16:30:00+00:00:v1,2026-02-19,LONG,685.200000000000,684.630000000000,-0.570000000000,-0.570000000000,5,BETTER,0,0.150000000000,3.652500000000,3.082500000000,-0.680000000000,-0.110000000000,-0.150000000000,0.570000000000,True,10,5,2026-02-19T16:35:00Z,2026-02-19T16:45:00Z,ADVERSE_FIRST,,2026-02-19T16:36:00Z,ADVERSE_FIRST,,2026-02-19T16:36:00Z,ADVERSE_FIRST,,2026-02-19T16:36:00Z,ADVERSE_FIRST,,2026-02-19T16:36:00Z,ADVERSE_FIRST,,2026-02-19T16:36:00Z,ADVERSE_FIRST,,2026-02-19T16:36:00Z,ADVERSE_FIRST,,2026-02-19T16:36:00Z,ADVERSE_FIRST,,2026-02-19T16:36:00Z,ADVERSE_FIRST,,2026-02-19T16:36:00Z,2026-02-19T16:40:00Z,2026-02-19T16:45:00Z,ADVERSE_FIRST,,2026-02-19T16:41:00Z,ADVERSE_FIRST,,2026-02-19T16:41:00Z,ADVERSE_FIRST,,2026-02-19T16:41:00Z,ADVERSE_FIRST,,2026-02-19T16:41:00Z,ADVERSE_FIRST,,2026-02-19T16:41:00Z,ADVERSE_FIRST,,2026-02-19T16:41:00Z,ADVERSE_FIRST,,2026-02-19T16:41:00Z,ADVERSE_FIRST,,2026-02-19T16:41:00Z,ADVERSE_FIRST,,2026-02-19T16:41:00Z
SPY:2026-02-19:SHORT:2026-02-19T16:56:00+00:00:v1,2026-02-19,SHORT,683.525000000000,683.010000000000,-0.515000000000,0.515000000000,5,WORSE,1.977500000000,1.462500000000,1.255000000000,1.770000000000,-0.995000000000,-1.510000000000,0.515000000000,-0.515000000000,True,20,15,2026-02-19T17:00:00Z,2026-02-19T17:20:00Z,FAVORABLE_FIRST,2026-02-19T17:01:00Z,2026-02-19T17:17:00Z,FAVORABLE_FIRST,2026-02-19T17:02:00Z,2026-02-19T17:17:00Z,FAVORABLE_FIRST,2026-02-19T17:06:00Z,2026-02-19T17:17:00Z,ADVERSE_FIRST,2026-02-19T17:48:00Z,2026-02-19T17:17:00Z,FAVORABLE_FIRST,2026-02-19T17:02:00Z,2026-02-19T17:17:00Z,FAVORABLE_FIRST,2026-02-19T17:06:00Z,2026-02-19T17:17:00Z,ADVERSE_FIRST,2026-02-19T17:48:00Z,2026-02-19T17:17:00Z,ADVERSE_FIRST,2026-02-19T18:19:00Z,2026-02-19T17:17:00Z,ADVERSE_FIRST,,2026-02-19T17:17:00Z,2026-02-19T17:05:00Z,2026-02-19T17:20:00Z,FAVORABLE_FIRST,2026-02-19T17:06:00Z,2026-02-19T17:07:00Z,ADVERSE_FIRST,2026-02-19T17:48:00Z,2026-02-19T17:07:00Z,ADVERSE_FIRST,2026-02-19T17:53:00Z,2026-02-19T17:07:00Z,ADVERSE_FIRST,2026-02-19T18:19:00Z,2026-02-19T17:07:00Z,ADVERSE_FIRST,2026-02-19T17:48:00Z,2026-02-19T17:07:00Z,ADVERSE_FIRST,2026-02-19T17:53:00Z,2026-02-19T17:07:00Z,ADVERSE_FIRST,2026-02-19T18:19:00Z,2026-02-19T17:07:00Z,ADVERSE_FIRST,,2026-02-19T17:07:00Z,ADVERSE_FIRST,,2026-02-19T17:07:00Z
SPY:2026-02-19:SHORT:2026-02-19T17:45:00+00:00:v1,2026-02-19,SHORT,682.700000000000,682.690000000000,-0.010000000000,0.010000000000,5,UNCHANGED_WITHIN_ONE_CENT,1.152500000000,1.142500000000,1.900000000000,1.910000000000,-1.820000000000,-1.830000000000,0.010000000000,-0.010000000000,True,70,65,2026-02-19T17:50:00Z,2026-02-19T19:00:00Z,ADVERSE_FIRST,2026-02-19T17:52:00Z,2026-02-19T17:51:00Z,ADVERSE_FIRST,2026-02-19T17:58:00Z,2026-02-19T17:51:00Z,ADVERSE_FIRST,2026-02-19T18:20:00Z,2026-02-19T17:51:00Z,ADVERSE_FIRST,2026-02-19T18:20:00Z,2026-02-19T17:51:00Z,ADVERSE_FIRST,2026-02-19T17:58:00Z,2026-02-19T17:51:00Z,ADVERSE_FIRST,2026-02-19T18:20:00Z,2026-02-19T17:51:00Z,ADVERSE_FIRST,2026-02-19T18:20:00Z,2026-02-19T17:51:00Z,ADVERSE_FIRST,,2026-02-19T17:51:00Z,ADVERSE_FIRST,,2026-02-19T17:51:00Z,2026-02-19T17:55:00Z,2026-02-19T19:00:00Z,ADVERSE_FIRST,2026-02-19T17:57:00Z,2026-02-19T17:56:00Z,ADVERSE_FIRST,2026-02-19T17:58:00Z,2026-02-19T17:56:00Z,ADVERSE_FIRST,2026-02-19T18:20:00Z,2026-02-19T17:56:00Z,ADVERSE_FIRST,2026-02-19T18:20:00Z,2026-02-19T17:56:00Z,ADVERSE_FIRST,2026-02-19T17:58:00Z,2026-02-19T17:56:00Z,ADVERSE_FIRST,2026-02-19T18:20:00Z,2026-02-19T17:56:00Z,ADVERSE_FIRST,2026-02-19T18:20:00Z,2026-02-19T17:56:00Z,ADVERSE_FIRST,,2026-02-19T17:56:00Z,ADVERSE_FIRST,,2026-02-19T17:56:00Z
SPY:2026-02-19:SHORT:2026-02-19T19:27:00+00:00:v1,2026-02-19,SHORT,683.275000000000,683.350000000000,0.075000000000,-0.075000000000,5,BETTER,1.395000000000,1.470000000000,1.325000000000,1.250000000000,-1.245000000000,-1.170000000000,-0.075000000000,0.075000000000,True,80,75,2026-02-19T19:30:00Z,2026-02-19T20:50:00Z,ADVERSE_FIRST,2026-02-19T19:36:00Z,2026-02-19T19:32:00Z,ADVERSE_FIRST,2026-02-19T19:37:00Z,2026-02-19T19:32:00Z,ADVERSE_FIRST,2026-02-19T19:38:00Z,2026-02-19T19:32:00Z,ADVERSE_FIRST,2026-02-19T19:39:00Z,2026-02-19T19:32:00Z,FAVORABLE_FIRST,2026-02-19T19:37:00Z,2026-02-19T20:33:00Z,FAVORABLE_FIRST,2026-02-19T19:38:00Z,2026-02-19T20:33:00Z,FAVORABLE_FIRST,2026-02-19T19:39:00Z,2026-02-19T20:33:00Z,ADVERSE_FIRST,,2026-02-19T20:33:00Z,ADVERSE_FIRST,,2026-02-19T20:33:00Z,2026-02-19T19:35:00Z,2026-02-19T20:50:00Z,FAVORABLE_FIRST,2026-02-19T19:36:00Z,2026-02-19T20:33:00Z,FAVORABLE_FIRST,2026-02-19T19:37:00Z,2026-02-19T20:33:00Z,FAVORABLE_FIRST,2026-02-19T19:37:00Z,2026-02-19T20:33:00Z,FAVORABLE_FIRST,2026-02-19T19:39:00Z,2026-02-19T20:33:00Z,FAVORABLE_FIRST,2026-02-19T19:37:00Z,2026-02-19T20:46:00Z,FAVORABLE_FIRST,2026-02-19T19:37:00Z,2026-02-19T20:46:00Z,FAVORABLE_FIRST,2026-02-19T19:39:00Z,2026-02-19T20:46:00Z,ADVERSE_FIRST,,2026-02-19T20:46:00Z,ADVERSE_FIRST,,2026-02-19T20:46:00Z
SPY:2026-02-20:LONG:2026-02-20T14:35:00+00:00:v1,2026-02-20,LONG,683.860000000000,684.740000000000,0.880000000000,0.880000000000,5,WORSE,6.200000000000,5.320000000000,0.410000000000,1.290000000000,5.500000000000,4.620000000000,0.880000000000,-0.880000000000,True,,,2026-02-20T14:40:00Z,,ADVERSE_FIRST,2026-02-20T14:42:00Z,2026-02-20T14:41:00Z,ADVERSE_FIRST,2026-02-20T14:42:00Z,2026-02-20T14:41:00Z,ADVERSE_FIRST,2026-02-20T14:42:00Z,2026-02-20T14:41:00Z,ADVERSE_FIRST,2026-02-20T14:42:00Z,2026-02-20T14:41:00Z,ADVERSE_FIRST,2026-02-20T14:42:00Z,2026-02-20T14:41:00Z,ADVERSE_FIRST,2026-02-20T14:42:00Z,2026-02-20T14:41:00Z,ADVERSE_FIRST,2026-02-20T14:42:00Z,2026-02-20T14:41:00Z,ADVERSE_FIRST,2026-02-20T15:00:00Z,2026-02-20T14:41:00Z,ADVERSE_FIRST,2026-02-20T15:01:00Z,2026-02-20T14:41:00Z,2026-02-20T14:45:00Z,,FAVORABLE_FIRST,2026-02-20T14:46:00Z,2026-02-20T14:47:00Z,ADVERSE_FIRST,2026-02-20T15:00:00Z,2026-02-20T14:47:00Z,ADVERSE_FIRST,2026-02-20T15:00:00Z,2026-02-20T14:47:00Z,ADVERSE_FIRST,2026-02-20T15:01:00Z,2026-02-20T14:47:00Z,ADVERSE_FIRST,2026-02-20T15:00:00Z,2026-02-20T14:47:00Z,ADVERSE_FIRST,2026-02-20T15:00:00Z,2026-02-20T14:47:00Z,ADVERSE_FIRST,2026-02-20T15:01:00Z,2026-02-20T14:47:00Z,ADVERSE_FIRST,2026-02-20T15:01:00Z,2026-02-20T14:47:00Z,ADVERSE_FIRST,2026-02-20T15:01:00Z,2026-02-20T14:47:00Z
SPY:2026-02-23:SHORT:2026-02-23T14:42:00+00:00:v1,2026-02-23,SHORT,687.540000000000,686.900000000000,-0.640000000000,0.640000000000,5,WORSE,7.169000000000,6.529000000000,0.600000000000,1.240000000000,5.130000000000,4.490000000000,0.640000000000,-0.640000000000,True,,,2026-02-23T14:45:00Z,,FAVORABLE_FIRST,2026-02-23T14:46:00Z,2026-02-23T14:47:00Z,FAVORABLE_FIRST,2026-02-23T14:46:00Z,2026-02-23T14:47:00Z,ADVERSE_FIRST,2026-02-23T14:49:00Z,2026-02-23T14:47:00Z,ADVERSE_FIRST,2026-02-23T14:56:00Z,2026-02-23T14:47:00Z,FAVORABLE_FIRST,2026-02-23T14:46:00Z,2026-02-23T14:47:00Z,ADVERSE_FIRST,2026-02-23T14:49:00Z,2026-02-23T14:47:00Z,ADVERSE_FIRST,2026-02-23T14:56:00Z,2026-02-23T14:47:00Z,ADVERSE_FIRST,2026-02-23T15:04:00Z,2026-02-23T14:47:00Z,ADVERSE_FIRST,2026-02-23T15:04:00Z,2026-02-23T14:47:00Z,2026-02-23T14:50:00Z,,ADVERSE_FIRST,2026-02-23T14:56:00Z,2026-02-23T14:51:00Z,ADVERSE_FIRST,2026-02-23T14:58:00Z,2026-02-23T14:51:00Z,ADVERSE_FIRST,2026-02-23T15:00:00Z,2026-02-23T14:51:00Z,ADVERSE_FIRST,2026-02-23T15:04:00Z,2026-02-23T14:51:00Z,ADVERSE_FIRST,2026-02-23T14:58:00Z,2026-02-23T14:51:00Z,ADVERSE_FIRST,2026-02-23T15:00:00Z,2026-02-23T14:51:00Z,ADVERSE_FIRST,2026-02-23T15:04:00Z,2026-02-23T14:51:00Z,ADVERSE_FIRST,2026-02-23T15:04:00Z,2026-02-23T14:51:00Z,ADVERSE_FIRST,2026-02-23T15:09:00Z,2026-02-23T14:51:00Z
SPY:2026-02-24:LONG:2026-02-24T14:38:00+00:00:v1,2026-02-24,LONG,682.279000000000,684.320000000000,2.041000000000,2.041000000000,5,WORSE,6.071000000000,4.030000000000,0.249000000000,2.290000000000,5.081000000000,3.040000000000,2.041000000000,-2.041000000000,True,,,2026-02-24T14:40:00Z,,FAVORABLE_FIRST,2026-02-24T14:41:00Z,,FAVORABLE_FIRST,2026-02-24T14:41:00Z,,FAVORABLE_FIRST,2026-02-24T14:41:00Z,,FAVORABLE_FIRST,2026-02-24T14:41:00Z,,FAVORABLE_FIRST,2026-02-24T14:41:00Z,,FAVORABLE_FIRST,2026-02-24T14:41:00Z,,FAVORABLE_FIRST,2026-02-24T14:41:00Z,,FAVORABLE_FIRST,2026-02-24T14:44:00Z,,FAVORABLE_FIRST,2026-02-24T14:44:00Z,,2026-02-24T14:45:00Z,,FAVORABLE_FIRST,2026-02-24T14:46:00Z,2026-02-24T14:53:00Z,FAVORABLE_FIRST,2026-02-24T14:47:00Z,2026-02-24T14:53:00Z,FAVORABLE_FIRST,2026-02-24T14:48:00Z,2026-02-24T14:53:00Z,FAVORABLE_FIRST,2026-02-24T14:48:00Z,2026-02-24T14:53:00Z,FAVORABLE_FIRST,2026-02-24T14:47:00Z,2026-02-24T14:53:00Z,FAVORABLE_FIRST,2026-02-24T14:48:00Z,2026-02-24T14:53:00Z,FAVORABLE_FIRST,2026-02-24T14:48:00Z,2026-02-24T14:53:00Z,ADVERSE_FIRST,2026-02-24T15:27:00Z,2026-02-24T14:53:00Z,ADVERSE_FIRST,2026-02-24T15:29:00Z,2026-02-24T14:53:00Z
SPY:2026-02-25:LONG:2026-02-25T14:45:00+00:00:v1,2026-02-25,LONG,691.670000000000,691.395000000000,-0.275000000000,-0.275000000000,5,BETTER,2.010000000000,2.285000000000,1.499900000000,1.224900000000,1.410000000000,1.685000000000,-0.275000000000,0.275000000000,True,15,10,2026-02-25T14:50:00Z,2026-02-25T15:05:00Z,FAVORABLE_FIRST,2026-02-25T14:51:00Z,2026-02-25T14:53:00Z,ADVERSE_FIRST,2026-02-25T16:47:00Z,2026-02-25T14:53:00Z,ADVERSE_FIRST,2026-02-25T17:41:00Z,2026-02-25T14:53:00Z,ADVERSE_FIRST,2026-02-25T18:01:00Z,2026-02-25T14:53:00Z,ADVERSE_FIRST,2026-02-25T16:47:00Z,2026-02-25T14:53:00Z,ADVERSE_FIRST,2026-02-25T17:41:00Z,2026-02-25T14:53:00Z,ADVERSE_FIRST,2026-02-25T18:01:00Z,2026-02-25T14:53:00Z,ADVERSE_FIRST,2026-02-25T19:34:00Z,2026-02-25T14:53:00Z,ADVERSE_FIRST,2026-02-25T20:50:00Z,2026-02-25T14:53:00Z,2026-02-25T14:55:00Z,2026-02-25T15:05:00Z,ADVERSE_FIRST,2026-02-25T16:31:00Z,2026-02-25T14:56:00Z,ADVERSE_FIRST,2026-02-25T16:42:00Z,2026-02-25T14:56:00Z,ADVERSE_FIRST,2026-02-25T16:47:00Z,2026-02-25T14:56:00Z,ADVERSE_FIRST,2026-02-25T17:41:00Z,2026-02-25T14:56:00Z,ADVERSE_FIRST,2026-02-25T16:42:00Z,2026-02-25T14:56:00Z,ADVERSE_FIRST,2026-02-25T16:47:00Z,2026-02-25T14:56:00Z,ADVERSE_FIRST,2026-02-25T17:41:00Z,2026-02-25T14:56:00Z,ADVERSE_FIRST,2026-02-25T19:06:00Z,2026-02-25T14:56:00Z,ADVERSE_FIRST,2026-02-25T20:48:00Z,2026-02-25T14:56:00Z
SPY:2026-02-25:LONG:2026-02-25T16:25:00+00:00:v1,2026-02-25,LONG,691.470000000000,691.500000000000,0.030000000000,0.030000000000,5,WORSE,2.210000000000,2.180000000000,0.070000000000,0.100000000000,1.610000000000,1.580000000000,0.030000000000,-0.030000000000,True,,,2026-02-25T16:30:00Z,,FAVORABLE_FIRST,2026-02-25T16:31:00Z,,FAVORABLE_FIRST,2026-02-25T16:42:00Z,,FAVORABLE_FIRST,2026-02-25T16:47:00Z,,FAVORABLE_FIRST,2026-02-25T17:47:00Z,,FAVORABLE_FIRST,2026-02-25T16:42:00Z,,FAVORABLE_FIRST,2026-02-25T16:47:00Z,,FAVORABLE_FIRST,2026-02-25T17:47:00Z,,FAVORABLE_FIRST,2026-02-25T19:07:00Z,,FAVORABLE_FIRST,2026-02-25T20:50:00Z,,2026-02-25T16:35:00Z,,FAVORABLE_FIRST,2026-02-25T16:40:00Z,,FAVORABLE_FIRST,2026-02-25T16:45:00Z,,FAVORABLE_FIRST,2026-02-25T16:47:00Z,,FAVORABLE_FIRST,2026-02-25T17:47:00Z,,FAVORABLE_FIRST,2026-02-25T16:45:00Z,,FAVORABLE_FIRST,2026-02-25T16:47:00Z,,FAVORABLE_FIRST,2026-02-25T17:47:00Z,,FAVORABLE_FIRST,2026-02-25T19:10:00Z,,FAVORABLE_FIRST,2026-02-25T20:50:00Z,
SPY:2026-02-26:SHORT:2026-02-26T14:40:00+00:00:v1,2026-02-26,SHORT,691.450000000000,691.045000000000,-0.405000000000,0.405000000000,5,WORSE,7.100000000000,6.695000000000,0.130000000000,0.375000000000,2.130000000000,1.725000000000,0.405000000000,-0.245000000000,True,,,2026-02-26T14:45:00Z,,FAVORABLE_FIRST,2026-02-26T14:46:00Z,,FAVORABLE_FIRST,2026-02-26T14:46:00Z,,FAVORABLE_FIRST,2026-02-26T14:48:00Z,,FAVORABLE_FIRST,2026-02-26T14:58:00Z,,FAVORABLE_FIRST,2026-02-26T14:46:00Z,,FAVORABLE_FIRST,2026-02-26T14:48:00Z,,FAVORABLE_FIRST,2026-02-26T14:58:00Z,,FAVORABLE_FIRST,2026-02-26T15:01:00Z,,FAVORABLE_FIRST,2026-02-26T15:12:00Z,,2026-02-26T14:50:00Z,,FAVORABLE_FIRST,2026-02-26T14:52:00Z,2026-02-26T14:55:00Z,ADVERSE_FIRST,2026-02-26T14:58:00Z,2026-02-26T14:55:00Z,ADVERSE_FIRST,2026-02-26T15:01:00Z,2026-02-26T14:55:00Z,ADVERSE_FIRST,2026-02-26T15:01:00Z,2026-02-26T14:55:00Z,ADVERSE_FIRST,2026-02-26T14:58:00Z,2026-02-26T14:55:00Z,ADVERSE_FIRST,2026-02-26T15:01:00Z,2026-02-26T14:55:00Z,ADVERSE_FIRST,2026-02-26T15:01:00Z,2026-02-26T14:55:00Z,ADVERSE_FIRST,2026-02-26T15:12:00Z,2026-02-26T14:55:00Z,ADVERSE_FIRST,2026-02-26T15:13:00Z,2026-02-26T14:55:00Z
SPY:2026-02-27:LONG:2026-02-27T15:05:00+00:00:v1,2026-02-27,LONG,684.710000000000,684.580000000000,-0.130000000000,-0.130000000000,5,BETTER,2.150000000000,2.280000000000,1.720000000000,1.590000000000,1.510000000000,1.640000000000,-0.130000000000,0.130000000000,True,10,5,2026-02-27T15:10:00Z,2026-02-27T15:20:00Z,FAVORABLE_FIRST,2026-02-27T15:11:00Z,2026-02-27T15:16:00Z,FAVORABLE_FIRST,2026-02-27T15:11:00Z,2026-02-27T15:16:00Z,FAVORABLE_FIRST,2026-02-27T15:11:00Z,2026-02-27T15:16:00Z,ADVERSE_FIRST,2026-02-27T15:43:00Z,2026-02-27T15:16:00Z,FAVORABLE_FIRST,2026-02-27T15:11:00Z,2026-02-27T15:16:00Z,FAVORABLE_FIRST,2026-02-27T15:11:00Z,2026-02-27T15:16:00Z,ADVERSE_FIRST,2026-02-27T15:43:00Z,2026-02-27T15:16:00Z,ADVERSE_FIRST,2026-02-27T16:34:00Z,2026-02-27T15:16:00Z,ADVERSE_FIRST,2026-02-27T20:59:00Z,2026-02-27T15:16:00Z,2026-02-27T15:15:00Z,2026-02-27T15:20:00Z,ADVERSE_FIRST,2026-02-27T15:24:00Z,2026-02-27T15:16:00Z,ADVERSE_FIRST,2026-02-27T15:37:00Z,2026-02-27T15:16:00Z,ADVERSE_FIRST,2026-02-27T15:37:00Z,2026-02-27T15:16:00Z,ADVERSE_FIRST,2026-02-27T15:43:00Z,2026-02-27T15:16:00Z,ADVERSE_FIRST,2026-02-27T15:37:00Z,2026-02-27T15:16:00Z,ADVERSE_FIRST,2026-02-27T15:37:00Z,2026-02-27T15:16:00Z,ADVERSE_FIRST,2026-02-27T15:43:00Z,2026-02-27T15:16:00Z,ADVERSE_FIRST,2026-02-27T16:32:00Z,2026-02-27T15:16:00Z,ADVERSE_FIRST,2026-02-27T20:59:00Z,2026-02-27T15:16:00Z
SPY:2026-02-27:LONG:2026-02-27T15:20:00+00:00:v1,2026-02-27,LONG,684.700300000000,684.529400000000,-0.170900000000,-0.170900000000,5,BETTER,2.159700000000,2.330600000000,1.710300000000,1.539400000000,1.519700000000,1.690600000000,-0.170900000000,0.170900000000,True,120,115,2026-02-27T15:25:00Z,2026-02-27T17:25:00Z,ADVERSE_FIRST,2026-02-27T15:36:00Z,2026-02-27T15:26:00Z,ADVERSE_FIRST,2026-02-27T15:37:00Z,2026-02-27T15:26:00Z,ADVERSE_FIRST,2026-02-27T15:37:00Z,2026-02-27T15:26:00Z,ADVERSE_FIRST,2026-02-27T15:43:00Z,2026-02-27T15:26:00Z,ADVERSE_FIRST,2026-02-27T15:37:00Z,2026-02-27T15:26:00Z,ADVERSE_FIRST,2026-02-27T15:37:00Z,2026-02-27T15:26:00Z,ADVERSE_FIRST,2026-02-27T15:43:00Z,2026-02-27T15:26:00Z,ADVERSE_FIRST,2026-02-27T16:34:00Z,2026-02-27T15:26:00Z,ADVERSE_FIRST,2026-02-27T20:59:00Z,2026-02-27T15:26:00Z,2026-02-27T15:30:00Z,2026-02-27T17:25:00Z,ADVERSE_FIRST,2026-02-27T15:35:00Z,2026-02-27T15:31:00Z,ADVERSE_FIRST,2026-02-27T15:36:00Z,2026-02-27T15:31:00Z,ADVERSE_FIRST,2026-02-27T15:37:00Z,2026-02-27T15:31:00Z,ADVERSE_FIRST,2026-02-27T15:43:00Z,2026-02-27T15:31:00Z,ADVERSE_FIRST,2026-02-27T15:36:00Z,2026-02-27T15:31:00Z,ADVERSE_FIRST,2026-02-27T15:37:00Z,2026-02-27T15:31:00Z,ADVERSE_FIRST,2026-02-27T15:43:00Z,2026-02-27T15:31:00Z,ADVERSE_FIRST,2026-02-27T15:45:00Z,2026-02-27T15:31:00Z,ADVERSE_FIRST,2026-02-27T20:59:00Z,2026-02-27T15:31:00Z
SPY:2026-02-27:LONG:2026-02-27T17:30:00+00:00:v1,2026-02-27,LONG,684.870000000000,684.270000000000,-0.600000000000,-0.600000000000,5,BETTER,1.990000000000,2.590000000000,1.880000000000,1.280000000000,1.350000000000,1.950000000000,-0.600000000000,0.600000000000,True,10,5,2026-02-27T17:35:00Z,2026-02-27T17:45:00Z,FAVORABLE_FIRST,2026-02-27T17:36:00Z,2026-02-27T17:37:00Z,ADVERSE_FIRST,2026-02-27T20:17:00Z,2026-02-27T17:37:00Z,ADVERSE_FIRST,2026-02-27T20:19:00Z,2026-02-27T17:37:00Z,ADVERSE_FIRST,2026-02-27T20:23:00Z,2026-02-27T17:37:00Z,ADVERSE_FIRST,2026-02-27T20:17:00Z,2026-02-27T17:37:00Z,ADVERSE_FIRST,2026-02-27T20:19:00Z,2026-02-27T17:37:00Z,ADVERSE_FIRST,2026-02-27T20:23:00Z,2026-02-27T17:37:00Z,ADVERSE_FIRST,2026-02-27T20:59:00Z,2026-02-27T17:37:00Z,ADVERSE_FIRST,,2026-02-27T17:37:00Z,2026-02-27T17:40:00Z,2026-02-27T17:45:00Z,ADVERSE_FIRST,2026-02-27T18:00:00Z,2026-02-27T17:41:00Z,ADVERSE_FIRST,2026-02-27T19:06:00Z,2026-02-27T17:41:00Z,ADVERSE_FIRST,2026-02-27T20:14:00Z,2026-02-27T17:41:00Z,ADVERSE_FIRST,2026-02-27T20:15:00Z,2026-02-27T17:41:00Z,ADVERSE_FIRST,2026-02-27T19:06:00Z,2026-02-27T17:41:00Z,ADVERSE_FIRST,2026-02-27T20:14:00Z,2026-02-27T17:41:00Z,ADVERSE_FIRST,2026-02-27T20:15:00Z,2026-02-27T17:41:00Z,ADVERSE_FIRST,2026-02-27T20:23:00Z,2026-02-27T17:41:00Z,ADVERSE_FIRST,2026-02-27T20:59:00Z,2026-02-27T17:41:00Z
SPY:2026-02-27:LONG:2026-02-27T17:55:00+00:00:v1,2026-02-27,LONG,684.375000000000,684.161500000000,-0.213500000000,-0.213500000000,5,BETTER,2.485000000000,2.698500000000,1.385000000000,1.171500000000,1.845000000000,2.058500000000,-0.213500000000,0.213500000000,True,10,5,2026-02-27T18:00:00Z,2026-02-27T18:10:00Z,ADVERSE_FIRST,2026-02-27T19:04:00Z,2026-02-27T18:02:00Z,ADVERSE_FIRST,2026-02-27T19:06:00Z,2026-02-27T18:02:00Z,ADVERSE_FIRST,2026-02-27T20:14:00Z,2026-02-27T18:02:00Z,ADVERSE_FIRST,2026-02-27T20:17:00Z,2026-02-27T18:02:00Z,ADVERSE_FIRST,2026-02-27T19:06:00Z,2026-02-27T18:02:00Z,ADVERSE_FIRST,2026-02-27T20:14:00Z,2026-02-27T18:02:00Z,ADVERSE_FIRST,2026-02-27T20:17:00Z,2026-02-27T18:02:00Z,ADVERSE_FIRST,2026-02-27T20:23:00Z,2026-02-27T18:02:00Z,ADVERSE_FIRST,2026-02-27T20:59:00Z,2026-02-27T18:02:00Z,2026-02-27T18:05:00Z,2026-02-27T18:10:00Z,FAVORABLE_FIRST,2026-02-27T18:07:00Z,2026-02-27T18:10:00Z,ADVERSE_FIRST,2026-02-27T19:04:00Z,2026-02-27T18:10:00Z,ADVERSE_FIRST,2026-02-27T19:06:00Z,2026-02-27T18:10:00Z,ADVERSE_FIRST,2026-02-27T20:14:00Z,2026-02-27T18:10:00Z,ADVERSE_FIRST,2026-02-27T19:04:00Z,2026-02-27T18:10:00Z,ADVERSE_FIRST,2026-02-27T19:06:00Z,2026-02-27T18:10:00Z,ADVERSE_FIRST,2026-02-27T20:14:00Z,2026-02-27T18:10:00Z,ADVERSE_FIRST,2026-02-27T20:19:00Z,2026-02-27T18:10:00Z,ADVERSE_FIRST,2026-02-27T20:59:00Z,2026-02-27T18:10:00Z
SPY:2026-02-27:LONG:2026-02-27T20:10:00+00:00:v1,2026-02-27,LONG,685.220000000000,685.590000000000,0.370000000000,0.370000000000,5,WORSE,1.640000000000,1.270000000000,0.730000000000,1.100000000000,1.000000000000,0.630000000000,0.370000000000,-0.370000000000,True,,,2026-02-27T20:15:00Z,,FAVORABLE_FIRST,2026-02-27T20:17:00Z,2026-02-27T20:37:00Z,FAVORABLE_FIRST,2026-02-27T20:23:00Z,2026-02-27T20:37:00Z,FAVORABLE_FIRST,2026-02-27T20:24:00Z,2026-02-27T20:37:00Z,ADVERSE_FIRST,2026-02-27T20:59:00Z,2026-02-27T20:37:00Z,FAVORABLE_FIRST,2026-02-27T20:23:00Z,2026-02-27T20:37:00Z,FAVORABLE_FIRST,2026-02-27T20:24:00Z,2026-02-27T20:37:00Z,ADVERSE_FIRST,2026-02-27T20:59:00Z,2026-02-27T20:37:00Z,ADVERSE_FIRST,2026-02-27T20:59:00Z,2026-02-27T20:37:00Z,ADVERSE_FIRST,,2026-02-27T20:37:00Z,2026-02-27T20:20:00Z,,ADVERSE_FIRST,2026-02-27T20:23:00Z,2026-02-27T20:21:00Z,ADVERSE_FIRST,2026-02-27T20:24:00Z,2026-02-27T20:21:00Z,ADVERSE_FIRST,2026-02-27T20:59:00Z,2026-02-27T20:21:00Z,ADVERSE_FIRST,2026-02-27T20:59:00Z,2026-02-27T20:21:00Z,ADVERSE_FIRST,2026-02-27T20:24:00Z,2026-02-27T20:21:00Z,ADVERSE_FIRST,2026-02-27T20:59:00Z,2026-02-27T20:21:00Z,ADVERSE_FIRST,2026-02-27T20:59:00Z,2026-02-27T20:21:00Z,ADVERSE_FIRST,,2026-02-27T20:21:00Z,ADVERSE_FIRST,,2026-02-27T20:21:00Z
SPY:2026-03-02:LONG:2026-03-02T14:40:00+00:00:v1,2026-03-02,LONG,682.080000000000,683.220000000000,1.140000000000,1.140000000000,5,WORSE,6.540000000000,5.400000000000,0.200000000000,1.340000000000,4.290000000000,3.150000000000,1.140000000000,-1.140000000000,True,,,2026-03-02T14:45:00Z,,FAVORABLE_FIRST,2026-03-02T14:46:00Z,,FAVORABLE_FIRST,2026-03-02T14:46:00Z,,FAVORABLE_FIRST,2026-03-02T14:46:00Z,,FAVORABLE_FIRST,2026-03-02T14:48:00Z,,FAVORABLE_FIRST,2026-03-02T14:46:00Z,,FAVORABLE_FIRST,2026-03-02T14:46:00Z,,FAVORABLE_FIRST,2026-03-02T14:48:00Z,,FAVORABLE_FIRST,2026-03-02T15:02:00Z,,FAVORABLE_FIRST,2026-03-02T15:03:00Z,,2026-03-02T14:50:00Z,,ADVERSE_FIRST,2026-03-02T15:01:00Z,2026-03-02T14:51:00Z,ADVERSE_FIRST,2026-03-02T15:02:00Z,2026-03-02T14:51:00Z,ADVERSE_FIRST,2026-03-02T15:03:00Z,2026-03-02T14:51:00Z,ADVERSE_FIRST,2026-03-02T15:03:00Z,2026-03-02T14:51:00Z,ADVERSE_FIRST,2026-03-02T15:02:00Z,2026-03-02T14:51:00Z,ADVERSE_FIRST,2026-03-02T15:03:00Z,2026-03-02T14:51:00Z,ADVERSE_FIRST,2026-03-02T15:03:00Z,2026-03-02T14:51:00Z,ADVERSE_FIRST,2026-03-02T15:07:00Z,2026-03-02T14:51:00Z,ADVERSE_FIRST,2026-03-02T15:13:00Z,2026-03-02T14:51:00Z
SPY:2026-03-03:SHORT:2026-03-03T14:42:00+00:00:v1,2026-03-03,SHORT,673.440000000000,672.470000000000,-0.970000000000,0.970000000000,5,WORSE,3.780000000000,2.810000000000,9.170000000000,10.140000000000,-6.830000000000,-7.800000000000,0.970000000000,-0.970000000000,True,85,80,2026-03-03T14:45:00Z,2026-03-03T16:10:00Z,ADVERSE_FIRST,2026-03-03T14:48:00Z,2026-03-03T14:46:00Z,ADVERSE_FIRST,2026-03-03T14:49:00Z,2026-03-03T14:46:00Z,ADVERSE_FIRST,2026-03-03T14:49:00Z,2026-03-03T14:46:00Z,ADVERSE_FIRST,2026-03-03T14:50:00Z,2026-03-03T14:46:00Z,ADVERSE_FIRST,2026-03-03T14:49:00Z,2026-03-03T14:46:00Z,ADVERSE_FIRST,2026-03-03T14:49:00Z,2026-03-03T14:46:00Z,ADVERSE_FIRST,2026-03-03T14:50:00Z,2026-03-03T14:46:00Z,ADVERSE_FIRST,2026-03-03T15:04:00Z,2026-03-03T14:46:00Z,ADVERSE_FIRST,2026-03-03T15:17:00Z,2026-03-03T14:46:00Z,2026-03-03T14:50:00Z,2026-03-03T16:10:00Z,ADVERSE_FIRST,2026-03-03T14:58:00Z,2026-03-03T14:51:00Z,ADVERSE_FIRST,2026-03-03T14:58:00Z,2026-03-03T14:51:00Z,ADVERSE_FIRST,2026-03-03T15:05:00Z,2026-03-03T14:51:00Z,ADVERSE_FIRST,2026-03-03T15:17:00Z,2026-03-03T14:51:00Z,ADVERSE_FIRST,2026-03-03T14:58:00Z,2026-03-03T14:51:00Z,ADVERSE_FIRST,2026-03-03T15:05:00Z,2026-03-03T14:51:00Z,ADVERSE_FIRST,2026-03-03T15:17:00Z,2026-03-03T14:51:00Z,ADVERSE_FIRST,2026-03-03T15:18:00Z,2026-03-03T14:51:00Z,ADVERSE_FIRST,2026-03-03T15:21:00Z,2026-03-03T14:51:00Z
SPY:2026-03-03:LONG:2026-03-03T16:43:00+00:00:v1,2026-03-03,LONG,676.680000000000,677.600000000000,0.920000000000,0.920000000000,5,WORSE,5.930000000000,5.010000000000,0.600000000000,1.520000000000,3.590000000000,2.670000000000,0.920000000000,-0.920000000000,True,,,2026-03-03T16:45:00Z,,FAVORABLE_FIRST,2026-03-03T16:46:00Z,2026-03-03T17:12:00Z,FAVORABLE_FIRST,2026-03-03T16:46:00Z,2026-03-03T17:12:00Z,FAVORABLE_FIRST,2026-03-03T16:46:00Z,2026-03-03T17:12:00Z,FAVORABLE_FIRST,2026-03-03T16:46:00Z,2026-03-03T17:12:00Z,FAVORABLE_FIRST,2026-03-03T16:46:00Z,2026-03-03T17:12:00Z,FAVORABLE_FIRST,2026-03-03T16:46:00Z,2026-03-03T17:12:00Z,FAVORABLE_FIRST,2026-03-03T16:46:00Z,2026-03-03T17:12:00Z,FAVORABLE_FIRST,2026-03-03T16:46:00Z,2026-03-03T17:12:00Z,ADVERSE_FIRST,2026-03-03T18:01:00Z,2026-03-03T17:12:00Z,2026-03-03T16:50:00Z,,ADVERSE_FIRST,2026-03-03T16:53:00Z,2026-03-03T16:51:00Z,ADVERSE_FIRST,2026-03-03T16:55:00Z,2026-03-03T16:51:00Z,ADVERSE_FIRST,2026-03-03T17:25:00Z,2026-03-03T16:51:00Z,ADVERSE_FIRST,2026-03-03T18:01:00Z,2026-03-03T16:51:00Z,ADVERSE_FIRST,2026-03-03T16:55:00Z,2026-03-03T16:51:00Z,ADVERSE_FIRST,2026-03-03T17:25:00Z,2026-03-03T16:51:00Z,ADVERSE_FIRST,2026-03-03T18:01:00Z,2026-03-03T16:51:00Z,ADVERSE_FIRST,2026-03-03T18:20:00Z,2026-03-03T16:51:00Z,ADVERSE_FIRST,2026-03-03T18:22:00Z,2026-03-03T16:51:00Z
SPY:2026-03-04:SHORT:2026-03-04T14:35:00+00:00:v1,2026-03-04,SHORT,680.990000000000,680.210000000000,-0.780000000000,0.780000000000,5,WORSE,1.370000000000,0.330000000000,6.100000000000,6.880000000000,-4.170000000000,-4.950000000000,1.040000000000,-0.780000000000,True,15,10,2026-03-04T14:40:00Z,2026-03-04T14:55:00Z,FAVORABLE_FIRST,2026-03-04T14:41:00Z,2026-03-04T14:47:00Z,FAVORABLE_FIRST,2026-03-04T14:41:00Z,2026-03-04T14:47:00Z,FAVORABLE_FIRST,2026-03-04T14:41:00Z,2026-03-04T14:47:00Z,FAVORABLE_FIRST,2026-03-04T14:45:00Z,2026-03-04T14:47:00Z,FAVORABLE_FIRST,2026-03-04T14:41:00Z,2026-03-04T14:47:00Z,FAVORABLE_FIRST,2026-03-04T14:41:00Z,2026-03-04T14:47:00Z,FAVORABLE_FIRST,2026-03-04T14:45:00Z,2026-03-04T14:47:00Z,ADVERSE_FIRST,,2026-03-04T14:47:00Z,ADVERSE_FIRST,,2026-03-04T14:47:00Z,2026-03-04T14:45:00Z,2026-03-04T14:55:00Z,AMBIGUOUS_SAME_BAR,2026-03-04T14:46:00Z,2026-03-04T14:46:00Z,ADVERSE_FIRST,,2026-03-04T14:46:00Z,ADVERSE_FIRST,,2026-03-04T14:46:00Z,ADVERSE_FIRST,,2026-03-04T14:46:00Z,ADVERSE_FIRST,,2026-03-04T14:46:00Z,ADVERSE_FIRST,,2026-03-04T14:46:00Z,ADVERSE_FIRST,,2026-03-04T14:46:00Z,ADVERSE_FIRST,,2026-03-04T14:46:00Z,ADVERSE_FIRST,,2026-03-04T14:46:00Z
SPY:2026-03-04:LONG:2026-03-04T15:15:00+00:00:v1,2026-03-04,LONG,684.450000000000,685.535000000000,1.085000000000,1.085000000000,5,WORSE,2.640000000000,1.555000000000,0.570000000000,1.655000000000,0.710000000000,-0.375000000000,1.085000000000,-1.085000000000,True,,,2026-03-04T15:20:00Z,,FAVORABLE_FIRST,2026-03-04T15:21:00Z,2026-03-04T15:45:00Z,FAVORABLE_FIRST,2026-03-04T15:21:00Z,2026-03-04T15:45:00Z,FAVORABLE_FIRST,2026-03-04T15:21:00Z,2026-03-04T15:45:00Z,FAVORABLE_FIRST,2026-03-04T15:23:00Z,2026-03-04T15:45:00Z,FAVORABLE_FIRST,2026-03-04T15:21:00Z,2026-03-04T15:45:00Z,FAVORABLE_FIRST,2026-03-04T15:21:00Z,2026-03-04T15:45:00Z,FAVORABLE_FIRST,2026-03-04T15:23:00Z,2026-03-04T15:45:00Z,FAVORABLE_FIRST,2026-03-04T15:27:00Z,2026-03-04T15:45:00Z,ADVERSE_FIRST,2026-03-04T16:02:00Z,2026-03-04T15:45:00Z,2026-03-04T15:25:00Z,,AMBIGUOUS_SAME_BAR,2026-03-04T15:26:00Z,2026-03-04T15:26:00Z,ADVERSE_FIRST,2026-03-04T15:27:00Z,2026-03-04T15:26:00Z,ADVERSE_FIRST,2026-03-04T15:30:00Z,2026-03-04T15:26:00Z,ADVERSE_FIRST,2026-03-04T16:02:00Z,2026-03-04T15:26:00Z,ADVERSE_FIRST,2026-03-04T15:27:00Z,2026-03-04T15:26:00Z,ADVERSE_FIRST,2026-03-04T15:30:00Z,2026-03-04T15:26:00Z,ADVERSE_FIRST,2026-03-04T16:02:00Z,2026-03-04T15:26:00Z,ADVERSE_FIRST,2026-03-04T19:50:00Z,2026-03-04T15:26:00Z,ADVERSE_FIRST,,2026-03-04T15:26:00Z
SPY:2026-03-05:LONG:2026-03-05T14:57:00+00:00:v1,2026-03-05,LONG,685.100000000000,684.250000000000,-0.850000000000,-0.850000000000,5,BETTER,0.430000000000,0.149900000000,9.490000000000,8.640000000000,-3.660000000000,-2.810000000000,0.280100000000,0.850000000000,True,10,5,2026-03-05T15:00:00Z,2026-03-05T15:10:00Z,AMBIGUOUS_SAME_BAR,2026-03-05T15:01:00Z,2026-03-05T15:01:00Z,ADVERSE_FIRST,,2026-03-05T15:01:00Z,ADVERSE_FIRST,,2026-03-05T15:01:00Z,ADVERSE_FIRST,,2026-03-05T15:01:00Z,ADVERSE_FIRST,,2026-03-05T15:02:00Z,ADVERSE_FIRST,,2026-03-05T15:02:00Z,ADVERSE_FIRST,,2026-03-05T15:02:00Z,ADVERSE_FIRST,,2026-03-05T15:02:00Z,ADVERSE_FIRST,,2026-03-05T15:02:00Z,2026-03-05T15:05:00Z,2026-03-05T15:10:00Z,ADVERSE_FIRST,,2026-03-05T15:06:00Z,ADVERSE_FIRST,,2026-03-05T15:06:00Z,ADVERSE_FIRST,,2026-03-05T15:06:00Z,ADVERSE_FIRST,,2026-03-05T15:06:00Z,ADVERSE_FIRST,,2026-03-05T15:06:00Z,ADVERSE_FIRST,,2026-03-05T15:06:00Z,ADVERSE_FIRST,,2026-03-05T15:06:00Z,ADVERSE_FIRST,,2026-03-05T15:06:00Z,ADVERSE_FIRST,,2026-03-05T15:06:00Z
SPY:2026-03-05:SHORT:2026-03-05T15:22:00+00:00:v1,2026-03-05,SHORT,681.045000000000,680.820000000000,-0.225000000000,0.225000000000,5,WORSE,5.435000000000,5.210000000000,1.535000000000,1.760000000000,-0.395000000000,-0.620000000000,0.225000000000,-0.225000000000,True,30,25,2026-03-05T15:25:00Z,2026-03-05T15:55:00Z,ADVERSE_FIRST,2026-03-05T15:27:00Z,2026-03-05T15:26:00Z,ADVERSE_FIRST,2026-03-05T15:28:00Z,2026-03-05T15:26:00Z,ADVERSE_FIRST,2026-03-05T15:30:00Z,2026-03-05T15:26:00Z,ADVERSE_FIRST,2026-03-05T15:30:00Z,2026-03-05T15:26:00Z,ADVERSE_FIRST,2026-03-05T15:28:00Z,2026-03-05T15:26:00Z,ADVERSE_FIRST,2026-03-05T15:30:00Z,2026-03-05T15:26:00Z,ADVERSE_FIRST,2026-03-05T15:30:00Z,2026-03-05T15:26:00Z,ADVERSE_FIRST,2026-03-05T15:31:00Z,2026-03-05T15:26:00Z,ADVERSE_FIRST,2026-03-05T16:18:00Z,2026-03-05T15:26:00Z,2026-03-05T15:30:00Z,2026-03-05T15:55:00Z,FAVORABLE_FIRST,2026-03-05T15:31:00Z,2026-03-05T15:39:00Z,FAVORABLE_FIRST,2026-03-05T15:31:00Z,2026-03-05T15:39:00Z,FAVORABLE_FIRST,2026-03-05T15:31:00Z,2026-03-05T15:39:00Z,FAVORABLE_FIRST,2026-03-05T15:31:00Z,2026-03-05T15:39:00Z,FAVORABLE_FIRST,2026-03-05T15:31:00Z,2026-03-05T15:39:00Z,FAVORABLE_FIRST,2026-03-05T15:31:00Z,2026-03-05T15:39:00Z,FAVORABLE_FIRST,2026-03-05T15:31:00Z,2026-03-05T15:39:00Z,FAVORABLE_FIRST,2026-03-05T15:32:00Z,2026-03-05T15:39:00Z,ADVERSE_FIRST,2026-03-05T17:26:00Z,2026-03-05T15:39:00Z
SPY:2026-03-05:SHORT:2026-03-05T16:01:00+00:00:v1,2026-03-05,SHORT,680.850000000000,680.110000000000,-0.740000000000,0.740000000000,5,WORSE,5.240000000000,4.500000000000,1.570000000000,2.310000000000,-0.590000000000,-1.330000000000,0.740000000000,-0.740000000000,True,60,55,2026-03-05T16:05:00Z,2026-03-05T17:05:00Z,FAVORABLE_FIRST,2026-03-05T16:06:00Z,2026-03-05T16:46:00Z,FAVORABLE_FIRST,2026-03-05T16:08:00Z,2026-03-05T16:46:00Z,FAVORABLE_FIRST,2026-03-05T16:09:00Z,2026-03-05T16:46:00Z,FAVORABLE_FIRST,2026-03-05T16:10:00Z,2026-03-05T16:46:00Z,FAVORABLE_FIRST,2026-03-05T16:08:00Z,2026-03-05T16:46:00Z,FAVORABLE_FIRST,2026-03-05T16:09:00Z,2026-03-05T16:46:00Z,FAVORABLE_FIRST,2026-03-05T16:10:00Z,2026-03-05T16:46:00Z,FAVORABLE_FIRST,2026-03-05T16:11:00Z,2026-03-05T16:46:00Z,ADVERSE_FIRST,2026-03-05T17:26:00Z,2026-03-05T16:46:00Z,2026-03-05T16:10:00Z,2026-03-05T17:05:00Z,FAVORABLE_FIRST,2026-03-05T16:11:00Z,2026-03-05T16:31:00Z,FAVORABLE_FIRST,2026-03-05T16:11:00Z,2026-03-05T16:31:00Z,FAVORABLE_FIRST,2026-03-05T16:11:00Z,2026-03-05T16:31:00Z,FAVORABLE_FIRST,2026-03-05T16:18:00Z,2026-03-05T16:31:00Z,FAVORABLE_FIRST,2026-03-05T16:11:00Z,2026-03-05T16:31:00Z,FAVORABLE_FIRST,2026-03-05T16:11:00Z,2026-03-05T16:31:00Z,FAVORABLE_FIRST,2026-03-05T16:18:00Z,2026-03-05T16:31:00Z,ADVERSE_FIRST,2026-03-05T17:29:00Z,2026-03-05T16:31:00Z,ADVERSE_FIRST,2026-03-05T17:31:00Z,2026-03-05T16:31:00Z
SPY:2026-03-05:SHORT:2026-03-05T17:06:00+00:00:v1,2026-03-05,SHORT,681.010000000000,680.550000000000,-0.460000000000,0.460000000000,5,WORSE,5.400000000000,4.940000000000,0.740000000000,1.200000000000,-0.430000000000,-0.890000000000,0.460000000000,-0.460000000000,True,,,2026-03-05T17:10:00Z,,FAVORABLE_FIRST,2026-03-05T17:11:00Z,2026-03-05T20:54:00Z,FAVORABLE_FIRST,2026-03-05T17:11:00Z,2026-03-05T20:54:00Z,FAVORABLE_FIRST,2026-03-05T17:11:00Z,2026-03-05T20:54:00Z,FAVORABLE_FIRST,2026-03-05T17:15:00Z,2026-03-05T20:54:00Z,FAVORABLE_FIRST,2026-03-05T17:11:00Z,2026-03-05T20:54:00Z,FAVORABLE_FIRST,2026-03-05T17:11:00Z,2026-03-05T20:54:00Z,FAVORABLE_FIRST,2026-03-05T17:15:00Z,2026-03-05T20:54:00Z,FAVORABLE_FIRST,2026-03-05T17:18:00Z,2026-03-05T20:54:00Z,FAVORABLE_FIRST,2026-03-05T17:21:00Z,2026-03-05T20:54:00Z,2026-03-05T17:15:00Z,,FAVORABLE_FIRST,2026-03-05T17:16:00Z,2026-03-05T20:50:00Z,FAVORABLE_FIRST,2026-03-05T17:16:00Z,2026-03-05T20:50:00Z,FAVORABLE_FIRST,2026-03-05T17:16:00Z,2026-03-05T20:50:00Z,FAVORABLE_FIRST,2026-03-05T17:18:00Z,2026-03-05T20:50:00Z,FAVORABLE_FIRST,2026-03-05T17:16:00Z,2026-03-05T20:50:00Z,FAVORABLE_FIRST,2026-03-05T17:16:00Z,2026-03-05T20:50:00Z,FAVORABLE_FIRST,2026-03-05T17:18:00Z,2026-03-05T20:50:00Z,FAVORABLE_FIRST,2026-03-05T17:21:00Z,2026-03-05T20:50:00Z,FAVORABLE_FIRST,2026-03-05T17:29:00Z,2026-03-05T20:50:00Z
SPY:2026-03-06:SHORT:2026-03-06T14:35:00+00:00:v1,2026-03-06,SHORT,671.110000000000,670.980000000000,-0.130000000000,0.130000000000,5,WORSE,1.350000000000,1.220000000000,5.000000000000,5.130000000000,-1.350000000000,-1.480000000000,0.130000000000,-0.130000000000,True,25,20,2026-03-06T14:40:00Z,2026-03-06T15:05:00Z,AMBIGUOUS_SAME_BAR,2026-03-06T14:41:00Z,2026-03-06T14:41:00Z,ADVERSE_FIRST,2026-03-06T14:46:00Z,2026-03-06T14:41:00Z,ADVERSE_FIRST,2026-03-06T14:46:00Z,2026-03-06T14:41:00Z,ADVERSE_FIRST,2026-03-06T14:47:00Z,2026-03-06T14:41:00Z,ADVERSE_FIRST,2026-03-06T14:46:00Z,2026-03-06T14:41:00Z,ADVERSE_FIRST,2026-03-06T14:46:00Z,2026-03-06T14:41:00Z,ADVERSE_FIRST,2026-03-06T14:47:00Z,2026-03-06T14:41:00Z,ADVERSE_FIRST,,2026-03-06T14:41:00Z,ADVERSE_FIRST,,2026-03-06T14:41:00Z,2026-03-06T14:45:00Z,2026-03-06T15:05:00Z,AMBIGUOUS_SAME_BAR,2026-03-06T14:46:00Z,2026-03-06T14:46:00Z,AMBIGUOUS_SAME_BAR,2026-03-06T14:46:00Z,2026-03-06T14:46:00Z,ADVERSE_FIRST,2026-03-06T14:47:00Z,2026-03-06T14:46:00Z,ADVERSE_FIRST,2026-03-06T14:59:00Z,2026-03-06T14:46:00Z,FAVORABLE_FIRST,2026-03-06T14:46:00Z,2026-03-06T14:51:00Z,FAVORABLE_FIRST,2026-03-06T14:47:00Z,2026-03-06T14:51:00Z,ADVERSE_FIRST,2026-03-06T14:59:00Z,2026-03-06T14:51:00Z,ADVERSE_FIRST,,2026-03-06T14:51:00Z,ADVERSE_FIRST,,2026-03-06T14:51:00Z
SPY:2026-03-06:LONG:2026-03-06T15:25:00+00:00:v1,2026-03-06,LONG,674.170000000000,674.900000000000,0.730000000000,0.730000000000,5,WORSE,1.940000000000,1.210000000000,3.030000000000,3.760000000000,-1.710000000000,-2.440000000000,0.730000000000,-0.730000000000,True,20,15,2026-03-06T15:30:00Z,2026-03-06T15:50:00Z,FAVORABLE_FIRST,2026-03-06T15:31:00Z,2026-03-06T15:46:00Z,FAVORABLE_FIRST,2026-03-06T15:31:00Z,2026-03-06T15:46:00Z,FAVORABLE_FIRST,2026-03-06T15:31:00Z,2026-03-06T15:46:00Z,FAVORABLE_FIRST,2026-03-06T15:35:00Z,2026-03-06T15:46:00Z,FAVORABLE_FIRST,2026-03-06T15:31:00Z,2026-03-06T15:48:00Z,FAVORABLE_FIRST,2026-03-06T15:31:00Z,2026-03-06T15:48:00Z,FAVORABLE_FIRST,2026-03-06T15:35:00Z,2026-03-06T15:48:00Z,FAVORABLE_FIRST,2026-03-06T15:37:00Z,2026-03-06T15:48:00Z,ADVERSE_FIRST,,2026-03-06T15:48:00Z,2026-03-06T15:35:00Z,2026-03-06T15:50:00Z,FAVORABLE_FIRST,2026-03-06T15:36:00Z,2026-03-06T15:41:00Z,FAVORABLE_FIRST,2026-03-06T15:36:00Z,2026-03-06T15:41:00Z,FAVORABLE_FIRST,2026-03-06T15:37:00Z,2026-03-06T15:41:00Z,FAVORABLE_FIRST,2026-03-06T15:38:00Z,2026-03-06T15:41:00Z,FAVORABLE_FIRST,2026-03-06T15:36:00Z,2026-03-06T15:42:00Z,FAVORABLE_FIRST,2026-03-06T15:37:00Z,2026-03-06T15:42:00Z,FAVORABLE_FIRST,2026-03-06T15:38:00Z,2026-03-06T15:42:00Z,ADVERSE_FIRST,,2026-03-06T15:42:00Z,ADVERSE_FIRST,,2026-03-06T15:42:00Z
SPY:2026-03-06:LONG:2026-03-06T15:55:00+00:00:v1,2026-03-06,LONG,674.920000000000,675.900000000000,0.980000000000,0.980000000000,5,WORSE,1.190000000000,0.210000000000,3.780000000000,4.760000000000,-2.460000000000,-3.440000000000,0.980000000000,-0.980000000000,True,35,30,2026-03-06T16:00:00Z,2026-03-06T16:35:00Z,FAVORABLE_FIRST,2026-03-06T16:01:00Z,2026-03-06T16:11:00Z,FAVORABLE_FIRST,2026-03-06T16:01:00Z,2026-03-06T16:11:00Z,FAVORABLE_FIRST,2026-03-06T16:03:00Z,2026-03-06T16:11:00Z,FAVORABLE_FIRST,2026-03-06T16:04:00Z,2026-03-06T16:11:00Z,FAVORABLE_FIRST,2026-03-06T16:01:00Z,2026-03-06T16:11:00Z,FAVORABLE_FIRST,2026-03-06T16:03:00Z,2026-03-06T16:11:00Z,FAVORABLE_FIRST,2026-03-06T16:04:00Z,2026-03-06T16:11:00Z,ADVERSE_FIRST,,2026-03-06T16:11:00Z,ADVERSE_FIRST,,2026-03-06T16:11:00Z,2026-03-06T16:05:00Z,2026-03-06T16:35:00Z,ADVERSE_FIRST,,2026-03-06T16:06:00Z,ADVERSE_FIRST,,2026-03-06T16:06:00Z,ADVERSE_FIRST,,2026-03-06T16:06:00Z,ADVERSE_FIRST,,2026-03-06T16:06:00Z,ADVERSE_FIRST,,2026-03-06T16:06:00Z,ADVERSE_FIRST,,2026-03-06T16:06:00Z,ADVERSE_FIRST,,2026-03-06T16:06:00Z,ADVERSE_FIRST,,2026-03-06T16:06:00Z,ADVERSE_FIRST,,2026-03-06T16:06:00Z
SPY:2026-03-06:LONG:2026-03-06T16:35:00+00:00:v1,2026-03-06,LONG,674.940000000000,674.510000000000,-0.430000000000,-0.430000000000,5,BETTER,1.170000000000,1.600000000000,3.800000000000,3.370000000000,-2.480000000000,-2.050000000000,-0.430000000000,0.430000000000,True,30,25,2026-03-06T16:40:00Z,2026-03-06T17:10:00Z,AMBIGUOUS_SAME_BAR,2026-03-06T16:41:00Z,2026-03-06T16:41:00Z,ADVERSE_FIRST,2026-03-06T16:45:00Z,2026-03-06T16:41:00Z,ADVERSE_FIRST,2026-03-06T16:50:00Z,2026-03-06T16:41:00Z,ADVERSE_FIRST,2026-03-06T16:51:00Z,2026-03-06T16:41:00Z,ADVERSE_FIRST,2026-03-06T16:45:00Z,2026-03-06T16:41:00Z,ADVERSE_FIRST,2026-03-06T16:50:00Z,2026-03-06T16:41:00Z,ADVERSE_FIRST,2026-03-06T16:51:00Z,2026-03-06T16:41:00Z,ADVERSE_FIRST,,2026-03-06T16:41:00Z,ADVERSE_FIRST,,2026-03-06T16:41:00Z,2026-03-06T16:45:00Z,2026-03-06T17:10:00Z,FAVORABLE_FIRST,2026-03-06T16:46:00Z,2026-03-06T16:56:00Z,FAVORABLE_FIRST,2026-03-06T16:46:00Z,2026-03-06T16:56:00Z,FAVORABLE_FIRST,2026-03-06T16:46:00Z,2026-03-06T16:56:00Z,FAVORABLE_FIRST,2026-03-06T16:46:00Z,2026-03-06T16:56:00Z,FAVORABLE_FIRST,2026-03-06T16:46:00Z,2026-03-06T16:56:00Z,FAVORABLE_FIRST,2026-03-06T16:46:00Z,2026-03-06T16:56:00Z,FAVORABLE_FIRST,2026-03-06T16:46:00Z,2026-03-06T16:56:00Z,ADVERSE_FIRST,2026-03-06T18:13:00Z,2026-03-06T16:56:00Z,ADVERSE_FIRST,,2026-03-06T16:56:00Z
SPY:2026-03-06:LONG:2026-03-06T17:15:00+00:00:v1,2026-03-06,LONG,674.420000000000,674.510000000000,0.090000000000,0.090000000000,5,WORSE,1.690000000000,1.600000000000,3.280000000000,3.370000000000,-1.960000000000,-2.050000000000,0.090000000000,-0.090000000000,True,10,5,2026-03-06T17:20:00Z,2026-03-06T17:30:00Z,ADVERSE_FIRST,2026-03-06T17:22:00Z,2026-03-06T17:21:00Z,ADVERSE_FIRST,2026-03-06T17:22:00Z,2026-03-06T17:21:00Z,ADVERSE_FIRST,2026-03-06T17:22:00Z,2026-03-06T17:21:00Z,ADVERSE_FIRST,2026-03-06T18:13:00Z,2026-03-06T17:21:00Z,ADVERSE_FIRST,2026-03-06T17:22:00Z,2026-03-06T17:21:00Z,ADVERSE_FIRST,2026-03-06T17:22:00Z,2026-03-06T17:21:00Z,ADVERSE_FIRST,2026-03-06T18:13:00Z,2026-03-06T17:21:00Z,ADVERSE_FIRST,2026-03-06T18:13:00Z,2026-03-06T17:21:00Z,ADVERSE_FIRST,,2026-03-06T17:21:00Z,2026-03-06T17:25:00Z,2026-03-06T17:30:00Z,ADVERSE_FIRST,2026-03-06T18:11:00Z,2026-03-06T17:26:00Z,ADVERSE_FIRST,2026-03-06T18:12:00Z,2026-03-06T17:26:00Z,ADVERSE_FIRST,2026-03-06T18:13:00Z,2026-03-06T17:26:00Z,ADVERSE_FIRST,2026-03-06T18:13:00Z,2026-03-06T17:26:00Z,ADVERSE_FIRST,2026-03-06T18:12:00Z,2026-03-06T17:26:00Z,ADVERSE_FIRST,2026-03-06T18:13:00Z,2026-03-06T17:26:00Z,ADVERSE_FIRST,2026-03-06T18:13:00Z,2026-03-06T17:26:00Z,ADVERSE_FIRST,2026-03-06T18:13:00Z,2026-03-06T17:26:00Z,ADVERSE_FIRST,,2026-03-06T17:26:00Z
SPY:2026-03-06:LONG:2026-03-06T18:06:00+00:00:v1,2026-03-06,LONG,674.180100000000,675.830000000000,1.649900000000,1.649900000000,5,WORSE,1.929900000000,0.270000000000,3.040100000000,4.690000000000,-1.720100000000,-3.370000000000,1.659900000000,-1.649900000000,True,45,40,2026-03-06T18:10:00Z,2026-03-06T18:55:00Z,FAVORABLE_FIRST,2026-03-06T18:11:00Z,2026-03-06T18:51:00Z,FAVORABLE_FIRST,2026-03-06T18:11:00Z,2026-03-06T18:51:00Z,FAVORABLE_FIRST,2026-03-06T18:12:00Z,2026-03-06T18:51:00Z,FAVORABLE_FIRST,2026-03-06T18:13:00Z,2026-03-06T18:51:00Z,FAVORABLE_FIRST,2026-03-06T18:11:00Z,2026-03-06T18:51:00Z,FAVORABLE_FIRST,2026-03-06T18:12:00Z,2026-03-06T18:51:00Z,FAVORABLE_FIRST,2026-03-06T18:13:00Z,2026-03-06T18:51:00Z,FAVORABLE_FIRST,2026-03-06T18:13:00Z,2026-03-06T18:51:00Z,ADVERSE_FIRST,,2026-03-06T18:51:00Z,2026-03-06T18:15:00Z,2026-03-06T18:55:00Z,ADVERSE_FIRST,2026-03-06T18:18:00Z,2026-03-06T18:17:00Z,ADVERSE_FIRST,,2026-03-06T18:17:00Z,ADVERSE_FIRST,,2026-03-06T18:17:00Z,ADVERSE_FIRST,,2026-03-06T18:17:00Z,ADVERSE_FIRST,,2026-03-06T18:17:00Z,ADVERSE_FIRST,,2026-03-06T18:17:00Z,ADVERSE_FIRST,,2026-03-06T18:17:00Z,ADVERSE_FIRST,,2026-03-06T18:17:00Z,ADVERSE_FIRST,,2026-03-06T18:17:00Z
SPY:2026-03-06:LONG:2026-03-06T19:05:00+00:00:v1,2026-03-06,LONG,674.530000000000,675.170000000000,0.640000000000,0.640000000000,5,WORSE,1.440000000000,0.800000000000,3.390000000000,4.030000000000,-2.070000000000,-2.710000000000,0.640000000000,-0.640000000000,True,65,60,2026-03-06T19:10:00Z,2026-03-06T20:15:00Z,FAVORABLE_FIRST,2026-03-06T19:11:00Z,2026-03-06T19:23:00Z,FAVORABLE_FIRST,2026-03-06T19:11:00Z,2026-03-06T19:23:00Z,FAVORABLE_FIRST,2026-03-06T19:13:00Z,2026-03-06T19:23:00Z,ADVERSE_FIRST,2026-03-06T19:41:00Z,2026-03-06T19:23:00Z,FAVORABLE_FIRST,2026-03-06T19:11:00Z,2026-03-06T19:23:00Z,FAVORABLE_FIRST,2026-03-06T19:13:00Z,2026-03-06T19:23:00Z,ADVERSE_FIRST,2026-03-06T19:41:00Z,2026-03-06T19:23:00Z,ADVERSE_FIRST,,2026-03-06T19:23:00Z,ADVERSE_FIRST,,2026-03-06T19:23:00Z,2026-03-06T19:15:00Z,2026-03-06T20:15:00Z,ADVERSE_FIRST,2026-03-06T19:41:00Z,2026-03-06T19:17:00Z,ADVERSE_FIRST,2026-03-06T20:01:00Z,2026-03-06T19:17:00Z,ADVERSE_FIRST,2026-03-06T20:02:00Z,2026-03-06T19:17:00Z,ADVERSE_FIRST,,2026-03-06T19:17:00Z,ADVERSE_FIRST,2026-03-06T20:01:00Z,2026-03-06T19:18:00Z,ADVERSE_FIRST,2026-03-06T20:02:00Z,2026-03-06T19:18:00Z,ADVERSE_FIRST,,2026-03-06T19:18:00Z,ADVERSE_FIRST,,2026-03-06T19:18:00Z,ADVERSE_FIRST,,2026-03-06T19:18:00Z
SPY:2026-03-09:SHORT:2026-03-09T13:36:00+00:00:v1,2026-03-09,SHORT,664.750000000000,664.370000000000,-0.380000000000,0.380000000000,5,WORSE,2.360000000000,1.980000000000,15.170000000000,15.550000000000,-13.560000000000,-13.940000000000,0.380000000000,-0.380000000000,True,25,20,2026-03-09T13:40:00Z,2026-03-09T14:05:00Z,FAVORABLE_FIRST,2026-03-09T13:41:00Z,2026-03-09T14:03:00Z,FAVORABLE_FIRST,2026-03-09T13:41:00Z,2026-03-09T14:03:00Z,FAVORABLE_FIRST,2026-03-09T13:41:00Z,2026-03-09T14:03:00Z,FAVORABLE_FIRST,2026-03-09T13:42:00Z,2026-03-09T14:03:00Z,FAVORABLE_FIRST,2026-03-09T13:41:00Z,2026-03-09T14:03:00Z,FAVORABLE_FIRST,2026-03-09T13:41:00Z,2026-03-09T14:03:00Z,FAVORABLE_FIRST,2026-03-09T13:42:00Z,2026-03-09T14:03:00Z,FAVORABLE_FIRST,2026-03-09T13:51:00Z,2026-03-09T14:03:00Z,FAVORABLE_FIRST,2026-03-09T13:53:00Z,2026-03-09T14:03:00Z,2026-03-09T13:45:00Z,2026-03-09T14:05:00Z,AMBIGUOUS_SAME_BAR,2026-03-09T13:46:00Z,2026-03-09T13:46:00Z,AMBIGUOUS_SAME_BAR,2026-03-09T13:46:00Z,2026-03-09T13:46:00Z,AMBIGUOUS_SAME_BAR,2026-03-09T13:46:00Z,2026-03-09T13:46:00Z,ADVERSE_FIRST,2026-03-09T13:50:00Z,2026-03-09T13:46:00Z,AMBIGUOUS_SAME_BAR,2026-03-09T13:46:00Z,2026-03-09T13:46:00Z,AMBIGUOUS_SAME_BAR,2026-03-09T13:46:00Z,2026-03-09T13:46:00Z,ADVERSE_FIRST,2026-03-09T13:50:00Z,2026-03-09T13:46:00Z,ADVERSE_FIRST,2026-03-09T13:53:00Z,2026-03-09T13:46:00Z,ADVERSE_FIRST,,2026-03-09T13:46:00Z
SPY:2026-03-09:SHORT:2026-03-09T14:05:00+00:00:v1,2026-03-09,SHORT,663.515000000000,663.130000000000,-0.385000000000,0.385000000000,5,WORSE,1.125000000000,0.290000000000,16.405000000000,16.790000000000,-14.795000000000,-15.180000000000,0.835000000000,-0.385000000000,True,30,25,2026-03-09T14:10:00Z,2026-03-09T14:40:00Z,FAVORABLE_FIRST,2026-03-09T14:11:00Z,2026-03-09T14:16:00Z,FAVORABLE_FIRST,2026-03-09T14:11:00Z,2026-03-09T14:16:00Z,FAVORABLE_FIRST,2026-03-09T14:11:00Z,2026-03-09T14:16:00Z,FAVORABLE_FIRST,2026-03-09T14:11:00Z,2026-03-09T14:16:00Z,FAVORABLE_FIRST,2026-03-09T14:11:00Z,2026-03-09T14:16:00Z,FAVORABLE_FIRST,2026-03-09T14:11:00Z,2026-03-09T14:16:00Z,FAVORABLE_FIRST,2026-03-09T14:11:00Z,2026-03-09T14:16:00Z,ADVERSE_FIRST,,2026-03-09T14:16:00Z,ADVERSE_FIRST,,2026-03-09T14:16:00Z,2026-03-09T14:15:00Z,2026-03-09T14:40:00Z,AMBIGUOUS_SAME_BAR,2026-03-09T14:16:00Z,2026-03-09T14:16:00Z,ADVERSE_FIRST,,2026-03-09T14:16:00Z,ADVERSE_FIRST,,2026-03-09T14:16:00Z,ADVERSE_FIRST,,2026-03-09T14:16:00Z,ADVERSE_FIRST,,2026-03-09T14:16:00Z,ADVERSE_FIRST,,2026-03-09T14:16:00Z,ADVERSE_FIRST,,2026-03-09T14:16:00Z,ADVERSE_FIRST,,2026-03-09T14:16:00Z,ADVERSE_FIRST,,2026-03-09T14:16:00Z
SPY:2026-03-09:LONG:2026-03-09T15:00:00+00:00:v1,2026-03-09,LONG,668.510000000000,668.050000000000,-0.460000000000,-0.460000000000,5,BETTER,11.410000000000,11.870000000000,0.690000000000,0.040000000000,9.800000000000,10.260000000000,-0.460000000000,0.650000000000,True,,,2026-03-09T15:05:00Z,,ADVERSE_FIRST,2026-03-09T15:12:00Z,2026-03-09T15:08:00Z,ADVERSE_FIRST,2026-03-09T15:15:00Z,2026-03-09T15:08:00Z,ADVERSE_FIRST,2026-03-09T15:15:00Z,2026-03-09T15:08:00Z,ADVERSE_FIRST,2026-03-09T15:25:00Z,2026-03-09T15:08:00Z,ADVERSE_FIRST,2026-03-09T15:15:00Z,2026-03-09T15:08:00Z,ADVERSE_FIRST,2026-03-09T15:15:00Z,2026-03-09T15:08:00Z,ADVERSE_FIRST,2026-03-09T15:25:00Z,2026-03-09T15:08:00Z,ADVERSE_FIRST,2026-03-09T16:03:00Z,2026-03-09T15:08:00Z,ADVERSE_FIRST,2026-03-09T16:24:00Z,2026-03-09T15:08:00Z,2026-03-09T15:10:00Z,,FAVORABLE_FIRST,2026-03-09T15:11:00Z,,FAVORABLE_FIRST,2026-03-09T15:12:00Z,,FAVORABLE_FIRST,2026-03-09T15:12:00Z,,FAVORABLE_FIRST,2026-03-09T15:15:00Z,,FAVORABLE_FIRST,2026-03-09T15:12:00Z,,FAVORABLE_FIRST,2026-03-09T15:12:00Z,,FAVORABLE_FIRST,2026-03-09T15:15:00Z,,FAVORABLE_FIRST,2026-03-09T15:25:00Z,,FAVORABLE_FIRST,2026-03-09T16:03:00Z,
SPY:2026-03-10:SHORT:2026-03-10T13:50:00+00:00:v1,2026-03-10,SHORT,676.305000000000,675.850000000000,-0.455000000000,0.455000000000,5,WORSE,1.545000000000,1.090000000000,7.055000000000,7.510000000000,-0.765000000000,-1.220000000000,0.455000000000,-0.455000000000,True,30,25,2026-03-10T13:55:00Z,2026-03-10T14:25:00Z,FAVORABLE_FIRST,2026-03-10T13:56:00Z,2026-03-10T14:05:00Z,FAVORABLE_FIRST,2026-03-10T13:57:00Z,2026-03-10T14:05:00Z,FAVORABLE_FIRST,2026-03-10T13:57:00Z,2026-03-10T14:05:00Z,FAVORABLE_FIRST,2026-03-10T14:00:00Z,2026-03-10T14:05:00Z,FAVORABLE_FIRST,2026-03-10T13:57:00Z,2026-03-10T14:05:00Z,FAVORABLE_FIRST,2026-03-10T13:57:00Z,2026-03-10T14:05:00Z,FAVORABLE_FIRST,2026-03-10T14:00:00Z,2026-03-10T14:05:00Z,ADVERSE_FIRST,2026-03-10T14:09:00Z,2026-03-10T14:05:00Z,ADVERSE_FIRST,,2026-03-10T14:05:00Z,2026-03-10T14:00:00Z,2026-03-10T14:25:00Z,FAVORABLE_FIRST,2026-03-10T14:01:00Z,2026-03-10T14:02:00Z,FAVORABLE_FIRST,2026-03-10T14:01:00Z,2026-03-10T14:02:00Z,FAVORABLE_FIRST,2026-03-10T14:01:00Z,2026-03-10T14:02:00Z,ADVERSE_FIRST,2026-03-10T14:09:00Z,2026-03-10T14:02:00Z,FAVORABLE_FIRST,2026-03-10T14:01:00Z,2026-03-10T14:02:00Z,FAVORABLE_FIRST,2026-03-10T14:01:00Z,2026-03-10T14:02:00Z,ADVERSE_FIRST,2026-03-10T14:09:00Z,2026-03-10T14:02:00Z,ADVERSE_FIRST,,2026-03-10T14:02:00Z,ADVERSE_FIRST,,2026-03-10T14:02:00Z
SPY:2026-03-10:LONG:2026-03-10T14:34:00+00:00:v1,2026-03-10,LONG,678.970000000000,679.570000000000,0.600000000000,0.600000000000,5,WORSE,4.390000000000,3.790000000000,2.740000000000,3.340000000000,-1.900000000000,-2.500000000000,0.600000000000,-0.600000000000,True,220,215,2026-03-10T14:35:00Z,2026-03-10T18:15:00Z,FAVORABLE_FIRST,2026-03-10T14:36:00Z,2026-03-10T18:14:00Z,FAVORABLE_FIRST,2026-03-10T14:39:00Z,2026-03-10T18:14:00Z,FAVORABLE_FIRST,2026-03-10T14:41:00Z,2026-03-10T18:14:00Z,FAVORABLE_FIRST,2026-03-10T14:42:00Z,2026-03-10T18:14:00Z,FAVORABLE_FIRST,2026-03-10T14:39:00Z,2026-03-10T18:14:00Z,FAVORABLE_FIRST,2026-03-10T14:41:00Z,2026-03-10T18:14:00Z,FAVORABLE_FIRST,2026-03-10T14:42:00Z,2026-03-10T18:14:00Z,FAVORABLE_FIRST,2026-03-10T14:50:00Z,2026-03-10T18:14:00Z,FAVORABLE_FIRST,2026-03-10T14:56:00Z,2026-03-10T18:14:00Z,2026-03-10T14:40:00Z,2026-03-10T18:15:00Z,AMBIGUOUS_SAME_BAR,2026-03-10T14:41:00Z,2026-03-10T14:41:00Z,ADVERSE_FIRST,2026-03-10T14:43:00Z,2026-03-10T14:41:00Z,ADVERSE_FIRST,2026-03-10T14:45:00Z,2026-03-10T14:41:00Z,ADVERSE_FIRST,2026-03-10T14:51:00Z,2026-03-10T14:41:00Z,FAVORABLE_FIRST,2026-03-10T14:43:00Z,2026-03-10T18:14:00Z,FAVORABLE_FIRST,2026-03-10T14:45:00Z,2026-03-10T18:14:00Z,FAVORABLE_FIRST,2026-03-10T14:51:00Z,2026-03-10T18:14:00Z,FAVORABLE_FIRST,2026-03-10T14:58:00Z,2026-03-10T18:14:00Z,FAVORABLE_FIRST,2026-03-10T15:01:00Z,2026-03-10T18:14:00Z
SPY:2026-03-10:LONG:2026-03-10T18:25:00+00:00:v1,2026-03-10,LONG,679.350000000000,679.740000000000,0.390000000000,0.390000000000,5,WORSE,1.020000000000,0.370000000000,3.120000000000,3.510000000000,-2.280000000000,-2.670000000000,0.650000000000,-0.390000000000,True,15,10,2026-03-10T18:30:00Z,2026-03-10T18:45:00Z,FAVORABLE_FIRST,2026-03-10T18:31:00Z,2026-03-10T18:35:00Z,FAVORABLE_FIRST,2026-03-10T18:31:00Z,2026-03-10T18:35:00Z,FAVORABLE_FIRST,2026-03-10T18:31:00Z,2026-03-10T18:35:00Z,FAVORABLE_FIRST,2026-03-10T18:31:00Z,2026-03-10T18:35:00Z,FAVORABLE_FIRST,2026-03-10T18:31:00Z,2026-03-10T18:35:00Z,FAVORABLE_FIRST,2026-03-10T18:31:00Z,2026-03-10T18:35:00Z,FAVORABLE_FIRST,2026-03-10T18:31:00Z,2026-03-10T18:35:00Z,ADVERSE_FIRST,,2026-03-10T18:35:00Z,ADVERSE_FIRST,,2026-03-10T18:35:00Z,2026-03-10T18:35:00Z,2026-03-10T18:45:00Z,ADVERSE_FIRST,2026-03-10T18:37:00Z,2026-03-10T18:36:00Z,ADVERSE_FIRST,,2026-03-10T18:36:00Z,ADVERSE_FIRST,,2026-03-10T18:36:00Z,ADVERSE_FIRST,,2026-03-10T18:36:00Z,ADVERSE_FIRST,,2026-03-10T18:36:00Z,ADVERSE_FIRST,,2026-03-10T18:36:00Z,ADVERSE_FIRST,,2026-03-10T18:36:00Z,ADVERSE_FIRST,,2026-03-10T18:36:00Z,ADVERSE_FIRST,,2026-03-10T18:36:00Z
SPY:2026-03-10:LONG:2026-03-10T18:45:00+00:00:v1,2026-03-10,LONG,678.950000000000,678.876800000000,-0.073200000000,-0.073200000000,5,BETTER,0.850000000000,0.653200000000,2.720000000000,2.646800000000,-1.880000000000,-1.806800000000,0.196800000000,0.073200000000,True,10,5,2026-03-10T18:50:00Z,2026-03-10T19:00:00Z,FAVORABLE_FIRST,2026-03-10T18:51:00Z,2026-03-10T18:53:00Z,FAVORABLE_FIRST,2026-03-10T18:51:00Z,2026-03-10T18:53:00Z,FAVORABLE_FIRST,2026-03-10T18:51:00Z,2026-03-10T18:53:00Z,ADVERSE_FIRST,,2026-03-10T18:53:00Z,FAVORABLE_FIRST,2026-03-10T18:51:00Z,2026-03-10T18:53:00Z,FAVORABLE_FIRST,2026-03-10T18:51:00Z,2026-03-10T18:53:00Z,ADVERSE_FIRST,,2026-03-10T18:53:00Z,ADVERSE_FIRST,,2026-03-10T18:53:00Z,ADVERSE_FIRST,,2026-03-10T18:53:00Z,2026-03-10T18:55:00Z,2026-03-10T19:00:00Z,ADVERSE_FIRST,2026-03-10T19:15:00Z,2026-03-10T18:56:00Z,ADVERSE_FIRST,2026-03-10T19:18:00Z,2026-03-10T18:56:00Z,ADVERSE_FIRST,,2026-03-10T18:56:00Z,ADVERSE_FIRST,,2026-03-10T18:56:00Z,ADVERSE_FIRST,2026-03-10T19:18:00Z,2026-03-10T18:56:00Z,ADVERSE_FIRST,,2026-03-10T18:56:00Z,ADVERSE_FIRST,,2026-03-10T18:56:00Z,ADVERSE_FIRST,,2026-03-10T18:56:00Z,ADVERSE_FIRST,,2026-03-10T18:56:00Z
SPY:2026-03-10:LONG:2026-03-10T19:14:00+00:00:v1,2026-03-10,LONG,678.940000000000,679.330000000000,0.390000000000,0.390000000000,5,WORSE,0.590000000000,0,2.710000000000,3.100000000000,-1.870000000000,-2.260000000000,0.590000000000,-0.390000000000,True,10,5,2026-03-10T19:15:00Z,2026-03-10T19:25:00Z,FAVORABLE_FIRST,2026-03-10T19:17:00Z,2026-03-10T19:20:00Z,FAVORABLE_FIRST,2026-03-10T19:18:00Z,2026-03-10T19:20:00Z,ADVERSE_FIRST,,2026-03-10T19:20:00Z,ADVERSE_FIRST,,2026-03-10T19:20:00Z,FAVORABLE_FIRST,2026-03-10T19:18:00Z,2026-03-10T19:20:00Z,ADVERSE_FIRST,,2026-03-10T19:20:00Z,ADVERSE_FIRST,,2026-03-10T19:20:00Z,ADVERSE_FIRST,,2026-03-10T19:20:00Z,ADVERSE_FIRST,,2026-03-10T19:20:00Z,2026-03-10T19:20:00Z,2026-03-10T19:25:00Z,ADVERSE_FIRST,,2026-03-10T19:21:00Z,ADVERSE_FIRST,,2026-03-10T19:21:00Z,ADVERSE_FIRST,,2026-03-10T19:21:00Z,ADVERSE_FIRST,,2026-03-10T19:21:00Z,ADVERSE_FIRST,,2026-03-10T19:21:00Z,ADVERSE_FIRST,,2026-03-10T19:21:00Z,ADVERSE_FIRST,,2026-03-10T19:21:00Z,ADVERSE_FIRST,,2026-03-10T19:21:00Z,ADVERSE_FIRST,,2026-03-10T19:21:00Z
SPY:2026-03-10:SHORT:2026-03-10T19:47:00+00:00:v1,2026-03-10,SHORT,676.770000000000,676.750000000000,-0.020000000000,0.020000000000,5,WORSE,0.540000000000,0.520000000000,0.420000000000,0.380000000000,-0.300000000000,-0.320000000000,0.020000000000,0.040000000000,True,,,2026-03-10T19:50:00Z,,FAVORABLE_FIRST,2026-03-10T19:51:00Z,2026-03-10T19:55:00Z,ADVERSE_FIRST,2026-03-10T19:56:00Z,2026-03-10T19:55:00Z,ADVERSE_FIRST,,2026-03-10T19:55:00Z,ADVERSE_FIRST,,2026-03-10T19:55:00Z,ADVERSE_FIRST,2026-03-10T19:56:00Z,2026-03-10T19:55:00Z,ADVERSE_FIRST,,2026-03-10T19:55:00Z,ADVERSE_FIRST,,2026-03-10T19:55:00Z,ADVERSE_FIRST,,2026-03-10T19:55:00Z,ADVERSE_FIRST,,2026-03-10T19:55:00Z,2026-03-10T19:55:00Z,,FAVORABLE_FIRST,2026-03-10T19:56:00Z,2026-03-10T19:59:00Z,FAVORABLE_FIRST,2026-03-10T19:57:00Z,2026-03-10T19:59:00Z,ADVERSE_FIRST,,2026-03-10T19:59:00Z,ADVERSE_FIRST,,2026-03-10T19:59:00Z,FAVORABLE_FIRST,2026-03-10T19:57:00Z,2026-03-10T19:59:00Z,ADVERSE_FIRST,,2026-03-10T19:59:00Z,ADVERSE_FIRST,,2026-03-10T19:59:00Z,ADVERSE_FIRST,,2026-03-10T19:59:00Z,ADVERSE_FIRST,,2026-03-10T19:59:00Z
SPY:2026-03-11:SHORT:2026-03-11T13:43:00+00:00:v1,2026-03-11,SHORT,677.350000000000,676.690000000000,-0.660000000000,0.660000000000,5,WORSE,4.010000000000,3.350000000000,2.730000000000,3.390000000000,1.000000000000,0.340000000000,0.660000000000,-0.660000000000,True,15,10,2026-03-11T13:45:00Z,2026-03-11T14:00:00Z,ADVERSE_FIRST,2026-03-11T13:47:00Z,2026-03-11T13:46:00Z,ADVERSE_FIRST,2026-03-11T13:48:00Z,2026-03-11T13:46:00Z,ADVERSE_FIRST,2026-03-11T13:48:00Z,2026-03-11T13:46:00Z,ADVERSE_FIRST,2026-03-11T13:50:00Z,2026-03-11T13:46:00Z,ADVERSE_FIRST,2026-03-11T13:48:00Z,2026-03-11T13:46:00Z,ADVERSE_FIRST,2026-03-11T13:48:00Z,2026-03-11T13:46:00Z,ADVERSE_FIRST,2026-03-11T13:50:00Z,2026-03-11T13:46:00Z,ADVERSE_FIRST,2026-03-11T14:25:00Z,2026-03-11T13:46:00Z,ADVERSE_FIRST,2026-03-11T14:27:00Z,2026-03-11T13:46:00Z,2026-03-11T13:50:00Z,2026-03-11T14:00:00Z,FAVORABLE_FIRST,2026-03-11T13:51:00Z,2026-03-11T13:53:00Z,FAVORABLE_FIRST,2026-03-11T13:51:00Z,2026-03-11T13:53:00Z,ADVERSE_FIRST,2026-03-11T14:25:00Z,2026-03-11T13:53:00Z,ADVERSE_FIRST,2026-03-11T14:27:00Z,2026-03-11T13:53:00Z,FAVORABLE_FIRST,2026-03-11T13:51:00Z,2026-03-11T13:53:00Z,ADVERSE_FIRST,2026-03-11T14:25:00Z,2026-03-11T13:53:00Z,ADVERSE_FIRST,2026-03-11T14:27:00Z,2026-03-11T13:53:00Z,ADVERSE_FIRST,2026-03-11T15:15:00Z,2026-03-11T13:53:00Z,ADVERSE_FIRST,2026-03-11T15:29:00Z,2026-03-11T13:53:00Z
SPY:2026-03-11:SHORT:2026-03-11T14:20:00+00:00:v1,2026-03-11,SHORT,676.130000000000,676.140000000000,0.010000000000,-0.010000000000,5,UNCHANGED_WITHIN_ONE_CENT,2.790000000000,2.800000000000,2.510000000000,2.500000000000,-0.220000000000,-0.210000000000,-0.010000000000,0.010000000000,True,25,20,2026-03-11T14:25:00Z,2026-03-11T14:50:00Z,FAVORABLE_FIRST,2026-03-11T14:26:00Z,2026-03-11T14:30:00Z,FAVORABLE_FIRST,2026-03-11T14:27:00Z,2026-03-11T14:30:00Z,FAVORABLE_FIRST,2026-03-11T14:27:00Z,2026-03-11T14:30:00Z,ADVERSE_FIRST,2026-03-11T15:17:00Z,2026-03-11T14:30:00Z,FAVORABLE_FIRST,2026-03-11T14:27:00Z,2026-03-11T14:30:00Z,FAVORABLE_FIRST,2026-03-11T14:27:00Z,2026-03-11T14:30:00Z,ADVERSE_FIRST,2026-03-11T15:17:00Z,2026-03-11T14:30:00Z,ADVERSE_FIRST,2026-03-11T15:29:00Z,2026-03-11T14:30:00Z,ADVERSE_FIRST,2026-03-11T15:31:00Z,2026-03-11T14:30:00Z,2026-03-11T14:30:00Z,2026-03-11T14:50:00Z,ADVERSE_FIRST,2026-03-11T14:32:00Z,2026-03-11T14:31:00Z,ADVERSE_FIRST,2026-03-11T14:33:00Z,2026-03-11T14:31:00Z,ADVERSE_FIRST,2026-03-11T14:34:00Z,2026-03-11T14:31:00Z,ADVERSE_FIRST,2026-03-11T15:17:00Z,2026-03-11T14:31:00Z,ADVERSE_FIRST,2026-03-11T14:33:00Z,2026-03-11T14:31:00Z,ADVERSE_FIRST,2026-03-11T14:34:00Z,2026-03-11T14:31:00Z,ADVERSE_FIRST,2026-03-11T15:17:00Z,2026-03-11T14:31:00Z,ADVERSE_FIRST,2026-03-11T15:29:00Z,2026-03-11T14:31:00Z,ADVERSE_FIRST,2026-03-11T15:31:00Z,2026-03-11T14:31:00Z
SPY:2026-03-11:SHORT:2026-03-11T15:05:00+00:00:v1,2026-03-11,SHORT,677.110000000000,675.800000000000,-1.310000000000,1.310000000000,5,WORSE,3.770000000000,2.460000000000,0,0.970000000000,0.760000000000,-0.550000000000,1.310000000000,-0.970000000000,True,,,2026-03-11T15:10:00Z,,FAVORABLE_FIRST,2026-03-11T15:11:00Z,,FAVORABLE_FIRST,2026-03-11T15:11:00Z,,FAVORABLE_FIRST,2026-03-11T15:12:00Z,,FAVORABLE_FIRST,2026-03-11T15:12:00Z,,FAVORABLE_FIRST,2026-03-11T15:11:00Z,,FAVORABLE_FIRST,2026-03-11T15:12:00Z,,FAVORABLE_FIRST,2026-03-11T15:12:00Z,,FAVORABLE_FIRST,2026-03-11T15:12:00Z,,FAVORABLE_FIRST,2026-03-11T15:17:00Z,,2026-03-11T15:15:00Z,,FAVORABLE_FIRST,2026-03-11T15:16:00Z,2026-03-11T15:24:00Z,FAVORABLE_FIRST,2026-03-11T15:16:00Z,2026-03-11T15:24:00Z,FAVORABLE_FIRST,2026-03-11T15:17:00Z,2026-03-11T15:24:00Z,ADVERSE_FIRST,2026-03-11T15:29:00Z,2026-03-11T15:24:00Z,FAVORABLE_FIRST,2026-03-11T15:16:00Z,2026-03-11T15:24:00Z,FAVORABLE_FIRST,2026-03-11T15:17:00Z,2026-03-11T15:24:00Z,ADVERSE_FIRST,2026-03-11T15:29:00Z,2026-03-11T15:24:00Z,ADVERSE_FIRST,2026-03-11T15:30:00Z,2026-03-11T15:24:00Z,ADVERSE_FIRST,2026-03-11T15:48:00Z,2026-03-11T15:24:00Z
SPY:2026-03-12:SHORT:2026-03-12T13:52:00+00:00:v1,2026-03-12,SHORT,669.050000000000,668.870000000000,-0.180000000000,0.180000000000,5,WORSE,3.147300000000,2.967300000000,2.260000000000,2.440000000000,3.000000000000,2.820000000000,0.180000000000,-0.180000000000,True,10,5,2026-03-12T13:55:00Z,2026-03-12T14:05:00Z,FAVORABLE_FIRST,2026-03-12T13:56:00Z,2026-03-12T14:00:00Z,FAVORABLE_FIRST,2026-03-12T13:56:00Z,2026-03-12T14:00:00Z,FAVORABLE_FIRST,2026-03-12T13:56:00Z,2026-03-12T14:00:00Z,ADVERSE_FIRST,2026-03-12T14:29:00Z,2026-03-12T14:00:00Z,FAVORABLE_FIRST,2026-03-12T13:56:00Z,2026-03-12T14:00:00Z,FAVORABLE_FIRST,2026-03-12T13:56:00Z,2026-03-12T14:00:00Z,ADVERSE_FIRST,2026-03-12T14:29:00Z,2026-03-12T14:00:00Z,ADVERSE_FIRST,2026-03-12T14:38:00Z,2026-03-12T14:00:00Z,ADVERSE_FIRST,2026-03-12T15:13:00Z,2026-03-12T14:00:00Z,2026-03-12T14:00:00Z,2026-03-12T14:05:00Z,ADVERSE_FIRST,2026-03-12T14:29:00Z,2026-03-12T14:01:00Z,ADVERSE_FIRST,2026-03-12T14:29:00Z,2026-03-12T14:01:00Z,ADVERSE_FIRST,2026-03-12T14:29:00Z,2026-03-12T14:01:00Z,ADVERSE_FIRST,2026-03-12T14:32:00Z,2026-03-12T14:01:00Z,ADVERSE_FIRST,2026-03-12T14:29:00Z,2026-03-12T14:01:00Z,ADVERSE_FIRST,2026-03-12T14:29:00Z,2026-03-12T14:01:00Z,ADVERSE_FIRST,2026-03-12T14:32:00Z,2026-03-12T14:01:00Z,ADVERSE_FIRST,2026-03-12T14:38:00Z,2026-03-12T14:01:00Z,ADVERSE_FIRST,2026-03-12T19:03:00Z,2026-03-12T14:01:00Z
SPY:2026-03-12:SHORT:2026-03-12T14:18:00+00:00:v1,2026-03-12,SHORT,669.600000000000,669.340000000000,-0.260000000000,0.260000000000,5,WORSE,3.697300000000,3.437300000000,1.710000000000,1.970000000000,3.550000000000,3.290000000000,0.260000000000,-0.260000000000,True,80,75,2026-03-12T14:20:00Z,2026-03-12T15:40:00Z,FAVORABLE_FIRST,2026-03-12T14:21:00Z,2026-03-12T14:25:00Z,FAVORABLE_FIRST,2026-03-12T14:21:00Z,2026-03-12T14:25:00Z,ADVERSE_FIRST,2026-03-12T14:28:00Z,2026-03-12T14:25:00Z,ADVERSE_FIRST,2026-03-12T14:29:00Z,2026-03-12T14:25:00Z,FAVORABLE_FIRST,2026-03-12T14:21:00Z,2026-03-12T14:25:00Z,ADVERSE_FIRST,2026-03-12T14:28:00Z,2026-03-12T14:25:00Z,ADVERSE_FIRST,2026-03-12T14:29:00Z,2026-03-12T14:25:00Z,ADVERSE_FIRST,2026-03-12T14:29:00Z,2026-03-12T14:25:00Z,ADVERSE_FIRST,2026-03-12T14:38:00Z,2026-03-12T14:25:00Z,2026-03-12T14:25:00Z,2026-03-12T15:40:00Z,FAVORABLE_FIRST,2026-03-12T14:27:00Z,2026-03-12T14:46:00Z,FAVORABLE_FIRST,2026-03-12T14:28:00Z,2026-03-12T14:46:00Z,FAVORABLE_FIRST,2026-03-12T14:29:00Z,2026-03-12T14:46:00Z,FAVORABLE_FIRST,2026-03-12T14:29:00Z,2026-03-12T14:46:00Z,FAVORABLE_FIRST,2026-03-12T14:28:00Z,2026-03-12T14:46:00Z,FAVORABLE_FIRST,2026-03-12T14:29:00Z,2026-03-12T14:46:00Z,FAVORABLE_FIRST,2026-03-12T14:29:00Z,2026-03-12T14:46:00Z,FAVORABLE_FIRST,2026-03-12T14:32:00Z,2026-03-12T14:46:00Z,FAVORABLE_FIRST,2026-03-12T14:38:00Z,2026-03-12T14:46:00Z
SPY:2026-03-12:SHORT:2026-03-12T15:40:00+00:00:v1,2026-03-12,SHORT,669.800000000000,669.160000000000,-0.640000000000,0.640000000000,5,WORSE,3.897300000000,3.257300000000,1.510000000000,2.150000000000,3.750000000000,3.110000000000,0.640000000000,-0.640000000000,True,20,15,2026-03-12T15:45:00Z,2026-03-12T16:05:00Z,FAVORABLE_FIRST,2026-03-12T15:46:00Z,2026-03-12T16:04:00Z,FAVORABLE_FIRST,2026-03-12T15:46:00Z,2026-03-12T16:04:00Z,FAVORABLE_FIRST,2026-03-12T15:46:00Z,2026-03-12T16:04:00Z,FAVORABLE_FIRST,2026-03-12T15:47:00Z,2026-03-12T16:04:00Z,FAVORABLE_FIRST,2026-03-12T15:46:00Z,2026-03-12T16:05:00Z,FAVORABLE_FIRST,2026-03-12T15:46:00Z,2026-03-12T16:05:00Z,FAVORABLE_FIRST,2026-03-12T15:47:00Z,2026-03-12T16:05:00Z,ADVERSE_FIRST,2026-03-12T16:08:00Z,2026-03-12T16:05:00Z,ADVERSE_FIRST,2026-03-12T16:09:00Z,2026-03-12T16:05:00Z,2026-03-12T15:50:00Z,2026-03-12T16:05:00Z,AMBIGUOUS_SAME_BAR,2026-03-12T15:51:00Z,2026-03-12T15:51:00Z,ADVERSE_FIRST,2026-03-12T16:08:00Z,2026-03-12T15:51:00Z,ADVERSE_FIRST,2026-03-12T16:08:00Z,2026-03-12T15:51:00Z,ADVERSE_FIRST,2026-03-12T16:08:00Z,2026-03-12T15:51:00Z,ADVERSE_FIRST,2026-03-12T16:08:00Z,2026-03-12T15:51:00Z,ADVERSE_FIRST,2026-03-12T16:08:00Z,2026-03-12T15:51:00Z,ADVERSE_FIRST,2026-03-12T16:08:00Z,2026-03-12T15:51:00Z,ADVERSE_FIRST,2026-03-12T17:55:00Z,2026-03-12T15:51:00Z,ADVERSE_FIRST,2026-03-12T19:00:00Z,2026-03-12T15:51:00Z
SPY:2026-03-12:SHORT:2026-03-12T16:06:00+00:00:v1,2026-03-12,SHORT,667.840000000000,668.920000000000,1.080000000000,-1.080000000000,5,BETTER,1.937300000000,3.017300000000,3.470000000000,2.390000000000,1.790000000000,2.870000000000,-1.080000000000,1.080000000000,True,30,25,2026-03-12T16:10:00Z,2026-03-12T16:40:00Z,ADVERSE_FIRST,2026-03-12T17:55:00Z,2026-03-12T16:11:00Z,ADVERSE_FIRST,2026-03-12T17:55:00Z,2026-03-12T16:11:00Z,ADVERSE_FIRST,2026-03-12T19:02:00Z,2026-03-12T16:11:00Z,ADVERSE_FIRST,2026-03-12T19:46:00Z,2026-03-12T16:11:00Z,ADVERSE_FIRST,2026-03-12T17:55:00Z,2026-03-12T16:11:00Z,ADVERSE_FIRST,2026-03-12T19:02:00Z,2026-03-12T16:11:00Z,ADVERSE_FIRST,2026-03-12T19:46:00Z,2026-03-12T16:11:00Z,ADVERSE_FIRST,2026-03-12T19:50:00Z,2026-03-12T16:11:00Z,ADVERSE_FIRST,,2026-03-12T16:11:00Z,2026-03-12T16:15:00Z,2026-03-12T16:40:00Z,ADVERSE_FIRST,2026-03-12T16:28:00Z,2026-03-12T16:16:00Z,ADVERSE_FIRST,2026-03-12T16:31:00Z,2026-03-12T16:16:00Z,ADVERSE_FIRST,2026-03-12T16:46:00Z,2026-03-12T16:16:00Z,ADVERSE_FIRST,2026-03-12T17:55:00Z,2026-03-12T16:16:00Z,ADVERSE_FIRST,2026-03-12T16:31:00Z,2026-03-12T16:16:00Z,ADVERSE_FIRST,2026-03-12T16:46:00Z,2026-03-12T16:16:00Z,ADVERSE_FIRST,2026-03-12T17:55:00Z,2026-03-12T16:16:00Z,ADVERSE_FIRST,2026-03-12T17:55:00Z,2026-03-12T16:16:00Z,ADVERSE_FIRST,2026-03-12T19:03:00Z,2026-03-12T16:16:00Z
SPY:2026-03-12:SHORT:2026-03-12T16:40:00+00:00:v1,2026-03-12,SHORT,669.691000000000,668.835900000000,-0.855100000000,0.855100000000,5,WORSE,3.788300000000,2.933200000000,0.618900000000,1.474000000000,3.641000000000,2.785900000000,0.855100000000,-0.855100000000,True,,,2026-03-12T16:45:00Z,,FAVORABLE_FIRST,2026-03-12T16:46:00Z,2026-03-12T17:05:00Z,FAVORABLE_FIRST,2026-03-12T16:46:00Z,2026-03-12T17:05:00Z,FAVORABLE_FIRST,2026-03-12T16:46:00Z,2026-03-12T17:05:00Z,FAVORABLE_FIRST,2026-03-12T16:46:00Z,2026-03-12T17:05:00Z,FAVORABLE_FIRST,2026-03-12T16:46:00Z,2026-03-12T17:06:00Z,FAVORABLE_FIRST,2026-03-12T16:46:00Z,2026-03-12T17:06:00Z,FAVORABLE_FIRST,2026-03-12T16:46:00Z,2026-03-12T17:06:00Z,FAVORABLE_FIRST,2026-03-12T16:46:00Z,2026-03-12T17:06:00Z,ADVERSE_FIRST,2026-03-12T17:55:00Z,2026-03-12T17:06:00Z,2026-03-12T16:50:00Z,,AMBIGUOUS_SAME_BAR,2026-03-12T16:51:00Z,2026-03-12T16:51:00Z,ADVERSE_FIRST,2026-03-12T16:53:00Z,2026-03-12T16:51:00Z,ADVERSE_FIRST,2026-03-12T16:54:00Z,2026-03-12T16:51:00Z,ADVERSE_FIRST,2026-03-12T17:55:00Z,2026-03-12T16:51:00Z,ADVERSE_FIRST,2026-03-12T16:53:00Z,2026-03-12T16:51:00Z,ADVERSE_FIRST,2026-03-12T16:54:00Z,2026-03-12T16:51:00Z,ADVERSE_FIRST,2026-03-12T17:55:00Z,2026-03-12T16:51:00Z,ADVERSE_FIRST,2026-03-12T17:55:00Z,2026-03-12T16:51:00Z,ADVERSE_FIRST,2026-03-12T19:46:00Z,2026-03-12T16:51:00Z
SPY:2026-03-13:LONG:2026-03-13T13:38:00+00:00:v1,2026-03-13,LONG,670.380000000000,671.940000000000,1.560000000000,1.560000000000,5,WORSE,1.955000000000,0.395000000000,9.020000000000,10.580000000000,-8.080000000000,-9.640000000000,1.560000000000,-1.560000000000,True,25,20,2026-03-13T13:40:00Z,2026-03-13T14:05:00Z,FAVORABLE_FIRST,2026-03-13T13:41:00Z,2026-03-13T14:02:00Z,FAVORABLE_FIRST,2026-03-13T13:42:00Z,2026-03-13T14:02:00Z,FAVORABLE_FIRST,2026-03-13T13:42:00Z,2026-03-13T14:02:00Z,FAVORABLE_FIRST,2026-03-13T13:43:00Z,2026-03-13T14:02:00Z,FAVORABLE_FIRST,2026-03-13T13:42:00Z,2026-03-13T14:02:00Z,FAVORABLE_FIRST,2026-03-13T13:42:00Z,2026-03-13T14:02:00Z,FAVORABLE_FIRST,2026-03-13T13:43:00Z,2026-03-13T14:02:00Z,FAVORABLE_FIRST,2026-03-13T13:44:00Z,2026-03-13T14:02:00Z,ADVERSE_FIRST,,2026-03-13T14:02:00Z,2026-03-13T13:45:00Z,2026-03-13T14:05:00Z,FAVORABLE_FIRST,2026-03-13T13:46:00Z,2026-03-13T13:47:00Z,ADVERSE_FIRST,,2026-03-13T13:47:00Z,ADVERSE_FIRST,,2026-03-13T13:47:00Z,ADVERSE_FIRST,,2026-03-13T13:47:00Z,ADVERSE_FIRST,,2026-03-13T13:47:00Z,ADVERSE_FIRST,,2026-03-13T13:47:00Z,ADVERSE_FIRST,,2026-03-13T13:47:00Z,ADVERSE_FIRST,,2026-03-13T13:47:00Z,ADVERSE_FIRST,,2026-03-13T13:47:00Z
SPY:2026-03-13:SHORT:2026-03-13T14:10:00+00:00:v1,2026-03-13,SHORT,668.860000000000,668.180000000000,-0.680000000000,0.680000000000,5,WORSE,7.500000000000,6.820000000000,1.370000000000,2.050000000000,6.560000000000,5.880000000000,0.680000000000,-0.680000000000,True,20,15,2026-03-13T14:15:00Z,2026-03-13T14:35:00Z,FAVORABLE_FIRST,2026-03-13T14:16:00Z,2026-03-13T14:27:00Z,FAVORABLE_FIRST,2026-03-13T14:17:00Z,2026-03-13T14:27:00Z,FAVORABLE_FIRST,2026-03-13T14:17:00Z,2026-03-13T14:27:00Z,FAVORABLE_FIRST,2026-03-13T14:17:00Z,2026-03-13T14:27:00Z,FAVORABLE_FIRST,2026-03-13T14:17:00Z,2026-03-13T14:27:00Z,FAVORABLE_FIRST,2026-03-13T14:17:00Z,2026-03-13T14:27:00Z,FAVORABLE_FIRST,2026-03-13T14:17:00Z,2026-03-13T14:27:00Z,ADVERSE_FIRST,2026-03-13T14:42:00Z,2026-03-13T14:27:00Z,ADVERSE_FIRST,2026-03-13T14:46:00Z,2026-03-13T14:27:00Z,2026-03-13T14:20:00Z,2026-03-13T14:35:00Z,ADVERSE_FIRST,2026-03-13T14:41:00Z,2026-03-13T14:21:00Z,ADVERSE_FIRST,2026-03-13T14:41:00Z,2026-03-13T14:21:00Z,ADVERSE_FIRST,2026-03-13T14:42:00Z,2026-03-13T14:21:00Z,ADVERSE_FIRST,2026-03-13T14:45:00Z,2026-03-13T14:21:00Z,ADVERSE_FIRST,2026-03-13T14:41:00Z,2026-03-13T14:21:00Z,ADVERSE_FIRST,2026-03-13T14:42:00Z,2026-03-13T14:21:00Z,ADVERSE_FIRST,2026-03-13T14:45:00Z,2026-03-13T14:21:00Z,ADVERSE_FIRST,2026-03-13T14:46:00Z,2026-03-13T14:21:00Z,ADVERSE_FIRST,2026-03-13T14:55:00Z,2026-03-13T14:21:00Z
SPY:2026-03-13:SHORT:2026-03-13T14:35:00+00:00:v1,2026-03-13,SHORT,668.880000000000,667.290000000000,-1.590000000000,1.590000000000,5,WORSE,7.520000000000,5.930000000000,0,0.310000000000,6.580000000000,4.990000000000,1.590000000000,-0.310000000000,True,,,2026-03-13T14:40:00Z,,FAVORABLE_FIRST,2026-03-13T14:41:00Z,,FAVORABLE_FIRST,2026-03-13T14:41:00Z,,FAVORABLE_FIRST,2026-03-13T14:41:00Z,,FAVORABLE_FIRST,2026-03-13T14:41:00Z,,FAVORABLE_FIRST,2026-03-13T14:41:00Z,,FAVORABLE_FIRST,2026-03-13T14:41:00Z,,FAVORABLE_FIRST,2026-03-13T14:41:00Z,,FAVORABLE_FIRST,2026-03-13T14:42:00Z,,FAVORABLE_FIRST,2026-03-13T14:46:00Z,,2026-03-13T14:45:00Z,,FAVORABLE_FIRST,2026-03-13T14:46:00Z,2026-03-13T14:50:00Z,FAVORABLE_FIRST,2026-03-13T14:46:00Z,2026-03-13T14:50:00Z,FAVORABLE_FIRST,2026-03-13T14:46:00Z,2026-03-13T14:50:00Z,FAVORABLE_FIRST,2026-03-13T14:47:00Z,2026-03-13T14:50:00Z,FAVORABLE_FIRST,2026-03-13T14:46:00Z,2026-03-13T14:50:00Z,FAVORABLE_FIRST,2026-03-13T14:46:00Z,2026-03-13T14:50:00Z,FAVORABLE_FIRST,2026-03-13T14:47:00Z,2026-03-13T14:50:00Z,ADVERSE_FIRST,2026-03-13T14:56:00Z,2026-03-13T14:50:00Z,ADVERSE_FIRST,2026-03-13T14:56:00Z,2026-03-13T14:50:00Z
SPY:2026-03-16:LONG:2026-03-16T13:35:00+00:00:v1,2026-03-16,LONG,669.010000000000,669.640000000000,0.630000000000,0.630000000000,5,WORSE,3.060000000000,2.430000000000,1.890000000000,2.520000000000,-0.050000000000,-0.680000000000,0.630000000000,-0.630000000000,True,60,55,2026-03-16T13:40:00Z,2026-03-16T14:40:00Z,FAVORABLE_FIRST,2026-03-16T13:41:00Z,2026-03-16T14:38:00Z,FAVORABLE_FIRST,2026-03-16T13:42:00Z,2026-03-16T14:38:00Z,FAVORABLE_FIRST,2026-03-16T13:42:00Z,2026-03-16T14:38:00Z,FAVORABLE_FIRST,2026-03-16T13:45:00Z,2026-03-16T14:38:00Z,FAVORABLE_FIRST,2026-03-16T13:42:00Z,2026-03-16T14:38:00Z,FAVORABLE_FIRST,2026-03-16T13:42:00Z,2026-03-16T14:38:00Z,FAVORABLE_FIRST,2026-03-16T13:45:00Z,2026-03-16T14:38:00Z,FAVORABLE_FIRST,2026-03-16T13:47:00Z,2026-03-16T14:38:00Z,FAVORABLE_FIRST,2026-03-16T14:08:00Z,2026-03-16T14:38:00Z,2026-03-16T13:45:00Z,2026-03-16T14:40:00Z,FAVORABLE_FIRST,2026-03-16T13:46:00Z,2026-03-16T14:33:00Z,FAVORABLE_FIRST,2026-03-16T13:46:00Z,2026-03-16T14:33:00Z,FAVORABLE_FIRST,2026-03-16T13:46:00Z,2026-03-16T14:33:00Z,FAVORABLE_FIRST,2026-03-16T13:58:00Z,2026-03-16T14:33:00Z,FAVORABLE_FIRST,2026-03-16T13:46:00Z,2026-03-16T14:33:00Z,FAVORABLE_FIRST,2026-03-16T13:46:00Z,2026-03-16T14:33:00Z,FAVORABLE_FIRST,2026-03-16T13:58:00Z,2026-03-16T14:33:00Z,FAVORABLE_FIRST,2026-03-16T14:10:00Z,2026-03-16T14:33:00Z,ADVERSE_FIRST,2026-03-16T19:10:00Z,2026-03-16T14:33:00Z
SPY:2026-03-16:LONG:2026-03-16T14:53:00+00:00:v1,2026-03-16,LONG,669.187500000000,669.830000000000,0.642500000000,0.642500000000,5,WORSE,2.882500000000,2.240000000000,2.067500000000,2.710000000000,-0.227500000000,-0.870000000000,0.642500000000,-0.642500000000,True,65,60,2026-03-16T14:55:00Z,2026-03-16T16:00:00Z,FAVORABLE_FIRST,2026-03-16T14:57:00Z,2026-03-16T15:04:00Z,FAVORABLE_FIRST,2026-03-16T14:59:00Z,2026-03-16T15:04:00Z,ADVERSE_FIRST,2026-03-16T15:22:00Z,2026-03-16T15:04:00Z,ADVERSE_FIRST,2026-03-16T15:24:00Z,2026-03-16T15:04:00Z,FAVORABLE_FIRST,2026-03-16T14:59:00Z,2026-03-16T15:05:00Z,ADVERSE_FIRST,2026-03-16T15:22:00Z,2026-03-16T15:05:00Z,ADVERSE_FIRST,2026-03-16T15:24:00Z,2026-03-16T15:05:00Z,ADVERSE_FIRST,2026-03-16T19:09:00Z,2026-03-16T15:05:00Z,ADVERSE_FIRST,2026-03-16T19:09:00Z,2026-03-16T15:05:00Z,2026-03-16T15:00:00Z,2026-03-16T16:00:00Z,ADVERSE_FIRST,2026-03-16T15:22:00Z,2026-03-16T15:01:00Z,ADVERSE_FIRST,2026-03-16T15:30:00Z,2026-03-16T15:01:00Z,ADVERSE_FIRST,2026-03-16T15:34:00Z,2026-03-16T15:01:00Z,ADVERSE_FIRST,2026-03-16T19:09:00Z,2026-03-16T15:01:00Z,ADVERSE_FIRST,2026-03-16T15:30:00Z,2026-03-16T15:01:00Z,ADVERSE_FIRST,2026-03-16T15:34:00Z,2026-03-16T15:01:00Z,ADVERSE_FIRST,2026-03-16T19:09:00Z,2026-03-16T15:01:00Z,ADVERSE_FIRST,2026-03-16T19:09:00Z,2026-03-16T15:01:00Z,ADVERSE_FIRST,2026-03-16T19:10:00Z,2026-03-16T15:01:00Z
SPY:2026-03-16:SHORT:2026-03-16T16:22:00+00:00:v1,2026-03-16,SHORT,667.400000000000,667.450000000000,0.050000000000,-0.050000000000,5,BETTER,0.280000000000,0.330000000000,4.670000000000,4.620000000000,-1.560000000000,-1.510000000000,-0.050000000000,0.050000000000,True,15,10,2026-03-16T16:25:00Z,2026-03-16T16:40:00Z,ADVERSE_FIRST,2026-03-16T16:31:00Z,2026-03-16T16:27:00Z,ADVERSE_FIRST,,2026-03-16T16:27:00Z,ADVERSE_FIRST,,2026-03-16T16:27:00Z,ADVERSE_FIRST,,2026-03-16T16:27:00Z,ADVERSE_FIRST,,2026-03-16T16:27:00Z,ADVERSE_FIRST,,2026-03-16T16:27:00Z,ADVERSE_FIRST,,2026-03-16T16:27:00Z,ADVERSE_FIRST,,2026-03-16T16:27:00Z,ADVERSE_FIRST,,2026-03-16T16:27:00Z,2026-03-16T16:30:00Z,2026-03-16T16:40:00Z,AMBIGUOUS_SAME_BAR,2026-03-16T16:31:00Z,2026-03-16T16:31:00Z,ADVERSE_FIRST,,2026-03-16T16:31:00Z,ADVERSE_FIRST,,2026-03-16T16:31:00Z,ADVERSE_FIRST,,2026-03-16T16:31:00Z,ADVERSE_FIRST,,2026-03-16T16:32:00Z,ADVERSE_FIRST,,2026-03-16T16:32:00Z,ADVERSE_FIRST,,2026-03-16T16:32:00Z,ADVERSE_FIRST,,2026-03-16T16:32:00Z,ADVERSE_FIRST,,2026-03-16T16:32:00Z
SPY:2026-03-16:LONG:2026-03-16T17:05:00+00:00:v1,2026-03-16,LONG,668.930000000000,669.350000000000,0.420000000000,0.420000000000,5,WORSE,3.140000000000,2.720000000000,0.950000000000,1.370000000000,0.030000000000,-0.390000000000,0.420000000000,-0.420000000000,True,35,30,2026-03-16T17:10:00Z,2026-03-16T17:45:00Z,FAVORABLE_FIRST,2026-03-16T17:11:00Z,2026-03-16T17:44:00Z,FAVORABLE_FIRST,2026-03-16T17:11:00Z,2026-03-16T17:44:00Z,FAVORABLE_FIRST,2026-03-16T17:23:00Z,2026-03-16T17:44:00Z,ADVERSE_FIRST,2026-03-16T18:16:00Z,2026-03-16T17:44:00Z,FAVORABLE_FIRST,2026-03-16T17:11:00Z,2026-03-16T17:44:00Z,FAVORABLE_FIRST,2026-03-16T17:23:00Z,2026-03-16T17:44:00Z,ADVERSE_FIRST,2026-03-16T18:16:00Z,2026-03-16T17:44:00Z,ADVERSE_FIRST,2026-03-16T19:09:00Z,2026-03-16T17:44:00Z,ADVERSE_FIRST,2026-03-16T19:09:00Z,2026-03-16T17:44:00Z,2026-03-16T17:15:00Z,2026-03-16T17:45:00Z,ADVERSE_FIRST,2026-03-16T17:23:00Z,2026-03-16T17:16:00Z,ADVERSE_FIRST,2026-03-16T18:16:00Z,2026-03-16T17:16:00Z,ADVERSE_FIRST,2026-03-16T18:38:00Z,2026-03-16T17:16:00Z,ADVERSE_FIRST,2026-03-16T19:09:00Z,2026-03-16T17:16:00Z,ADVERSE_FIRST,2026-03-16T18:16:00Z,2026-03-16T17:16:00Z,ADVERSE_FIRST,2026-03-16T18:38:00Z,2026-03-16T17:16:00Z,ADVERSE_FIRST,2026-03-16T19:09:00Z,2026-03-16T17:16:00Z,ADVERSE_FIRST,2026-03-16T19:09:00Z,2026-03-16T17:16:00Z,ADVERSE_FIRST,2026-03-16T19:09:00Z,2026-03-16T17:16:00Z
SPY:2026-03-16:LONG:2026-03-16T18:00:00+00:00:v1,2026-03-16,LONG,669.165000000000,669.520000000000,0.355000000000,0.355000000000,5,WORSE,2.905000000000,2.550000000000,0.745000000000,1.100000000000,-0.205000000000,-0.560000000000,0.355000000000,-0.355000000000,True,100,95,2026-03-16T18:05:00Z,2026-03-16T19:45:00Z,FAVORABLE_FIRST,2026-03-16T18:06:00Z,2026-03-16T19:25:00Z,FAVORABLE_FIRST,2026-03-16T18:07:00Z,2026-03-16T19:25:00Z,FAVORABLE_FIRST,2026-03-16T18:16:00Z,2026-03-16T19:25:00Z,FAVORABLE_FIRST,2026-03-16T18:42:00Z,2026-03-16T19:25:00Z,FAVORABLE_FIRST,2026-03-16T18:07:00Z,2026-03-16T19:25:00Z,FAVORABLE_FIRST,2026-03-16T18:16:00Z,2026-03-16T19:25:00Z,FAVORABLE_FIRST,2026-03-16T18:42:00Z,2026-03-16T19:25:00Z,FAVORABLE_FIRST,2026-03-16T19:09:00Z,2026-03-16T19:25:00Z,FAVORABLE_FIRST,2026-03-16T19:09:00Z,2026-03-16T19:25:00Z,2026-03-16T18:10:00Z,2026-03-16T19:45:00Z,ADVERSE_FIRST,2026-03-16T18:16:00Z,2026-03-16T18:12:00Z,ADVERSE_FIRST,2026-03-16T18:17:00Z,2026-03-16T18:12:00Z,ADVERSE_FIRST,2026-03-16T18:45:00Z,2026-03-16T18:12:00Z,ADVERSE_FIRST,2026-03-16T19:09:00Z,2026-03-16T18:12:00Z,FAVORABLE_FIRST,2026-03-16T18:17:00Z,2026-03-16T19:20:00Z,FAVORABLE_FIRST,2026-03-16T18:45:00Z,2026-03-16T19:20:00Z,FAVORABLE_FIRST,2026-03-16T19:09:00Z,2026-03-16T19:20:00Z,FAVORABLE_FIRST,2026-03-16T19:09:00Z,2026-03-16T19:20:00Z,FAVORABLE_FIRST,2026-03-16T19:10:00Z,2026-03-16T19:20:00Z
SPY:2026-03-17:LONG:2026-03-17T13:45:00+00:00:v1,2026-03-17,LONG,674.249800000000,674.058100000000,-0.191700000000,-0.191700000000,5,BETTER,0,0.111900000000,4.549800000000,4.358100000000,-3.519800000000,-3.328100000000,-0.111900000000,0.191700000000,True,15,10,2026-03-17T13:50:00Z,2026-03-17T14:05:00Z,ADVERSE_FIRST,,2026-03-17T13:51:00Z,ADVERSE_FIRST,,2026-03-17T13:51:00Z,ADVERSE_FIRST,,2026-03-17T13:51:00Z,ADVERSE_FIRST,,2026-03-17T13:51:00Z,ADVERSE_FIRST,,2026-03-17T13:51:00Z,ADVERSE_FIRST,,2026-03-17T13:51:00Z,ADVERSE_FIRST,,2026-03-17T13:51:00Z,ADVERSE_FIRST,,2026-03-17T13:51:00Z,ADVERSE_FIRST,,2026-03-17T13:51:00Z,2026-03-17T13:55:00Z,2026-03-17T14:05:00Z,ADVERSE_FIRST,,2026-03-17T13:57:00Z,ADVERSE_FIRST,,2026-03-17T13:57:00Z,ADVERSE_FIRST,,2026-03-17T13:57:00Z,ADVERSE_FIRST,,2026-03-17T13:57:00Z,ADVERSE_FIRST,,2026-03-17T13:57:00Z,ADVERSE_FIRST,,2026-03-17T13:57:00Z,ADVERSE_FIRST,,2026-03-17T13:57:00Z,ADVERSE_FIRST,,2026-03-17T13:57:00Z,ADVERSE_FIRST,,2026-03-17T13:57:00Z
SPY:2026-03-17:SHORT:2026-03-17T15:28:00+00:00:v1,2026-03-17,SHORT,671.635000000000,671.250000000000,-0.385000000000,0.385000000000,5,WORSE,1.935000000000,1.550000000000,0.665000000000,1.050000000000,0.905000000000,0.520000000000,0.385000000000,-0.385000000000,True,130,125,2026-03-17T15:30:00Z,2026-03-17T17:40:00Z,ADVERSE_FIRST,2026-03-17T15:33:00Z,2026-03-17T15:31:00Z,ADVERSE_FIRST,2026-03-17T15:35:00Z,2026-03-17T15:31:00Z,ADVERSE_FIRST,2026-03-17T15:36:00Z,2026-03-17T15:31:00Z,ADVERSE_FIRST,2026-03-17T15:36:00Z,2026-03-17T15:31:00Z,ADVERSE_FIRST,2026-03-17T15:35:00Z,2026-03-17T15:31:00Z,ADVERSE_FIRST,2026-03-17T15:36:00Z,2026-03-17T15:31:00Z,ADVERSE_FIRST,2026-03-17T15:36:00Z,2026-03-17T15:31:00Z,ADVERSE_FIRST,2026-03-17T16:07:00Z,2026-03-17T15:31:00Z,ADVERSE_FIRST,,2026-03-17T15:31:00Z,2026-03-17T15:35:00Z,2026-03-17T17:40:00Z,FAVORABLE_FIRST,2026-03-17T15:36:00Z,2026-03-17T15:46:00Z,FAVORABLE_FIRST,2026-03-17T15:36:00Z,2026-03-17T15:46:00Z,FAVORABLE_FIRST,2026-03-17T15:36:00Z,2026-03-17T15:46:00Z,ADVERSE_FIRST,2026-03-17T16:07:00Z,2026-03-17T15:46:00Z,FAVORABLE_FIRST,2026-03-17T15:36:00Z,2026-03-17T15:46:00Z,FAVORABLE_FIRST,2026-03-17T15:36:00Z,2026-03-17T15:46:00Z,ADVERSE_FIRST,2026-03-17T16:07:00Z,2026-03-17T15:46:00Z,ADVERSE_FIRST,2026-03-17T16:07:00Z,2026-03-17T15:46:00Z,ADVERSE_FIRST,,2026-03-17T15:46:00Z
SPY:2026-03-17:SHORT:2026-03-17T17:40:00+00:00:v1,2026-03-17,SHORT,671.290000000000,671.330100000000,0.040100000000,-0.040100000000,5,BETTER,0.820000000000,0.860100000000,1.010000000000,0.969900000000,0.560000000000,0.600100000000,-0.040100000000,0.040100000000,True,25,20,2026-03-17T17:45:00Z,2026-03-17T18:10:00Z,FAVORABLE_FIRST,2026-03-17T17:47:00Z,2026-03-17T17:52:00Z,ADVERSE_FIRST,2026-03-17T18:32:00Z,2026-03-17T17:52:00Z,ADVERSE_FIRST,2026-03-17T19:57:00Z,2026-03-17T17:52:00Z,ADVERSE_FIRST,,2026-03-17T17:52:00Z,ADVERSE_FIRST,2026-03-17T18:32:00Z,2026-03-17T17:52:00Z,ADVERSE_FIRST,2026-03-17T19:57:00Z,2026-03-17T17:52:00Z,ADVERSE_FIRST,,2026-03-17T17:52:00Z,ADVERSE_FIRST,,2026-03-17T17:52:00Z,ADVERSE_FIRST,,2026-03-17T17:52:00Z,2026-03-17T17:50:00Z,2026-03-17T18:10:00Z,ADVERSE_FIRST,2026-03-17T18:24:00Z,2026-03-17T17:52:00Z,ADVERSE_FIRST,2026-03-17T18:30:00Z,2026-03-17T17:52:00Z,ADVERSE_FIRST,2026-03-17T19:54:00Z,2026-03-17T17:52:00Z,ADVERSE_FIRST,,2026-03-17T17:52:00Z,ADVERSE_FIRST,2026-03-17T18:30:00Z,2026-03-17T17:52:00Z,ADVERSE_FIRST,2026-03-17T19:54:00Z,2026-03-17T17:52:00Z,ADVERSE_FIRST,,2026-03-17T17:52:00Z,ADVERSE_FIRST,,2026-03-17T17:52:00Z,ADVERSE_FIRST,,2026-03-17T17:52:00Z
SPY:2026-03-17:SHORT:2026-03-17T18:13:00+00:00:v1,2026-03-17,SHORT,671.860000000000,671.790000000000,-0.070000000000,0.070000000000,5,WORSE,1.390000000000,1.320000000000,0.126300000000,0,1.130000000000,1.060000000000,0.070000000000,0.126300000000,True,,,2026-03-17T18:15:00Z,,FAVORABLE_FIRST,2026-03-17T18:21:00Z,,FAVORABLE_FIRST,2026-03-17T18:23:00Z,,FAVORABLE_FIRST,2026-03-17T18:24:00Z,,FAVORABLE_FIRST,2026-03-17T18:26:00Z,,FAVORABLE_FIRST,2026-03-17T18:23:00Z,,FAVORABLE_FIRST,2026-03-17T18:24:00Z,,FAVORABLE_FIRST,2026-03-17T18:26:00Z,,NEITHER,,,NEITHER,,,2026-03-17T18:20:00Z,,FAVORABLE_FIRST,2026-03-17T18:21:00Z,,FAVORABLE_FIRST,2026-03-17T18:24:00Z,,FAVORABLE_FIRST,2026-03-17T18:24:00Z,,FAVORABLE_FIRST,2026-03-17T18:32:00Z,,FAVORABLE_FIRST,2026-03-17T18:24:00Z,,FAVORABLE_FIRST,2026-03-17T18:24:00Z,,FAVORABLE_FIRST,2026-03-17T18:32:00Z,,NEITHER,,,NEITHER,,
SPY:2026-03-18:SHORT:2026-03-18T14:12:00+00:00:v1,2026-03-18,SHORT,667.160000000000,667.540000000000,0.380000000000,-0.380000000000,5,BETTER,5.970000000000,6.350000000000,0.840000000000,0.460000000000,5.650000000000,6.030000000000,-0.380000000000,0.380000000000,True,55,50,2026-03-18T14:15:00Z,2026-03-18T15:10:00Z,ADVERSE_FIRST,2026-03-18T14:25:00Z,2026-03-18T14:16:00Z,ADVERSE_FIRST,2026-03-18T14:25:00Z,2026-03-18T14:16:00Z,ADVERSE_FIRST,2026-03-18T14:26:00Z,2026-03-18T14:16:00Z,ADVERSE_FIRST,2026-03-18T14:26:00Z,2026-03-18T14:16:00Z,ADVERSE_FIRST,2026-03-18T14:25:00Z,2026-03-18T14:16:00Z,ADVERSE_FIRST,2026-03-18T14:26:00Z,2026-03-18T14:16:00Z,ADVERSE_FIRST,2026-03-18T14:26:00Z,2026-03-18T14:16:00Z,ADVERSE_FIRST,2026-03-18T14:49:00Z,2026-03-18T14:16:00Z,ADVERSE_FIRST,2026-03-18T18:34:00Z,2026-03-18T14:16:00Z,2026-03-18T14:20:00Z,2026-03-18T15:10:00Z,FAVORABLE_FIRST,2026-03-18T14:22:00Z,2026-03-18T15:06:00Z,FAVORABLE_FIRST,2026-03-18T14:25:00Z,2026-03-18T15:06:00Z,FAVORABLE_FIRST,2026-03-18T14:25:00Z,2026-03-18T15:06:00Z,FAVORABLE_FIRST,2026-03-18T14:26:00Z,2026-03-18T15:06:00Z,FAVORABLE_FIRST,2026-03-18T14:25:00Z,2026-03-18T15:06:00Z,FAVORABLE_FIRST,2026-03-18T14:25:00Z,2026-03-18T15:06:00Z,FAVORABLE_FIRST,2026-03-18T14:26:00Z,2026-03-18T15:06:00Z,FAVORABLE_FIRST,2026-03-18T14:26:00Z,2026-03-18T15:06:00Z,ADVERSE_FIRST,2026-03-18T17:11:00Z,2026-03-18T15:06:00Z
SPY:2026-03-18:SHORT:2026-03-18T15:10:00+00:00:v1,2026-03-18,SHORT,667.510000000000,666.858000000000,-0.652000000000,0.652000000000,5,WORSE,6.320000000000,5.668000000000,0.150000000000,0.762000000000,6.000000000000,5.348000000000,0.652000000000,-0.612000000000,True,,,2026-03-18T15:15:00Z,,FAVORABLE_FIRST,2026-03-18T15:18:00Z,,FAVORABLE_FIRST,2026-03-18T15:19:00Z,,FAVORABLE_FIRST,2026-03-18T15:20:00Z,,FAVORABLE_FIRST,2026-03-18T15:21:00Z,,FAVORABLE_FIRST,2026-03-18T15:19:00Z,,FAVORABLE_FIRST,2026-03-18T15:20:00Z,,FAVORABLE_FIRST,2026-03-18T15:21:00Z,,FAVORABLE_FIRST,2026-03-18T16:35:00Z,,FAVORABLE_FIRST,2026-03-18T17:11:00Z,,2026-03-18T15:20:00Z,,FAVORABLE_FIRST,2026-03-18T15:21:00Z,2026-03-18T15:24:00Z,ADVERSE_FIRST,2026-03-18T16:34:00Z,2026-03-18T15:24:00Z,ADVERSE_FIRST,2026-03-18T16:35:00Z,2026-03-18T15:24:00Z,ADVERSE_FIRST,2026-03-18T16:35:00Z,2026-03-18T15:24:00Z,ADVERSE_FIRST,2026-03-18T16:34:00Z,2026-03-18T15:24:00Z,ADVERSE_FIRST,2026-03-18T16:35:00Z,2026-03-18T15:24:00Z,ADVERSE_FIRST,2026-03-18T16:35:00Z,2026-03-18T15:24:00Z,ADVERSE_FIRST,2026-03-18T17:31:00Z,2026-03-18T15:24:00Z,ADVERSE_FIRST,2026-03-18T18:34:00Z,2026-03-18T15:24:00Z
SPY:2026-03-19:LONG:2026-03-19T13:41:00+00:00:v1,2026-03-19,LONG,657.340000000000,657.932500000000,0.592500000000,0.592500000000,5,WORSE,5.640000000000,5.047500000000,1.730000000000,2.322500000000,2.395000000000,1.802500000000,0.592500000000,-0.592500000000,True,40,35,2026-03-19T13:45:00Z,2026-03-19T14:25:00Z,ADVERSE_FIRST,2026-03-19T13:49:00Z,2026-03-19T13:46:00Z,ADVERSE_FIRST,2026-03-19T13:49:00Z,2026-03-19T13:46:00Z,ADVERSE_FIRST,2026-03-19T13:50:00Z,2026-03-19T13:46:00Z,ADVERSE_FIRST,2026-03-19T13:50:00Z,2026-03-19T13:46:00Z,ADVERSE_FIRST,2026-03-19T13:49:00Z,2026-03-19T13:46:00Z,ADVERSE_FIRST,2026-03-19T13:50:00Z,2026-03-19T13:46:00Z,ADVERSE_FIRST,2026-03-19T13:50:00Z,2026-03-19T13:46:00Z,ADVERSE_FIRST,2026-03-19T13:54:00Z,2026-03-19T13:46:00Z,ADVERSE_FIRST,2026-03-19T14:11:00Z,2026-03-19T13:46:00Z,2026-03-19T13:50:00Z,2026-03-19T14:25:00Z,FAVORABLE_FIRST,2026-03-19T13:51:00Z,2026-03-19T14:15:00Z,FAVORABLE_FIRST,2026-03-19T13:51:00Z,2026-03-19T14:15:00Z,FAVORABLE_FIRST,2026-03-19T13:51:00Z,2026-03-19T14:15:00Z,FAVORABLE_FIRST,2026-03-19T13:54:00Z,2026-03-19T14:15:00Z,FAVORABLE_FIRST,2026-03-19T13:51:00Z,2026-03-19T14:16:00Z,FAVORABLE_FIRST,2026-03-19T13:51:00Z,2026-03-19T14:16:00Z,FAVORABLE_FIRST,2026-03-19T13:54:00Z,2026-03-19T14:16:00Z,FAVORABLE_FIRST,2026-03-19T14:11:00Z,2026-03-19T14:16:00Z,ADVERSE_FIRST,2026-03-19T19:01:00Z,2026-03-19T14:16:00Z
SPY:2026-03-19:LONG:2026-03-19T14:31:00+00:00:v1,2026-03-19,LONG,658.440000000000,657.350000000000,-1.090000000000,-1.090000000000,5,BETTER,4.540000000000,5.630000000000,2.830000000000,1.740000000000,1.295000000000,2.385000000000,-1.090000000000,1.090000000000,True,60,55,2026-03-19T14:35:00Z,2026-03-19T15:35:00Z,FAVORABLE_FIRST,2026-03-19T14:36:00Z,2026-03-19T14:37:00Z,FAVORABLE_FIRST,2026-03-19T14:36:00Z,2026-03-19T14:37:00Z,ADVERSE_FIRST,2026-03-19T15:05:00Z,2026-03-19T14:37:00Z,ADVERSE_FIRST,2026-03-19T15:06:00Z,2026-03-19T14:37:00Z,FAVORABLE_FIRST,2026-03-19T14:36:00Z,2026-03-19T14:38:00Z,ADVERSE_FIRST,2026-03-19T15:05:00Z,2026-03-19T14:38:00Z,ADVERSE_FIRST,2026-03-19T15:06:00Z,2026-03-19T14:38:00Z,ADVERSE_FIRST,2026-03-19T19:01:00Z,2026-03-19T14:38:00Z,ADVERSE_FIRST,2026-03-19T19:02:00Z,2026-03-19T14:38:00Z,2026-03-19T14:40:00Z,2026-03-19T15:35:00Z,FAVORABLE_FIRST,2026-03-19T14:41:00Z,2026-03-19T14:47:00Z,FAVORABLE_FIRST,2026-03-19T14:41:00Z,2026-03-19T14:47:00Z,FAVORABLE_FIRST,2026-03-19T14:41:00Z,2026-03-19T14:47:00Z,ADVERSE_FIRST,2026-03-19T14:51:00Z,2026-03-19T14:47:00Z,FAVORABLE_FIRST,2026-03-19T14:41:00Z,2026-03-19T15:31:00Z,FAVORABLE_FIRST,2026-03-19T14:41:00Z,2026-03-19T15:31:00Z,FAVORABLE_FIRST,2026-03-19T14:51:00Z,2026-03-19T15:31:00Z,FAVORABLE_FIRST,2026-03-19T15:05:00Z,2026-03-19T15:31:00Z,FAVORABLE_FIRST,2026-03-19T15:06:00Z,2026-03-19T15:31:00Z
SPY:2026-03-19:LONG:2026-03-19T15:55:00+00:00:v1,2026-03-19,LONG,657.925000000000,658.370000000000,0.445000000000,0.445000000000,5,WORSE,5.055000000000,4.610000000000,2.315000000000,2.760000000000,1.810000000000,1.365000000000,0.445000000000,-0.445000000000,True,65,60,2026-03-19T16:00:00Z,2026-03-19T17:05:00Z,FAVORABLE_FIRST,2026-03-19T16:01:00Z,2026-03-19T16:11:00Z,FAVORABLE_FIRST,2026-03-19T16:02:00Z,2026-03-19T16:11:00Z,FAVORABLE_FIRST,2026-03-19T16:02:00Z,2026-03-19T16:11:00Z,FAVORABLE_FIRST,2026-03-19T16:03:00Z,2026-03-19T16:11:00Z,FAVORABLE_FIRST,2026-03-19T16:02:00Z,2026-03-19T16:14:00Z,FAVORABLE_FIRST,2026-03-19T16:02:00Z,2026-03-19T16:14:00Z,FAVORABLE_FIRST,2026-03-19T16:03:00Z,2026-03-19T16:14:00Z,ADVERSE_FIRST,2026-03-19T19:01:00Z,2026-03-19T16:14:00Z,ADVERSE_FIRST,2026-03-19T19:01:00Z,2026-03-19T16:14:00Z,2026-03-19T16:05:00Z,2026-03-19T17:05:00Z,FAVORABLE_FIRST,2026-03-19T16:06:00Z,2026-03-19T16:10:00Z,FAVORABLE_FIRST,2026-03-19T16:07:00Z,2026-03-19T16:10:00Z,ADVERSE_FIRST,2026-03-19T19:01:00Z,2026-03-19T16:10:00Z,ADVERSE_FIRST,2026-03-19T19:01:00Z,2026-03-19T16:10:00Z,FAVORABLE_FIRST,2026-03-19T16:07:00Z,2026-03-19T16:10:00Z,ADVERSE_FIRST,2026-03-19T19:01:00Z,2026-03-19T16:10:00Z,ADVERSE_FIRST,2026-03-19T19:01:00Z,2026-03-19T16:10:00Z,ADVERSE_FIRST,2026-03-19T19:01:00Z,2026-03-19T16:10:00Z,ADVERSE_FIRST,2026-03-19T19:02:00Z,2026-03-19T16:10:00Z
SPY:2026-03-19:LONG:2026-03-19T17:22:00+00:00:v1,2026-03-19,LONG,657.230000000000,657.120000000000,-0.110000000000,-0.110000000000,5,BETTER,5.750000000000,5.860000000000,1.070000000000,0.960000000000,2.505000000000,2.615000000000,-0.110000000000,0.110000000000,True,10,5,2026-03-19T17:25:00Z,2026-03-19T17:35:00Z,ADVERSE_FIRST,2026-03-19T17:27:00Z,2026-03-19T17:26:00Z,ADVERSE_FIRST,2026-03-19T17:52:00Z,2026-03-19T17:26:00Z,ADVERSE_FIRST,2026-03-19T18:12:00Z,2026-03-19T17:26:00Z,ADVERSE_FIRST,2026-03-19T18:13:00Z,2026-03-19T17:26:00Z,ADVERSE_FIRST,2026-03-19T17:52:00Z,2026-03-19T17:32:00Z,ADVERSE_FIRST,2026-03-19T18:12:00Z,2026-03-19T17:32:00Z,ADVERSE_FIRST,2026-03-19T18:13:00Z,2026-03-19T17:32:00Z,ADVERSE_FIRST,2026-03-19T18:58:00Z,2026-03-19T17:32:00Z,ADVERSE_FIRST,2026-03-19T19:01:00Z,2026-03-19T17:32:00Z,2026-03-19T17:30:00Z,2026-03-19T17:35:00Z,FAVORABLE_FIRST,2026-03-19T17:31:00Z,2026-03-19T17:32:00Z,ADVERSE_FIRST,2026-03-19T17:52:00Z,2026-03-19T17:32:00Z,ADVERSE_FIRST,2026-03-19T17:52:00Z,2026-03-19T17:32:00Z,ADVERSE_FIRST,2026-03-19T18:12:00Z,2026-03-19T17:32:00Z,ADVERSE_FIRST,2026-03-19T17:52:00Z,2026-03-19T17:32:00Z,ADVERSE_FIRST,2026-03-19T17:52:00Z,2026-03-19T17:32:00Z,ADVERSE_FIRST,2026-03-19T18:12:00Z,2026-03-19T17:32:00Z,ADVERSE_FIRST,2026-03-19T18:13:00Z,2026-03-19T17:32:00Z,ADVERSE_FIRST,2026-03-19T19:01:00Z,2026-03-19T17:32:00Z
SPY:2026-03-19:LONG:2026-03-19T17:50:00+00:00:v1,2026-03-19,LONG,657.730000000000,657.240000000000,-0.490000000000,-0.490000000000,5,BETTER,5.250000000000,5.740000000000,1.410000000000,0.920000000000,2.005000000000,2.495000000000,-0.490000000000,0.490000000000,True,10,5,2026-03-19T17:55:00Z,2026-03-19T18:05:00Z,ADVERSE_FIRST,2026-03-19T18:12:00Z,2026-03-19T17:56:00Z,ADVERSE_FIRST,2026-03-19T18:13:00Z,2026-03-19T17:56:00Z,ADVERSE_FIRST,2026-03-19T18:13:00Z,2026-03-19T17:56:00Z,ADVERSE_FIRST,2026-03-19T18:58:00Z,2026-03-19T17:56:00Z,ADVERSE_FIRST,2026-03-19T18:13:00Z,2026-03-19T17:56:00Z,ADVERSE_FIRST,2026-03-19T18:13:00Z,2026-03-19T17:56:00Z,ADVERSE_FIRST,2026-03-19T18:58:00Z,2026-03-19T17:56:00Z,ADVERSE_FIRST,2026-03-19T19:01:00Z,2026-03-19T17:56:00Z,ADVERSE_FIRST,2026-03-19T19:01:00Z,2026-03-19T17:56:00Z,2026-03-19T18:00:00Z,2026-03-19T18:05:00Z,ADVERSE_FIRST,2026-03-19T18:10:00Z,2026-03-19T18:01:00Z,ADVERSE_FIRST,2026-03-19T18:12:00Z,2026-03-19T18:01:00Z,ADVERSE_FIRST,2026-03-19T18:12:00Z,2026-03-19T18:01:00Z,ADVERSE_FIRST,2026-03-19T18:13:00Z,2026-03-19T18:01:00Z,ADVERSE_FIRST,2026-03-19T18:12:00Z,2026-03-19T18:01:00Z,ADVERSE_FIRST,2026-03-19T18:12:00Z,2026-03-19T18:01:00Z,ADVERSE_FIRST,2026-03-19T18:13:00Z,2026-03-19T18:01:00Z,ADVERSE_FIRST,2026-03-19T18:58:00Z,2026-03-19T18:01:00Z,ADVERSE_FIRST,2026-03-19T19:01:00Z,2026-03-19T18:01:00Z
SPY:2026-03-19:LONG:2026-03-19T18:05:00+00:00:v1,2026-03-19,LONG,657.240000000000,658.350000000000,1.110000000000,1.110000000000,5,WORSE,5.740000000000,4.630000000000,0.920000000000,2.030000000000,2.495000000000,1.385000000000,1.110000000000,-1.110000000000,True,30,25,2026-03-19T18:10:00Z,2026-03-19T18:40:00Z,FAVORABLE_FIRST,2026-03-19T18:11:00Z,2026-03-19T18:30:00Z,FAVORABLE_FIRST,2026-03-19T18:12:00Z,2026-03-19T18:30:00Z,FAVORABLE_FIRST,2026-03-19T18:12:00Z,2026-03-19T18:30:00Z,FAVORABLE_FIRST,2026-03-19T18:13:00Z,2026-03-19T18:30:00Z,FAVORABLE_FIRST,2026-03-19T18:12:00Z,2026-03-19T18:30:00Z,FAVORABLE_FIRST,2026-03-19T18:12:00Z,2026-03-19T18:30:00Z,FAVORABLE_FIRST,2026-03-19T18:13:00Z,2026-03-19T18:30:00Z,ADVERSE_FIRST,2026-03-19T18:58:00Z,2026-03-19T18:30:00Z,ADVERSE_FIRST,2026-03-19T19:01:00Z,2026-03-19T18:30:00Z,2026-03-19T18:15:00Z,2026-03-19T18:40:00Z,ADVERSE_FIRST,2026-03-19T18:58:00Z,2026-03-19T18:16:00Z,ADVERSE_FIRST,2026-03-19T19:00:00Z,2026-03-19T18:16:00Z,ADVERSE_FIRST,2026-03-19T19:01:00Z,2026-03-19T18:16:00Z,ADVERSE_FIRST,2026-03-19T19:01:00Z,2026-03-19T18:16:00Z,ADVERSE_FIRST,2026-03-19T19:00:00Z,2026-03-19T18:16:00Z,ADVERSE_FIRST,2026-03-19T19:01:00Z,2026-03-19T18:16:00Z,ADVERSE_FIRST,2026-03-19T19:01:00Z,2026-03-19T18:16:00Z,ADVERSE_FIRST,2026-03-19T19:01:00Z,2026-03-19T18:16:00Z,ADVERSE_FIRST,2026-03-19T19:02:00Z,2026-03-19T18:16:00Z
SPY:2026-03-19:LONG:2026-03-19T18:55:00+00:00:v1,2026-03-19,LONG,658.450000000000,660.360000000000,1.910000000000,1.910000000000,5,WORSE,4.530000000000,2.620000000000,0,1.390000000000,1.285000000000,-0.625000000000,1.910000000000,-1.390000000000,True,,,2026-03-19T19:00:00Z,,FAVORABLE_FIRST,2026-03-19T19:01:00Z,,FAVORABLE_FIRST,2026-03-19T19:01:00Z,,FAVORABLE_FIRST,2026-03-19T19:01:00Z,,FAVORABLE_FIRST,2026-03-19T19:01:00Z,,FAVORABLE_FIRST,2026-03-19T19:01:00Z,,FAVORABLE_FIRST,2026-03-19T19:01:00Z,,FAVORABLE_FIRST,2026-03-19T19:01:00Z,,FAVORABLE_FIRST,2026-03-19T19:01:00Z,,FAVORABLE_FIRST,2026-03-19T19:02:00Z,,2026-03-19T19:05:00Z,,FAVORABLE_FIRST,2026-03-19T19:06:00Z,2026-03-19T19:25:00Z,FAVORABLE_FIRST,2026-03-19T19:06:00Z,2026-03-19T19:25:00Z,FAVORABLE_FIRST,2026-03-19T19:06:00Z,2026-03-19T19:25:00Z,FAVORABLE_FIRST,2026-03-19T19:06:00Z,2026-03-19T19:25:00Z,FAVORABLE_FIRST,2026-03-19T19:06:00Z,2026-03-19T19:25:00Z,FAVORABLE_FIRST,2026-03-19T19:06:00Z,2026-03-19T19:25:00Z,FAVORABLE_FIRST,2026-03-19T19:06:00Z,2026-03-19T19:25:00Z,FAVORABLE_FIRST,2026-03-19T19:06:00Z,2026-03-19T19:25:00Z,FAVORABLE_FIRST,2026-03-19T19:06:00Z,2026-03-19T19:25:00Z
SPY:2026-03-20:SHORT:2026-03-20T13:50:00+00:00:v1,2026-03-20,SHORT,654.510000000000,653.150000000000,-1.360000000000,1.360000000000,5,WORSE,9.790000000000,8.430000000000,0,1.010000000000,5.970000000000,4.610000000000,1.360000000000,-1.010000000000,True,,,2026-03-20T13:55:00Z,,FAVORABLE_FIRST,2026-03-20T13:56:00Z,,FAVORABLE_FIRST,2026-03-20T13:56:00Z,,FAVORABLE_FIRST,2026-03-20T13:57:00Z,,FAVORABLE_FIRST,2026-03-20T13:58:00Z,,FAVORABLE_FIRST,2026-03-20T13:56:00Z,,FAVORABLE_FIRST,2026-03-20T13:57:00Z,,FAVORABLE_FIRST,2026-03-20T13:58:00Z,,FAVORABLE_FIRST,2026-03-20T13:59:00Z,,FAVORABLE_FIRST,2026-03-20T14:01:00Z,,2026-03-20T14:00:00Z,,FAVORABLE_FIRST,2026-03-20T14:01:00Z,2026-03-20T14:03:00Z,FAVORABLE_FIRST,2026-03-20T14:01:00Z,2026-03-20T14:03:00Z,ADVERSE_FIRST,2026-03-20T14:11:00Z,2026-03-20T14:03:00Z,ADVERSE_FIRST,2026-03-20T14:11:00Z,2026-03-20T14:03:00Z,FAVORABLE_FIRST,2026-03-20T14:01:00Z,2026-03-20T14:03:00Z,ADVERSE_FIRST,2026-03-20T14:11:00Z,2026-03-20T14:03:00Z,ADVERSE_FIRST,2026-03-20T14:11:00Z,2026-03-20T14:03:00Z,ADVERSE_FIRST,2026-03-20T14:14:00Z,2026-03-20T14:03:00Z,ADVERSE_FIRST,2026-03-20T17:36:00Z,2026-03-20T14:03:00Z
SPY:2026-03-23:LONG:2026-03-23T13:45:00+00:00:v1,2026-03-23,LONG,659.000000000000,659.560000000000,0.560000000000,0.560000000000,5,WORSE,3.615000000000,3.055000000000,5.060000000000,5.620000000000,-3.625000000000,-4.185000000000,0.560000000000,-0.560000000000,True,125,120,2026-03-23T13:50:00Z,2026-03-23T15:55:00Z,AMBIGUOUS_SAME_BAR,2026-03-23T13:51:00Z,2026-03-23T13:51:00Z,ADVERSE_FIRST,2026-03-23T13:52:00Z,2026-03-23T13:51:00Z,ADVERSE_FIRST,2026-03-23T13:52:00Z,2026-03-23T13:51:00Z,ADVERSE_FIRST,2026-03-23T13:53:00Z,2026-03-23T13:51:00Z,ADVERSE_FIRST,2026-03-23T13:52:00Z,2026-03-23T13:51:00Z,ADVERSE_FIRST,2026-03-23T13:52:00Z,2026-03-23T13:51:00Z,ADVERSE_FIRST,2026-03-23T13:53:00Z,2026-03-23T13:51:00Z,ADVERSE_FIRST,2026-03-23T14:02:00Z,2026-03-23T13:51:00Z,ADVERSE_FIRST,2026-03-23T14:18:00Z,2026-03-23T13:51:00Z,2026-03-23T13:55:00Z,2026-03-23T15:55:00Z,ADVERSE_FIRST,2026-03-23T13:57:00Z,2026-03-23T13:56:00Z,ADVERSE_FIRST,2026-03-23T13:58:00Z,2026-03-23T13:56:00Z,ADVERSE_FIRST,2026-03-23T14:00:00Z,2026-03-23T13:56:00Z,ADVERSE_FIRST,2026-03-23T14:02:00Z,2026-03-23T13:56:00Z,ADVERSE_FIRST,2026-03-23T13:58:00Z,2026-03-23T13:56:00Z,ADVERSE_FIRST,2026-03-23T14:00:00Z,2026-03-23T13:56:00Z,ADVERSE_FIRST,2026-03-23T14:02:00Z,2026-03-23T13:56:00Z,ADVERSE_FIRST,2026-03-23T14:18:00Z,2026-03-23T13:56:00Z,ADVERSE_FIRST,2026-03-23T14:21:00Z,2026-03-23T13:56:00Z
SPY:2026-03-23:SHORT:2026-03-23T15:55:00+00:00:v1,2026-03-23,SHORT,656.010000000000,656.490000000000,0.480000000000,-0.480000000000,5,BETTER,2.070000000000,2.550000000000,3.640000000000,3.160000000000,0.635000000000,1.115000000000,-0.480000000000,0.480000000000,True,10,5,2026-03-23T16:00:00Z,2026-03-23T16:10:00Z,ADVERSE_FIRST,2026-03-23T16:20:00Z,2026-03-23T16:01:00Z,ADVERSE_FIRST,2026-03-23T16:23:00Z,2026-03-23T16:01:00Z,ADVERSE_FIRST,2026-03-23T16:25:00Z,2026-03-23T16:01:00Z,ADVERSE_FIRST,2026-03-23T16:25:00Z,2026-03-23T16:01:00Z,ADVERSE_FIRST,2026-03-23T16:23:00Z,2026-03-23T16:01:00Z,ADVERSE_FIRST,2026-03-23T16:25:00Z,2026-03-23T16:01:00Z,ADVERSE_FIRST,2026-03-23T16:25:00Z,2026-03-23T16:01:00Z,ADVERSE_FIRST,2026-03-23T16:29:00Z,2026-03-23T16:01:00Z,ADVERSE_FIRST,2026-03-23T16:29:00Z,2026-03-23T16:01:00Z,2026-03-23T16:05:00Z,2026-03-23T16:10:00Z,AMBIGUOUS_SAME_BAR,2026-03-23T16:06:00Z,2026-03-23T16:06:00Z,ADVERSE_FIRST,2026-03-23T16:18:00Z,2026-03-23T16:06:00Z,ADVERSE_FIRST,2026-03-23T16:20:00Z,2026-03-23T16:06:00Z,ADVERSE_FIRST,2026-03-23T16:23:00Z,2026-03-23T16:06:00Z,ADVERSE_FIRST,2026-03-23T16:18:00Z,2026-03-23T16:07:00Z,ADVERSE_FIRST,2026-03-23T16:20:00Z,2026-03-23T16:07:00Z,ADVERSE_FIRST,2026-03-23T16:23:00Z,2026-03-23T16:07:00Z,ADVERSE_FIRST,2026-03-23T16:25:00Z,2026-03-23T16:07:00Z,ADVERSE_FIRST,2026-03-23T16:29:00Z,2026-03-23T16:07:00Z
SPY:2026-03-23:SHORT:2026-03-23T16:16:00+00:00:v1,2026-03-23,SHORT,656.040000000000,655.680000000000,-0.360000000000,0.360000000000,5,WORSE,2.100000000000,1.740000000000,3.610000000000,3.970000000000,0.665000000000,0.305000000000,0.360000000000,-0.360000000000,True,75,70,2026-03-23T16:20:00Z,2026-03-23T17:35:00Z,FAVORABLE_FIRST,2026-03-23T16:21:00Z,2026-03-23T16:45:00Z,FAVORABLE_FIRST,2026-03-23T16:23:00Z,2026-03-23T16:45:00Z,FAVORABLE_FIRST,2026-03-23T16:25:00Z,2026-03-23T16:45:00Z,FAVORABLE_FIRST,2026-03-23T16:25:00Z,2026-03-23T16:45:00Z,FAVORABLE_FIRST,2026-03-23T16:23:00Z,2026-03-23T16:45:00Z,FAVORABLE_FIRST,2026-03-23T16:25:00Z,2026-03-23T16:45:00Z,FAVORABLE_FIRST,2026-03-23T16:25:00Z,2026-03-23T16:45:00Z,FAVORABLE_FIRST,2026-03-23T16:29:00Z,2026-03-23T16:45:00Z,FAVORABLE_FIRST,2026-03-23T16:29:00Z,2026-03-23T16:45:00Z,2026-03-23T16:25:00Z,2026-03-23T17:35:00Z,FAVORABLE_FIRST,2026-03-23T16:26:00Z,2026-03-23T16:35:00Z,FAVORABLE_FIRST,2026-03-23T16:26:00Z,2026-03-23T16:35:00Z,FAVORABLE_FIRST,2026-03-23T16:27:00Z,2026-03-23T16:35:00Z,FAVORABLE_FIRST,2026-03-23T16:29:00Z,2026-03-23T16:35:00Z,FAVORABLE_FIRST,2026-03-23T16:26:00Z,2026-03-23T16:35:00Z,FAVORABLE_FIRST,2026-03-23T16:27:00Z,2026-03-23T16:35:00Z,FAVORABLE_FIRST,2026-03-23T16:29:00Z,2026-03-23T16:35:00Z,FAVORABLE_FIRST,2026-03-23T16:29:00Z,2026-03-23T16:35:00Z,ADVERSE_FIRST,,2026-03-23T16:35:00Z
SPY:2026-03-23:LONG:2026-03-23T18:33:00+00:00:v1,2026-03-23,LONG,658.850000000000,658.970000000000,0.120000000000,0.120000000000,5,WORSE,0.800000000000,0.300000000000,3.480000000000,3.600000000000,-3.475000000000,-3.595000000000,0.500000000000,-0.120000000000,True,40,35,2026-03-23T18:35:00Z,2026-03-23T19:15:00Z,FAVORABLE_FIRST,2026-03-23T18:36:00Z,2026-03-23T18:39:00Z,FAVORABLE_FIRST,2026-03-23T18:36:00Z,2026-03-23T18:39:00Z,FAVORABLE_FIRST,2026-03-23T18:37:00Z,2026-03-23T18:39:00Z,ADVERSE_FIRST,,2026-03-23T18:39:00Z,FAVORABLE_FIRST,2026-03-23T18:36:00Z,2026-03-23T18:39:00Z,FAVORABLE_FIRST,2026-03-23T18:37:00Z,2026-03-23T18:39:00Z,ADVERSE_FIRST,,2026-03-23T18:39:00Z,ADVERSE_FIRST,,2026-03-23T18:39:00Z,ADVERSE_FIRST,,2026-03-23T18:39:00Z,2026-03-23T18:40:00Z,2026-03-23T19:15:00Z,ADVERSE_FIRST,2026-03-23T18:49:00Z,2026-03-23T18:41:00Z,ADVERSE_FIRST,,2026-03-23T18:41:00Z,ADVERSE_FIRST,,2026-03-23T18:41:00Z,ADVERSE_FIRST,,2026-03-23T18:41:00Z,ADVERSE_FIRST,,2026-03-23T18:41:00Z,ADVERSE_FIRST,,2026-03-23T18:41:00Z,ADVERSE_FIRST,,2026-03-23T18:41:00Z,ADVERSE_FIRST,,2026-03-23T18:41:00Z,ADVERSE_FIRST,,2026-03-23T18:41:00Z
SPY:2026-03-24:SHORT:2026-03-24T13:40:00+00:00:v1,2026-03-24,SHORT,650.730000000000,650.180000000000,-0.550000000000,0.550000000000,5,WORSE,0.840000000000,0.290000000000,6.300000000000,6.850000000000,-2.470000000000,-3.020000000000,0.550000000000,-0.550000000000,True,15,10,2026-03-24T13:45:00Z,2026-03-24T14:00:00Z,ADVERSE_FIRST,2026-03-24T13:48:00Z,2026-03-24T13:46:00Z,ADVERSE_FIRST,2026-03-24T13:49:00Z,2026-03-24T13:46:00Z,ADVERSE_FIRST,2026-03-24T13:51:00Z,2026-03-24T13:46:00Z,ADVERSE_FIRST,,2026-03-24T13:46:00Z,ADVERSE_FIRST,2026-03-24T13:49:00Z,2026-03-24T13:46:00Z,ADVERSE_FIRST,2026-03-24T13:51:00Z,2026-03-24T13:46:00Z,ADVERSE_FIRST,,2026-03-24T13:46:00Z,ADVERSE_FIRST,,2026-03-24T13:46:00Z,ADVERSE_FIRST,,2026-03-24T13:46:00Z,2026-03-24T13:50:00Z,2026-03-24T14:00:00Z,ADVERSE_FIRST,2026-03-24T13:52:00Z,2026-03-24T13:51:00Z,ADVERSE_FIRST,,2026-03-24T13:51:00Z,ADVERSE_FIRST,,2026-03-24T13:51:00Z,ADVERSE_FIRST,,2026-03-24T13:51:00Z,ADVERSE_FIRST,,2026-03-24T13:51:00Z,ADVERSE_FIRST,,2026-03-24T13:51:00Z,ADVERSE_FIRST,,2026-03-24T13:51:00Z,ADVERSE_FIRST,,2026-03-24T13:51:00Z,ADVERSE_FIRST,,2026-03-24T13:51:00Z
SPY:2026-03-24:LONG:2026-03-24T14:51:00+00:00:v1,2026-03-24,LONG,654.430000000000,653.940000000000,-0.490000000000,-0.490000000000,5,BETTER,2.600000000000,3.090000000000,3.210000000000,1.560000000000,-1.230000000000,-0.740000000000,-0.490000000000,1.650000000000,True,145,140,2026-03-24T14:55:00Z,2026-03-24T17:20:00Z,FAVORABLE_FIRST,2026-03-24T14:56:00Z,2026-03-24T14:59:00Z,FAVORABLE_FIRST,2026-03-24T14:56:00Z,2026-03-24T14:59:00Z,FAVORABLE_FIRST,2026-03-24T14:56:00Z,2026-03-24T14:59:00Z,FAVORABLE_FIRST,2026-03-24T14:56:00Z,2026-03-24T14:59:00Z,FAVORABLE_FIRST,2026-03-24T14:56:00Z,2026-03-24T14:59:00Z,FAVORABLE_FIRST,2026-03-24T14:56:00Z,2026-03-24T14:59:00Z,FAVORABLE_FIRST,2026-03-24T14:56:00Z,2026-03-24T14:59:00Z,ADVERSE_FIRST,2026-03-24T15:21:00Z,2026-03-24T14:59:00Z,ADVERSE_FIRST,2026-03-24T15:24:00Z,2026-03-24T14:59:00Z,2026-03-24T15:00:00Z,2026-03-24T17:20:00Z,FAVORABLE_FIRST,2026-03-24T15:01:00Z,2026-03-24T17:04:00Z,FAVORABLE_FIRST,2026-03-24T15:01:00Z,2026-03-24T17:04:00Z,FAVORABLE_FIRST,2026-03-24T15:01:00Z,2026-03-24T17:04:00Z,FAVORABLE_FIRST,2026-03-24T15:01:00Z,2026-03-24T17:04:00Z,FAVORABLE_FIRST,2026-03-24T15:01:00Z,2026-03-24T17:04:00Z,FAVORABLE_FIRST,2026-03-24T15:01:00Z,2026-03-24T17:04:00Z,FAVORABLE_FIRST,2026-03-24T15:01:00Z,2026-03-24T17:04:00Z,FAVORABLE_FIRST,2026-03-24T15:11:00Z,2026-03-24T17:04:00Z,FAVORABLE_FIRST,2026-03-24T15:21:00Z,2026-03-24T17:04:00Z
SPY:2026-03-24:LONG:2026-03-24T17:20:00+00:00:v1,2026-03-24,LONG,653.050000000000,653.405000000000,0.355000000000,0.355000000000,5,WORSE,3.540000000000,3.185000000000,0.670000000000,1.025000000000,0.150000000000,-0.205000000000,0.355000000000,-0.355000000000,True,20,15,2026-03-24T17:25:00Z,2026-03-24T17:45:00Z,FAVORABLE_FIRST,2026-03-24T17:27:00Z,2026-03-24T17:35:00Z,FAVORABLE_FIRST,2026-03-24T17:30:00Z,2026-03-24T17:35:00Z,FAVORABLE_FIRST,2026-03-24T17:30:00Z,2026-03-24T17:35:00Z,FAVORABLE_FIRST,2026-03-24T17:30:00Z,2026-03-24T17:35:00Z,FAVORABLE_FIRST,2026-03-24T17:30:00Z,2026-03-24T17:35:00Z,FAVORABLE_FIRST,2026-03-24T17:30:00Z,2026-03-24T17:35:00Z,FAVORABLE_FIRST,2026-03-24T17:30:00Z,2026-03-24T17:35:00Z,ADVERSE_FIRST,2026-03-24T18:00:00Z,2026-03-24T17:35:00Z,ADVERSE_FIRST,2026-03-24T18:31:00Z,2026-03-24T17:35:00Z,2026-03-24T17:30:00Z,2026-03-24T17:45:00Z,FAVORABLE_FIRST,2026-03-24T17:31:00Z,2026-03-24T17:33:00Z,FAVORABLE_FIRST,2026-03-24T17:31:00Z,2026-03-24T17:33:00Z,ADVERSE_FIRST,2026-03-24T17:55:00Z,2026-03-24T17:33:00Z,ADVERSE_FIRST,2026-03-24T18:00:00Z,2026-03-24T17:33:00Z,FAVORABLE_FIRST,2026-03-24T17:31:00Z,2026-03-24T17:33:00Z,ADVERSE_FIRST,2026-03-24T17:55:00Z,2026-03-24T17:33:00Z,ADVERSE_FIRST,2026-03-24T18:00:00Z,2026-03-24T17:33:00Z,ADVERSE_FIRST,2026-03-24T18:00:00Z,2026-03-24T17:33:00Z,ADVERSE_FIRST,2026-03-24T18:32:00Z,2026-03-24T17:33:00Z
SPY:2026-03-24:LONG:2026-03-24T17:50:00+00:00:v1,2026-03-24,LONG,653.150000000000,654.300000000000,1.150000000000,1.150000000000,5,WORSE,3.440000000000,2.290000000000,0.590000000000,1.740000000000,0.050000000000,-1.100000000000,1.150000000000,-1.150000000000,True,,,2026-03-24T17:55:00Z,,FAVORABLE_FIRST,2026-03-24T17:56:00Z,2026-03-24T19:52:00Z,FAVORABLE_FIRST,2026-03-24T17:56:00Z,2026-03-24T19:52:00Z,FAVORABLE_FIRST,2026-03-24T17:56:00Z,2026-03-24T19:52:00Z,FAVORABLE_FIRST,2026-03-24T17:56:00Z,2026-03-24T19:52:00Z,FAVORABLE_FIRST,2026-03-24T17:56:00Z,2026-03-24T19:53:00Z,FAVORABLE_FIRST,2026-03-24T17:56:00Z,2026-03-24T19:53:00Z,FAVORABLE_FIRST,2026-03-24T17:56:00Z,2026-03-24T19:53:00Z,FAVORABLE_FIRST,2026-03-24T18:00:00Z,2026-03-24T19:53:00Z,FAVORABLE_FIRST,2026-03-24T18:31:00Z,2026-03-24T19:53:00Z,2026-03-24T18:00:00Z,,AMBIGUOUS_SAME_BAR,2026-03-24T18:01:00Z,2026-03-24T18:01:00Z,ADVERSE_FIRST,2026-03-24T18:27:00Z,2026-03-24T18:01:00Z,ADVERSE_FIRST,2026-03-24T18:31:00Z,2026-03-24T18:01:00Z,ADVERSE_FIRST,2026-03-24T18:32:00Z,2026-03-24T18:01:00Z,ADVERSE_FIRST,2026-03-24T18:27:00Z,2026-03-24T18:02:00Z,ADVERSE_FIRST,2026-03-24T18:31:00Z,2026-03-24T18:02:00Z,ADVERSE_FIRST,2026-03-24T18:32:00Z,2026-03-24T18:02:00Z,ADVERSE_FIRST,2026-03-24T18:32:00Z,2026-03-24T18:02:00Z,ADVERSE_FIRST,2026-03-24T18:39:00Z,2026-03-24T18:02:00Z
SPY:2026-03-25:SHORT:2026-03-25T13:47:00+00:00:v1,2026-03-25,SHORT,657.810000000000,656.760000000000,-1.050000000000,1.050000000000,5,WORSE,3.570000000000,2.520000000000,2.690000000000,3.740000000000,1.070000000000,0.020000000000,1.050000000000,-1.050000000000,True,45,40,2026-03-25T13:50:00Z,2026-03-25T14:35:00Z,FAVORABLE_FIRST,2026-03-25T13:51:00Z,2026-03-25T14:14:00Z,FAVORABLE_FIRST,2026-03-25T13:51:00Z,2026-03-25T14:14:00Z,FAVORABLE_FIRST,2026-03-25T13:52:00Z,2026-03-25T14:14:00Z,FAVORABLE_FIRST,2026-03-25T13:54:00Z,2026-03-25T14:14:00Z,FAVORABLE_FIRST,2026-03-25T13:51:00Z,2026-03-25T14:14:00Z,FAVORABLE_FIRST,2026-03-25T13:52:00Z,2026-03-25T14:14:00Z,FAVORABLE_FIRST,2026-03-25T13:54:00Z,2026-03-25T14:14:00Z,FAVORABLE_FIRST,2026-03-25T14:00:00Z,2026-03-25T14:14:00Z,FAVORABLE_FIRST,2026-03-25T14:00:00Z,2026-03-25T14:14:00Z,2026-03-25T13:55:00Z,2026-03-25T14:35:00Z,ADVERSE_FIRST,2026-03-25T13:59:00Z,2026-03-25T13:56:00Z,ADVERSE_FIRST,2026-03-25T14:00:00Z,2026-03-25T13:56:00Z,ADVERSE_FIRST,2026-03-25T14:00:00Z,2026-03-25T13:56:00Z,ADVERSE_FIRST,2026-03-25T14:00:00Z,2026-03-25T13:56:00Z,ADVERSE_FIRST,2026-03-25T14:00:00Z,2026-03-25T13:56:00Z,ADVERSE_FIRST,2026-03-25T14:00:00Z,2026-03-25T13:56:00Z,ADVERSE_FIRST,2026-03-25T14:00:00Z,2026-03-25T13:56:00Z,ADVERSE_FIRST,2026-03-25T15:16:00Z,2026-03-25T13:56:00Z,ADVERSE_FIRST,2026-03-25T15:17:00Z,2026-03-25T13:56:00Z
SPY:2026-03-25:SHORT:2026-03-25T14:35:00+00:00:v1,2026-03-25,SHORT,658.220000000000,658.435000000000,0.215000000000,-0.215000000000,5,BETTER,3.980000000000,4.195000000000,1.160000000000,0.945000000000,1.480000000000,1.695000000000,-0.215000000000,0.215000000000,True,10,5,2026-03-25T14:40:00Z,2026-03-25T14:50:00Z,ADVERSE_FIRST,2026-03-25T15:07:00Z,2026-03-25T14:41:00Z,ADVERSE_FIRST,2026-03-25T15:07:00Z,2026-03-25T14:41:00Z,ADVERSE_FIRST,2026-03-25T15:09:00Z,2026-03-25T14:41:00Z,ADVERSE_FIRST,2026-03-25T15:09:00Z,2026-03-25T14:41:00Z,ADVERSE_FIRST,2026-03-25T15:07:00Z,2026-03-25T14:41:00Z,ADVERSE_FIRST,2026-03-25T15:09:00Z,2026-03-25T14:41:00Z,ADVERSE_FIRST,2026-03-25T15:09:00Z,2026-03-25T14:41:00Z,ADVERSE_FIRST,2026-03-25T15:12:00Z,2026-03-25T14:41:00Z,ADVERSE_FIRST,2026-03-25T15:16:00Z,2026-03-25T14:41:00Z,2026-03-25T14:45:00Z,2026-03-25T14:50:00Z,ADVERSE_FIRST,2026-03-25T15:06:00Z,2026-03-25T14:47:00Z,ADVERSE_FIRST,2026-03-25T15:07:00Z,2026-03-25T14:47:00Z,ADVERSE_FIRST,2026-03-25T15:07:00Z,2026-03-25T14:47:00Z,ADVERSE_FIRST,2026-03-25T15:09:00Z,2026-03-25T14:47:00Z,ADVERSE_FIRST,2026-03-25T15:07:00Z,2026-03-25T14:47:00Z,ADVERSE_FIRST,2026-03-25T15:07:00Z,2026-03-25T14:47:00Z,ADVERSE_FIRST,2026-03-25T15:09:00Z,2026-03-25T14:47:00Z,ADVERSE_FIRST,2026-03-25T15:12:00Z,2026-03-25T14:47:00Z,ADVERSE_FIRST,2026-03-25T15:15:00Z,2026-03-25T14:47:00Z
SPY:2026-03-25:SHORT:2026-03-25T15:05:00+00:00:v1,2026-03-25,SHORT,657.230000000000,656.570000000000,-0.660000000000,0.660000000000,5,WORSE,2.990000000000,2.330000000000,2.150000000000,2.810000000000,0.490000000000,-0.170000000000,0.660000000000,-0.660000000000,True,150,145,2026-03-25T15:10:00Z,2026-03-25T17:40:00Z,ADVERSE_FIRST,2026-03-25T15:12:00Z,2026-03-25T15:11:00Z,ADVERSE_FIRST,2026-03-25T15:12:00Z,2026-03-25T15:11:00Z,ADVERSE_FIRST,2026-03-25T15:14:00Z,2026-03-25T15:11:00Z,ADVERSE_FIRST,2026-03-25T15:16:00Z,2026-03-25T15:11:00Z,ADVERSE_FIRST,2026-03-25T15:12:00Z,2026-03-25T15:11:00Z,ADVERSE_FIRST,2026-03-25T15:14:00Z,2026-03-25T15:11:00Z,ADVERSE_FIRST,2026-03-25T15:16:00Z,2026-03-25T15:11:00Z,ADVERSE_FIRST,2026-03-25T15:16:00Z,2026-03-25T15:11:00Z,ADVERSE_FIRST,2026-03-25T15:16:00Z,2026-03-25T15:11:00Z,2026-03-25T15:15:00Z,2026-03-25T17:40:00Z,FAVORABLE_FIRST,2026-03-25T15:16:00Z,2026-03-25T15:24:00Z,FAVORABLE_FIRST,2026-03-25T15:16:00Z,2026-03-25T15:24:00Z,FAVORABLE_FIRST,2026-03-25T15:16:00Z,2026-03-25T15:24:00Z,FAVORABLE_FIRST,2026-03-25T15:16:00Z,2026-03-25T15:24:00Z,FAVORABLE_FIRST,2026-03-25T15:16:00Z,2026-03-25T15:24:00Z,FAVORABLE_FIRST,2026-03-25T15:16:00Z,2026-03-25T15:24:00Z,FAVORABLE_FIRST,2026-03-25T15:16:00Z,2026-03-25T15:24:00Z,FAVORABLE_FIRST,2026-03-25T15:16:00Z,2026-03-25T15:24:00Z,FAVORABLE_FIRST,2026-03-25T15:17:00Z,2026-03-25T15:24:00Z
SPY:2026-03-25:SHORT:2026-03-25T17:45:00+00:00:v1,2026-03-25,SHORT,658.095000000000,657.480000000000,-0.615000000000,0.615000000000,5,WORSE,2.515000000000,1.900000000000,0.695000000000,1.310000000000,1.355000000000,0.740000000000,0.615000000000,-0.615000000000,True,,,2026-03-25T17:50:00Z,,AMBIGUOUS_SAME_BAR,2026-03-25T17:52:00Z,2026-03-25T17:52:00Z,ADVERSE_FIRST,2026-03-25T17:53:00Z,2026-03-25T17:52:00Z,ADVERSE_FIRST,2026-03-25T17:53:00Z,2026-03-25T17:52:00Z,ADVERSE_FIRST,2026-03-25T18:43:00Z,2026-03-25T17:52:00Z,ADVERSE_FIRST,2026-03-25T17:53:00Z,2026-03-25T17:52:00Z,ADVERSE_FIRST,2026-03-25T17:53:00Z,2026-03-25T17:52:00Z,ADVERSE_FIRST,2026-03-25T18:43:00Z,2026-03-25T17:52:00Z,ADVERSE_FIRST,2026-03-25T18:55:00Z,2026-03-25T17:52:00Z,ADVERSE_FIRST,2026-03-25T18:55:00Z,2026-03-25T17:52:00Z,2026-03-25T17:55:00Z,,ADVERSE_FIRST,2026-03-25T18:40:00Z,2026-03-25T17:56:00Z,ADVERSE_FIRST,2026-03-25T18:50:00Z,2026-03-25T17:56:00Z,ADVERSE_FIRST,2026-03-25T18:55:00Z,2026-03-25T17:56:00Z,ADVERSE_FIRST,2026-03-25T18:55:00Z,2026-03-25T17:56:00Z,ADVERSE_FIRST,2026-03-25T18:50:00Z,2026-03-25T17:56:00Z,ADVERSE_FIRST,2026-03-25T18:55:00Z,2026-03-25T17:56:00Z,ADVERSE_FIRST,2026-03-25T18:55:00Z,2026-03-25T17:56:00Z,ADVERSE_FIRST,2026-03-25T18:55:00Z,2026-03-25T17:56:00Z,ADVERSE_FIRST,,2026-03-25T17:56:00Z
SPY:2026-03-26:LONG:2026-03-26T13:43:00+00:00:v1,2026-03-26,LONG,653.000000000000,653.405000000000,0.405000000000,0.405000000000,5,WORSE,1.850000000000,1.445000000000,8.180000000000,8.585000000000,-7.905000000000,-8.310000000000,0.405000000000,-0.405000000000,True,70,65,2026-03-26T13:45:00Z,2026-03-26T14:55:00Z,FAVORABLE_FIRST,2026-03-26T13:46:00Z,2026-03-26T14:43:00Z,FAVORABLE_FIRST,2026-03-26T13:46:00Z,2026-03-26T14:43:00Z,FAVORABLE_FIRST,2026-03-26T13:47:00Z,2026-03-26T14:43:00Z,FAVORABLE_FIRST,2026-03-26T13:47:00Z,2026-03-26T14:43:00Z,FAVORABLE_FIRST,2026-03-26T13:46:00Z,2026-03-26T14:43:00Z,FAVORABLE_FIRST,2026-03-26T13:47:00Z,2026-03-26T14:43:00Z,FAVORABLE_FIRST,2026-03-26T13:47:00Z,2026-03-26T14:43:00Z,FAVORABLE_FIRST,2026-03-26T13:53:00Z,2026-03-26T14:43:00Z,ADVERSE_FIRST,,2026-03-26T14:43:00Z,2026-03-26T13:50:00Z,2026-03-26T14:55:00Z,FAVORABLE_FIRST,2026-03-26T13:51:00Z,2026-03-26T13:58:00Z,FAVORABLE_FIRST,2026-03-26T13:51:00Z,2026-03-26T13:58:00Z,FAVORABLE_FIRST,2026-03-26T13:52:00Z,2026-03-26T13:58:00Z,FAVORABLE_FIRST,2026-03-26T13:52:00Z,2026-03-26T13:58:00Z,FAVORABLE_FIRST,2026-03-26T13:51:00Z,2026-03-26T13:58:00Z,FAVORABLE_FIRST,2026-03-26T13:52:00Z,2026-03-26T13:58:00Z,FAVORABLE_FIRST,2026-03-26T13:52:00Z,2026-03-26T13:58:00Z,ADVERSE_FIRST,,2026-03-26T13:58:00Z,ADVERSE_FIRST,,2026-03-26T13:58:00Z
SPY:2026-03-26:LONG:2026-03-26T15:05:00+00:00:v1,2026-03-26,LONG,652.230000000000,652.230000000000,0E-12,0E-12,5,UNCHANGED_WITHIN_ONE_CENT,0.550000000000,0.190000000000,7.410000000000,7.410000000000,-7.135000000000,-7.135000000000,0.360000000000,0E-12,True,10,5,2026-03-26T15:10:00Z,2026-03-26T15:20:00Z,FAVORABLE_FIRST,2026-03-26T15:11:00Z,2026-03-26T15:16:00Z,FAVORABLE_FIRST,2026-03-26T15:12:00Z,2026-03-26T15:16:00Z,ADVERSE_FIRST,,2026-03-26T15:16:00Z,ADVERSE_FIRST,,2026-03-26T15:16:00Z,FAVORABLE_FIRST,2026-03-26T15:12:00Z,2026-03-26T15:16:00Z,ADVERSE_FIRST,,2026-03-26T15:16:00Z,ADVERSE_FIRST,,2026-03-26T15:16:00Z,ADVERSE_FIRST,,2026-03-26T15:16:00Z,ADVERSE_FIRST,,2026-03-26T15:16:00Z,2026-03-26T15:15:00Z,2026-03-26T15:20:00Z,ADVERSE_FIRST,,2026-03-26T15:16:00Z,ADVERSE_FIRST,,2026-03-26T15:16:00Z,ADVERSE_FIRST,,2026-03-26T15:16:00Z,ADVERSE_FIRST,,2026-03-26T15:16:00Z,ADVERSE_FIRST,,2026-03-26T15:16:00Z,ADVERSE_FIRST,,2026-03-26T15:16:00Z,ADVERSE_FIRST,,2026-03-26T15:16:00Z,ADVERSE_FIRST,,2026-03-26T15:16:00Z,ADVERSE_FIRST,,2026-03-26T15:16:00Z
SPY:2026-03-26:SHORT:2026-03-26T16:16:00+00:00:v1,2026-03-26,SHORT,650.820000000000,650.360000000000,-0.460000000000,0.460000000000,5,WORSE,6.000000000000,5.540000000000,0,0,5.725000000000,5.265000000000,0.460000000000,0,True,,,2026-03-26T16:20:00Z,,FAVORABLE_FIRST,2026-03-26T16:21:00Z,,FAVORABLE_FIRST,2026-03-26T16:21:00Z,,FAVORABLE_FIRST,2026-03-26T16:22:00Z,,FAVORABLE_FIRST,2026-03-26T16:23:00Z,,FAVORABLE_FIRST,2026-03-26T16:21:00Z,,FAVORABLE_FIRST,2026-03-26T16:22:00Z,,FAVORABLE_FIRST,2026-03-26T16:23:00Z,,FAVORABLE_FIRST,2026-03-26T16:28:00Z,,FAVORABLE_FIRST,2026-03-26T17:20:00Z,,2026-03-26T16:25:00Z,,FAVORABLE_FIRST,2026-03-26T16:26:00Z,,FAVORABLE_FIRST,2026-03-26T16:26:00Z,,FAVORABLE_FIRST,2026-03-26T16:26:00Z,,FAVORABLE_FIRST,2026-03-26T16:28:00Z,,FAVORABLE_FIRST,2026-03-26T16:26:00Z,,FAVORABLE_FIRST,2026-03-26T16:26:00Z,,FAVORABLE_FIRST,2026-03-26T16:28:00Z,,FAVORABLE_FIRST,2026-03-26T17:20:00Z,,FAVORABLE_FIRST,2026-03-26T17:22:00Z,
SPY:2026-03-27:SHORT:2026-03-27T13:52:00+00:00:v1,2026-03-27,SHORT,640.009900000000,639.050000000000,-0.959900000000,0.959900000000,5,WORSE,6.904900000000,5.945000000000,2.130100000000,3.090000000000,5.929900000000,4.970000000000,0.959900000000,-0.959900000000,True,25,20,2026-03-27T13:55:00Z,2026-03-27T14:20:00Z,FAVORABLE_FIRST,2026-03-27T13:56:00Z,2026-03-27T14:16:00Z,FAVORABLE_FIRST,2026-03-27T13:56:00Z,2026-03-27T14:16:00Z,FAVORABLE_FIRST,2026-03-27T13:56:00Z,2026-03-27T14:16:00Z,FAVORABLE_FIRST,2026-03-27T13:56:00Z,2026-03-27T14:16:00Z,FAVORABLE_FIRST,2026-03-27T13:56:00Z,2026-03-27T14:16:00Z,FAVORABLE_FIRST,2026-03-27T13:56:00Z,2026-03-27T14:16:00Z,FAVORABLE_FIRST,2026-03-27T13:56:00Z,2026-03-27T14:16:00Z,ADVERSE_FIRST,2026-03-27T14:46:00Z,2026-03-27T14:16:00Z,ADVERSE_FIRST,2026-03-27T17:17:00Z,2026-03-27T14:16:00Z,2026-03-27T14:00:00Z,2026-03-27T14:20:00Z,AMBIGUOUS_SAME_BAR,2026-03-27T14:01:00Z,2026-03-27T14:01:00Z,ADVERSE_FIRST,2026-03-27T14:46:00Z,2026-03-27T14:01:00Z,ADVERSE_FIRST,2026-03-27T14:46:00Z,2026-03-27T14:01:00Z,ADVERSE_FIRST,2026-03-27T17:17:00Z,2026-03-27T14:01:00Z,ADVERSE_FIRST,2026-03-27T14:46:00Z,2026-03-27T14:01:00Z,ADVERSE_FIRST,2026-03-27T14:46:00Z,2026-03-27T14:01:00Z,ADVERSE_FIRST,2026-03-27T17:17:00Z,2026-03-27T14:01:00Z,ADVERSE_FIRST,2026-03-27T17:20:00Z,2026-03-27T14:01:00Z,ADVERSE_FIRST,2026-03-27T17:27:00Z,2026-03-27T14:01:00Z
SPY:2026-03-27:SHORT:2026-03-27T14:21:00+00:00:v1,2026-03-27,SHORT,639.765000000000,639.100000000000,-0.665000000000,0.665000000000,5,WORSE,6.660000000000,5.995000000000,2.375000000000,3.040000000000,5.685000000000,5.020000000000,0.665000000000,-0.665000000000,True,40,35,2026-03-27T14:25:00Z,2026-03-27T15:05:00Z,AMBIGUOUS_SAME_BAR,2026-03-27T14:26:00Z,2026-03-27T14:26:00Z,ADVERSE_FIRST,2026-03-27T14:28:00Z,2026-03-27T14:26:00Z,ADVERSE_FIRST,2026-03-27T14:38:00Z,2026-03-27T14:26:00Z,ADVERSE_FIRST,2026-03-27T14:38:00Z,2026-03-27T14:26:00Z,FAVORABLE_FIRST,2026-03-27T14:28:00Z,2026-03-27T14:49:00Z,FAVORABLE_FIRST,2026-03-27T14:38:00Z,2026-03-27T14:49:00Z,FAVORABLE_FIRST,2026-03-27T14:38:00Z,2026-03-27T14:49:00Z,ADVERSE_FIRST,2026-03-27T16:37:00Z,2026-03-27T14:49:00Z,ADVERSE_FIRST,2026-03-27T17:19:00Z,2026-03-27T14:49:00Z,2026-03-27T14:30:00Z,2026-03-27T15:05:00Z,ADVERSE_FIRST,2026-03-27T14:38:00Z,2026-03-27T14:31:00Z,ADVERSE_FIRST,2026-03-27T14:46:00Z,2026-03-27T14:31:00Z,ADVERSE_FIRST,2026-03-27T14:46:00Z,2026-03-27T14:31:00Z,ADVERSE_FIRST,2026-03-27T16:40:00Z,2026-03-27T14:31:00Z,ADVERSE_FIRST,2026-03-27T14:46:00Z,2026-03-27T14:31:00Z,ADVERSE_FIRST,2026-03-27T14:46:00Z,2026-03-27T14:31:00Z,ADVERSE_FIRST,2026-03-27T16:40:00Z,2026-03-27T14:31:00Z,ADVERSE_FIRST,2026-03-27T17:20:00Z,2026-03-27T14:31:00Z,ADVERSE_FIRST,2026-03-27T17:26:00Z,2026-03-27T14:31:00Z
SPY:2026-03-27:SHORT:2026-03-27T15:07:00+00:00:v1,2026-03-27,SHORT,640.165000000000,639.760000000000,-0.405000000000,0.405000000000,5,WORSE,7.060000000000,6.655000000000,1.975000000000,2.380000000000,6.085000000000,5.680000000000,0.405000000000,-0.405000000000,True,20,15,2026-03-27T15:10:00Z,2026-03-27T15:30:00Z,FAVORABLE_FIRST,2026-03-27T15:11:00Z,2026-03-27T15:23:00Z,FAVORABLE_FIRST,2026-03-27T15:12:00Z,2026-03-27T15:23:00Z,FAVORABLE_FIRST,2026-03-27T15:17:00Z,2026-03-27T15:23:00Z,FAVORABLE_FIRST,2026-03-27T15:17:00Z,2026-03-27T15:23:00Z,FAVORABLE_FIRST,2026-03-27T15:12:00Z,2026-03-27T15:23:00Z,FAVORABLE_FIRST,2026-03-27T15:17:00Z,2026-03-27T15:23:00Z,FAVORABLE_FIRST,2026-03-27T15:17:00Z,2026-03-27T15:23:00Z,ADVERSE_FIRST,2026-03-27T16:26:00Z,2026-03-27T15:23:00Z,ADVERSE_FIRST,2026-03-27T16:40:00Z,2026-03-27T15:23:00Z,2026-03-27T15:15:00Z,2026-03-27T15:30:00Z,FAVORABLE_FIRST,2026-03-27T15:16:00Z,2026-03-27T15:23:00Z,FAVORABLE_FIRST,2026-03-27T15:17:00Z,2026-03-27T15:23:00Z,FAVORABLE_FIRST,2026-03-27T15:20:00Z,2026-03-27T15:23:00Z,ADVERSE_FIRST,2026-03-27T16:25:00Z,2026-03-27T15:23:00Z,FAVORABLE_FIRST,2026-03-27T15:17:00Z,2026-03-27T15:23:00Z,FAVORABLE_FIRST,2026-03-27T15:20:00Z,2026-03-27T15:23:00Z,ADVERSE_FIRST,2026-03-27T16:25:00Z,2026-03-27T15:23:00Z,ADVERSE_FIRST,2026-03-27T16:37:00Z,2026-03-27T15:23:00Z,ADVERSE_FIRST,2026-03-27T17:19:00Z,2026-03-27T15:23:00Z
SPY:2026-03-27:SHORT:2026-03-27T15:57:00+00:00:v1,2026-03-27,SHORT,640.280000000000,639.980000000000,-0.300000000000,0.300000000000,5,WORSE,7.175000000000,6.875000000000,0.109900000000,0,6.200000000000,5.900000000000,0.300000000000,0.109900000000,True,,,2026-03-27T16:00:00Z,,FAVORABLE_FIRST,2026-03-27T16:01:00Z,,FAVORABLE_FIRST,2026-03-27T16:06:00Z,,FAVORABLE_FIRST,2026-03-27T16:07:00Z,,FAVORABLE_FIRST,2026-03-27T16:08:00Z,,FAVORABLE_FIRST,2026-03-27T16:06:00Z,,FAVORABLE_FIRST,2026-03-27T16:07:00Z,,FAVORABLE_FIRST,2026-03-27T16:08:00Z,,FAVORABLE_FIRST,2026-03-27T16:25:00Z,,FAVORABLE_FIRST,2026-03-27T16:37:00Z,,2026-03-27T16:05:00Z,,FAVORABLE_FIRST,2026-03-27T16:06:00Z,,FAVORABLE_FIRST,2026-03-27T16:07:00Z,,FAVORABLE_FIRST,2026-03-27T16:08:00Z,,FAVORABLE_FIRST,2026-03-27T16:11:00Z,,FAVORABLE_FIRST,2026-03-27T16:07:00Z,,FAVORABLE_FIRST,2026-03-27T16:08:00Z,,FAVORABLE_FIRST,2026-03-27T16:11:00Z,,FAVORABLE_FIRST,2026-03-27T16:37:00Z,,FAVORABLE_FIRST,2026-03-27T17:17:00Z,
SPY:2026-03-30:SHORT:2026-03-30T13:35:00+00:00:v1,2026-03-30,SHORT,637.950000000000,637.170000000000,-0.780000000000,0.780000000000,5,WORSE,8.670000000000,7.890000000000,0.850000000000,1.630000000000,5.930000000000,5.150000000000,0.780000000000,-0.780000000000,True,,,2026-03-30T13:40:00Z,,FAVORABLE_FIRST,2026-03-30T13:41:00Z,2026-03-30T15:02:00Z,FAVORABLE_FIRST,2026-03-30T13:41:00Z,2026-03-30T15:02:00Z,FAVORABLE_FIRST,2026-03-30T13:41:00Z,2026-03-30T15:02:00Z,FAVORABLE_FIRST,2026-03-30T13:41:00Z,2026-03-30T15:02:00Z,FAVORABLE_FIRST,2026-03-30T13:41:00Z,2026-03-30T15:03:00Z,FAVORABLE_FIRST,2026-03-30T13:41:00Z,2026-03-30T15:03:00Z,FAVORABLE_FIRST,2026-03-30T13:41:00Z,2026-03-30T15:03:00Z,FAVORABLE_FIRST,2026-03-30T13:46:00Z,2026-03-30T15:03:00Z,FAVORABLE_FIRST,2026-03-30T13:50:00Z,2026-03-30T15:03:00Z,2026-03-30T13:45:00Z,,FAVORABLE_FIRST,2026-03-30T13:46:00Z,2026-03-30T14:58:00Z,FAVORABLE_FIRST,2026-03-30T13:46:00Z,2026-03-30T14:58:00Z,FAVORABLE_FIRST,2026-03-30T13:46:00Z,2026-03-30T14:58:00Z,FAVORABLE_FIRST,2026-03-30T13:48:00Z,2026-03-30T14:58:00Z,FAVORABLE_FIRST,2026-03-30T13:46:00Z,2026-03-30T14:58:00Z,FAVORABLE_FIRST,2026-03-30T13:46:00Z,2026-03-30T14:58:00Z,FAVORABLE_FIRST,2026-03-30T13:48:00Z,2026-03-30T14:58:00Z,FAVORABLE_FIRST,2026-03-30T13:55:00Z,2026-03-30T14:58:00Z,FAVORABLE_FIRST,2026-03-30T13:56:00Z,2026-03-30T14:58:00Z
SPY:2026-03-31:LONG:2026-03-31T13:45:00+00:00:v1,2026-03-31,LONG,641.820000000000,642.330000000000,0.510000000000,0.510000000000,5,WORSE,9.720000000000,9.210000000000,3.840000000000,4.350000000000,8.415000000000,7.905000000000,0.510000000000,-0.510000000000,True,60,55,2026-03-31T13:50:00Z,2026-03-31T14:50:00Z,ADVERSE_FIRST,2026-03-31T13:53:00Z,2026-03-31T13:51:00Z,ADVERSE_FIRST,2026-03-31T13:54:00Z,2026-03-31T13:51:00Z,ADVERSE_FIRST,2026-03-31T13:59:00Z,2026-03-31T13:51:00Z,ADVERSE_FIRST,2026-03-31T14:00:00Z,2026-03-31T13:51:00Z,ADVERSE_FIRST,2026-03-31T13:54:00Z,2026-03-31T13:51:00Z,ADVERSE_FIRST,2026-03-31T13:59:00Z,2026-03-31T13:51:00Z,ADVERSE_FIRST,2026-03-31T14:00:00Z,2026-03-31T13:51:00Z,ADVERSE_FIRST,2026-03-31T16:38:00Z,2026-03-31T13:51:00Z,ADVERSE_FIRST,2026-03-31T16:39:00Z,2026-03-31T13:51:00Z,2026-03-31T13:55:00Z,2026-03-31T14:50:00Z,ADVERSE_FIRST,2026-03-31T13:59:00Z,2026-03-31T13:56:00Z,ADVERSE_FIRST,2026-03-31T14:00:00Z,2026-03-31T13:56:00Z,ADVERSE_FIRST,2026-03-31T16:38:00Z,2026-03-31T13:56:00Z,ADVERSE_FIRST,2026-03-31T16:38:00Z,2026-03-31T13:56:00Z,ADVERSE_FIRST,2026-03-31T14:00:00Z,2026-03-31T13:56:00Z,ADVERSE_FIRST,2026-03-31T16:38:00Z,2026-03-31T13:56:00Z,ADVERSE_FIRST,2026-03-31T16:38:00Z,2026-03-31T13:56:00Z,ADVERSE_FIRST,2026-03-31T16:39:00Z,2026-03-31T13:56:00Z,ADVERSE_FIRST,2026-03-31T16:39:00Z,2026-03-31T13:56:00Z
SPY:2026-03-31:LONG:2026-03-31T15:02:00+00:00:v1,2026-03-31,LONG,639.970000000000,640.585000000000,0.615000000000,0.615000000000,5,WORSE,11.570000000000,10.955000000000,0.450000000000,1.065000000000,10.265000000000,9.650000000000,0.615000000000,-0.615000000000,True,,,2026-03-31T15:05:00Z,,FAVORABLE_FIRST,2026-03-31T15:06:00Z,2026-03-31T15:59:00Z,FAVORABLE_FIRST,2026-03-31T15:06:00Z,2026-03-31T15:59:00Z,FAVORABLE_FIRST,2026-03-31T15:06:00Z,2026-03-31T15:59:00Z,FAVORABLE_FIRST,2026-03-31T15:06:00Z,2026-03-31T15:59:00Z,FAVORABLE_FIRST,2026-03-31T15:06:00Z,2026-03-31T16:00:00Z,FAVORABLE_FIRST,2026-03-31T15:06:00Z,2026-03-31T16:00:00Z,FAVORABLE_FIRST,2026-03-31T15:06:00Z,2026-03-31T16:00:00Z,FAVORABLE_FIRST,2026-03-31T15:13:00Z,2026-03-31T16:00:00Z,FAVORABLE_FIRST,2026-03-31T15:14:00Z,2026-03-31T16:00:00Z,2026-03-31T15:10:00Z,,FAVORABLE_FIRST,2026-03-31T15:11:00Z,2026-03-31T15:30:00Z,FAVORABLE_FIRST,2026-03-31T15:11:00Z,2026-03-31T15:30:00Z,FAVORABLE_FIRST,2026-03-31T15:13:00Z,2026-03-31T15:30:00Z,FAVORABLE_FIRST,2026-03-31T15:13:00Z,2026-03-31T15:30:00Z,FAVORABLE_FIRST,2026-03-31T15:11:00Z,2026-03-31T15:31:00Z,FAVORABLE_FIRST,2026-03-31T15:13:00Z,2026-03-31T15:31:00Z,FAVORABLE_FIRST,2026-03-31T15:13:00Z,2026-03-31T15:31:00Z,FAVORABLE_FIRST,2026-03-31T15:15:00Z,2026-03-31T15:31:00Z,ADVERSE_FIRST,2026-03-31T16:25:00Z,2026-03-31T15:31:00Z
SPY:2026-04-01:LONG:2026-04-01T14:39:00+00:00:v1,2026-04-01,LONG,655.490000000000,655.650000000000,0.160000000000,0.160000000000,5,WORSE,3.030000000000,2.870000000000,1.823000000000,1.983000000000,-0.320000000000,-0.480000000000,0.160000000000,-0.160000000000,True,220,215,2026-04-01T14:40:00Z,2026-04-01T18:20:00Z,ADVERSE_FIRST,2026-04-01T14:42:00Z,2026-04-01T14:41:00Z,ADVERSE_FIRST,2026-04-01T14:43:00Z,2026-04-01T14:41:00Z,ADVERSE_FIRST,2026-04-01T14:49:00Z,2026-04-01T14:41:00Z,ADVERSE_FIRST,2026-04-01T14:53:00Z,2026-04-01T14:41:00Z,ADVERSE_FIRST,2026-04-01T14:43:00Z,2026-04-01T14:41:00Z,ADVERSE_FIRST,2026-04-01T14:49:00Z,2026-04-01T14:41:00Z,ADVERSE_FIRST,2026-04-01T14:53:00Z,2026-04-01T14:41:00Z,ADVERSE_FIRST,2026-04-01T15:07:00Z,2026-04-01T14:41:00Z,ADVERSE_FIRST,2026-04-01T15:53:00Z,2026-04-01T14:41:00Z,2026-04-01T14:45:00Z,2026-04-01T18:20:00Z,ADVERSE_FIRST,2026-04-01T14:49:00Z,2026-04-01T14:46:00Z,ADVERSE_FIRST,2026-04-01T14:49:00Z,2026-04-01T14:46:00Z,ADVERSE_FIRST,2026-04-01T14:52:00Z,2026-04-01T14:46:00Z,ADVERSE_FIRST,2026-04-01T14:53:00Z,2026-04-01T14:46:00Z,ADVERSE_FIRST,2026-04-01T14:49:00Z,2026-04-01T14:46:00Z,ADVERSE_FIRST,2026-04-01T14:52:00Z,2026-04-01T14:46:00Z,ADVERSE_FIRST,2026-04-01T14:53:00Z,2026-04-01T14:46:00Z,ADVERSE_FIRST,2026-04-01T15:36:00Z,2026-04-01T14:46:00Z,ADVERSE_FIRST,2026-04-01T15:55:00Z,2026-04-01T14:46:00Z
SPY:2026-04-01:LONG:2026-04-01T19:18:00+00:00:v1,2026-04-01,LONG,655.565000000000,655.695000000000,0.130000000000,0.130000000000,5,WORSE,1.185000000000,1.055000000000,0.845000000000,0.975000000000,-0.395000000000,-0.525000000000,0.130000000000,-0.130000000000,True,35,30,2026-04-01T19:20:00Z,2026-04-01T19:55:00Z,ADVERSE_FIRST,2026-04-01T19:25:00Z,2026-04-01T19:21:00Z,ADVERSE_FIRST,2026-04-01T19:25:00Z,2026-04-01T19:21:00Z,ADVERSE_FIRST,2026-04-01T19:27:00Z,2026-04-01T19:21:00Z,ADVERSE_FIRST,2026-04-01T19:41:00Z,2026-04-01T19:21:00Z,FAVORABLE_FIRST,2026-04-01T19:25:00Z,2026-04-01T19:50:00Z,FAVORABLE_FIRST,2026-04-01T19:27:00Z,2026-04-01T19:50:00Z,FAVORABLE_FIRST,2026-04-01T19:41:00Z,2026-04-01T19:50:00Z,ADVERSE_FIRST,,2026-04-01T19:50:00Z,ADVERSE_FIRST,,2026-04-01T19:50:00Z,2026-04-01T19:25:00Z,2026-04-01T19:55:00Z,FAVORABLE_FIRST,2026-04-01T19:26:00Z,2026-04-01T19:50:00Z,FAVORABLE_FIRST,2026-04-01T19:26:00Z,2026-04-01T19:50:00Z,FAVORABLE_FIRST,2026-04-01T19:40:00Z,2026-04-01T19:50:00Z,FAVORABLE_FIRST,2026-04-01T19:41:00Z,2026-04-01T19:50:00Z,FAVORABLE_FIRST,2026-04-01T19:26:00Z,2026-04-01T19:50:00Z,FAVORABLE_FIRST,2026-04-01T19:40:00Z,2026-04-01T19:50:00Z,FAVORABLE_FIRST,2026-04-01T19:41:00Z,2026-04-01T19:50:00Z,ADVERSE_FIRST,,2026-04-01T19:50:00Z,ADVERSE_FIRST,,2026-04-01T19:50:00Z
SPY:2026-04-02:SHORT:2026-04-02T13:35:00+00:00:v1,2026-04-02,SHORT,645.350000000000,645.690000000000,0.340000000000,-0.340000000000,5,BETTER,0.060000000000,0,12.850000000000,12.510000000000,-10.530000000000,-10.190000000000,0.060000000000,0.340000000000,True,10,5,2026-04-02T13:40:00Z,2026-04-02T13:50:00Z,ADVERSE_FIRST,,2026-04-02T13:41:00Z,ADVERSE_FIRST,,2026-04-02T13:41:00Z,ADVERSE_FIRST,,2026-04-02T13:41:00Z,ADVERSE_FIRST,,2026-04-02T13:41:00Z,ADVERSE_FIRST,,2026-04-02T13:41:00Z,ADVERSE_FIRST,,2026-04-02T13:41:00Z,ADVERSE_FIRST,,2026-04-02T13:41:00Z,ADVERSE_FIRST,,2026-04-02T13:41:00Z,ADVERSE_FIRST,,2026-04-02T13:41:00Z,2026-04-02T13:45:00Z,2026-04-02T13:50:00Z,ADVERSE_FIRST,,2026-04-02T13:46:00Z,ADVERSE_FIRST,,2026-04-02T13:46:00Z,ADVERSE_FIRST,,2026-04-02T13:46:00Z,ADVERSE_FIRST,,2026-04-02T13:46:00Z,ADVERSE_FIRST,,2026-04-02T13:46:00Z,ADVERSE_FIRST,,2026-04-02T13:46:00Z,ADVERSE_FIRST,,2026-04-02T13:46:00Z,ADVERSE_FIRST,,2026-04-02T13:46:00Z,ADVERSE_FIRST,,2026-04-02T13:46:00Z
SPY:2026-04-02:LONG:2026-04-02T13:51:00+00:00:v1,2026-04-02,LONG,648.630000000000,649.630000000000,1.000000000000,1.000000000000,5,WORSE,9.570000000000,8.570000000000,0.290000000000,1.080000000000,7.250000000000,6.250000000000,1.000000000000,-0.790000000000,True,,,2026-04-02T13:55:00Z,,AMBIGUOUS_SAME_BAR,2026-04-02T13:57:00Z,2026-04-02T13:57:00Z,AMBIGUOUS_SAME_BAR,2026-04-02T13:57:00Z,2026-04-02T13:57:00Z,ADVERSE_FIRST,2026-04-02T13:58:00Z,2026-04-02T13:57:00Z,ADVERSE_FIRST,2026-04-02T13:59:00Z,2026-04-02T13:57:00Z,FAVORABLE_FIRST,2026-04-02T13:57:00Z,,FAVORABLE_FIRST,2026-04-02T13:58:00Z,,FAVORABLE_FIRST,2026-04-02T13:59:00Z,,FAVORABLE_FIRST,2026-04-02T14:06:00Z,,FAVORABLE_FIRST,2026-04-02T14:16:00Z,,2026-04-02T14:00:00Z,,ADVERSE_FIRST,2026-04-02T14:06:00Z,2026-04-02T14:01:00Z,ADVERSE_FIRST,2026-04-02T14:06:00Z,2026-04-02T14:01:00Z,ADVERSE_FIRST,2026-04-02T14:08:00Z,2026-04-02T14:01:00Z,ADVERSE_FIRST,2026-04-02T14:16:00Z,2026-04-02T14:01:00Z,ADVERSE_FIRST,2026-04-02T14:06:00Z,2026-04-02T14:01:00Z,ADVERSE_FIRST,2026-04-02T14:08:00Z,2026-04-02T14:01:00Z,ADVERSE_FIRST,2026-04-02T14:16:00Z,2026-04-02T14:01:00Z,ADVERSE_FIRST,2026-04-02T14:32:00Z,2026-04-02T14:01:00Z,ADVERSE_FIRST,2026-04-02T14:33:00Z,2026-04-02T14:01:00Z
SPY:2026-04-06:LONG:2026-04-06T13:51:00+00:00:v1,2026-04-06,LONG,657.575000000000,658.530000000000,0.955000000000,0.955000000000,5,WORSE,2.145000000000,0.530000000000,2.055000000000,3.010000000000,1.295000000000,0.340000000000,1.615000000000,-0.955000000000,True,10,5,2026-04-06T13:55:00Z,2026-04-06T14:05:00Z,ADVERSE_FIRST,2026-04-06T13:57:00Z,2026-04-06T13:56:00Z,ADVERSE_FIRST,2026-04-06T13:57:00Z,2026-04-06T13:56:00Z,ADVERSE_FIRST,2026-04-06T13:59:00Z,2026-04-06T13:56:00Z,ADVERSE_FIRST,2026-04-06T14:00:00Z,2026-04-06T13:56:00Z,FAVORABLE_FIRST,2026-04-06T13:57:00Z,2026-04-06T14:03:00Z,FAVORABLE_FIRST,2026-04-06T13:59:00Z,2026-04-06T14:03:00Z,FAVORABLE_FIRST,2026-04-06T14:00:00Z,2026-04-06T14:03:00Z,FAVORABLE_FIRST,2026-04-06T14:00:00Z,2026-04-06T14:03:00Z,FAVORABLE_FIRST,2026-04-06T14:00:00Z,2026-04-06T14:03:00Z,2026-04-06T14:00:00Z,2026-04-06T14:05:00Z,ADVERSE_FIRST,2026-04-06T14:21:00Z,2026-04-06T14:01:00Z,ADVERSE_FIRST,2026-04-06T14:32:00Z,2026-04-06T14:01:00Z,ADVERSE_FIRST,,2026-04-06T14:01:00Z,ADVERSE_FIRST,,2026-04-06T14:01:00Z,ADVERSE_FIRST,2026-04-06T14:32:00Z,2026-04-06T14:01:00Z,ADVERSE_FIRST,,2026-04-06T14:01:00Z,ADVERSE_FIRST,,2026-04-06T14:01:00Z,ADVERSE_FIRST,,2026-04-06T14:01:00Z,ADVERSE_FIRST,,2026-04-06T14:01:00Z
SPY:2026-04-06:LONG:2026-04-06T14:11:00+00:00:v1,2026-04-06,LONG,658.060000000000,658.285000000000,0.225000000000,0.225000000000,5,WORSE,1.000000000000,0.775000000000,2.540000000000,2.765000000000,0.810000000000,0.585000000000,0.225000000000,-0.225000000000,True,25,20,2026-04-06T14:15:00Z,2026-04-06T14:40:00Z,FAVORABLE_FIRST,2026-04-06T14:16:00Z,2026-04-06T14:18:00Z,ADVERSE_FIRST,2026-04-06T14:20:00Z,2026-04-06T14:18:00Z,ADVERSE_FIRST,2026-04-06T14:21:00Z,2026-04-06T14:18:00Z,ADVERSE_FIRST,2026-04-06T14:32:00Z,2026-04-06T14:18:00Z,ADVERSE_FIRST,2026-04-06T14:20:00Z,2026-04-06T14:18:00Z,ADVERSE_FIRST,2026-04-06T14:21:00Z,2026-04-06T14:18:00Z,ADVERSE_FIRST,2026-04-06T14:32:00Z,2026-04-06T14:18:00Z,ADVERSE_FIRST,,2026-04-06T14:18:00Z,ADVERSE_FIRST,,2026-04-06T14:18:00Z,2026-04-06T14:20:00Z,2026-04-06T14:40:00Z,FAVORABLE_FIRST,2026-04-06T14:21:00Z,2026-04-06T14:36:00Z,FAVORABLE_FIRST,2026-04-06T14:21:00Z,2026-04-06T14:36:00Z,FAVORABLE_FIRST,2026-04-06T14:32:00Z,2026-04-06T14:36:00Z,ADVERSE_FIRST,,2026-04-06T14:36:00Z,FAVORABLE_FIRST,2026-04-06T14:21:00Z,2026-04-06T14:37:00Z,FAVORABLE_FIRST,2026-04-06T14:32:00Z,2026-04-06T14:37:00Z,ADVERSE_FIRST,,2026-04-06T14:37:00Z,ADVERSE_FIRST,,2026-04-06T14:37:00Z,ADVERSE_FIRST,,2026-04-06T14:37:00Z
SPY:2026-04-06:LONG:2026-04-06T14:55:00+00:00:v1,2026-04-06,LONG,657.490000000000,657.540000000000,0.050000000000,0.050000000000,5,WORSE,1.430000000000,1.380000000000,1.970000000000,2.020000000000,1.380000000000,1.330000000000,0.050000000000,-0.050000000000,True,20,15,2026-04-06T15:00:00Z,2026-04-06T15:20:00Z,FAVORABLE_FIRST,2026-04-06T15:01:00Z,2026-04-06T15:03:00Z,FAVORABLE_FIRST,2026-04-06T15:02:00Z,2026-04-06T15:03:00Z,ADVERSE_FIRST,2026-04-06T16:37:00Z,2026-04-06T15:03:00Z,ADVERSE_FIRST,2026-04-06T16:38:00Z,2026-04-06T15:03:00Z,FAVORABLE_FIRST,2026-04-06T15:02:00Z,2026-04-06T15:03:00Z,ADVERSE_FIRST,2026-04-06T16:37:00Z,2026-04-06T15:03:00Z,ADVERSE_FIRST,2026-04-06T16:38:00Z,2026-04-06T15:03:00Z,ADVERSE_FIRST,,2026-04-06T15:03:00Z,ADVERSE_FIRST,,2026-04-06T15:03:00Z,2026-04-06T15:05:00Z,2026-04-06T15:20:00Z,ADVERSE_FIRST,2026-04-06T15:08:00Z,2026-04-06T15:06:00Z,ADVERSE_FIRST,2026-04-06T16:00:00Z,2026-04-06T15:06:00Z,ADVERSE_FIRST,2026-04-06T16:37:00Z,2026-04-06T15:06:00Z,ADVERSE_FIRST,2026-04-06T18:24:00Z,2026-04-06T15:06:00Z,ADVERSE_FIRST,2026-04-06T16:00:00Z,2026-04-06T15:06:00Z,ADVERSE_FIRST,2026-04-06T16:37:00Z,2026-04-06T15:06:00Z,ADVERSE_FIRST,2026-04-06T18:24:00Z,2026-04-06T15:06:00Z,ADVERSE_FIRST,,2026-04-06T15:06:00Z,ADVERSE_FIRST,,2026-04-06T15:06:00Z
SPY:2026-04-06:LONG:2026-04-06T15:47:00+00:00:v1,2026-04-06,LONG,657.469900000000,657.880000000000,0.410100000000,0.410100000000,5,WORSE,1.450100000000,1.040000000000,1.949900000000,2.360000000000,1.400100000000,0.990000000000,0.410100000000,-0.410100000000,True,20,15,2026-04-06T15:50:00Z,2026-04-06T16:10:00Z,FAVORABLE_FIRST,2026-04-06T15:51:00Z,2026-04-06T16:10:00Z,FAVORABLE_FIRST,2026-04-06T15:53:00Z,2026-04-06T16:10:00Z,ADVERSE_FIRST,2026-04-06T16:37:00Z,2026-04-06T16:10:00Z,ADVERSE_FIRST,2026-04-06T16:38:00Z,2026-04-06T16:10:00Z,FAVORABLE_FIRST,2026-04-06T15:53:00Z,2026-04-06T16:54:00Z,FAVORABLE_FIRST,2026-04-06T16:37:00Z,2026-04-06T16:54:00Z,FAVORABLE_FIRST,2026-04-06T16:38:00Z,2026-04-06T16:54:00Z,ADVERSE_FIRST,,2026-04-06T16:54:00Z,ADVERSE_FIRST,,2026-04-06T16:54:00Z,2026-04-06T15:55:00Z,2026-04-06T16:10:00Z,ADVERSE_FIRST,2026-04-06T16:36:00Z,2026-04-06T15:56:00Z,ADVERSE_FIRST,2026-04-06T16:38:00Z,2026-04-06T15:56:00Z,ADVERSE_FIRST,2026-04-06T18:24:00Z,2026-04-06T15:56:00Z,ADVERSE_FIRST,2026-04-06T19:50:00Z,2026-04-06T15:56:00Z,ADVERSE_FIRST,2026-04-06T16:38:00Z,2026-04-06T15:56:00Z,ADVERSE_FIRST,2026-04-06T18:24:00Z,2026-04-06T15:56:00Z,ADVERSE_FIRST,2026-04-06T19:50:00Z,2026-04-06T15:56:00Z,ADVERSE_FIRST,,2026-04-06T15:56:00Z,ADVERSE_FIRST,,2026-04-06T15:56:00Z
SPY:2026-04-06:LONG:2026-04-06T16:11:00+00:00:v1,2026-04-06,LONG,657.619200000000,657.580000000000,-0.039200000000,-0.039200000000,5,BETTER,1.300800000000,1.340000000000,2.099200000000,2.060000000000,1.250800000000,1.290000000000,-0.039200000000,0.039200000000,True,50,45,2026-04-06T16:15:00Z,2026-04-06T17:05:00Z,FAVORABLE_FIRST,2026-04-06T16:21:00Z,2026-04-06T16:54:00Z,FAVORABLE_FIRST,2026-04-06T16:36:00Z,2026-04-06T16:54:00Z,FAVORABLE_FIRST,2026-04-06T16:37:00Z,2026-04-06T16:54:00Z,ADVERSE_FIRST,2026-04-06T18:24:00Z,2026-04-06T16:54:00Z,FAVORABLE_FIRST,2026-04-06T16:36:00Z,2026-04-06T16:54:00Z,FAVORABLE_FIRST,2026-04-06T16:37:00Z,2026-04-06T16:54:00Z,ADVERSE_FIRST,2026-04-06T18:24:00Z,2026-04-06T16:54:00Z,ADVERSE_FIRST,,2026-04-06T16:54:00Z,ADVERSE_FIRST,,2026-04-06T16:54:00Z,2026-04-06T16:20:00Z,2026-04-06T17:05:00Z,FAVORABLE_FIRST,2026-04-06T16:21:00Z,2026-04-06T16:54:00Z,FAVORABLE_FIRST,2026-04-06T16:35:00Z,2026-04-06T16:54:00Z,FAVORABLE_FIRST,2026-04-06T16:37:00Z,2026-04-06T16:54:00Z,ADVERSE_FIRST,2026-04-06T18:24:00Z,2026-04-06T16:54:00Z,FAVORABLE_FIRST,2026-04-06T16:35:00Z,2026-04-06T16:54:00Z,FAVORABLE_FIRST,2026-04-06T16:37:00Z,2026-04-06T16:54:00Z,ADVERSE_FIRST,2026-04-06T18:24:00Z,2026-04-06T16:54:00Z,ADVERSE_FIRST,,2026-04-06T16:54:00Z,ADVERSE_FIRST,,2026-04-06T16:54:00Z
SPY:2026-04-06:LONG:2026-04-06T18:15:00+00:00:v1,2026-04-06,LONG,657.965000000000,658.360100000000,0.395100000000,0.395100000000,5,WORSE,0.955000000000,0.559900000000,0.235000000000,0.630100000000,0.905000000000,0.509900000000,0.395100000000,-0.395100000000,True,,,2026-04-06T18:20:00Z,,FAVORABLE_FIRST,2026-04-06T18:23:00Z,,FAVORABLE_FIRST,2026-04-06T18:24:00Z,,FAVORABLE_FIRST,2026-04-06T19:49:00Z,,NEITHER,,,FAVORABLE_FIRST,2026-04-06T18:24:00Z,,FAVORABLE_FIRST,2026-04-06T19:49:00Z,,NEITHER,,,NEITHER,,,NEITHER,,,2026-04-06T18:25:00Z,,ADVERSE_FIRST,2026-04-06T18:28:00Z,2026-04-06T18:26:00Z,ADVERSE_FIRST,2026-04-06T19:50:00Z,2026-04-06T18:26:00Z,ADVERSE_FIRST,,2026-04-06T18:26:00Z,ADVERSE_FIRST,,2026-04-06T18:26:00Z,ADVERSE_FIRST,2026-04-06T19:50:00Z,2026-04-06T18:26:00Z,ADVERSE_FIRST,,2026-04-06T18:26:00Z,ADVERSE_FIRST,,2026-04-06T18:26:00Z,ADVERSE_FIRST,,2026-04-06T18:26:00Z,ADVERSE_FIRST,,2026-04-06T18:26:00Z
SPY:2026-04-07:SHORT:2026-04-07T13:35:00+00:00:v1,2026-04-07,SHORT,655.240000000000,654.980000000000,-0.260000000000,0.260000000000,5,WORSE,4.180000000000,3.920000000000,4.370000000000,4.630000000000,-4.030000000000,-4.290000000000,0.260000000000,-0.260000000000,True,15,10,2026-04-07T13:40:00Z,2026-04-07T13:55:00Z,FAVORABLE_FIRST,2026-04-07T13:41:00Z,2026-04-07T13:43:00Z,ADVERSE_FIRST,2026-04-07T13:45:00Z,2026-04-07T13:43:00Z,ADVERSE_FIRST,2026-04-07T13:47:00Z,2026-04-07T13:43:00Z,ADVERSE_FIRST,2026-04-07T13:48:00Z,2026-04-07T13:43:00Z,ADVERSE_FIRST,2026-04-07T13:45:00Z,2026-04-07T13:43:00Z,ADVERSE_FIRST,2026-04-07T13:47:00Z,2026-04-07T13:43:00Z,ADVERSE_FIRST,2026-04-07T13:48:00Z,2026-04-07T13:43:00Z,ADVERSE_FIRST,2026-04-07T14:00:00Z,2026-04-07T13:43:00Z,ADVERSE_FIRST,2026-04-07T14:05:00Z,2026-04-07T13:43:00Z,2026-04-07T13:45:00Z,2026-04-07T13:55:00Z,FAVORABLE_FIRST,2026-04-07T13:46:00Z,2026-04-07T13:53:00Z,FAVORABLE_FIRST,2026-04-07T13:47:00Z,2026-04-07T13:53:00Z,FAVORABLE_FIRST,2026-04-07T13:48:00Z,2026-04-07T13:53:00Z,ADVERSE_FIRST,2026-04-07T14:00:00Z,2026-04-07T13:53:00Z,FAVORABLE_FIRST,2026-04-07T13:47:00Z,2026-04-07T13:54:00Z,FAVORABLE_FIRST,2026-04-07T13:48:00Z,2026-04-07T13:54:00Z,ADVERSE_FIRST,2026-04-07T14:00:00Z,2026-04-07T13:54:00Z,ADVERSE_FIRST,2026-04-07T14:01:00Z,2026-04-07T13:54:00Z,ADVERSE_FIRST,2026-04-07T14:06:00Z,2026-04-07T13:54:00Z
SPY:2026-04-07:SHORT:2026-04-07T13:55:00+00:00:v1,2026-04-07,SHORT,654.031200000000,653.505000000000,-0.526200000000,0.526200000000,5,WORSE,2.971200000000,2.445000000000,5.578800000000,6.105000000000,-5.238800000000,-5.765000000000,0.526200000000,-0.526200000000,True,145,140,2026-04-07T14:00:00Z,2026-04-07T16:25:00Z,FAVORABLE_FIRST,2026-04-07T14:01:00Z,2026-04-07T14:21:00Z,FAVORABLE_FIRST,2026-04-07T14:01:00Z,2026-04-07T14:21:00Z,FAVORABLE_FIRST,2026-04-07T14:05:00Z,2026-04-07T14:21:00Z,FAVORABLE_FIRST,2026-04-07T14:06:00Z,2026-04-07T14:21:00Z,FAVORABLE_FIRST,2026-04-07T14:01:00Z,2026-04-07T14:21:00Z,FAVORABLE_FIRST,2026-04-07T14:05:00Z,2026-04-07T14:21:00Z,FAVORABLE_FIRST,2026-04-07T14:06:00Z,2026-04-07T14:21:00Z,FAVORABLE_FIRST,2026-04-07T14:06:00Z,2026-04-07T14:21:00Z,FAVORABLE_FIRST,2026-04-07T14:08:00Z,2026-04-07T14:21:00Z,2026-04-07T14:05:00Z,2026-04-07T16:25:00Z,FAVORABLE_FIRST,2026-04-07T14:06:00Z,2026-04-07T14:20:00Z,FAVORABLE_FIRST,2026-04-07T14:06:00Z,2026-04-07T14:20:00Z,FAVORABLE_FIRST,2026-04-07T14:06:00Z,2026-04-07T14:20:00Z,FAVORABLE_FIRST,2026-04-07T14:06:00Z,2026-04-07T14:20:00Z,FAVORABLE_FIRST,2026-04-07T14:06:00Z,2026-04-07T14:20:00Z,FAVORABLE_FIRST,2026-04-07T14:06:00Z,2026-04-07T14:20:00Z,FAVORABLE_FIRST,2026-04-07T14:06:00Z,2026-04-07T14:20:00Z,FAVORABLE_FIRST,2026-04-07T14:08:00Z,2026-04-07T14:20:00Z,ADVERSE_FIRST,2026-04-07T15:05:00Z,2026-04-07T14:20:00Z
SPY:2026-04-07:SHORT:2026-04-07T18:40:00+00:00:v1,2026-04-07,SHORT,655.490000000000,655.030000000000,-0.460000000000,0.460000000000,5,WORSE,2.077800000000,1.617800000000,4.120000000000,4.580000000000,-3.780000000000,-4.240000000000,0.460000000000,-0.460000000000,True,35,30,2026-04-07T18:45:00Z,2026-04-07T19:20:00Z,FAVORABLE_FIRST,2026-04-07T18:46:00Z,2026-04-07T19:18:00Z,FAVORABLE_FIRST,2026-04-07T18:49:00Z,2026-04-07T19:18:00Z,FAVORABLE_FIRST,2026-04-07T18:52:00Z,2026-04-07T19:18:00Z,FAVORABLE_FIRST,2026-04-07T18:53:00Z,2026-04-07T19:18:00Z,FAVORABLE_FIRST,2026-04-07T18:49:00Z,2026-04-07T19:18:00Z,FAVORABLE_FIRST,2026-04-07T18:52:00Z,2026-04-07T19:18:00Z,FAVORABLE_FIRST,2026-04-07T18:53:00Z,2026-04-07T19:18:00Z,FAVORABLE_FIRST,2026-04-07T18:55:00Z,2026-04-07T19:18:00Z,FAVORABLE_FIRST,2026-04-07T18:55:00Z,2026-04-07T19:18:00Z,2026-04-07T18:50:00Z,2026-04-07T19:20:00Z,FAVORABLE_FIRST,2026-04-07T18:51:00Z,2026-04-07T19:18:00Z,FAVORABLE_FIRST,2026-04-07T18:53:00Z,2026-04-07T19:18:00Z,FAVORABLE_FIRST,2026-04-07T18:54:00Z,2026-04-07T19:18:00Z,FAVORABLE_FIRST,2026-04-07T18:55:00Z,2026-04-07T19:18:00Z,FAVORABLE_FIRST,2026-04-07T18:53:00Z,2026-04-07T19:18:00Z,FAVORABLE_FIRST,2026-04-07T18:54:00Z,2026-04-07T19:18:00Z,FAVORABLE_FIRST,2026-04-07T18:55:00Z,2026-04-07T19:18:00Z,FAVORABLE_FIRST,2026-04-07T18:55:00Z,2026-04-07T19:18:00Z,ADVERSE_FIRST,,2026-04-07T19:18:00Z
SPY:2026-04-07:LONG:2026-04-07T19:45:00+00:00:v1,2026-04-07,LONG,657.720000000000,658.417500000000,0.697500000000,0.697500000000,5,WORSE,1.890000000000,1.192500000000,0,0.017500000000,1.550000000000,0.852500000000,0.697500000000,-0.017500000000,True,,,2026-04-07T19:50:00Z,,FAVORABLE_FIRST,2026-04-07T19:51:00Z,,FAVORABLE_FIRST,2026-04-07T19:51:00Z,,FAVORABLE_FIRST,2026-04-07T19:51:00Z,,FAVORABLE_FIRST,2026-04-07T19:52:00Z,,FAVORABLE_FIRST,2026-04-07T19:51:00Z,,FAVORABLE_FIRST,2026-04-07T19:51:00Z,,FAVORABLE_FIRST,2026-04-07T19:52:00Z,,FAVORABLE_FIRST,2026-04-07T19:59:00Z,,NEITHER,,,2026-04-07T19:55:00Z,,FAVORABLE_FIRST,2026-04-07T19:56:00Z,,FAVORABLE_FIRST,2026-04-07T19:59:00Z,,FAVORABLE_FIRST,2026-04-07T19:59:00Z,,FAVORABLE_FIRST,2026-04-07T19:59:00Z,,FAVORABLE_FIRST,2026-04-07T19:59:00Z,,FAVORABLE_FIRST,2026-04-07T19:59:00Z,,FAVORABLE_FIRST,2026-04-07T19:59:00Z,,NEITHER,,,NEITHER,,
SPY:2026-04-08:SHORT:2026-04-08T13:51:00+00:00:v1,2026-04-08,SHORT,674.100000000000,674.630000000000,0.530000000000,-0.530000000000,5,BETTER,2.640000000000,3.170000000000,2.505000000000,1.975000000000,-1.770000000000,-1.240000000000,-0.530000000000,0.530000000000,True,130,125,2026-04-08T13:55:00Z,2026-04-08T16:05:00Z,ADVERSE_FIRST,2026-04-08T14:30:00Z,2026-04-08T13:56:00Z,ADVERSE_FIRST,2026-04-08T14:31:00Z,2026-04-08T13:56:00Z,ADVERSE_FIRST,2026-04-08T14:35:00Z,2026-04-08T13:56:00Z,ADVERSE_FIRST,2026-04-08T14:46:00Z,2026-04-08T13:56:00Z,ADVERSE_FIRST,2026-04-08T14:31:00Z,2026-04-08T13:56:00Z,ADVERSE_FIRST,2026-04-08T14:35:00Z,2026-04-08T13:56:00Z,ADVERSE_FIRST,2026-04-08T14:46:00Z,2026-04-08T13:56:00Z,ADVERSE_FIRST,2026-04-08T14:55:00Z,2026-04-08T13:56:00Z,ADVERSE_FIRST,2026-04-08T14:56:00Z,2026-04-08T13:56:00Z,2026-04-08T14:00:00Z,2026-04-08T16:05:00Z,ADVERSE_FIRST,2026-04-08T14:08:00Z,2026-04-08T14:01:00Z,ADVERSE_FIRST,2026-04-08T14:08:00Z,2026-04-08T14:01:00Z,ADVERSE_FIRST,2026-04-08T14:30:00Z,2026-04-08T14:01:00Z,ADVERSE_FIRST,2026-04-08T14:31:00Z,2026-04-08T14:01:00Z,ADVERSE_FIRST,2026-04-08T14:08:00Z,2026-04-08T14:01:00Z,ADVERSE_FIRST,2026-04-08T14:30:00Z,2026-04-08T14:01:00Z,ADVERSE_FIRST,2026-04-08T14:31:00Z,2026-04-08T14:01:00Z,ADVERSE_FIRST,2026-04-08T14:46:00Z,2026-04-08T14:01:00Z,ADVERSE_FIRST,2026-04-08T14:55:00Z,2026-04-08T14:01:00Z
SPY:2026-04-08:SHORT:2026-04-08T16:05:00+00:00:v1,2026-04-08,SHORT,675.190000000000,674.900000000000,-0.290000000000,0.290000000000,5,WORSE,2.410000000000,2.120000000000,1.415000000000,1.705000000000,-0.680000000000,-0.970000000000,0.290000000000,-0.290000000000,True,30,25,2026-04-08T16:10:00Z,2026-04-08T16:40:00Z,FAVORABLE_FIRST,2026-04-08T16:14:00Z,2026-04-08T16:33:00Z,FAVORABLE_FIRST,2026-04-08T16:17:00Z,2026-04-08T16:33:00Z,ADVERSE_FIRST,2026-04-08T18:19:00Z,2026-04-08T16:33:00Z,ADVERSE_FIRST,2026-04-08T18:41:00Z,2026-04-08T16:33:00Z,FAVORABLE_FIRST,2026-04-08T16:17:00Z,2026-04-08T16:37:00Z,ADVERSE_FIRST,2026-04-08T18:19:00Z,2026-04-08T16:37:00Z,ADVERSE_FIRST,2026-04-08T18:41:00Z,2026-04-08T16:37:00Z,ADVERSE_FIRST,2026-04-08T18:50:00Z,2026-04-08T16:37:00Z,ADVERSE_FIRST,2026-04-08T18:58:00Z,2026-04-08T16:37:00Z,2026-04-08T16:15:00Z,2026-04-08T16:40:00Z,FAVORABLE_FIRST,2026-04-08T16:17:00Z,2026-04-08T16:32:00Z,ADVERSE_FIRST,2026-04-08T18:19:00Z,2026-04-08T16:32:00Z,ADVERSE_FIRST,2026-04-08T18:42:00Z,2026-04-08T16:32:00Z,ADVERSE_FIRST,2026-04-08T18:45:00Z,2026-04-08T16:32:00Z,ADVERSE_FIRST,2026-04-08T18:19:00Z,2026-04-08T16:32:00Z,ADVERSE_FIRST,2026-04-08T18:42:00Z,2026-04-08T16:32:00Z,ADVERSE_FIRST,2026-04-08T18:45:00Z,2026-04-08T16:32:00Z,ADVERSE_FIRST,2026-04-08T18:56:00Z,2026-04-08T16:32:00Z,ADVERSE_FIRST,2026-04-08T18:59:00Z,2026-04-08T16:32:00Z
SPY:2026-04-08:SHORT:2026-04-08T17:22:00+00:00:v1,2026-04-08,SHORT,675.250000000000,675.010000000000,-0.240000000000,0.240000000000,5,WORSE,2.470000000000,2.230000000000,1.355000000000,1.595000000000,-0.620000000000,-0.860000000000,0.240000000000,-0.240000000000,True,20,15,2026-04-08T17:25:00Z,2026-04-08T17:45:00Z,FAVORABLE_FIRST,2026-04-08T17:27:00Z,2026-04-08T17:36:00Z,ADVERSE_FIRST,2026-04-08T17:37:00Z,2026-04-08T17:36:00Z,ADVERSE_FIRST,2026-04-08T18:19:00Z,2026-04-08T17:36:00Z,ADVERSE_FIRST,2026-04-08T18:41:00Z,2026-04-08T17:36:00Z,ADVERSE_FIRST,2026-04-08T17:37:00Z,2026-04-08T17:36:00Z,ADVERSE_FIRST,2026-04-08T18:19:00Z,2026-04-08T17:36:00Z,ADVERSE_FIRST,2026-04-08T18:41:00Z,2026-04-08T17:36:00Z,ADVERSE_FIRST,2026-04-08T18:50:00Z,2026-04-08T17:36:00Z,ADVERSE_FIRST,2026-04-08T18:57:00Z,2026-04-08T17:36:00Z,2026-04-08T17:30:00Z,2026-04-08T17:45:00Z,ADVERSE_FIRST,2026-04-08T17:37:00Z,2026-04-08T17:31:00Z,ADVERSE_FIRST,2026-04-08T18:19:00Z,2026-04-08T17:31:00Z,ADVERSE_FIRST,2026-04-08T18:41:00Z,2026-04-08T17:31:00Z,ADVERSE_FIRST,2026-04-08T18:44:00Z,2026-04-08T17:31:00Z,ADVERSE_FIRST,2026-04-08T18:19:00Z,2026-04-08T17:31:00Z,ADVERSE_FIRST,2026-04-08T18:41:00Z,2026-04-08T17:31:00Z,ADVERSE_FIRST,2026-04-08T18:44:00Z,2026-04-08T17:31:00Z,ADVERSE_FIRST,2026-04-08T18:56:00Z,2026-04-08T17:31:00Z,ADVERSE_FIRST,2026-04-08T18:59:00Z,2026-04-08T17:31:00Z
SPY:2026-04-08:SHORT:2026-04-08T18:18:00+00:00:v1,2026-04-08,SHORT,674.811400000000,675.000000000000,0.188600000000,-0.188600000000,5,BETTER,2.031400000000,2.220000000000,1.258600000000,1.070000000000,-1.058600000000,-0.870000000000,-0.188600000000,0.188600000000,True,100,95,2026-04-08T18:20:00Z,2026-04-08T20:00:00Z,ADVERSE_FIRST,2026-04-08T18:39:00Z,2026-04-08T18:21:00Z,ADVERSE_FIRST,2026-04-08T18:40:00Z,2026-04-08T18:21:00Z,ADVERSE_FIRST,2026-04-08T18:44:00Z,2026-04-08T18:21:00Z,ADVERSE_FIRST,2026-04-08T18:49:00Z,2026-04-08T18:21:00Z,ADVERSE_FIRST,2026-04-08T18:40:00Z,2026-04-08T18:21:00Z,ADVERSE_FIRST,2026-04-08T18:44:00Z,2026-04-08T18:21:00Z,ADVERSE_FIRST,2026-04-08T18:49:00Z,2026-04-08T18:21:00Z,ADVERSE_FIRST,2026-04-08T18:56:00Z,2026-04-08T18:21:00Z,ADVERSE_FIRST,2026-04-08T19:00:00Z,2026-04-08T18:21:00Z,2026-04-08T18:25:00Z,2026-04-08T20:00:00Z,ADVERSE_FIRST,2026-04-08T18:33:00Z,2026-04-08T18:26:00Z,ADVERSE_FIRST,2026-04-08T18:40:00Z,2026-04-08T18:26:00Z,ADVERSE_FIRST,2026-04-08T18:41:00Z,2026-04-08T18:26:00Z,ADVERSE_FIRST,2026-04-08T18:44:00Z,2026-04-08T18:26:00Z,ADVERSE_FIRST,2026-04-08T18:40:00Z,2026-04-08T18:26:00Z,ADVERSE_FIRST,2026-04-08T18:41:00Z,2026-04-08T18:26:00Z,ADVERSE_FIRST,2026-04-08T18:44:00Z,2026-04-08T18:26:00Z,ADVERSE_FIRST,2026-04-08T18:56:00Z,2026-04-08T18:26:00Z,ADVERSE_FIRST,2026-04-08T18:59:00Z,2026-04-08T18:26:00Z
SPY:2026-04-09:LONG:2026-04-09T13:41:00+00:00:v1,2026-04-09,LONG,675.537700000000,675.455000000000,-0.082700000000,-0.082700000000,5,BETTER,5.622300000000,5.705000000000,1.767700000000,1.685000000000,4.332300000000,4.415000000000,-0.082700000000,0.082700000000,True,10,5,2026-04-09T13:45:00Z,2026-04-09T13:55:00Z,ADVERSE_FIRST,2026-04-09T15:14:00Z,2026-04-09T13:47:00Z,ADVERSE_FIRST,2026-04-09T15:15:00Z,2026-04-09T13:47:00Z,ADVERSE_FIRST,2026-04-09T15:19:00Z,2026-04-09T13:47:00Z,ADVERSE_FIRST,2026-04-09T15:20:00Z,2026-04-09T13:47:00Z,ADVERSE_FIRST,2026-04-09T15:15:00Z,2026-04-09T13:47:00Z,ADVERSE_FIRST,2026-04-09T15:19:00Z,2026-04-09T13:47:00Z,ADVERSE_FIRST,2026-04-09T15:20:00Z,2026-04-09T13:47:00Z,ADVERSE_FIRST,2026-04-09T15:32:00Z,2026-04-09T13:47:00Z,ADVERSE_FIRST,2026-04-09T15:32:00Z,2026-04-09T13:47:00Z,2026-04-09T13:50:00Z,2026-04-09T13:55:00Z,ADVERSE_FIRST,2026-04-09T15:14:00Z,2026-04-09T13:51:00Z,ADVERSE_FIRST,2026-04-09T15:15:00Z,2026-04-09T13:51:00Z,ADVERSE_FIRST,2026-04-09T15:18:00Z,2026-04-09T13:51:00Z,ADVERSE_FIRST,2026-04-09T15:19:00Z,2026-04-09T13:51:00Z,ADVERSE_FIRST,2026-04-09T15:15:00Z,2026-04-09T13:51:00Z,ADVERSE_FIRST,2026-04-09T15:18:00Z,2026-04-09T13:51:00Z,ADVERSE_FIRST,2026-04-09T15:19:00Z,2026-04-09T13:51:00Z,ADVERSE_FIRST,2026-04-09T15:32:00Z,2026-04-09T13:51:00Z,ADVERSE_FIRST,2026-04-09T15:32:00Z,2026-04-09T13:51:00Z
SPY:2026-04-09:LONG:2026-04-09T13:57:00+00:00:v1,2026-04-09,LONG,675.270000000000,675.365000000000,0.095000000000,0.095000000000,5,WORSE,5.890000000000,5.795000000000,1.500000000000,1.595000000000,4.600000000000,4.505000000000,0.095000000000,-0.095000000000,True,10,5,2026-04-09T14:00:00Z,2026-04-09T14:10:00Z,ADVERSE_FIRST,2026-04-09T14:05:00Z,2026-04-09T14:01:00Z,ADVERSE_FIRST,2026-04-09T15:14:00Z,2026-04-09T14:01:00Z,ADVERSE_FIRST,2026-04-09T15:15:00Z,2026-04-09T14:01:00Z,ADVERSE_FIRST,2026-04-09T15:19:00Z,2026-04-09T14:01:00Z,ADVERSE_FIRST,2026-04-09T15:14:00Z,2026-04-09T14:01:00Z,ADVERSE_FIRST,2026-04-09T15:15:00Z,2026-04-09T14:01:00Z,ADVERSE_FIRST,2026-04-09T15:19:00Z,2026-04-09T14:01:00Z,ADVERSE_FIRST,2026-04-09T15:32:00Z,2026-04-09T14:01:00Z,ADVERSE_FIRST,2026-04-09T15:32:00Z,2026-04-09T14:01:00Z,2026-04-09T14:05:00Z,2026-04-09T14:10:00Z,ADVERSE_FIRST,2026-04-09T15:14:00Z,2026-04-09T14:08:00Z,ADVERSE_FIRST,2026-04-09T15:15:00Z,2026-04-09T14:08:00Z,ADVERSE_FIRST,2026-04-09T15:15:00Z,2026-04-09T14:08:00Z,ADVERSE_FIRST,2026-04-09T15:19:00Z,2026-04-09T14:08:00Z,ADVERSE_FIRST,2026-04-09T15:15:00Z,2026-04-09T14:09:00Z,ADVERSE_FIRST,2026-04-09T15:15:00Z,2026-04-09T14:09:00Z,ADVERSE_FIRST,2026-04-09T15:19:00Z,2026-04-09T14:09:00Z,ADVERSE_FIRST,2026-04-09T15:32:00Z,2026-04-09T14:09:00Z,ADVERSE_FIRST,2026-04-09T15:32:00Z,2026-04-09T14:09:00Z
SPY:2026-04-09:SHORT:2026-04-09T14:25:00+00:00:v1,2026-04-09,SHORT,674.295000000000,674.130000000000,-0.165000000000,0.165000000000,5,WORSE,0.525000000000,0.250000000000,6.865000000000,7.030000000000,-5.575000000000,-5.740000000000,0.275000000000,-0.165000000000,True,10,5,2026-04-09T14:30:00Z,2026-04-09T14:40:00Z,FAVORABLE_FIRST,2026-04-09T14:31:00Z,2026-04-09T14:39:00Z,FAVORABLE_FIRST,2026-04-09T14:33:00Z,2026-04-09T14:39:00Z,ADVERSE_FIRST,,2026-04-09T14:39:00Z,ADVERSE_FIRST,,2026-04-09T14:39:00Z,FAVORABLE_FIRST,2026-04-09T14:33:00Z,2026-04-09T14:40:00Z,ADVERSE_FIRST,,2026-04-09T14:40:00Z,ADVERSE_FIRST,,2026-04-09T14:40:00Z,ADVERSE_FIRST,,2026-04-09T14:40:00Z,ADVERSE_FIRST,,2026-04-09T14:40:00Z,2026-04-09T14:35:00Z,2026-04-09T14:40:00Z,FAVORABLE_FIRST,2026-04-09T14:36:00Z,2026-04-09T14:39:00Z,ADVERSE_FIRST,,2026-04-09T14:39:00Z,ADVERSE_FIRST,,2026-04-09T14:39:00Z,ADVERSE_FIRST,,2026-04-09T14:39:00Z,ADVERSE_FIRST,,2026-04-09T14:39:00Z,ADVERSE_FIRST,,2026-04-09T14:39:00Z,ADVERSE_FIRST,,2026-04-09T14:39:00Z,ADVERSE_FIRST,,2026-04-09T14:39:00Z,ADVERSE_FIRST,,2026-04-09T14:39:00Z
SPY:2026-04-09:LONG:2026-04-09T15:10:00+00:00:v1,2026-04-09,LONG,675.700000000000,676.420000000000,0.720000000000,0.720000000000,5,WORSE,5.460000000000,4.740000000000,0,0.690000000000,4.170000000000,3.450000000000,0.720000000000,-0.690000000000,True,,,2026-04-09T15:15:00Z,,FAVORABLE_FIRST,2026-04-09T15:16:00Z,,FAVORABLE_FIRST,2026-04-09T15:18:00Z,,FAVORABLE_FIRST,2026-04-09T15:19:00Z,,FAVORABLE_FIRST,2026-04-09T15:32:00Z,,FAVORABLE_FIRST,2026-04-09T15:18:00Z,,FAVORABLE_FIRST,2026-04-09T15:19:00Z,,FAVORABLE_FIRST,2026-04-09T15:32:00Z,,FAVORABLE_FIRST,2026-04-09T15:32:00Z,,FAVORABLE_FIRST,2026-04-09T15:32:00Z,,2026-04-09T15:20:00Z,,ADVERSE_FIRST,2026-04-09T15:32:00Z,2026-04-09T15:21:00Z,ADVERSE_FIRST,2026-04-09T15:32:00Z,2026-04-09T15:21:00Z,ADVERSE_FIRST,2026-04-09T15:32:00Z,2026-04-09T15:21:00Z,ADVERSE_FIRST,2026-04-09T15:32:00Z,2026-04-09T15:21:00Z,ADVERSE_FIRST,2026-04-09T15:32:00Z,2026-04-09T15:21:00Z,ADVERSE_FIRST,2026-04-09T15:32:00Z,2026-04-09T15:21:00Z,ADVERSE_FIRST,2026-04-09T15:32:00Z,2026-04-09T15:21:00Z,ADVERSE_FIRST,2026-04-09T15:33:00Z,2026-04-09T15:21:00Z,ADVERSE_FIRST,2026-04-09T15:48:00Z,2026-04-09T15:21:00Z
SPY:2026-04-10:SHORT:2026-04-10T13:35:00+00:00:v1,2026-04-10,SHORT,680.740000000000,680.860000000000,0.120000000000,-0.120000000000,5,BETTER,2.290000000000,2.410000000000,1.290000000000,1.170000000000,1.430000000000,1.550000000000,-0.120000000000,0.120000000000,True,35,30,2026-04-10T13:40:00Z,2026-04-10T14:15:00Z,ADVERSE_FIRST,2026-04-10T13:47:00Z,2026-04-10T13:42:00Z,ADVERSE_FIRST,2026-04-10T13:50:00Z,2026-04-10T13:42:00Z,ADVERSE_FIRST,2026-04-10T15:52:00Z,2026-04-10T13:42:00Z,ADVERSE_FIRST,2026-04-10T15:54:00Z,2026-04-10T13:42:00Z,FAVORABLE_FIRST,2026-04-10T13:50:00Z,2026-04-10T14:13:00Z,ADVERSE_FIRST,2026-04-10T15:52:00Z,2026-04-10T14:13:00Z,ADVERSE_FIRST,2026-04-10T15:54:00Z,2026-04-10T14:13:00Z,ADVERSE_FIRST,2026-04-10T15:57:00Z,2026-04-10T14:13:00Z,ADVERSE_FIRST,2026-04-10T16:41:00Z,2026-04-10T14:13:00Z,2026-04-10T13:45:00Z,2026-04-10T14:15:00Z,FAVORABLE_FIRST,2026-04-10T13:47:00Z,2026-04-10T14:13:00Z,FAVORABLE_FIRST,2026-04-10T13:48:00Z,2026-04-10T14:13:00Z,FAVORABLE_FIRST,2026-04-10T14:01:00Z,2026-04-10T14:13:00Z,ADVERSE_FIRST,2026-04-10T15:53:00Z,2026-04-10T14:13:00Z,FAVORABLE_FIRST,2026-04-10T13:48:00Z,2026-04-10T14:13:00Z,FAVORABLE_FIRST,2026-04-10T14:01:00Z,2026-04-10T14:13:00Z,ADVERSE_FIRST,2026-04-10T15:53:00Z,2026-04-10T14:13:00Z,ADVERSE_FIRST,2026-04-10T15:57:00Z,2026-04-10T14:13:00Z,ADVERSE_FIRST,2026-04-10T16:40:00Z,2026-04-10T14:13:00Z
SPY:2026-04-10:SHORT:2026-04-10T14:42:00+00:00:v1,2026-04-10,SHORT,680.890000000000,680.740000000000,-0.150000000000,0.150000000000,5,WORSE,2.440000000000,2.290000000000,1.140000000000,1.290000000000,1.580000000000,1.430000000000,0.150000000000,-0.150000000000,True,15,10,2026-04-10T14:45:00Z,2026-04-10T15:00:00Z,ADVERSE_FIRST,2026-04-10T14:55:00Z,2026-04-10T14:46:00Z,ADVERSE_FIRST,2026-04-10T15:39:00Z,2026-04-10T14:46:00Z,ADVERSE_FIRST,2026-04-10T15:40:00Z,2026-04-10T14:46:00Z,ADVERSE_FIRST,2026-04-10T15:53:00Z,2026-04-10T14:46:00Z,ADVERSE_FIRST,2026-04-10T15:39:00Z,2026-04-10T14:46:00Z,ADVERSE_FIRST,2026-04-10T15:40:00Z,2026-04-10T14:46:00Z,ADVERSE_FIRST,2026-04-10T15:53:00Z,2026-04-10T14:46:00Z,ADVERSE_FIRST,2026-04-10T15:57:00Z,2026-04-10T14:46:00Z,ADVERSE_FIRST,2026-04-10T16:40:00Z,2026-04-10T14:46:00Z,2026-04-10T14:50:00Z,2026-04-10T15:00:00Z,ADVERSE_FIRST,2026-04-10T15:39:00Z,2026-04-10T14:51:00Z,ADVERSE_FIRST,2026-04-10T15:40:00Z,2026-04-10T14:51:00Z,ADVERSE_FIRST,2026-04-10T15:52:00Z,2026-04-10T14:51:00Z,ADVERSE_FIRST,2026-04-10T15:54:00Z,2026-04-10T14:51:00Z,ADVERSE_FIRST,2026-04-10T15:40:00Z,2026-04-10T14:51:00Z,ADVERSE_FIRST,2026-04-10T15:52:00Z,2026-04-10T14:51:00Z,ADVERSE_FIRST,2026-04-10T15:54:00Z,2026-04-10T14:51:00Z,ADVERSE_FIRST,2026-04-10T15:57:00Z,2026-04-10T14:51:00Z,ADVERSE_FIRST,2026-04-10T16:41:00Z,2026-04-10T14:51:00Z
SPY:2026-04-10:SHORT:2026-04-10T15:32:00+00:00:v1,2026-04-10,SHORT,680.840000000000,680.450000000000,-0.390000000000,0.390000000000,5,WORSE,2.390000000000,2.000000000000,0.100000000000,0.267200000000,1.530000000000,1.140000000000,0.390000000000,-0.167200000000,True,,,2026-04-10T15:35:00Z,,FAVORABLE_FIRST,2026-04-10T15:38:00Z,,FAVORABLE_FIRST,2026-04-10T15:40:00Z,,FAVORABLE_FIRST,2026-04-10T15:40:00Z,,FAVORABLE_FIRST,2026-04-10T15:53:00Z,,FAVORABLE_FIRST,2026-04-10T15:40:00Z,,FAVORABLE_FIRST,2026-04-10T15:40:00Z,,FAVORABLE_FIRST,2026-04-10T15:53:00Z,,FAVORABLE_FIRST,2026-04-10T15:57:00Z,,FAVORABLE_FIRST,2026-04-10T16:41:00Z,,2026-04-10T15:40:00Z,,FAVORABLE_FIRST,2026-04-10T15:41:00Z,2026-04-10T15:45:00Z,ADVERSE_FIRST,2026-04-10T15:53:00Z,2026-04-10T15:45:00Z,ADVERSE_FIRST,2026-04-10T15:55:00Z,2026-04-10T15:45:00Z,ADVERSE_FIRST,2026-04-10T15:56:00Z,2026-04-10T15:45:00Z,FAVORABLE_FIRST,2026-04-10T15:53:00Z,,FAVORABLE_FIRST,2026-04-10T15:55:00Z,,FAVORABLE_FIRST,2026-04-10T15:56:00Z,,FAVORABLE_FIRST,2026-04-10T16:40:00Z,,FAVORABLE_FIRST,2026-04-10T17:30:00Z,
SPY:2026-04-13:LONG:2026-04-13T13:48:00+00:00:v1,2026-04-13,LONG,678.790000000000,678.660000000000,-0.130000000000,-0.130000000000,5,BETTER,7.510000000000,7.640000000000,0.790000000000,0.260000000000,7.220000000000,7.350000000000,-0.130000000000,0.530000000000,True,,,2026-04-13T13:50:00Z,,AMBIGUOUS_SAME_BAR,2026-04-13T13:51:00Z,2026-04-13T13:51:00Z,ADVERSE_FIRST,2026-04-13T13:59:00Z,2026-04-13T13:51:00Z,ADVERSE_FIRST,2026-04-13T13:59:00Z,2026-04-13T13:51:00Z,ADVERSE_FIRST,2026-04-13T14:00:00Z,2026-04-13T13:51:00Z,ADVERSE_FIRST,2026-04-13T13:59:00Z,2026-04-13T13:51:00Z,ADVERSE_FIRST,2026-04-13T13:59:00Z,2026-04-13T13:51:00Z,ADVERSE_FIRST,2026-04-13T14:00:00Z,2026-04-13T13:51:00Z,ADVERSE_FIRST,2026-04-13T14:57:00Z,2026-04-13T13:51:00Z,ADVERSE_FIRST,2026-04-13T16:20:00Z,2026-04-13T13:51:00Z,2026-04-13T13:55:00Z,,FAVORABLE_FIRST,2026-04-13T13:57:00Z,2026-04-13T14:23:00Z,FAVORABLE_FIRST,2026-04-13T13:58:00Z,2026-04-13T14:23:00Z,FAVORABLE_FIRST,2026-04-13T13:59:00Z,2026-04-13T14:23:00Z,FAVORABLE_FIRST,2026-04-13T13:59:00Z,2026-04-13T14:23:00Z,FAVORABLE_FIRST,2026-04-13T13:58:00Z,,FAVORABLE_FIRST,2026-04-13T13:59:00Z,,FAVORABLE_FIRST,2026-04-13T13:59:00Z,,FAVORABLE_FIRST,2026-04-13T14:54:00Z,,FAVORABLE_FIRST,2026-04-13T14:58:00Z,
SPY:2026-04-14:LONG:2026-04-14T13:35:00+00:00:v1,2026-04-14,LONG,689.030000000000,689.825000000000,0.795000000000,0.795000000000,5,WORSE,5.550000000000,4.755000000000,0,0.445000000000,5.370000000000,4.575000000000,0.795000000000,-0.445000000000,True,,,2026-04-14T13:40:00Z,,FAVORABLE_FIRST,2026-04-14T13:41:00Z,,FAVORABLE_FIRST,2026-04-14T13:42:00Z,,FAVORABLE_FIRST,2026-04-14T13:43:00Z,,FAVORABLE_FIRST,2026-04-14T14:07:00Z,,FAVORABLE_FIRST,2026-04-14T13:42:00Z,,FAVORABLE_FIRST,2026-04-14T13:43:00Z,,FAVORABLE_FIRST,2026-04-14T14:07:00Z,,FAVORABLE_FIRST,2026-04-14T14:13:00Z,,FAVORABLE_FIRST,2026-04-14T14:17:00Z,,2026-04-14T13:45:00Z,,ADVERSE_FIRST,2026-04-14T14:07:00Z,2026-04-14T13:47:00Z,ADVERSE_FIRST,2026-04-14T14:09:00Z,2026-04-14T13:47:00Z,ADVERSE_FIRST,2026-04-14T14:13:00Z,2026-04-14T13:47:00Z,ADVERSE_FIRST,2026-04-14T14:14:00Z,2026-04-14T13:47:00Z,ADVERSE_FIRST,2026-04-14T14:09:00Z,2026-04-14T13:47:00Z,ADVERSE_FIRST,2026-04-14T14:13:00Z,2026-04-14T13:47:00Z,ADVERSE_FIRST,2026-04-14T14:14:00Z,2026-04-14T13:47:00Z,ADVERSE_FIRST,2026-04-14T14:35:00Z,2026-04-14T13:47:00Z,ADVERSE_FIRST,2026-04-14T15:20:00Z,2026-04-14T13:47:00Z
SPY:2026-04-15:SHORT:2026-04-15T13:44:00+00:00:v1,2026-04-15,SHORT,694.390000000000,695.020000000000,0.630000000000,-0.630000000000,5,BETTER,0,0.500000000000,5.890000000000,5.260000000000,-5.450000000000,-4.820000000000,-0.500000000000,0.630000000000,True,15,10,2026-04-15T13:45:00Z,2026-04-15T14:00:00Z,ADVERSE_FIRST,,2026-04-15T13:46:00Z,ADVERSE_FIRST,,2026-04-15T13:46:00Z,ADVERSE_FIRST,,2026-04-15T13:46:00Z,ADVERSE_FIRST,,2026-04-15T13:46:00Z,ADVERSE_FIRST,,2026-04-15T13:46:00Z,ADVERSE_FIRST,,2026-04-15T13:46:00Z,ADVERSE_FIRST,,2026-04-15T13:46:00Z,ADVERSE_FIRST,,2026-04-15T13:46:00Z,ADVERSE_FIRST,,2026-04-15T13:46:00Z,2026-04-15T13:50:00Z,2026-04-15T14:00:00Z,FAVORABLE_FIRST,2026-04-15T13:52:00Z,2026-04-15T13:57:00Z,FAVORABLE_FIRST,2026-04-15T13:52:00Z,2026-04-15T13:57:00Z,ADVERSE_FIRST,,2026-04-15T13:57:00Z,ADVERSE_FIRST,,2026-04-15T13:57:00Z,FAVORABLE_FIRST,2026-04-15T13:52:00Z,2026-04-15T13:57:00Z,ADVERSE_FIRST,,2026-04-15T13:57:00Z,ADVERSE_FIRST,,2026-04-15T13:57:00Z,ADVERSE_FIRST,,2026-04-15T13:57:00Z,ADVERSE_FIRST,,2026-04-15T13:57:00Z
SPY:2026-04-15:LONG:2026-04-15T14:14:00+00:00:v1,2026-04-15,LONG,695.935100000000,695.900000000000,-0.035100000000,-0.035100000000,5,BETTER,4.344900000000,4.380000000000,0.235100000000,0.200000000000,3.904900000000,3.940000000000,-0.035100000000,0.035100000000,True,,,2026-04-15T14:15:00Z,,FAVORABLE_FIRST,2026-04-15T14:16:00Z,,FAVORABLE_FIRST,2026-04-15T14:23:00Z,,FAVORABLE_FIRST,2026-04-15T14:24:00Z,,FAVORABLE_FIRST,2026-04-15T14:29:00Z,,FAVORABLE_FIRST,2026-04-15T14:23:00Z,,FAVORABLE_FIRST,2026-04-15T14:24:00Z,,FAVORABLE_FIRST,2026-04-15T14:29:00Z,,FAVORABLE_FIRST,2026-04-15T15:15:00Z,,FAVORABLE_FIRST,2026-04-15T17:36:00Z,,2026-04-15T14:20:00Z,,FAVORABLE_FIRST,2026-04-15T14:21:00Z,,FAVORABLE_FIRST,2026-04-15T14:22:00Z,,FAVORABLE_FIRST,2026-04-15T14:24:00Z,,FAVORABLE_FIRST,2026-04-15T14:24:00Z,,FAVORABLE_FIRST,2026-04-15T14:22:00Z,,FAVORABLE_FIRST,2026-04-15T14:24:00Z,,FAVORABLE_FIRST,2026-04-15T14:24:00Z,,FAVORABLE_FIRST,2026-04-15T15:15:00Z,,FAVORABLE_FIRST,2026-04-15T17:36:00Z,
SPY:2026-04-16:SHORT:2026-04-16T13:50:00+00:00:v1,2026-04-16,SHORT,698.750000000000,699.480000000000,0.730000000000,-0.730000000000,5,BETTER,0.098000000000,0.828000000000,4.030000000000,3.300000000000,-2.800000000000,-2.070000000000,-0.730000000000,0.730000000000,True,70,65,2026-04-16T13:55:00Z,2026-04-16T15:05:00Z,ADVERSE_FIRST,,2026-04-16T13:56:00Z,ADVERSE_FIRST,,2026-04-16T13:56:00Z,ADVERSE_FIRST,,2026-04-16T13:56:00Z,ADVERSE_FIRST,,2026-04-16T13:56:00Z,ADVERSE_FIRST,,2026-04-16T13:56:00Z,ADVERSE_FIRST,,2026-04-16T13:56:00Z,ADVERSE_FIRST,,2026-04-16T13:56:00Z,ADVERSE_FIRST,,2026-04-16T13:56:00Z,ADVERSE_FIRST,,2026-04-16T13:56:00Z,2026-04-16T14:00:00Z,2026-04-16T15:05:00Z,FAVORABLE_FIRST,2026-04-16T14:01:00Z,2026-04-16T14:08:00Z,FAVORABLE_FIRST,2026-04-16T14:01:00Z,2026-04-16T14:08:00Z,FAVORABLE_FIRST,2026-04-16T14:01:00Z,2026-04-16T14:08:00Z,ADVERSE_FIRST,,2026-04-16T14:08:00Z,FAVORABLE_FIRST,2026-04-16T14:01:00Z,2026-04-16T14:08:00Z,FAVORABLE_FIRST,2026-04-16T14:01:00Z,2026-04-16T14:08:00Z,ADVERSE_FIRST,,2026-04-16T14:08:00Z,ADVERSE_FIRST,,2026-04-16T14:08:00Z,ADVERSE_FIRST,,2026-04-16T14:08:00Z
SPY:2026-04-16:LONG:2026-04-16T15:10:00+00:00:v1,2026-04-16,LONG,701.420000000000,701.350000000000,-0.070000000000,-0.070000000000,5,BETTER,1.360000000000,1.430000000000,1.946300000000,1.876300000000,0.130000000000,0.200000000000,-0.070000000000,0.070000000000,True,15,10,2026-04-16T15:15:00Z,2026-04-16T15:30:00Z,FAVORABLE_FIRST,2026-04-16T15:16:00Z,2026-04-16T15:29:00Z,ADVERSE_FIRST,2026-04-16T15:36:00Z,2026-04-16T15:29:00Z,ADVERSE_FIRST,2026-04-16T15:37:00Z,2026-04-16T15:29:00Z,ADVERSE_FIRST,2026-04-16T16:00:00Z,2026-04-16T15:29:00Z,ADVERSE_FIRST,2026-04-16T15:36:00Z,2026-04-16T15:29:00Z,ADVERSE_FIRST,2026-04-16T15:37:00Z,2026-04-16T15:29:00Z,ADVERSE_FIRST,2026-04-16T16:00:00Z,2026-04-16T15:29:00Z,ADVERSE_FIRST,,2026-04-16T15:29:00Z,ADVERSE_FIRST,,2026-04-16T15:29:00Z,2026-04-16T15:20:00Z,2026-04-16T15:30:00Z,FAVORABLE_FIRST,2026-04-16T15:21:00Z,2026-04-16T15:29:00Z,ADVERSE_FIRST,2026-04-16T15:36:00Z,2026-04-16T15:29:00Z,ADVERSE_FIRST,2026-04-16T15:37:00Z,2026-04-16T15:29:00Z,ADVERSE_FIRST,2026-04-16T15:37:00Z,2026-04-16T15:29:00Z,ADVERSE_FIRST,2026-04-16T15:36:00Z,2026-04-16T15:29:00Z,ADVERSE_FIRST,2026-04-16T15:37:00Z,2026-04-16T15:29:00Z,ADVERSE_FIRST,2026-04-16T15:37:00Z,2026-04-16T15:29:00Z,ADVERSE_FIRST,,2026-04-16T15:29:00Z,ADVERSE_FIRST,,2026-04-16T15:29:00Z
SPY:2026-04-16:LONG:2026-04-16T15:35:00+00:00:v1,2026-04-16,LONG,701.680000000000,701.383100000000,-0.296900000000,-0.296900000000,5,BETTER,1.100000000000,1.396900000000,2.206300000000,1.909400000000,-0.130000000000,0.166900000000,-0.296900000000,0.296900000000,True,10,5,2026-04-16T15:40:00Z,2026-04-16T15:50:00Z,ADVERSE_FIRST,2026-04-16T15:55:00Z,2026-04-16T15:41:00Z,ADVERSE_FIRST,2026-04-16T15:57:00Z,2026-04-16T15:41:00Z,ADVERSE_FIRST,2026-04-16T16:00:00Z,2026-04-16T15:41:00Z,ADVERSE_FIRST,2026-04-16T16:18:00Z,2026-04-16T15:41:00Z,ADVERSE_FIRST,2026-04-16T15:57:00Z,2026-04-16T15:42:00Z,ADVERSE_FIRST,2026-04-16T16:00:00Z,2026-04-16T15:42:00Z,ADVERSE_FIRST,2026-04-16T16:18:00Z,2026-04-16T15:42:00Z,ADVERSE_FIRST,,2026-04-16T15:42:00Z,ADVERSE_FIRST,,2026-04-16T15:42:00Z,2026-04-16T15:45:00Z,2026-04-16T15:50:00Z,ADVERSE_FIRST,2026-04-16T15:51:00Z,2026-04-16T15:49:00Z,ADVERSE_FIRST,2026-04-16T15:55:00Z,2026-04-16T15:49:00Z,ADVERSE_FIRST,2026-04-16T15:56:00Z,2026-04-16T15:49:00Z,ADVERSE_FIRST,2026-04-16T16:00:00Z,2026-04-16T15:49:00Z,ADVERSE_FIRST,2026-04-16T15:55:00Z,2026-04-16T15:49:00Z,ADVERSE_FIRST,2026-04-16T15:56:00Z,2026-04-16T15:49:00Z,ADVERSE_FIRST,2026-04-16T16:00:00Z,2026-04-16T15:49:00Z,ADVERSE_FIRST,,2026-04-16T15:49:00Z,ADVERSE_FIRST,,2026-04-16T15:49:00Z
SPY:2026-04-16:LONG:2026-04-16T15:50:00+00:00:v1,2026-04-16,LONG,701.710000000000,702.220000000000,0.510000000000,0.510000000000,5,WORSE,1.070000000000,0.560000000000,2.236300000000,2.746300000000,-0.160000000000,-0.670000000000,0.510000000000,-0.510000000000,True,40,35,2026-04-16T15:55:00Z,2026-04-16T16:35:00Z,FAVORABLE_FIRST,2026-04-16T15:56:00Z,2026-04-16T16:33:00Z,FAVORABLE_FIRST,2026-04-16T15:58:00Z,2026-04-16T16:33:00Z,FAVORABLE_FIRST,2026-04-16T16:00:00Z,2026-04-16T16:33:00Z,FAVORABLE_FIRST,2026-04-16T16:19:00Z,2026-04-16T16:33:00Z,FAVORABLE_FIRST,2026-04-16T15:58:00Z,2026-04-16T16:33:00Z,FAVORABLE_FIRST,2026-04-16T16:00:00Z,2026-04-16T16:33:00Z,FAVORABLE_FIRST,2026-04-16T16:19:00Z,2026-04-16T16:33:00Z,ADVERSE_FIRST,,2026-04-16T16:33:00Z,ADVERSE_FIRST,,2026-04-16T16:33:00Z,2026-04-16T16:00:00Z,2026-04-16T16:35:00Z,FAVORABLE_FIRST,2026-04-16T16:01:00Z,2026-04-16T16:23:00Z,FAVORABLE_FIRST,2026-04-16T16:19:00Z,2026-04-16T16:23:00Z,ADVERSE_FIRST,,2026-04-16T16:23:00Z,ADVERSE_FIRST,,2026-04-16T16:23:00Z,FAVORABLE_FIRST,2026-04-16T16:19:00Z,2026-04-16T16:23:00Z,ADVERSE_FIRST,,2026-04-16T16:23:00Z,ADVERSE_FIRST,,2026-04-16T16:23:00Z,ADVERSE_FIRST,,2026-04-16T16:23:00Z,ADVERSE_FIRST,,2026-04-16T16:23:00Z
SPY:2026-04-16:LONG:2026-04-16T16:36:00+00:00:v1,2026-04-16,LONG,701.630000000000,701.385000000000,-0.245000000000,-0.245000000000,5,BETTER,0.310000000000,0.555000000000,2.156300000000,1.911300000000,-0.080000000000,0.165000000000,-0.245000000000,0.245000000000,True,15,10,2026-04-16T16:40:00Z,2026-04-16T16:55:00Z,ADVERSE_FIRST,2026-04-16T19:50:00Z,2026-04-16T16:41:00Z,ADVERSE_FIRST,,2026-04-16T16:41:00Z,ADVERSE_FIRST,,2026-04-16T16:41:00Z,ADVERSE_FIRST,,2026-04-16T16:41:00Z,ADVERSE_FIRST,,2026-04-16T16:41:00Z,ADVERSE_FIRST,,2026-04-16T16:41:00Z,ADVERSE_FIRST,,2026-04-16T16:41:00Z,ADVERSE_FIRST,,2026-04-16T16:41:00Z,ADVERSE_FIRST,,2026-04-16T16:41:00Z,2026-04-16T16:45:00Z,2026-04-16T16:55:00Z,FAVORABLE_FIRST,2026-04-16T16:46:00Z,2026-04-16T16:52:00Z,ADVERSE_FIRST,2026-04-16T19:50:00Z,2026-04-16T16:52:00Z,ADVERSE_FIRST,,2026-04-16T16:52:00Z,ADVERSE_FIRST,,2026-04-16T16:52:00Z,ADVERSE_FIRST,2026-04-16T19:50:00Z,2026-04-16T16:53:00Z,ADVERSE_FIRST,,2026-04-16T16:53:00Z,ADVERSE_FIRST,,2026-04-16T16:53:00Z,ADVERSE_FIRST,,2026-04-16T16:53:00Z,ADVERSE_FIRST,,2026-04-16T16:53:00Z
SPY:2026-04-16:SHORT:2026-04-16T17:13:00+00:00:v1,2026-04-16,SHORT,700.080000000000,700.150000000000,0.070000000000,-0.070000000000,5,BETTER,0.606300000000,0.676300000000,1.860000000000,1.790000000000,-1.470000000000,-1.400000000000,-0.070000000000,0.070000000000,True,10,5,2026-04-16T17:15:00Z,2026-04-16T17:25:00Z,FAVORABLE_FIRST,2026-04-16T17:16:00Z,2026-04-16T17:24:00Z,ADVERSE_FIRST,2026-04-16T18:27:00Z,2026-04-16T17:24:00Z,ADVERSE_FIRST,,2026-04-16T17:24:00Z,ADVERSE_FIRST,,2026-04-16T17:24:00Z,ADVERSE_FIRST,2026-04-16T18:27:00Z,2026-04-16T17:24:00Z,ADVERSE_FIRST,,2026-04-16T17:24:00Z,ADVERSE_FIRST,,2026-04-16T17:24:00Z,ADVERSE_FIRST,,2026-04-16T17:24:00Z,ADVERSE_FIRST,,2026-04-16T17:24:00Z,2026-04-16T17:20:00Z,2026-04-16T17:25:00Z,ADVERSE_FIRST,2026-04-16T18:24:00Z,2026-04-16T17:24:00Z,ADVERSE_FIRST,2026-04-16T18:27:00Z,2026-04-16T17:24:00Z,ADVERSE_FIRST,,2026-04-16T17:24:00Z,ADVERSE_FIRST,,2026-04-16T17:24:00Z,ADVERSE_FIRST,2026-04-16T18:27:00Z,2026-04-16T17:24:00Z,ADVERSE_FIRST,,2026-04-16T17:24:00Z,ADVERSE_FIRST,,2026-04-16T17:24:00Z,ADVERSE_FIRST,,2026-04-16T17:24:00Z,ADVERSE_FIRST,,2026-04-16T17:24:00Z
SPY:2026-04-16:LONG:2026-04-16T17:42:00+00:00:v1,2026-04-16,LONG,701.370000000000,701.475000000000,0.105000000000,0.105000000000,5,WORSE,0.570000000000,0.465000000000,1.896300000000,2.001300000000,0.180000000000,0.075000000000,0.105000000000,-0.105000000000,True,10,5,2026-04-16T17:45:00Z,2026-04-16T17:55:00Z,ADVERSE_FIRST,2026-04-16T19:48:00Z,2026-04-16T17:54:00Z,ADVERSE_FIRST,2026-04-16T19:50:00Z,2026-04-16T17:54:00Z,ADVERSE_FIRST,,2026-04-16T17:54:00Z,ADVERSE_FIRST,,2026-04-16T17:54:00Z,ADVERSE_FIRST,2026-04-16T19:50:00Z,2026-04-16T17:55:00Z,ADVERSE_FIRST,,2026-04-16T17:55:00Z,ADVERSE_FIRST,,2026-04-16T17:55:00Z,ADVERSE_FIRST,,2026-04-16T17:55:00Z,ADVERSE_FIRST,,2026-04-16T17:55:00Z,2026-04-16T17:50:00Z,2026-04-16T17:55:00Z,ADVERSE_FIRST,2026-04-16T19:50:00Z,2026-04-16T17:52:00Z,ADVERSE_FIRST,,2026-04-16T17:52:00Z,ADVERSE_FIRST,,2026-04-16T17:52:00Z,ADVERSE_FIRST,,2026-04-16T17:52:00Z,ADVERSE_FIRST,,2026-04-16T17:52:00Z,ADVERSE_FIRST,,2026-04-16T17:52:00Z,ADVERSE_FIRST,,2026-04-16T17:52:00Z,ADVERSE_FIRST,,2026-04-16T17:52:00Z,ADVERSE_FIRST,,2026-04-16T17:52:00Z
SPY:2026-04-16:SHORT:2026-04-16T18:15:00+00:00:v1,2026-04-16,SHORT,700.390000000000,699.890000000000,-0.500000000000,0.500000000000,5,WORSE,0.916300000000,0.416300000000,1.550000000000,2.050000000000,-1.160000000000,-1.660000000000,0.500000000000,-0.500000000000,True,20,15,2026-04-16T18:20:00Z,2026-04-16T18:40:00Z,FAVORABLE_FIRST,2026-04-16T18:23:00Z,2026-04-16T18:39:00Z,FAVORABLE_FIRST,2026-04-16T18:24:00Z,2026-04-16T18:39:00Z,FAVORABLE_FIRST,2026-04-16T18:27:00Z,2026-04-16T18:39:00Z,ADVERSE_FIRST,,2026-04-16T18:39:00Z,FAVORABLE_FIRST,2026-04-16T18:24:00Z,2026-04-16T18:39:00Z,FAVORABLE_FIRST,2026-04-16T18:27:00Z,2026-04-16T18:39:00Z,ADVERSE_FIRST,,2026-04-16T18:39:00Z,ADVERSE_FIRST,,2026-04-16T18:39:00Z,ADVERSE_FIRST,,2026-04-16T18:39:00Z,2026-04-16T18:25:00Z,2026-04-16T18:40:00Z,FAVORABLE_FIRST,2026-04-16T18:27:00Z,2026-04-16T18:31:00Z,ADVERSE_FIRST,,2026-04-16T18:31:00Z,ADVERSE_FIRST,,2026-04-16T18:31:00Z,ADVERSE_FIRST,,2026-04-16T18:31:00Z,ADVERSE_FIRST,,2026-04-16T18:31:00Z,ADVERSE_FIRST,,2026-04-16T18:31:00Z,ADVERSE_FIRST,,2026-04-16T18:31:00Z,ADVERSE_FIRST,,2026-04-16T18:31:00Z,ADVERSE_FIRST,,2026-04-16T18:31:00Z
SPY:2026-04-16:LONG:2026-04-16T19:35:00+00:00:v1,2026-04-16,LONG,701.400000000000,701.310000000000,-0.090000000000,-0.090000000000,5,BETTER,0.540000000000,0.630000000000,0.260000000000,0,0.150000000000,0.240000000000,-0.090000000000,0.260000000000,True,,,2026-04-16T19:40:00Z,,ADVERSE_FIRST,2026-04-16T19:48:00Z,2026-04-16T19:45:00Z,ADVERSE_FIRST,2026-04-16T19:50:00Z,2026-04-16T19:45:00Z,ADVERSE_FIRST,,2026-04-16T19:45:00Z,ADVERSE_FIRST,,2026-04-16T19:45:00Z,FAVORABLE_FIRST,2026-04-16T19:50:00Z,,NEITHER,,,NEITHER,,,NEITHER,,,NEITHER,,,2026-04-16T19:45:00Z,,FAVORABLE_FIRST,2026-04-16T19:46:00Z,,FAVORABLE_FIRST,2026-04-16T19:50:00Z,,NEITHER,,,NEITHER,,,FAVORABLE_FIRST,2026-04-16T19:50:00Z,,NEITHER,,,NEITHER,,,NEITHER,,,NEITHER,,
SPY:2026-04-17:LONG:2026-04-17T13:50:00+00:00:v1,2026-04-17,LONG,707.720000000000,708.330100000000,0.610100000000,0.610100000000,5,WORSE,4.670000000000,4.059900000000,0.210000000000,0,2.320000000000,1.709900000000,0.610100000000,0.210000000000,True,,,2026-04-17T13:55:00Z,,FAVORABLE_FIRST,2026-04-17T13:56:00Z,,FAVORABLE_FIRST,2026-04-17T13:57:00Z,,FAVORABLE_FIRST,2026-04-17T14:00:00Z,,FAVORABLE_FIRST,2026-04-17T14:04:00Z,,FAVORABLE_FIRST,2026-04-17T13:57:00Z,,FAVORABLE_FIRST,2026-04-17T14:00:00Z,,FAVORABLE_FIRST,2026-04-17T14:04:00Z,,FAVORABLE_FIRST,2026-04-17T14:10:00Z,,FAVORABLE_FIRST,2026-04-17T14:32:00Z,,2026-04-17T14:00:00Z,,FAVORABLE_FIRST,2026-04-17T14:01:00Z,,FAVORABLE_FIRST,2026-04-17T14:04:00Z,,FAVORABLE_FIRST,2026-04-17T14:05:00Z,,FAVORABLE_FIRST,2026-04-17T14:10:00Z,,FAVORABLE_FIRST,2026-04-17T14:04:00Z,,FAVORABLE_FIRST,2026-04-17T14:05:00Z,,FAVORABLE_FIRST,2026-04-17T14:10:00Z,,FAVORABLE_FIRST,2026-04-17T14:33:00Z,,FAVORABLE_FIRST,2026-04-17T14:40:00Z,
SPY:2026-04-20:LONG:2026-04-20T13:54:00+00:00:v1,2026-04-20,LONG,709.345100000000,709.670000000000,0.324900000000,0.324900000000,5,WORSE,0.564900000000,0.040000000000,3.205100000000,3.530000000000,-0.655100000000,-0.980000000000,0.524900000000,-0.324900000000,True,10,5,2026-04-20T13:55:00Z,2026-04-20T14:05:00Z,FAVORABLE_FIRST,2026-04-20T13:56:00Z,2026-04-20T14:03:00Z,FAVORABLE_FIRST,2026-04-20T13:56:00Z,2026-04-20T14:03:00Z,ADVERSE_FIRST,,2026-04-20T14:03:00Z,ADVERSE_FIRST,,2026-04-20T14:03:00Z,FAVORABLE_FIRST,2026-04-20T13:56:00Z,2026-04-20T14:08:00Z,ADVERSE_FIRST,,2026-04-20T14:08:00Z,ADVERSE_FIRST,,2026-04-20T14:08:00Z,ADVERSE_FIRST,,2026-04-20T14:08:00Z,ADVERSE_FIRST,,2026-04-20T14:08:00Z,2026-04-20T14:00:00Z,2026-04-20T14:05:00Z,ADVERSE_FIRST,,2026-04-20T14:01:00Z,ADVERSE_FIRST,,2026-04-20T14:01:00Z,ADVERSE_FIRST,,2026-04-20T14:01:00Z,ADVERSE_FIRST,,2026-04-20T14:01:00Z,ADVERSE_FIRST,,2026-04-20T14:01:00Z,ADVERSE_FIRST,,2026-04-20T14:01:00Z,ADVERSE_FIRST,,2026-04-20T14:01:00Z,ADVERSE_FIRST,,2026-04-20T14:01:00Z,ADVERSE_FIRST,,2026-04-20T14:01:00Z
SPY:2026-04-20:SHORT:2026-04-20T14:50:00+00:00:v1,2026-04-20,SHORT,707.770000000000,707.140000000000,-0.630000000000,0.630000000000,5,WORSE,1.630000000000,1.000000000000,1.030000000000,1.660000000000,-0.920000000000,-1.550000000000,0.630000000000,-0.630000000000,True,205,200,2026-04-20T14:55:00Z,2026-04-20T18:20:00Z,FAVORABLE_FIRST,2026-04-20T14:56:00Z,2026-04-20T15:24:00Z,FAVORABLE_FIRST,2026-04-20T14:56:00Z,2026-04-20T15:24:00Z,FAVORABLE_FIRST,2026-04-20T14:56:00Z,2026-04-20T15:24:00Z,FAVORABLE_FIRST,2026-04-20T15:03:00Z,2026-04-20T15:24:00Z,FAVORABLE_FIRST,2026-04-20T14:56:00Z,2026-04-20T15:24:00Z,FAVORABLE_FIRST,2026-04-20T14:56:00Z,2026-04-20T15:24:00Z,FAVORABLE_FIRST,2026-04-20T15:03:00Z,2026-04-20T15:24:00Z,FAVORABLE_FIRST,2026-04-20T15:07:00Z,2026-04-20T15:24:00Z,ADVERSE_FIRST,,2026-04-20T15:24:00Z,2026-04-20T15:00:00Z,2026-04-20T18:20:00Z,FAVORABLE_FIRST,2026-04-20T15:03:00Z,2026-04-20T15:21:00Z,FAVORABLE_FIRST,2026-04-20T15:04:00Z,2026-04-20T15:21:00Z,FAVORABLE_FIRST,2026-04-20T15:06:00Z,2026-04-20T15:21:00Z,FAVORABLE_FIRST,2026-04-20T15:07:00Z,2026-04-20T15:21:00Z,FAVORABLE_FIRST,2026-04-20T15:04:00Z,2026-04-20T15:21:00Z,FAVORABLE_FIRST,2026-04-20T15:06:00Z,2026-04-20T15:21:00Z,FAVORABLE_FIRST,2026-04-20T15:07:00Z,2026-04-20T15:21:00Z,ADVERSE_FIRST,,2026-04-20T15:21:00Z,ADVERSE_FIRST,,2026-04-20T15:21:00Z
SPY:2026-04-20:SHORT:2026-04-20T18:26:00+00:00:v1,2026-04-20,SHORT,708.320000000000,708.300000000000,-0.020000000000,0.020000000000,5,WORSE,0.720000000000,0.700000000000,0.480000000000,0.500000000000,-0.370000000000,-0.390000000000,0.020000000000,-0.020000000000,True,25,20,2026-04-20T18:30:00Z,2026-04-20T18:55:00Z,FAVORABLE_FIRST,2026-04-20T18:32:00Z,2026-04-20T18:54:00Z,ADVERSE_FIRST,2026-04-20T19:34:00Z,2026-04-20T18:54:00Z,ADVERSE_FIRST,,2026-04-20T18:54:00Z,ADVERSE_FIRST,,2026-04-20T18:54:00Z,FAVORABLE_FIRST,2026-04-20T19:34:00Z,2026-04-20T19:59:00Z,ADVERSE_FIRST,,2026-04-20T19:59:00Z,ADVERSE_FIRST,,2026-04-20T19:59:00Z,ADVERSE_FIRST,,2026-04-20T19:59:00Z,ADVERSE_FIRST,,2026-04-20T19:59:00Z,2026-04-20T18:35:00Z,2026-04-20T18:55:00Z,FAVORABLE_FIRST,2026-04-20T18:36:00Z,2026-04-20T18:53:00Z,ADVERSE_FIRST,2026-04-20T19:34:00Z,2026-04-20T18:53:00Z,ADVERSE_FIRST,,2026-04-20T18:53:00Z,ADVERSE_FIRST,,2026-04-20T18:53:00Z,ADVERSE_FIRST,2026-04-20T19:34:00Z,2026-04-20T18:54:00Z,ADVERSE_FIRST,,2026-04-20T18:54:00Z,ADVERSE_FIRST,,2026-04-20T18:54:00Z,ADVERSE_FIRST,,2026-04-20T18:54:00Z,ADVERSE_FIRST,,2026-04-20T18:54:00Z
SPY:2026-04-20:SHORT:2026-04-20T18:57:00+00:00:v1,2026-04-20,SHORT,708.265000000000,708.260000000000,-0.005000000000,0.005000000000,5,UNCHANGED_WITHIN_ONE_CENT,0.665000000000,0.660000000000,0.535000000000,0.540000000000,-0.425000000000,-0.430000000000,0.005000000000,-0.005000000000,True,10,5,2026-04-20T19:00:00Z,2026-04-20T19:10:00Z,ADVERSE_FIRST,2026-04-20T19:26:00Z,2026-04-20T19:06:00Z,ADVERSE_FIRST,2026-04-20T19:35:00Z,2026-04-20T19:06:00Z,ADVERSE_FIRST,,2026-04-20T19:06:00Z,ADVERSE_FIRST,,2026-04-20T19:06:00Z,ADVERSE_FIRST,2026-04-20T19:35:00Z,2026-04-20T19:06:00Z,ADVERSE_FIRST,,2026-04-20T19:06:00Z,ADVERSE_FIRST,,2026-04-20T19:06:00Z,ADVERSE_FIRST,,2026-04-20T19:06:00Z,ADVERSE_FIRST,,2026-04-20T19:06:00Z,2026-04-20T19:05:00Z,2026-04-20T19:10:00Z,ADVERSE_FIRST,2026-04-20T19:26:00Z,2026-04-20T19:06:00Z,ADVERSE_FIRST,2026-04-20T19:35:00Z,2026-04-20T19:06:00Z,ADVERSE_FIRST,,2026-04-20T19:06:00Z,ADVERSE_FIRST,,2026-04-20T19:06:00Z,ADVERSE_FIRST,2026-04-20T19:35:00Z,2026-04-20T19:06:00Z,ADVERSE_FIRST,,2026-04-20T19:06:00Z,ADVERSE_FIRST,,2026-04-20T19:06:00Z,ADVERSE_FIRST,,2026-04-20T19:06:00Z,ADVERSE_FIRST,,2026-04-20T19:06:00Z
SPY:2026-04-20:SHORT:2026-04-20T19:15:00+00:00:v1,2026-04-20,SHORT,708.320000000000,708.150000000000,-0.170000000000,0.170000000000,5,WORSE,0.720000000000,0.550000000000,0.480000000000,0.650000000000,-0.370000000000,-0.540000000000,0.170000000000,-0.170000000000,True,40,35,2026-04-20T19:20:00Z,2026-04-20T20:00:00Z,FAVORABLE_FIRST,2026-04-20T19:25:00Z,2026-04-20T19:59:00Z,FAVORABLE_FIRST,2026-04-20T19:34:00Z,2026-04-20T19:59:00Z,ADVERSE_FIRST,,2026-04-20T19:59:00Z,ADVERSE_FIRST,,2026-04-20T19:59:00Z,FAVORABLE_FIRST,2026-04-20T19:34:00Z,2026-04-20T19:59:00Z,ADVERSE_FIRST,,2026-04-20T19:59:00Z,ADVERSE_FIRST,,2026-04-20T19:59:00Z,ADVERSE_FIRST,,2026-04-20T19:59:00Z,ADVERSE_FIRST,,2026-04-20T19:59:00Z,2026-04-20T19:25:00Z,2026-04-20T20:00:00Z,FAVORABLE_FIRST,2026-04-20T19:33:00Z,2026-04-20T19:58:00Z,FAVORABLE_FIRST,2026-04-20T19:44:00Z,2026-04-20T19:58:00Z,ADVERSE_FIRST,,2026-04-20T19:58:00Z,ADVERSE_FIRST,,2026-04-20T19:58:00Z,FAVORABLE_FIRST,2026-04-20T19:44:00Z,2026-04-20T19:58:00Z,ADVERSE_FIRST,,2026-04-20T19:58:00Z,ADVERSE_FIRST,,2026-04-20T19:58:00Z,ADVERSE_FIRST,,2026-04-20T19:58:00Z,ADVERSE_FIRST,,2026-04-20T19:58:00Z
SPY:2026-04-21:LONG:2026-04-21T13:52:00+00:00:v1,2026-04-21,LONG,710.640100000000,710.750000000000,0.109900000000,0.109900000000,5,WORSE,0.634900000000,0.525000000000,8.000100000000,8.110000000000,-6.490100000000,-6.600000000000,0.109900000000,-0.109900000000,True,30,25,2026-04-21T13:55:00Z,2026-04-21T14:25:00Z,FAVORABLE_FIRST,2026-04-21T14:00:00Z,2026-04-21T14:20:00Z,FAVORABLE_FIRST,2026-04-21T14:09:00Z,2026-04-21T14:20:00Z,ADVERSE_FIRST,,2026-04-21T14:20:00Z,ADVERSE_FIRST,,2026-04-21T14:20:00Z,FAVORABLE_FIRST,2026-04-21T14:09:00Z,2026-04-21T14:23:00Z,ADVERSE_FIRST,,2026-04-21T14:23:00Z,ADVERSE_FIRST,,2026-04-21T14:23:00Z,ADVERSE_FIRST,,2026-04-21T14:23:00Z,ADVERSE_FIRST,,2026-04-21T14:23:00Z,2026-04-21T14:00:00Z,2026-04-21T14:25:00Z,FAVORABLE_FIRST,2026-04-21T14:08:00Z,2026-04-21T14:20:00Z,FAVORABLE_FIRST,2026-04-21T14:15:00Z,2026-04-21T14:20:00Z,ADVERSE_FIRST,,2026-04-21T14:20:00Z,ADVERSE_FIRST,,2026-04-21T14:20:00Z,FAVORABLE_FIRST,2026-04-21T14:15:00Z,2026-04-21T14:20:00Z,ADVERSE_FIRST,,2026-04-21T14:20:00Z,ADVERSE_FIRST,,2026-04-21T14:20:00Z,ADVERSE_FIRST,,2026-04-21T14:20:00Z,ADVERSE_FIRST,,2026-04-21T14:20:00Z
SPY:2026-04-21:SHORT:2026-04-21T14:50:00+00:00:v1,2026-04-21,SHORT,709.035000000000,707.590000000000,-1.445000000000,1.445000000000,5,WORSE,6.395000000000,4.950000000000,0,0.610000000000,4.885000000000,3.440000000000,1.445000000000,-0.610000000000,True,,,2026-04-21T14:55:00Z,,FAVORABLE_FIRST,2026-04-21T14:56:00Z,,FAVORABLE_FIRST,2026-04-21T14:57:00Z,,FAVORABLE_FIRST,2026-04-21T14:58:00Z,,FAVORABLE_FIRST,2026-04-21T14:58:00Z,,FAVORABLE_FIRST,2026-04-21T14:57:00Z,,FAVORABLE_FIRST,2026-04-21T14:58:00Z,,FAVORABLE_FIRST,2026-04-21T14:58:00Z,,FAVORABLE_FIRST,2026-04-21T14:59:00Z,,FAVORABLE_FIRST,2026-04-21T15:00:00Z,,2026-04-21T15:00:00Z,,FAVORABLE_FIRST,2026-04-21T15:01:00Z,2026-04-21T15:09:00Z,FAVORABLE_FIRST,2026-04-21T15:01:00Z,2026-04-21T15:09:00Z,FAVORABLE_FIRST,2026-04-21T15:01:00Z,2026-04-21T15:09:00Z,FAVORABLE_FIRST,2026-04-21T15:03:00Z,2026-04-21T15:09:00Z,FAVORABLE_FIRST,2026-04-21T15:01:00Z,2026-04-21T15:10:00Z,FAVORABLE_FIRST,2026-04-21T15:01:00Z,2026-04-21T15:10:00Z,FAVORABLE_FIRST,2026-04-21T15:03:00Z,2026-04-21T15:10:00Z,ADVERSE_FIRST,2026-04-21T15:36:00Z,2026-04-21T15:10:00Z,ADVERSE_FIRST,2026-04-21T16:59:00Z,2026-04-21T15:10:00Z
SPY:2026-04-22:LONG:2026-04-22T13:59:00+00:00:v1,2026-04-22,LONG,709.390000000000,709.389900000000,-0.000100000000,-0.000100000000,5,UNCHANGED_WITHIN_ONE_CENT,2.060000000000,2.060100000000,0.630000000000,0.629900000000,1.820000000000,1.820100000000,-0.000100000000,0.000100000000,True,105,100,2026-04-22T14:00:00Z,2026-04-22T15:45:00Z,FAVORABLE_FIRST,2026-04-22T14:01:00Z,2026-04-22T14:05:00Z,FAVORABLE_FIRST,2026-04-22T14:01:00Z,2026-04-22T14:05:00Z,ADVERSE_FIRST,2026-04-22T14:14:00Z,2026-04-22T14:05:00Z,ADVERSE_FIRST,2026-04-22T14:15:00Z,2026-04-22T14:05:00Z,FAVORABLE_FIRST,2026-04-22T14:01:00Z,2026-04-22T14:05:00Z,ADVERSE_FIRST,2026-04-22T14:14:00Z,2026-04-22T14:05:00Z,ADVERSE_FIRST,2026-04-22T14:15:00Z,2026-04-22T14:05:00Z,ADVERSE_FIRST,2026-04-22T19:50:00Z,2026-04-22T14:05:00Z,ADVERSE_FIRST,2026-04-22T19:59:00Z,2026-04-22T14:05:00Z,2026-04-22T14:05:00Z,2026-04-22T15:45:00Z,ADVERSE_FIRST,2026-04-22T14:07:00Z,2026-04-22T14:06:00Z,ADVERSE_FIRST,2026-04-22T14:10:00Z,2026-04-22T14:06:00Z,ADVERSE_FIRST,2026-04-22T14:14:00Z,2026-04-22T14:06:00Z,ADVERSE_FIRST,2026-04-22T14:15:00Z,2026-04-22T14:06:00Z,ADVERSE_FIRST,2026-04-22T14:10:00Z,2026-04-22T14:06:00Z,ADVERSE_FIRST,2026-04-22T14:14:00Z,2026-04-22T14:06:00Z,ADVERSE_FIRST,2026-04-22T14:15:00Z,2026-04-22T14:06:00Z,ADVERSE_FIRST,2026-04-22T19:50:00Z,2026-04-22T14:06:00Z,ADVERSE_FIRST,2026-04-22T19:59:00Z,2026-04-22T14:06:00Z
SPY:2026-04-22:LONG:2026-04-22T15:45:00+00:00:v1,2026-04-22,LONG,709.760000000000,709.680000000000,-0.080000000000,-0.080000000000,5,BETTER,1.690000000000,1.770000000000,0.960000000000,0.880000000000,1.450000000000,1.530000000000,-0.080000000000,0.080000000000,True,40,35,2026-04-22T15:50:00Z,2026-04-22T16:30:00Z,ADVERSE_FIRST,2026-04-22T15:56:00Z,2026-04-22T15:52:00Z,ADVERSE_FIRST,2026-04-22T17:10:00Z,2026-04-22T15:52:00Z,ADVERSE_FIRST,2026-04-22T19:25:00Z,2026-04-22T15:52:00Z,ADVERSE_FIRST,2026-04-22T19:50:00Z,2026-04-22T15:52:00Z,ADVERSE_FIRST,2026-04-22T17:10:00Z,2026-04-22T16:01:00Z,ADVERSE_FIRST,2026-04-22T19:25:00Z,2026-04-22T16:01:00Z,ADVERSE_FIRST,2026-04-22T19:50:00Z,2026-04-22T16:01:00Z,ADVERSE_FIRST,2026-04-22T19:54:00Z,2026-04-22T16:01:00Z,ADVERSE_FIRST,,2026-04-22T16:01:00Z,2026-04-22T15:55:00Z,2026-04-22T16:30:00Z,FAVORABLE_FIRST,2026-04-22T15:56:00Z,2026-04-22T16:01:00Z,ADVERSE_FIRST,2026-04-22T17:10:00Z,2026-04-22T16:01:00Z,ADVERSE_FIRST,2026-04-22T19:20:00Z,2026-04-22T16:01:00Z,ADVERSE_FIRST,2026-04-22T19:47:00Z,2026-04-22T16:01:00Z,ADVERSE_FIRST,2026-04-22T17:10:00Z,2026-04-22T16:29:00Z,ADVERSE_FIRST,2026-04-22T19:20:00Z,2026-04-22T16:29:00Z,ADVERSE_FIRST,2026-04-22T19:47:00Z,2026-04-22T16:29:00Z,ADVERSE_FIRST,2026-04-22T19:54:00Z,2026-04-22T16:29:00Z,ADVERSE_FIRST,,2026-04-22T16:29:00Z
SPY:2026-04-22:LONG:2026-04-22T17:01:00+00:00:v1,2026-04-22,LONG,709.610000000000,709.770100000000,0.160100000000,0.160100000000,5,WORSE,1.840000000000,1.679900000000,0.420000000000,0.580100000000,1.600000000000,1.439900000000,0.160100000000,-0.160100000000,True,,,2026-04-22T17:05:00Z,,FAVORABLE_FIRST,2026-04-22T17:10:00Z,2026-04-22T18:22:00Z,FAVORABLE_FIRST,2026-04-22T17:10:00Z,2026-04-22T18:22:00Z,FAVORABLE_FIRST,2026-04-22T17:10:00Z,2026-04-22T18:22:00Z,ADVERSE_FIRST,2026-04-22T19:47:00Z,2026-04-22T18:22:00Z,FAVORABLE_FIRST,2026-04-22T17:10:00Z,2026-04-22T18:22:00Z,FAVORABLE_FIRST,2026-04-22T17:10:00Z,2026-04-22T18:22:00Z,ADVERSE_FIRST,2026-04-22T19:47:00Z,2026-04-22T18:22:00Z,ADVERSE_FIRST,2026-04-22T19:51:00Z,2026-04-22T18:22:00Z,ADVERSE_FIRST,,2026-04-22T18:22:00Z,2026-04-22T17:10:00Z,,FAVORABLE_FIRST,2026-04-22T17:11:00Z,2026-04-22T18:20:00Z,FAVORABLE_FIRST,2026-04-22T17:22:00Z,2026-04-22T18:20:00Z,ADVERSE_FIRST,2026-04-22T19:25:00Z,2026-04-22T18:20:00Z,ADVERSE_FIRST,2026-04-22T19:50:00Z,2026-04-22T18:20:00Z,FAVORABLE_FIRST,2026-04-22T17:22:00Z,2026-04-22T18:20:00Z,ADVERSE_FIRST,2026-04-22T19:25:00Z,2026-04-22T18:20:00Z,ADVERSE_FIRST,2026-04-22T19:50:00Z,2026-04-22T18:20:00Z,ADVERSE_FIRST,2026-04-22T19:54:00Z,2026-04-22T18:20:00Z,ADVERSE_FIRST,,2026-04-22T18:20:00Z
SPY:2026-04-23:LONG:2026-04-23T13:36:00+00:00:v1,2026-04-23,LONG,710.270000000000,710.570000000000,0.300000000000,0.300000000000,5,WORSE,2.089800000000,1.789800000000,7.989700000000,8.289700000000,-1.830000000000,-2.130000000000,0.300000000000,-0.300000000000,True,25,20,2026-04-23T13:40:00Z,2026-04-23T14:05:00Z,FAVORABLE_FIRST,2026-04-23T13:41:00Z,2026-04-23T14:00:00Z,FAVORABLE_FIRST,2026-04-23T13:46:00Z,2026-04-23T14:00:00Z,FAVORABLE_FIRST,2026-04-23T13:48:00Z,2026-04-23T14:00:00Z,FAVORABLE_FIRST,2026-04-23T13:48:00Z,2026-04-23T14:00:00Z,FAVORABLE_FIRST,2026-04-23T13:46:00Z,2026-04-23T14:00:00Z,FAVORABLE_FIRST,2026-04-23T13:48:00Z,2026-04-23T14:00:00Z,FAVORABLE_FIRST,2026-04-23T13:48:00Z,2026-04-23T14:00:00Z,ADVERSE_FIRST,2026-04-23T14:56:00Z,2026-04-23T14:00:00Z,ADVERSE_FIRST,2026-04-23T15:26:00Z,2026-04-23T14:00:00Z,2026-04-23T13:45:00Z,2026-04-23T14:05:00Z,FAVORABLE_FIRST,2026-04-23T13:46:00Z,2026-04-23T13:50:00Z,FAVORABLE_FIRST,2026-04-23T13:48:00Z,2026-04-23T13:50:00Z,ADVERSE_FIRST,2026-04-23T14:52:00Z,2026-04-23T13:50:00Z,ADVERSE_FIRST,2026-04-23T14:55:00Z,2026-04-23T13:50:00Z,FAVORABLE_FIRST,2026-04-23T13:48:00Z,2026-04-23T13:50:00Z,ADVERSE_FIRST,2026-04-23T14:52:00Z,2026-04-23T13:50:00Z,ADVERSE_FIRST,2026-04-23T14:55:00Z,2026-04-23T13:50:00Z,ADVERSE_FIRST,2026-04-23T15:17:00Z,2026-04-23T13:50:00Z,ADVERSE_FIRST,,2026-04-23T13:50:00Z
SPY:2026-04-23:LONG:2026-04-23T14:05:00+00:00:v1,2026-04-23,LONG,710.275000000000,710.090500000000,-0.184500000000,-0.184500000000,5,BETTER,2.084800000000,2.269300000000,7.994700000000,7.810200000000,-1.835000000000,-1.650500000000,-0.184500000000,0.184500000000,True,175,170,2026-04-23T14:10:00Z,2026-04-23T17:05:00Z,ADVERSE_FIRST,2026-04-23T14:15:00Z,2026-04-23T14:11:00Z,ADVERSE_FIRST,2026-04-23T14:24:00Z,2026-04-23T14:11:00Z,ADVERSE_FIRST,2026-04-23T14:31:00Z,2026-04-23T14:11:00Z,ADVERSE_FIRST,2026-04-23T14:52:00Z,2026-04-23T14:11:00Z,ADVERSE_FIRST,2026-04-23T14:24:00Z,2026-04-23T14:14:00Z,ADVERSE_FIRST,2026-04-23T14:31:00Z,2026-04-23T14:14:00Z,ADVERSE_FIRST,2026-04-23T14:52:00Z,2026-04-23T14:14:00Z,ADVERSE_FIRST,2026-04-23T14:56:00Z,2026-04-23T14:14:00Z,ADVERSE_FIRST,2026-04-23T15:27:00Z,2026-04-23T14:14:00Z,2026-04-23T14:15:00Z,2026-04-23T17:05:00Z,FAVORABLE_FIRST,2026-04-23T14:16:00Z,2026-04-23T17:01:00Z,FAVORABLE_FIRST,2026-04-23T14:16:00Z,2026-04-23T17:01:00Z,FAVORABLE_FIRST,2026-04-23T14:24:00Z,2026-04-23T17:01:00Z,FAVORABLE_FIRST,2026-04-23T14:32:00Z,2026-04-23T17:01:00Z,FAVORABLE_FIRST,2026-04-23T14:16:00Z,2026-04-23T17:01:00Z,FAVORABLE_FIRST,2026-04-23T14:24:00Z,2026-04-23T17:01:00Z,FAVORABLE_FIRST,2026-04-23T14:32:00Z,2026-04-23T17:01:00Z,FAVORABLE_FIRST,2026-04-23T14:55:00Z,2026-04-23T17:01:00Z,FAVORABLE_FIRST,2026-04-23T15:17:00Z,2026-04-23T17:01:00Z
SPY:2026-04-23:SHORT:2026-04-23T17:05:00+00:00:v1,2026-04-23,SHORT,707.930000000000,707.740000000000,-0.190000000000,0.190000000000,5,WORSE,5.649700000000,5.459700000000,1.550000000000,1.740000000000,-0.510000000000,-0.700000000000,0.190000000000,-0.190000000000,True,,,2026-04-23T17:10:00Z,,AMBIGUOUS_SAME_BAR,2026-04-23T17:11:00Z,2026-04-23T17:11:00Z,ADVERSE_FIRST,2026-04-23T17:12:00Z,2026-04-23T17:11:00Z,ADVERSE_FIRST,2026-04-23T17:15:00Z,2026-04-23T17:11:00Z,ADVERSE_FIRST,2026-04-23T17:16:00Z,2026-04-23T17:11:00Z,FAVORABLE_FIRST,2026-04-23T17:12:00Z,2026-04-23T18:10:00Z,FAVORABLE_FIRST,2026-04-23T17:15:00Z,2026-04-23T18:10:00Z,FAVORABLE_FIRST,2026-04-23T17:16:00Z,2026-04-23T18:10:00Z,FAVORABLE_FIRST,2026-04-23T17:17:00Z,2026-04-23T18:10:00Z,FAVORABLE_FIRST,2026-04-23T17:28:00Z,2026-04-23T18:10:00Z,2026-04-23T17:15:00Z,,FAVORABLE_FIRST,2026-04-23T17:16:00Z,2026-04-23T18:10:00Z,FAVORABLE_FIRST,2026-04-23T17:16:00Z,2026-04-23T18:10:00Z,FAVORABLE_FIRST,2026-04-23T17:16:00Z,2026-04-23T18:10:00Z,FAVORABLE_FIRST,2026-04-23T17:16:00Z,2026-04-23T18:10:00Z,FAVORABLE_FIRST,2026-04-23T17:16:00Z,2026-04-23T18:10:00Z,FAVORABLE_FIRST,2026-04-23T17:16:00Z,2026-04-23T18:10:00Z,FAVORABLE_FIRST,2026-04-23T17:16:00Z,2026-04-23T18:10:00Z,FAVORABLE_FIRST,2026-04-23T17:19:00Z,2026-04-23T18:10:00Z,FAVORABLE_FIRST,2026-04-23T17:37:00Z,2026-04-23T18:10:00Z
SPY:2026-04-24:LONG:2026-04-24T14:55:00+00:00:v1,2026-04-24,LONG,711.420000000000,711.450000000000,0.030000000000,0.030000000000,5,WORSE,3.050000000000,3.020000000000,0.230000000000,0.260000000000,2.560000000000,2.530000000000,0.030000000000,-0.030000000000,True,,,2026-04-24T15:00:00Z,,FAVORABLE_FIRST,2026-04-24T15:10:00Z,,FAVORABLE_FIRST,2026-04-24T15:21:00Z,,FAVORABLE_FIRST,2026-04-24T15:44:00Z,,FAVORABLE_FIRST,2026-04-24T15:44:00Z,,FAVORABLE_FIRST,2026-04-24T15:21:00Z,,FAVORABLE_FIRST,2026-04-24T15:44:00Z,,FAVORABLE_FIRST,2026-04-24T15:44:00Z,,FAVORABLE_FIRST,2026-04-24T15:44:00Z,,FAVORABLE_FIRST,2026-04-24T15:44:00Z,,2026-04-24T15:05:00Z,,ADVERSE_FIRST,2026-04-24T15:10:00Z,2026-04-24T15:07:00Z,ADVERSE_FIRST,2026-04-24T15:22:00Z,2026-04-24T15:07:00Z,ADVERSE_FIRST,2026-04-24T15:44:00Z,2026-04-24T15:07:00Z,ADVERSE_FIRST,2026-04-24T15:44:00Z,2026-04-24T15:07:00Z,FAVORABLE_FIRST,2026-04-24T15:22:00Z,,FAVORABLE_FIRST,2026-04-24T15:44:00Z,,FAVORABLE_FIRST,2026-04-24T15:44:00Z,,FAVORABLE_FIRST,2026-04-24T15:44:00Z,,FAVORABLE_FIRST,2026-04-24T15:44:00Z,
SPY:2026-04-27:SHORT:2026-04-27T15:15:00+00:00:v1,2026-04-27,SHORT,712.840000000000,712.555000000000,-0.285000000000,0.285000000000,5,WORSE,0.545000000000,0.125000000000,2.790000000000,3.075000000000,-2.310000000000,-2.595000000000,0.420000000000,-0.285000000000,True,10,5,2026-04-27T15:20:00Z,2026-04-27T15:30:00Z,FAVORABLE_FIRST,2026-04-27T15:21:00Z,2026-04-27T15:30:00Z,FAVORABLE_FIRST,2026-04-27T15:22:00Z,2026-04-27T15:30:00Z,ADVERSE_FIRST,,2026-04-27T15:30:00Z,ADVERSE_FIRST,,2026-04-27T15:30:00Z,FAVORABLE_FIRST,2026-04-27T15:22:00Z,2026-04-27T15:30:00Z,ADVERSE_FIRST,,2026-04-27T15:30:00Z,ADVERSE_FIRST,,2026-04-27T15:30:00Z,ADVERSE_FIRST,,2026-04-27T15:30:00Z,ADVERSE_FIRST,,2026-04-27T15:30:00Z,2026-04-27T15:25:00Z,2026-04-27T15:30:00Z,ADVERSE_FIRST,,2026-04-27T15:27:00Z,ADVERSE_FIRST,,2026-04-27T15:27:00Z,ADVERSE_FIRST,,2026-04-27T15:27:00Z,ADVERSE_FIRST,,2026-04-27T15:27:00Z,ADVERSE_FIRST,,2026-04-27T15:27:00Z,ADVERSE_FIRST,,2026-04-27T15:27:00Z,ADVERSE_FIRST,,2026-04-27T15:27:00Z,ADVERSE_FIRST,,2026-04-27T15:27:00Z,ADVERSE_FIRST,,2026-04-27T15:27:00Z
SPY:2026-04-27:LONG:2026-04-27T16:34:00+00:00:v1,2026-04-27,LONG,714.150000000000,714.280000000000,0.130000000000,0.130000000000,5,WORSE,1.480000000000,1.350000000000,0.290000000000,0.420000000000,1.000000000000,0.870000000000,0.130000000000,-0.130000000000,True,10,5,2026-04-27T16:35:00Z,2026-04-27T16:45:00Z,ADVERSE_FIRST,2026-04-27T17:15:00Z,2026-04-27T16:57:00Z,ADVERSE_FIRST,2026-04-27T17:23:00Z,2026-04-27T16:57:00Z,ADVERSE_FIRST,2026-04-27T17:31:00Z,2026-04-27T16:57:00Z,ADVERSE_FIRST,2026-04-27T17:33:00Z,2026-04-27T16:57:00Z,FAVORABLE_FIRST,2026-04-27T17:23:00Z,,FAVORABLE_FIRST,2026-04-27T17:31:00Z,,FAVORABLE_FIRST,2026-04-27T17:33:00Z,,NEITHER,,,NEITHER,,,2026-04-27T16:40:00Z,2026-04-27T16:45:00Z,ADVERSE_FIRST,2026-04-27T17:23:00Z,2026-04-27T16:54:00Z,ADVERSE_FIRST,2026-04-27T17:30:00Z,2026-04-27T16:54:00Z,ADVERSE_FIRST,2026-04-27T17:33:00Z,2026-04-27T16:54:00Z,ADVERSE_FIRST,2026-04-27T19:32:00Z,2026-04-27T16:54:00Z,ADVERSE_FIRST,2026-04-27T17:30:00Z,2026-04-27T16:55:00Z,ADVERSE_FIRST,2026-04-27T17:33:00Z,2026-04-27T16:55:00Z,ADVERSE_FIRST,2026-04-27T19:32:00Z,2026-04-27T16:55:00Z,ADVERSE_FIRST,,2026-04-27T16:55:00Z,ADVERSE_FIRST,,2026-04-27T16:55:00Z
SPY:2026-04-27:LONG:2026-04-27T17:00:00+00:00:v1,2026-04-27,LONG,714.230000000000,714.215000000000,-0.015000000000,-0.015000000000,5,BETTER,1.400000000000,1.415000000000,0.350000000000,0.335000000000,0.920000000000,0.935000000000,-0.015000000000,0.015000000000,True,15,10,2026-04-27T17:05:00Z,2026-04-27T17:20:00Z,ADVERSE_FIRST,2026-04-27T17:23:00Z,2026-04-27T17:18:00Z,ADVERSE_FIRST,2026-04-27T17:23:00Z,2026-04-27T17:18:00Z,ADVERSE_FIRST,2026-04-27T17:33:00Z,2026-04-27T17:18:00Z,ADVERSE_FIRST,2026-04-27T18:19:00Z,2026-04-27T17:18:00Z,ADVERSE_FIRST,2026-04-27T17:23:00Z,2026-04-27T17:18:00Z,ADVERSE_FIRST,2026-04-27T17:33:00Z,2026-04-27T17:18:00Z,ADVERSE_FIRST,2026-04-27T18:19:00Z,2026-04-27T17:18:00Z,ADVERSE_FIRST,,2026-04-27T17:18:00Z,ADVERSE_FIRST,,2026-04-27T17:18:00Z,2026-04-27T17:10:00Z,2026-04-27T17:20:00Z,ADVERSE_FIRST,2026-04-27T17:23:00Z,2026-04-27T17:18:00Z,ADVERSE_FIRST,2026-04-27T17:23:00Z,2026-04-27T17:18:00Z,ADVERSE_FIRST,2026-04-27T17:32:00Z,2026-04-27T17:18:00Z,ADVERSE_FIRST,2026-04-27T18:19:00Z,2026-04-27T17:18:00Z,ADVERSE_FIRST,2026-04-27T17:23:00Z,2026-04-27T17:18:00Z,ADVERSE_FIRST,2026-04-27T17:32:00Z,2026-04-27T17:18:00Z,ADVERSE_FIRST,2026-04-27T18:19:00Z,2026-04-27T17:18:00Z,ADVERSE_FIRST,,2026-04-27T17:18:00Z,ADVERSE_FIRST,,2026-04-27T17:18:00Z
SPY:2026-04-27:LONG:2026-04-27T17:20:00+00:00:v1,2026-04-27,LONG,714.370000000000,714.600000000000,0.230000000000,0.230000000000,5,WORSE,1.260000000000,1.030000000000,0,0,0.780000000000,0.550000000000,0.230000000000,0,True,,,2026-04-27T17:25:00Z,,FAVORABLE_FIRST,2026-04-27T17:26:00Z,,FAVORABLE_FIRST,2026-04-27T17:31:00Z,,FAVORABLE_FIRST,2026-04-27T17:33:00Z,,FAVORABLE_FIRST,2026-04-27T19:45:00Z,,FAVORABLE_FIRST,2026-04-27T17:31:00Z,,FAVORABLE_FIRST,2026-04-27T17:33:00Z,,FAVORABLE_FIRST,2026-04-27T19:45:00Z,,NEITHER,,,NEITHER,,,2026-04-27T17:30:00Z,,FAVORABLE_FIRST,2026-04-27T17:31:00Z,,FAVORABLE_FIRST,2026-04-27T17:33:00Z,,FAVORABLE_FIRST,2026-04-27T19:45:00Z,,FAVORABLE_FIRST,2026-04-27T19:50:00Z,,FAVORABLE_FIRST,2026-04-27T17:33:00Z,,FAVORABLE_FIRST,2026-04-27T19:45:00Z,,FAVORABLE_FIRST,2026-04-27T19:50:00Z,,NEITHER,,,NEITHER,,
SPY:2026-04-28:LONG:2026-04-28T13:40:00+00:00:v1,2026-04-28,LONG,712.400000000000,712.250000000000,-0.150000000000,-0.150000000000,5,BETTER,0.210000000000,0.150000000000,3.150000000000,3.000000000000,-0.720000000000,-0.570000000000,0.060000000000,0.150000000000,True,10,5,2026-04-28T13:45:00Z,2026-04-28T13:55:00Z,ADVERSE_FIRST,,2026-04-28T13:49:00Z,ADVERSE_FIRST,,2026-04-28T13:49:00Z,ADVERSE_FIRST,,2026-04-28T13:49:00Z,ADVERSE_FIRST,,2026-04-28T13:49:00Z,ADVERSE_FIRST,,2026-04-28T13:49:00Z,ADVERSE_FIRST,,2026-04-28T13:49:00Z,ADVERSE_FIRST,,2026-04-28T13:49:00Z,ADVERSE_FIRST,,2026-04-28T13:49:00Z,ADVERSE_FIRST,,2026-04-28T13:49:00Z,2026-04-28T13:50:00Z,2026-04-28T13:55:00Z,ADVERSE_FIRST,,2026-04-28T13:52:00Z,ADVERSE_FIRST,,2026-04-28T13:52:00Z,ADVERSE_FIRST,,2026-04-28T13:52:00Z,ADVERSE_FIRST,,2026-04-28T13:52:00Z,ADVERSE_FIRST,,2026-04-28T13:52:00Z,ADVERSE_FIRST,,2026-04-28T13:52:00Z,ADVERSE_FIRST,,2026-04-28T13:52:00Z,ADVERSE_FIRST,,2026-04-28T13:52:00Z,ADVERSE_FIRST,,2026-04-28T13:52:00Z
SPY:2026-04-28:SHORT:2026-04-28T14:35:00+00:00:v1,2026-04-28,SHORT,710.089000000000,710.460000000000,0.371000000000,-0.371000000000,5,BETTER,0.839000000000,1.210000000000,2.101000000000,1.730000000000,-1.591000000000,-1.220000000000,-0.371000000000,0.371000000000,True,195,190,2026-04-28T14:40:00Z,2026-04-28T17:55:00Z,AMBIGUOUS_SAME_BAR,2026-04-28T14:41:00Z,2026-04-28T14:41:00Z,ADVERSE_FIRST,2026-04-28T14:50:00Z,2026-04-28T14:41:00Z,ADVERSE_FIRST,2026-04-28T14:51:00Z,2026-04-28T14:41:00Z,ADVERSE_FIRST,,2026-04-28T14:41:00Z,ADVERSE_FIRST,2026-04-28T14:50:00Z,2026-04-28T14:41:00Z,ADVERSE_FIRST,2026-04-28T14:51:00Z,2026-04-28T14:41:00Z,ADVERSE_FIRST,,2026-04-28T14:41:00Z,ADVERSE_FIRST,,2026-04-28T14:41:00Z,ADVERSE_FIRST,,2026-04-28T14:41:00Z,2026-04-28T14:45:00Z,2026-04-28T17:55:00Z,FAVORABLE_FIRST,2026-04-28T14:46:00Z,2026-04-28T15:00:00Z,FAVORABLE_FIRST,2026-04-28T14:46:00Z,2026-04-28T15:00:00Z,FAVORABLE_FIRST,2026-04-28T14:50:00Z,2026-04-28T15:00:00Z,FAVORABLE_FIRST,2026-04-28T14:51:00Z,2026-04-28T15:00:00Z,FAVORABLE_FIRST,2026-04-28T14:46:00Z,2026-04-28T15:00:00Z,FAVORABLE_FIRST,2026-04-28T14:50:00Z,2026-04-28T15:00:00Z,FAVORABLE_FIRST,2026-04-28T14:51:00Z,2026-04-28T15:00:00Z,ADVERSE_FIRST,,2026-04-28T15:00:00Z,ADVERSE_FIRST,,2026-04-28T15:00:00Z
SPY:2026-04-29:LONG:2026-04-29T14:22:00+00:00:v1,2026-04-29,LONG,711.340000000000,711.480000000000,0.140000000000,0.140000000000,5,WORSE,0.860000000000,0.720000000000,2.970000000000,3.110000000000,0.250000000000,0.110000000000,0.140000000000,-0.140000000000,True,40,35,2026-04-29T14:25:00Z,2026-04-29T15:05:00Z,FAVORABLE_FIRST,2026-04-29T14:27:00Z,2026-04-29T15:02:00Z,FAVORABLE_FIRST,2026-04-29T14:33:00Z,2026-04-29T15:02:00Z,FAVORABLE_FIRST,2026-04-29T14:35:00Z,2026-04-29T15:02:00Z,ADVERSE_FIRST,,2026-04-29T15:02:00Z,FAVORABLE_FIRST,2026-04-29T14:33:00Z,2026-04-29T15:03:00Z,FAVORABLE_FIRST,2026-04-29T14:35:00Z,2026-04-29T15:03:00Z,ADVERSE_FIRST,,2026-04-29T15:03:00Z,ADVERSE_FIRST,,2026-04-29T15:03:00Z,ADVERSE_FIRST,,2026-04-29T15:03:00Z,2026-04-29T14:30:00Z,2026-04-29T15:05:00Z,FAVORABLE_FIRST,2026-04-29T14:32:00Z,2026-04-29T15:01:00Z,FAVORABLE_FIRST,2026-04-29T14:35:00Z,2026-04-29T15:01:00Z,ADVERSE_FIRST,,2026-04-29T15:01:00Z,ADVERSE_FIRST,,2026-04-29T15:01:00Z,FAVORABLE_FIRST,2026-04-29T14:35:00Z,2026-04-29T15:01:00Z,ADVERSE_FIRST,,2026-04-29T15:01:00Z,ADVERSE_FIRST,,2026-04-29T15:01:00Z,ADVERSE_FIRST,,2026-04-29T15:01:00Z,ADVERSE_FIRST,,2026-04-29T15:01:00Z
SPY:2026-04-29:SHORT:2026-04-29T16:28:00+00:00:v1,2026-04-29,SHORT,709.750000000000,709.090000000000,-0.660000000000,0.660000000000,5,WORSE,1.380000000000,0.720000000000,1.870000000000,2.530000000000,-1.840000000000,-2.500000000000,0.660000000000,-0.660000000000,True,65,60,2026-04-29T16:30:00Z,2026-04-29T17:35:00Z,FAVORABLE_FIRST,2026-04-29T16:31:00Z,2026-04-29T16:51:00Z,FAVORABLE_FIRST,2026-04-29T16:31:00Z,2026-04-29T16:51:00Z,FAVORABLE_FIRST,2026-04-29T16:34:00Z,2026-04-29T16:51:00Z,ADVERSE_FIRST,2026-04-29T18:09:00Z,2026-04-29T16:51:00Z,FAVORABLE_FIRST,2026-04-29T16:31:00Z,2026-04-29T16:51:00Z,FAVORABLE_FIRST,2026-04-29T16:34:00Z,2026-04-29T16:51:00Z,ADVERSE_FIRST,2026-04-29T18:09:00Z,2026-04-29T16:51:00Z,ADVERSE_FIRST,,2026-04-29T16:51:00Z,ADVERSE_FIRST,,2026-04-29T16:51:00Z,2026-04-29T16:35:00Z,2026-04-29T17:35:00Z,ADVERSE_FIRST,2026-04-29T18:09:00Z,2026-04-29T16:36:00Z,ADVERSE_FIRST,2026-04-29T18:10:00Z,2026-04-29T16:36:00Z,ADVERSE_FIRST,,2026-04-29T16:36:00Z,ADVERSE_FIRST,,2026-04-29T16:36:00Z,ADVERSE_FIRST,2026-04-29T18:10:00Z,2026-04-29T16:38:00Z,ADVERSE_FIRST,,2026-04-29T16:38:00Z,ADVERSE_FIRST,,2026-04-29T16:38:00Z,ADVERSE_FIRST,,2026-04-29T16:38:00Z,ADVERSE_FIRST,,2026-04-29T16:38:00Z
SPY:2026-04-29:SHORT:2026-04-29T18:00:00+00:00:v1,2026-04-29,SHORT,709.450000000000,708.840000000000,-0.610000000000,0.610000000000,5,WORSE,1.080000000000,0.470000000000,2.170000000000,2.780000000000,-2.140000000000,-2.750000000000,0.610000000000,-0.610000000000,True,55,50,2026-04-29T18:05:00Z,2026-04-29T19:00:00Z,ADVERSE_FIRST,2026-04-29T18:08:00Z,2026-04-29T18:07:00Z,ADVERSE_FIRST,2026-04-29T18:08:00Z,2026-04-29T18:07:00Z,ADVERSE_FIRST,2026-04-29T18:10:00Z,2026-04-29T18:07:00Z,ADVERSE_FIRST,2026-04-29T18:45:00Z,2026-04-29T18:07:00Z,ADVERSE_FIRST,2026-04-29T18:08:00Z,2026-04-29T18:07:00Z,ADVERSE_FIRST,2026-04-29T18:10:00Z,2026-04-29T18:07:00Z,ADVERSE_FIRST,2026-04-29T18:45:00Z,2026-04-29T18:07:00Z,ADVERSE_FIRST,,2026-04-29T18:07:00Z,ADVERSE_FIRST,,2026-04-29T18:07:00Z,2026-04-29T18:10:00Z,2026-04-29T19:00:00Z,ADVERSE_FIRST,2026-04-29T18:45:00Z,2026-04-29T18:12:00Z,ADVERSE_FIRST,,2026-04-29T18:12:00Z,ADVERSE_FIRST,,2026-04-29T18:12:00Z,ADVERSE_FIRST,,2026-04-29T18:12:00Z,ADVERSE_FIRST,,2026-04-29T18:12:00Z,ADVERSE_FIRST,,2026-04-29T18:12:00Z,ADVERSE_FIRST,,2026-04-29T18:12:00Z,ADVERSE_FIRST,,2026-04-29T18:12:00Z,ADVERSE_FIRST,,2026-04-29T18:12:00Z
SPY:2026-04-29:LONG:2026-04-29T19:14:00+00:00:v1,2026-04-29,LONG,711.240000000000,711.270000000000,0.030000000000,0.030000000000,5,WORSE,0.380000000000,0.350000000000,1.160000000000,1.190000000000,0.350000000000,0.320000000000,0.030000000000,-0.030000000000,True,15,10,2026-04-29T19:15:00Z,2026-04-29T19:30:00Z,ADVERSE_FIRST,2026-04-29T19:59:00Z,2026-04-29T19:21:00Z,ADVERSE_FIRST,,2026-04-29T19:21:00Z,ADVERSE_FIRST,,2026-04-29T19:21:00Z,ADVERSE_FIRST,,2026-04-29T19:21:00Z,ADVERSE_FIRST,,2026-04-29T19:23:00Z,ADVERSE_FIRST,,2026-04-29T19:23:00Z,ADVERSE_FIRST,,2026-04-29T19:23:00Z,ADVERSE_FIRST,,2026-04-29T19:23:00Z,ADVERSE_FIRST,,2026-04-29T19:23:00Z,2026-04-29T19:20:00Z,2026-04-29T19:30:00Z,ADVERSE_FIRST,2026-04-29T19:59:00Z,2026-04-29T19:21:00Z,ADVERSE_FIRST,,2026-04-29T19:21:00Z,ADVERSE_FIRST,,2026-04-29T19:21:00Z,ADVERSE_FIRST,,2026-04-29T19:21:00Z,ADVERSE_FIRST,,2026-04-29T19:21:00Z,ADVERSE_FIRST,,2026-04-29T19:21:00Z,ADVERSE_FIRST,,2026-04-29T19:21:00Z,ADVERSE_FIRST,,2026-04-29T19:21:00Z,ADVERSE_FIRST,,2026-04-29T19:21:00Z
SPY:2026-04-30:SHORT:2026-04-30T13:45:00+00:00:v1,2026-04-30,SHORT,712.510000000000,711.470000000000,-1.040000000000,1.040000000000,5,WORSE,2.065000000000,1.025000000000,7.280000000000,8.320000000000,-5.920000000000,-6.960000000000,1.040000000000,-1.040000000000,True,60,55,2026-04-30T13:50:00Z,2026-04-30T14:50:00Z,FAVORABLE_FIRST,2026-04-30T13:51:00Z,2026-04-30T14:32:00Z,FAVORABLE_FIRST,2026-04-30T13:51:00Z,2026-04-30T14:32:00Z,FAVORABLE_FIRST,2026-04-30T13:52:00Z,2026-04-30T14:32:00Z,FAVORABLE_FIRST,2026-04-30T13:54:00Z,2026-04-30T14:32:00Z,FAVORABLE_FIRST,2026-04-30T13:51:00Z,2026-04-30T14:46:00Z,FAVORABLE_FIRST,2026-04-30T13:52:00Z,2026-04-30T14:46:00Z,FAVORABLE_FIRST,2026-04-30T13:54:00Z,2026-04-30T14:46:00Z,FAVORABLE_FIRST,2026-04-30T13:57:00Z,2026-04-30T14:46:00Z,FAVORABLE_FIRST,2026-04-30T14:16:00Z,2026-04-30T14:46:00Z,2026-04-30T13:55:00Z,2026-04-30T14:50:00Z,FAVORABLE_FIRST,2026-04-30T13:56:00Z,2026-04-30T14:00:00Z,FAVORABLE_FIRST,2026-04-30T13:57:00Z,2026-04-30T14:00:00Z,ADVERSE_FIRST,2026-04-30T14:09:00Z,2026-04-30T14:00:00Z,ADVERSE_FIRST,2026-04-30T14:17:00Z,2026-04-30T14:00:00Z,FAVORABLE_FIRST,2026-04-30T13:57:00Z,2026-04-30T14:00:00Z,ADVERSE_FIRST,2026-04-30T14:09:00Z,2026-04-30T14:00:00Z,ADVERSE_FIRST,2026-04-30T14:17:00Z,2026-04-30T14:00:00Z,ADVERSE_FIRST,,2026-04-30T14:00:00Z,ADVERSE_FIRST,,2026-04-30T14:00:00Z
SPY:2026-04-30:LONG:2026-04-30T16:10:00+00:00:v1,2026-04-30,LONG,715.310000000000,715.180000000000,-0.130000000000,-0.130000000000,5,BETTER,4.480000000000,4.610000000000,1.410000000000,1.280000000000,3.120000000000,3.250000000000,-0.130000000000,0.130000000000,True,40,35,2026-04-30T16:15:00Z,2026-04-30T16:55:00Z,ADVERSE_FIRST,2026-04-30T17:13:00Z,2026-04-30T16:16:00Z,ADVERSE_FIRST,2026-04-30T17:29:00Z,2026-04-30T16:16:00Z,ADVERSE_FIRST,2026-04-30T17:30:00Z,2026-04-30T16:16:00Z,ADVERSE_FIRST,2026-04-30T17:30:00Z,2026-04-30T16:16:00Z,ADVERSE_FIRST,2026-04-30T17:29:00Z,2026-04-30T16:16:00Z,ADVERSE_FIRST,2026-04-30T17:30:00Z,2026-04-30T16:16:00Z,ADVERSE_FIRST,2026-04-30T17:30:00Z,2026-04-30T16:16:00Z,ADVERSE_FIRST,2026-04-30T17:46:00Z,2026-04-30T16:16:00Z,ADVERSE_FIRST,2026-04-30T18:00:00Z,2026-04-30T16:16:00Z,2026-04-30T16:20:00Z,2026-04-30T16:55:00Z,ADVERSE_FIRST,2026-04-30T17:12:00Z,2026-04-30T16:24:00Z,ADVERSE_FIRST,2026-04-30T17:24:00Z,2026-04-30T16:24:00Z,ADVERSE_FIRST,2026-04-30T17:30:00Z,2026-04-30T16:24:00Z,ADVERSE_FIRST,2026-04-30T17:30:00Z,2026-04-30T16:24:00Z,ADVERSE_FIRST,2026-04-30T17:24:00Z,2026-04-30T16:25:00Z,ADVERSE_FIRST,2026-04-30T17:30:00Z,2026-04-30T16:25:00Z,ADVERSE_FIRST,2026-04-30T17:30:00Z,2026-04-30T16:25:00Z,ADVERSE_FIRST,2026-04-30T17:31:00Z,2026-04-30T16:25:00Z,ADVERSE_FIRST,2026-04-30T18:00:00Z,2026-04-30T16:25:00Z
SPY:2026-04-30:LONG:2026-04-30T17:00:00+00:00:v1,2026-04-30,LONG,714.960000000000,715.230000000000,0.270000000000,0.270000000000,5,WORSE,4.830000000000,4.560000000000,0.115000000000,0.030000000000,3.470000000000,3.200000000000,0.270000000000,0.085000000000,True,,,2026-04-30T17:05:00Z,,FAVORABLE_FIRST,2026-04-30T17:09:00Z,,FAVORABLE_FIRST,2026-04-30T17:12:00Z,,FAVORABLE_FIRST,2026-04-30T17:24:00Z,,FAVORABLE_FIRST,2026-04-30T17:30:00Z,,FAVORABLE_FIRST,2026-04-30T17:12:00Z,,FAVORABLE_FIRST,2026-04-30T17:24:00Z,,FAVORABLE_FIRST,2026-04-30T17:30:00Z,,FAVORABLE_FIRST,2026-04-30T17:30:00Z,,FAVORABLE_FIRST,2026-04-30T17:57:00Z,,2026-04-30T17:10:00Z,,FAVORABLE_FIRST,2026-04-30T17:12:00Z,,FAVORABLE_FIRST,2026-04-30T17:24:00Z,,FAVORABLE_FIRST,2026-04-30T17:30:00Z,,FAVORABLE_FIRST,2026-04-30T17:30:00Z,,FAVORABLE_FIRST,2026-04-30T17:24:00Z,,FAVORABLE_FIRST,2026-04-30T17:30:00Z,,FAVORABLE_FIRST,2026-04-30T17:30:00Z,,FAVORABLE_FIRST,2026-04-30T17:46:00Z,,FAVORABLE_FIRST,2026-04-30T18:00:00Z,
SPY:2026-05-01:LONG:2026-05-01T13:50:00+00:00:v1,2026-05-01,LONG,722.560000000000,724.175000000000,1.615000000000,1.615000000000,5,WORSE,2.310000000000,0.695000000000,2.090000000000,3.705000000000,-1.890000000000,-3.505000000000,1.615000000000,-1.615000000000,True,70,65,2026-05-01T13:55:00Z,2026-05-01T15:05:00Z,FAVORABLE_FIRST,2026-05-01T13:56:00Z,2026-05-01T14:37:00Z,FAVORABLE_FIRST,2026-05-01T13:56:00Z,2026-05-01T14:37:00Z,FAVORABLE_FIRST,2026-05-01T13:56:00Z,2026-05-01T14:37:00Z,FAVORABLE_FIRST,2026-05-01T13:56:00Z,2026-05-01T14:37:00Z,FAVORABLE_FIRST,2026-05-01T13:56:00Z,2026-05-01T15:01:00Z,FAVORABLE_FIRST,2026-05-01T13:56:00Z,2026-05-01T15:01:00Z,FAVORABLE_FIRST,2026-05-01T13:56:00Z,2026-05-01T15:01:00Z,FAVORABLE_FIRST,2026-05-01T13:59:00Z,2026-05-01T15:01:00Z,FAVORABLE_FIRST,2026-05-01T14:02:00Z,2026-05-01T15:01:00Z,2026-05-01T14:00:00Z,2026-05-01T15:05:00Z,FAVORABLE_FIRST,2026-05-01T14:01:00Z,2026-05-01T14:05:00Z,ADVERSE_FIRST,2026-05-01T14:21:00Z,2026-05-01T14:05:00Z,ADVERSE_FIRST,,2026-05-01T14:05:00Z,ADVERSE_FIRST,,2026-05-01T14:05:00Z,ADVERSE_FIRST,2026-05-01T14:21:00Z,2026-05-01T14:05:00Z,ADVERSE_FIRST,,2026-05-01T14:05:00Z,ADVERSE_FIRST,,2026-05-01T14:05:00Z,ADVERSE_FIRST,,2026-05-01T14:05:00Z,ADVERSE_FIRST,,2026-05-01T14:05:00Z
SPY:2026-05-01:LONG:2026-05-01T15:05:00+00:00:v1,2026-05-01,LONG,722.620000000000,722.995000000000,0.375000000000,0.375000000000,5,WORSE,1.760000000000,1.385000000000,2.150000000000,2.525000000000,-1.950000000000,-2.325000000000,0.375000000000,-0.375000000000,True,80,75,2026-05-01T15:10:00Z,2026-05-01T16:30:00Z,ADVERSE_FIRST,2026-05-01T15:12:00Z,2026-05-01T15:11:00Z,ADVERSE_FIRST,2026-05-01T15:15:00Z,2026-05-01T15:11:00Z,ADVERSE_FIRST,2026-05-01T15:24:00Z,2026-05-01T15:11:00Z,ADVERSE_FIRST,2026-05-01T15:37:00Z,2026-05-01T15:11:00Z,FAVORABLE_FIRST,2026-05-01T15:15:00Z,2026-05-01T16:23:00Z,FAVORABLE_FIRST,2026-05-01T15:24:00Z,2026-05-01T16:23:00Z,FAVORABLE_FIRST,2026-05-01T15:37:00Z,2026-05-01T16:23:00Z,FAVORABLE_FIRST,2026-05-01T15:46:00Z,2026-05-01T16:23:00Z,ADVERSE_FIRST,,2026-05-01T16:23:00Z,2026-05-01T15:15:00Z,2026-05-01T16:30:00Z,FAVORABLE_FIRST,2026-05-01T15:22:00Z,2026-05-01T15:50:00Z,FAVORABLE_FIRST,2026-05-01T15:31:00Z,2026-05-01T15:50:00Z,FAVORABLE_FIRST,2026-05-01T15:37:00Z,2026-05-01T15:50:00Z,FAVORABLE_FIRST,2026-05-01T15:37:00Z,2026-05-01T15:50:00Z,FAVORABLE_FIRST,2026-05-01T15:31:00Z,2026-05-01T16:09:00Z,FAVORABLE_FIRST,2026-05-01T15:37:00Z,2026-05-01T16:09:00Z,FAVORABLE_FIRST,2026-05-01T15:37:00Z,2026-05-01T16:09:00Z,ADVERSE_FIRST,,2026-05-01T16:09:00Z,ADVERSE_FIRST,,2026-05-01T16:09:00Z
SPY:2026-05-01:LONG:2026-05-01T17:11:00+00:00:v1,2026-05-01,LONG,722.509900000000,722.680000000000,0.170100000000,0.170100000000,5,WORSE,0.710100000000,0.540000000000,2.039900000000,2.210000000000,-1.839900000000,-2.010000000000,0.170100000000,-0.170100000000,True,60,55,2026-05-01T17:15:00Z,2026-05-01T18:15:00Z,FAVORABLE_FIRST,2026-05-01T17:20:00Z,2026-05-01T18:05:00Z,FAVORABLE_FIRST,2026-05-01T17:30:00Z,2026-05-01T18:05:00Z,ADVERSE_FIRST,,2026-05-01T18:05:00Z,ADVERSE_FIRST,,2026-05-01T18:05:00Z,FAVORABLE_FIRST,2026-05-01T17:30:00Z,2026-05-01T18:06:00Z,ADVERSE_FIRST,,2026-05-01T18:06:00Z,ADVERSE_FIRST,,2026-05-01T18:06:00Z,ADVERSE_FIRST,,2026-05-01T18:06:00Z,ADVERSE_FIRST,,2026-05-01T18:06:00Z,2026-05-01T17:20:00Z,2026-05-01T18:15:00Z,FAVORABLE_FIRST,2026-05-01T17:28:00Z,2026-05-01T18:05:00Z,FAVORABLE_FIRST,2026-05-01T17:53:00Z,2026-05-01T18:05:00Z,ADVERSE_FIRST,,2026-05-01T18:05:00Z,ADVERSE_FIRST,,2026-05-01T18:05:00Z,FAVORABLE_FIRST,2026-05-01T17:53:00Z,2026-05-01T18:05:00Z,ADVERSE_FIRST,,2026-05-01T18:05:00Z,ADVERSE_FIRST,,2026-05-01T18:05:00Z,ADVERSE_FIRST,,2026-05-01T18:05:00Z,ADVERSE_FIRST,,2026-05-01T18:05:00Z
SPY:2026-05-04:LONG:2026-05-04T13:45:00+00:00:v1,2026-05-04,LONG,720.410000000000,720.450000000000,0.040000000000,0.040000000000,5,WORSE,1.710000000000,1.670000000000,5.420000000000,5.460000000000,-2.340000000000,-2.380000000000,0.040000000000,-0.040000000000,True,20,15,2026-05-04T13:50:00Z,2026-05-04T14:10:00Z,ADVERSE_FIRST,2026-05-04T13:57:00Z,2026-05-04T13:53:00Z,ADVERSE_FIRST,2026-05-04T14:12:00Z,2026-05-04T13:53:00Z,ADVERSE_FIRST,2026-05-04T14:12:00Z,2026-05-04T13:53:00Z,ADVERSE_FIRST,2026-05-04T14:19:00Z,2026-05-04T13:53:00Z,ADVERSE_FIRST,2026-05-04T14:12:00Z,2026-05-04T13:53:00Z,ADVERSE_FIRST,2026-05-04T14:12:00Z,2026-05-04T13:53:00Z,ADVERSE_FIRST,2026-05-04T14:19:00Z,2026-05-04T13:53:00Z,ADVERSE_FIRST,2026-05-04T14:38:00Z,2026-05-04T13:53:00Z,ADVERSE_FIRST,,2026-05-04T13:53:00Z,2026-05-04T13:55:00Z,2026-05-04T14:10:00Z,FAVORABLE_FIRST,2026-05-04T13:58:00Z,2026-05-04T14:05:00Z,ADVERSE_FIRST,2026-05-04T14:12:00Z,2026-05-04T14:05:00Z,ADVERSE_FIRST,2026-05-04T14:13:00Z,2026-05-04T14:05:00Z,ADVERSE_FIRST,2026-05-04T14:20:00Z,2026-05-04T14:05:00Z,ADVERSE_FIRST,2026-05-04T14:12:00Z,2026-05-04T14:08:00Z,ADVERSE_FIRST,2026-05-04T14:13:00Z,2026-05-04T14:08:00Z,ADVERSE_FIRST,2026-05-04T14:20:00Z,2026-05-04T14:08:00Z,ADVERSE_FIRST,2026-05-04T14:38:00Z,2026-05-04T14:08:00Z,ADVERSE_FIRST,,2026-05-04T14:08:00Z
SPY:2026-05-04:LONG:2026-05-04T14:10:00+00:00:v1,2026-05-04,LONG,720.990000000000,721.420000000000,0.430000000000,0.430000000000,5,WORSE,1.130000000000,0.700000000000,6.000000000000,6.430000000000,-2.920000000000,-3.350000000000,0.430000000000,-0.430000000000,True,65,60,2026-05-04T14:15:00Z,2026-05-04T15:20:00Z,FAVORABLE_FIRST,2026-05-04T14:16:00Z,2026-05-04T15:00:00Z,FAVORABLE_FIRST,2026-05-04T14:20:00Z,2026-05-04T15:00:00Z,FAVORABLE_FIRST,2026-05-04T14:32:00Z,2026-05-04T15:00:00Z,FAVORABLE_FIRST,2026-05-04T14:40:00Z,2026-05-04T15:00:00Z,FAVORABLE_FIRST,2026-05-04T14:20:00Z,2026-05-04T15:00:00Z,FAVORABLE_FIRST,2026-05-04T14:32:00Z,2026-05-04T15:00:00Z,FAVORABLE_FIRST,2026-05-04T14:40:00Z,2026-05-04T15:00:00Z,ADVERSE_FIRST,,2026-05-04T15:00:00Z,ADVERSE_FIRST,,2026-05-04T15:00:00Z,2026-05-04T14:20:00Z,2026-05-04T15:20:00Z,FAVORABLE_FIRST,2026-05-04T14:22:00Z,2026-05-04T14:29:00Z,ADVERSE_FIRST,2026-05-04T14:38:00Z,2026-05-04T14:29:00Z,ADVERSE_FIRST,,2026-05-04T14:29:00Z,ADVERSE_FIRST,,2026-05-04T14:29:00Z,ADVERSE_FIRST,2026-05-04T14:38:00Z,2026-05-04T14:29:00Z,ADVERSE_FIRST,,2026-05-04T14:29:00Z,ADVERSE_FIRST,,2026-05-04T14:29:00Z,ADVERSE_FIRST,,2026-05-04T14:29:00Z,ADVERSE_FIRST,,2026-05-04T14:29:00Z
SPY:2026-05-04:SHORT:2026-05-04T15:19:00+00:00:v1,2026-05-04,SHORT,718.770000000000,717.680000000000,-1.090000000000,1.090000000000,5,WORSE,3.780000000000,2.690000000000,0.225000000000,1.315000000000,0.700000000000,-0.390000000000,1.090000000000,-1.090000000000,True,,,2026-05-04T15:20:00Z,,FAVORABLE_FIRST,2026-05-04T15:21:00Z,,FAVORABLE_FIRST,2026-05-04T15:21:00Z,,FAVORABLE_FIRST,2026-05-04T15:21:00Z,,FAVORABLE_FIRST,2026-05-04T15:21:00Z,,FAVORABLE_FIRST,2026-05-04T15:21:00Z,,FAVORABLE_FIRST,2026-05-04T15:21:00Z,,FAVORABLE_FIRST,2026-05-04T15:21:00Z,,FAVORABLE_FIRST,2026-05-04T15:51:00Z,,FAVORABLE_FIRST,2026-05-04T16:05:00Z,,2026-05-04T15:25:00Z,,ADVERSE_FIRST,2026-05-04T15:35:00Z,2026-05-04T15:26:00Z,ADVERSE_FIRST,2026-05-04T15:51:00Z,2026-05-04T15:26:00Z,ADVERSE_FIRST,2026-05-04T16:05:00Z,2026-05-04T15:26:00Z,ADVERSE_FIRST,2026-05-04T16:07:00Z,2026-05-04T15:26:00Z,ADVERSE_FIRST,2026-05-04T15:51:00Z,2026-05-04T15:26:00Z,ADVERSE_FIRST,2026-05-04T16:05:00Z,2026-05-04T15:26:00Z,ADVERSE_FIRST,2026-05-04T16:07:00Z,2026-05-04T15:26:00Z,ADVERSE_FIRST,2026-05-04T16:07:00Z,2026-05-04T15:26:00Z,ADVERSE_FIRST,2026-05-04T16:08:00Z,2026-05-04T15:26:00Z
SPY:2026-05-05:LONG:2026-05-05T13:50:00+00:00:v1,2026-05-05,LONG,722.370000000000,722.530000000000,0.160000000000,0.160000000000,5,WORSE,2.670000000000,2.510000000000,0.580000000000,0.740000000000,1.370000000000,1.210000000000,0.160000000000,-0.160000000000,True,25,20,2026-05-05T13:55:00Z,2026-05-05T14:20:00Z,FAVORABLE_FIRST,2026-05-05T14:00:00Z,2026-05-05T14:15:00Z,FAVORABLE_FIRST,2026-05-05T14:06:00Z,2026-05-05T14:15:00Z,FAVORABLE_FIRST,2026-05-05T14:08:00Z,2026-05-05T14:15:00Z,FAVORABLE_FIRST,2026-05-05T14:10:00Z,2026-05-05T14:15:00Z,FAVORABLE_FIRST,2026-05-05T14:06:00Z,2026-05-05T14:15:00Z,FAVORABLE_FIRST,2026-05-05T14:08:00Z,2026-05-05T14:15:00Z,FAVORABLE_FIRST,2026-05-05T14:10:00Z,2026-05-05T14:15:00Z,ADVERSE_FIRST,2026-05-05T16:21:00Z,2026-05-05T14:15:00Z,ADVERSE_FIRST,2026-05-05T18:11:00Z,2026-05-05T14:15:00Z,2026-05-05T14:00:00Z,2026-05-05T14:20:00Z,FAVORABLE_FIRST,2026-05-05T14:01:00Z,2026-05-05T14:14:00Z,FAVORABLE_FIRST,2026-05-05T14:08:00Z,2026-05-05T14:14:00Z,FAVORABLE_FIRST,2026-05-05T14:10:00Z,2026-05-05T14:14:00Z,ADVERSE_FIRST,2026-05-05T14:25:00Z,2026-05-05T14:14:00Z,FAVORABLE_FIRST,2026-05-05T14:08:00Z,2026-05-05T14:14:00Z,FAVORABLE_FIRST,2026-05-05T14:10:00Z,2026-05-05T14:14:00Z,ADVERSE_FIRST,2026-05-05T14:25:00Z,2026-05-05T14:14:00Z,ADVERSE_FIRST,2026-05-05T17:51:00Z,2026-05-05T14:14:00Z,ADVERSE_FIRST,2026-05-05T18:12:00Z,2026-05-05T14:14:00Z
SPY:2026-05-05:LONG:2026-05-05T14:22:00+00:00:v1,2026-05-05,LONG,723.180000000000,723.290000000000,0.110000000000,0.110000000000,5,WORSE,1.860000000000,1.750000000000,0.800000000000,0.910000000000,0.560000000000,0.450000000000,0.110000000000,-0.110000000000,True,,,2026-05-05T14:25:00Z,,FAVORABLE_FIRST,2026-05-05T14:26:00Z,2026-05-05T14:31:00Z,ADVERSE_FIRST,2026-05-05T16:20:00Z,2026-05-05T14:31:00Z,ADVERSE_FIRST,2026-05-05T17:30:00Z,2026-05-05T14:31:00Z,ADVERSE_FIRST,2026-05-05T17:52:00Z,2026-05-05T14:31:00Z,ADVERSE_FIRST,2026-05-05T16:20:00Z,2026-05-05T14:32:00Z,ADVERSE_FIRST,2026-05-05T17:30:00Z,2026-05-05T14:32:00Z,ADVERSE_FIRST,2026-05-05T17:52:00Z,2026-05-05T14:32:00Z,ADVERSE_FIRST,2026-05-05T18:15:00Z,2026-05-05T14:32:00Z,ADVERSE_FIRST,,2026-05-05T14:32:00Z,2026-05-05T14:30:00Z,,ADVERSE_FIRST,2026-05-05T15:05:00Z,2026-05-05T14:31:00Z,ADVERSE_FIRST,2026-05-05T16:20:00Z,2026-05-05T14:31:00Z,ADVERSE_FIRST,2026-05-05T17:51:00Z,2026-05-05T14:31:00Z,ADVERSE_FIRST,2026-05-05T18:07:00Z,2026-05-05T14:31:00Z,ADVERSE_FIRST,2026-05-05T16:20:00Z,2026-05-05T14:31:00Z,ADVERSE_FIRST,2026-05-05T17:51:00Z,2026-05-05T14:31:00Z,ADVERSE_FIRST,2026-05-05T18:07:00Z,2026-05-05T14:31:00Z,ADVERSE_FIRST,2026-05-05T19:10:00Z,2026-05-05T14:31:00Z,ADVERSE_FIRST,,2026-05-05T14:31:00Z
SPY:2026-05-06:LONG:2026-05-06T13:53:00+00:00:v1,2026-05-06,LONG,729.660000000000,729.650000000000,-0.010000000000,-0.010000000000,5,UNCHANGED_WITHIN_ONE_CENT,4.930000000000,4.940000000000,0.950000000000,0.940000000000,4.130000000000,4.140000000000,-0.010000000000,0.010000000000,True,,,2026-05-06T13:55:00Z,,ADVERSE_FIRST,2026-05-06T14:00:00Z,2026-05-06T13:56:00Z,ADVERSE_FIRST,2026-05-06T14:12:00Z,2026-05-06T13:56:00Z,ADVERSE_FIRST,2026-05-06T14:25:00Z,2026-05-06T13:56:00Z,ADVERSE_FIRST,2026-05-06T14:27:00Z,2026-05-06T13:56:00Z,ADVERSE_FIRST,2026-05-06T14:12:00Z,2026-05-06T13:56:00Z,ADVERSE_FIRST,2026-05-06T14:25:00Z,2026-05-06T13:56:00Z,ADVERSE_FIRST,2026-05-06T14:27:00Z,2026-05-06T13:56:00Z,ADVERSE_FIRST,2026-05-06T14:36:00Z,2026-05-06T13:56:00Z,ADVERSE_FIRST,2026-05-06T14:41:00Z,2026-05-06T13:56:00Z,2026-05-06T14:00:00Z,,FAVORABLE_FIRST,2026-05-06T14:01:00Z,2026-05-06T14:04:00Z,ADVERSE_FIRST,2026-05-06T14:12:00Z,2026-05-06T14:04:00Z,ADVERSE_FIRST,2026-05-06T14:25:00Z,2026-05-06T14:04:00Z,ADVERSE_FIRST,2026-05-06T14:27:00Z,2026-05-06T14:04:00Z,ADVERSE_FIRST,2026-05-06T14:12:00Z,2026-05-06T14:04:00Z,ADVERSE_FIRST,2026-05-06T14:25:00Z,2026-05-06T14:04:00Z,ADVERSE_FIRST,2026-05-06T14:27:00Z,2026-05-06T14:04:00Z,ADVERSE_FIRST,2026-05-06T14:36:00Z,2026-05-06T14:04:00Z,ADVERSE_FIRST,2026-05-06T14:41:00Z,2026-05-06T14:04:00Z
SPY:2026-05-07:SHORT:2026-05-07T13:40:00+00:00:v1,2026-05-07,SHORT,734.230000000000,733.650000000000,-0.580000000000,0.580000000000,5,WORSE,4.480000000000,3.900000000000,1.900000000000,2.480000000000,2.670000000000,2.090000000000,0.580000000000,-0.580000000000,True,20,15,2026-05-07T13:45:00Z,2026-05-07T14:05:00Z,FAVORABLE_FIRST,2026-05-07T13:46:00Z,2026-05-07T14:04:00Z,FAVORABLE_FIRST,2026-05-07T13:47:00Z,2026-05-07T14:04:00Z,ADVERSE_FIRST,2026-05-07T16:00:00Z,2026-05-07T14:04:00Z,ADVERSE_FIRST,2026-05-07T16:05:00Z,2026-05-07T14:04:00Z,FAVORABLE_FIRST,2026-05-07T13:47:00Z,2026-05-07T14:04:00Z,ADVERSE_FIRST,2026-05-07T16:00:00Z,2026-05-07T14:04:00Z,ADVERSE_FIRST,2026-05-07T16:05:00Z,2026-05-07T14:04:00Z,ADVERSE_FIRST,2026-05-07T16:12:00Z,2026-05-07T14:04:00Z,ADVERSE_FIRST,2026-05-07T16:15:00Z,2026-05-07T14:04:00Z,2026-05-07T13:50:00Z,2026-05-07T14:05:00Z,ADVERSE_FIRST,2026-05-07T16:00:00Z,2026-05-07T13:53:00Z,ADVERSE_FIRST,2026-05-07T16:05:00Z,2026-05-07T13:53:00Z,ADVERSE_FIRST,2026-05-07T16:11:00Z,2026-05-07T13:53:00Z,ADVERSE_FIRST,2026-05-07T16:12:00Z,2026-05-07T13:53:00Z,ADVERSE_FIRST,2026-05-07T16:05:00Z,2026-05-07T13:53:00Z,ADVERSE_FIRST,2026-05-07T16:11:00Z,2026-05-07T13:53:00Z,ADVERSE_FIRST,2026-05-07T16:12:00Z,2026-05-07T13:53:00Z,ADVERSE_FIRST,2026-05-07T16:15:00Z,2026-05-07T13:53:00Z,ADVERSE_FIRST,2026-05-07T16:57:00Z,2026-05-07T13:53:00Z
SPY:2026-05-07:LONG:2026-05-07T14:39:00+00:00:v1,2026-05-07,LONG,735.180000000000,735.150000000000,-0.030000000000,-0.030000000000,5,BETTER,0.950000000000,0.980000000000,5.430000000000,5.400000000000,-3.620000000000,-3.590000000000,-0.030000000000,0.030000000000,True,45,40,2026-05-07T14:40:00Z,2026-05-07T15:25:00Z,FAVORABLE_FIRST,2026-05-07T14:45:00Z,2026-05-07T15:26:00Z,FAVORABLE_FIRST,2026-05-07T14:54:00Z,2026-05-07T15:26:00Z,FAVORABLE_FIRST,2026-05-07T14:55:00Z,2026-05-07T15:26:00Z,ADVERSE_FIRST,,2026-05-07T15:26:00Z,FAVORABLE_FIRST,2026-05-07T14:54:00Z,2026-05-07T15:26:00Z,FAVORABLE_FIRST,2026-05-07T14:55:00Z,2026-05-07T15:26:00Z,ADVERSE_FIRST,,2026-05-07T15:26:00Z,ADVERSE_FIRST,,2026-05-07T15:26:00Z,ADVERSE_FIRST,,2026-05-07T15:26:00Z,2026-05-07T14:45:00Z,2026-05-07T15:25:00Z,FAVORABLE_FIRST,2026-05-07T14:46:00Z,2026-05-07T15:26:00Z,FAVORABLE_FIRST,2026-05-07T14:54:00Z,2026-05-07T15:26:00Z,FAVORABLE_FIRST,2026-05-07T14:55:00Z,2026-05-07T15:26:00Z,ADVERSE_FIRST,,2026-05-07T15:26:00Z,FAVORABLE_FIRST,2026-05-07T14:54:00Z,2026-05-07T15:26:00Z,FAVORABLE_FIRST,2026-05-07T14:55:00Z,2026-05-07T15:26:00Z,ADVERSE_FIRST,,2026-05-07T15:26:00Z,ADVERSE_FIRST,,2026-05-07T15:26:00Z,ADVERSE_FIRST,,2026-05-07T15:26:00Z
SPY:2026-05-07:LONG:2026-05-07T15:30:00+00:00:v1,2026-05-07,LONG,735.530000000000,735.230100000000,-0.299900000000,-0.299900000000,5,BETTER,0.050000000000,0.299900000000,5.780000000000,5.480100000000,-3.970000000000,-3.670100000000,-0.249900000000,0.299900000000,True,15,10,2026-05-07T15:35:00Z,2026-05-07T15:50:00Z,ADVERSE_FIRST,,2026-05-07T15:36:00Z,ADVERSE_FIRST,,2026-05-07T15:36:00Z,ADVERSE_FIRST,,2026-05-07T15:36:00Z,ADVERSE_FIRST,,2026-05-07T15:36:00Z,ADVERSE_FIRST,,2026-05-07T15:39:00Z,ADVERSE_FIRST,,2026-05-07T15:39:00Z,ADVERSE_FIRST,,2026-05-07T15:39:00Z,ADVERSE_FIRST,,2026-05-07T15:39:00Z,ADVERSE_FIRST,,2026-05-07T15:39:00Z,2026-05-07T15:40:00Z,2026-05-07T15:50:00Z,FAVORABLE_FIRST,2026-05-07T15:43:00Z,2026-05-07T15:48:00Z,ADVERSE_FIRST,,2026-05-07T15:48:00Z,ADVERSE_FIRST,,2026-05-07T15:48:00Z,ADVERSE_FIRST,,2026-05-07T15:48:00Z,ADVERSE_FIRST,,2026-05-07T15:48:00Z,ADVERSE_FIRST,,2026-05-07T15:48:00Z,ADVERSE_FIRST,,2026-05-07T15:48:00Z,ADVERSE_FIRST,,2026-05-07T15:48:00Z,ADVERSE_FIRST,,2026-05-07T15:48:00Z
SPY:2026-05-07:SHORT:2026-05-07T15:55:00+00:00:v1,2026-05-07,SHORT,733.979900000000,733.400000000000,-0.579900000000,0.579900000000,5,WORSE,4.229900000000,3.650000000000,0,0.420000000000,2.419900000000,1.840000000000,0.579900000000,-0.420000000000,True,,,2026-05-07T16:00:00Z,,FAVORABLE_FIRST,2026-05-07T16:01:00Z,,FAVORABLE_FIRST,2026-05-07T16:01:00Z,,FAVORABLE_FIRST,2026-05-07T16:05:00Z,,FAVORABLE_FIRST,2026-05-07T16:06:00Z,,FAVORABLE_FIRST,2026-05-07T16:01:00Z,,FAVORABLE_FIRST,2026-05-07T16:05:00Z,,FAVORABLE_FIRST,2026-05-07T16:06:00Z,,FAVORABLE_FIRST,2026-05-07T16:15:00Z,,FAVORABLE_FIRST,2026-05-07T16:15:00Z,,2026-05-07T16:05:00Z,,FAVORABLE_FIRST,2026-05-07T16:06:00Z,2026-05-07T16:33:00Z,FAVORABLE_FIRST,2026-05-07T16:11:00Z,2026-05-07T16:33:00Z,FAVORABLE_FIRST,2026-05-07T16:12:00Z,2026-05-07T16:33:00Z,FAVORABLE_FIRST,2026-05-07T16:15:00Z,2026-05-07T16:33:00Z,FAVORABLE_FIRST,2026-05-07T16:11:00Z,2026-05-07T16:33:00Z,FAVORABLE_FIRST,2026-05-07T16:12:00Z,2026-05-07T16:33:00Z,FAVORABLE_FIRST,2026-05-07T16:15:00Z,2026-05-07T16:33:00Z,FAVORABLE_FIRST,2026-05-07T16:15:00Z,2026-05-07T16:33:00Z,ADVERSE_FIRST,2026-05-07T17:18:00Z,2026-05-07T16:33:00Z
SPY:2026-05-08:LONG:2026-05-08T13:45:00+00:00:v1,2026-05-08,LONG,736.050000000000,735.965000000000,-0.085000000000,-0.085000000000,5,BETTER,2.030000000000,2.115000000000,0.200000000000,0.030000000000,1.480000000000,1.565000000000,-0.085000000000,0.170000000000,True,,,2026-05-08T13:50:00Z,,FAVORABLE_FIRST,2026-05-08T13:52:00Z,,FAVORABLE_FIRST,2026-05-08T13:59:00Z,,FAVORABLE_FIRST,2026-05-08T14:00:00Z,,FAVORABLE_FIRST,2026-05-08T14:21:00Z,,FAVORABLE_FIRST,2026-05-08T13:59:00Z,,FAVORABLE_FIRST,2026-05-08T14:00:00Z,,FAVORABLE_FIRST,2026-05-08T14:21:00Z,,FAVORABLE_FIRST,2026-05-08T16:25:00Z,,FAVORABLE_FIRST,2026-05-08T18:00:00Z,,2026-05-08T13:55:00Z,,FAVORABLE_FIRST,2026-05-08T13:59:00Z,,FAVORABLE_FIRST,2026-05-08T13:59:00Z,,FAVORABLE_FIRST,2026-05-08T14:00:00Z,,FAVORABLE_FIRST,2026-05-08T14:16:00Z,,FAVORABLE_FIRST,2026-05-08T13:59:00Z,,FAVORABLE_FIRST,2026-05-08T14:00:00Z,,FAVORABLE_FIRST,2026-05-08T14:16:00Z,,FAVORABLE_FIRST,2026-05-08T14:25:00Z,,FAVORABLE_FIRST,2026-05-08T18:00:00Z,
SPY:2026-05-11:LONG:2026-05-11T13:41:00+00:00:v1,2026-05-11,LONG,738.390000000000,738.780000000000,0.390000000000,0.390000000000,5,WORSE,2.400000000000,2.010000000000,0.800000000000,1.190000000000,0.870000000000,0.480000000000,0.390000000000,-0.390000000000,True,,,2026-05-11T13:45:00Z,,FAVORABLE_FIRST,2026-05-11T13:46:00Z,2026-05-11T14:31:00Z,FAVORABLE_FIRST,2026-05-11T13:47:00Z,2026-05-11T14:31:00Z,FAVORABLE_FIRST,2026-05-11T13:48:00Z,2026-05-11T14:31:00Z,FAVORABLE_FIRST,2026-05-11T14:16:00Z,2026-05-11T14:31:00Z,FAVORABLE_FIRST,2026-05-11T13:47:00Z,2026-05-11T14:31:00Z,FAVORABLE_FIRST,2026-05-11T13:48:00Z,2026-05-11T14:31:00Z,FAVORABLE_FIRST,2026-05-11T14:16:00Z,2026-05-11T14:31:00Z,ADVERSE_FIRST,2026-05-11T14:55:00Z,2026-05-11T14:31:00Z,ADVERSE_FIRST,2026-05-11T16:25:00Z,2026-05-11T14:31:00Z,2026-05-11T13:50:00Z,,ADVERSE_FIRST,2026-05-11T14:14:00Z,2026-05-11T13:54:00Z,ADVERSE_FIRST,2026-05-11T14:16:00Z,2026-05-11T13:54:00Z,ADVERSE_FIRST,2026-05-11T14:22:00Z,2026-05-11T13:54:00Z,ADVERSE_FIRST,2026-05-11T14:53:00Z,2026-05-11T13:54:00Z,ADVERSE_FIRST,2026-05-11T14:16:00Z,2026-05-11T13:54:00Z,ADVERSE_FIRST,2026-05-11T14:22:00Z,2026-05-11T13:54:00Z,ADVERSE_FIRST,2026-05-11T14:53:00Z,2026-05-11T13:54:00Z,ADVERSE_FIRST,2026-05-11T15:55:00Z,2026-05-11T13:54:00Z,ADVERSE_FIRST,2026-05-11T17:45:00Z,2026-05-11T13:54:00Z
SPY:2026-05-12:SHORT:2026-05-12T13:46:00+00:00:v1,2026-05-12,SHORT,735.780000000000,735.910000000000,0.130000000000,-0.130000000000,5,BETTER,3.950000000000,4.080000000000,3.060000000000,2.930000000000,-2.440000000000,-2.310000000000,-0.130000000000,0.130000000000,True,30,25,2026-05-12T13:50:00Z,2026-05-12T14:20:00Z,FAVORABLE_FIRST,2026-05-12T13:51:00Z,2026-05-12T13:53:00Z,ADVERSE_FIRST,2026-05-12T13:56:00Z,2026-05-12T13:53:00Z,ADVERSE_FIRST,2026-05-12T13:57:00Z,2026-05-12T13:53:00Z,ADVERSE_FIRST,2026-05-12T14:00:00Z,2026-05-12T13:53:00Z,ADVERSE_FIRST,2026-05-12T13:56:00Z,2026-05-12T13:53:00Z,ADVERSE_FIRST,2026-05-12T13:57:00Z,2026-05-12T13:53:00Z,ADVERSE_FIRST,2026-05-12T14:00:00Z,2026-05-12T13:53:00Z,ADVERSE_FIRST,2026-05-12T14:30:00Z,2026-05-12T13:53:00Z,ADVERSE_FIRST,2026-05-12T14:32:00Z,2026-05-12T13:53:00Z,2026-05-12T13:55:00Z,2026-05-12T14:20:00Z,FAVORABLE_FIRST,2026-05-12T13:56:00Z,2026-05-12T14:14:00Z,FAVORABLE_FIRST,2026-05-12T13:56:00Z,2026-05-12T14:14:00Z,FAVORABLE_FIRST,2026-05-12T13:57:00Z,2026-05-12T14:14:00Z,FAVORABLE_FIRST,2026-05-12T13:57:00Z,2026-05-12T14:14:00Z,FAVORABLE_FIRST,2026-05-12T13:56:00Z,2026-05-12T14:15:00Z,FAVORABLE_FIRST,2026-05-12T13:57:00Z,2026-05-12T14:15:00Z,FAVORABLE_FIRST,2026-05-12T13:57:00Z,2026-05-12T14:15:00Z,ADVERSE_FIRST,2026-05-12T14:30:00Z,2026-05-12T14:15:00Z,ADVERSE_FIRST,2026-05-12T14:31:00Z,2026-05-12T14:15:00Z
SPY:2026-05-12:SHORT:2026-05-12T14:20:00+00:00:v1,2026-05-12,SHORT,735.574400000000,734.920000000000,-0.654400000000,0.654400000000,5,WORSE,3.744400000000,3.090000000000,3.265600000000,3.920000000000,-2.645600000000,-3.300000000000,0.654400000000,-0.654400000000,True,245,240,2026-05-12T14:25:00Z,2026-05-12T18:30:00Z,FAVORABLE_FIRST,2026-05-12T14:26:00Z,2026-05-12T18:24:00Z,FAVORABLE_FIRST,2026-05-12T14:26:00Z,2026-05-12T18:24:00Z,FAVORABLE_FIRST,2026-05-12T14:28:00Z,2026-05-12T18:24:00Z,FAVORABLE_FIRST,2026-05-12T14:29:00Z,2026-05-12T18:24:00Z,FAVORABLE_FIRST,2026-05-12T14:26:00Z,2026-05-12T18:25:00Z,FAVORABLE_FIRST,2026-05-12T14:28:00Z,2026-05-12T18:25:00Z,FAVORABLE_FIRST,2026-05-12T14:29:00Z,2026-05-12T18:25:00Z,FAVORABLE_FIRST,2026-05-12T14:31:00Z,2026-05-12T18:25:00Z,FAVORABLE_FIRST,2026-05-12T14:33:00Z,2026-05-12T18:25:00Z,2026-05-12T14:30:00Z,2026-05-12T18:30:00Z,FAVORABLE_FIRST,2026-05-12T14:31:00Z,2026-05-12T14:43:00Z,FAVORABLE_FIRST,2026-05-12T14:31:00Z,2026-05-12T14:43:00Z,FAVORABLE_FIRST,2026-05-12T14:31:00Z,2026-05-12T14:43:00Z,FAVORABLE_FIRST,2026-05-12T14:31:00Z,2026-05-12T14:43:00Z,FAVORABLE_FIRST,2026-05-12T14:31:00Z,2026-05-12T18:00:00Z,FAVORABLE_FIRST,2026-05-12T14:31:00Z,2026-05-12T18:00:00Z,FAVORABLE_FIRST,2026-05-12T14:31:00Z,2026-05-12T18:00:00Z,FAVORABLE_FIRST,2026-05-12T15:02:00Z,2026-05-12T18:00:00Z,FAVORABLE_FIRST,2026-05-12T15:16:00Z,2026-05-12T18:00:00Z
SPY:2026-05-12:SHORT:2026-05-12T18:30:00+00:00:v1,2026-05-12,SHORT,736.120000000000,736.090000000000,-0.030000000000,0.030000000000,5,WORSE,0.350000000000,0.320000000000,2.720000000000,2.750000000000,-2.100000000000,-2.130000000000,0.030000000000,-0.030000000000,True,10,5,2026-05-12T18:35:00Z,2026-05-12T18:45:00Z,ADVERSE_FIRST,2026-05-12T18:46:00Z,2026-05-12T18:37:00Z,ADVERSE_FIRST,,2026-05-12T18:37:00Z,ADVERSE_FIRST,,2026-05-12T18:37:00Z,ADVERSE_FIRST,,2026-05-12T18:37:00Z,ADVERSE_FIRST,,2026-05-12T18:37:00Z,ADVERSE_FIRST,,2026-05-12T18:37:00Z,ADVERSE_FIRST,,2026-05-12T18:37:00Z,ADVERSE_FIRST,,2026-05-12T18:37:00Z,ADVERSE_FIRST,,2026-05-12T18:37:00Z,2026-05-12T18:40:00Z,2026-05-12T18:45:00Z,ADVERSE_FIRST,2026-05-12T18:46:00Z,2026-05-12T18:42:00Z,ADVERSE_FIRST,,2026-05-12T18:42:00Z,ADVERSE_FIRST,,2026-05-12T18:42:00Z,ADVERSE_FIRST,,2026-05-12T18:42:00Z,ADVERSE_FIRST,,2026-05-12T18:55:00Z,ADVERSE_FIRST,,2026-05-12T18:55:00Z,ADVERSE_FIRST,,2026-05-12T18:55:00Z,ADVERSE_FIRST,,2026-05-12T18:55:00Z,ADVERSE_FIRST,,2026-05-12T18:55:00Z
SPY:2026-05-12:LONG:2026-05-12T19:30:00+00:00:v1,2026-05-12,LONG,737.880000000000,737.790000000000,-0.090000000000,-0.090000000000,5,BETTER,0.960000000000,1.050000000000,0.280000000000,0.190000000000,0.340000000000,0.430000000000,-0.090000000000,0.090000000000,True,,,2026-05-12T19:35:00Z,,ADVERSE_FIRST,2026-05-12T19:48:00Z,2026-05-12T19:42:00Z,ADVERSE_FIRST,2026-05-12T19:50:00Z,2026-05-12T19:42:00Z,ADVERSE_FIRST,2026-05-12T19:53:00Z,2026-05-12T19:42:00Z,ADVERSE_FIRST,,2026-05-12T19:42:00Z,FAVORABLE_FIRST,2026-05-12T19:50:00Z,,FAVORABLE_FIRST,2026-05-12T19:53:00Z,,NEITHER,,,NEITHER,,,NEITHER,,,2026-05-12T19:40:00Z,,FAVORABLE_FIRST,2026-05-12T19:44:00Z,,FAVORABLE_FIRST,2026-05-12T19:50:00Z,,FAVORABLE_FIRST,2026-05-12T19:51:00Z,,FAVORABLE_FIRST,2026-05-12T19:53:00Z,,FAVORABLE_FIRST,2026-05-12T19:50:00Z,,FAVORABLE_FIRST,2026-05-12T19:51:00Z,,FAVORABLE_FIRST,2026-05-12T19:53:00Z,,NEITHER,,,NEITHER,,
SPY:2026-05-13:SHORT:2026-05-13T13:35:00+00:00:v1,2026-05-13,SHORT,736.790000000000,736.880000000000,0.090000000000,-0.090000000000,5,BETTER,1.320000000000,1.410000000000,7.120000000000,7.030000000000,-5.500000000000,-5.410000000000,-0.090000000000,0.090000000000,True,35,30,2026-05-13T13:40:00Z,2026-05-13T14:15:00Z,ADVERSE_FIRST,2026-05-13T13:45:00Z,2026-05-13T13:41:00Z,ADVERSE_FIRST,2026-05-13T13:46:00Z,2026-05-13T13:41:00Z,ADVERSE_FIRST,2026-05-13T13:47:00Z,2026-05-13T13:41:00Z,ADVERSE_FIRST,2026-05-13T13:48:00Z,2026-05-13T13:41:00Z,ADVERSE_FIRST,2026-05-13T13:46:00Z,2026-05-13T13:41:00Z,ADVERSE_FIRST,2026-05-13T13:47:00Z,2026-05-13T13:41:00Z,ADVERSE_FIRST,2026-05-13T13:48:00Z,2026-05-13T13:41:00Z,ADVERSE_FIRST,,2026-05-13T13:41:00Z,ADVERSE_FIRST,,2026-05-13T13:41:00Z,2026-05-13T13:45:00Z,2026-05-13T14:15:00Z,FAVORABLE_FIRST,2026-05-13T13:46:00Z,2026-05-13T13:55:00Z,FAVORABLE_FIRST,2026-05-13T13:46:00Z,2026-05-13T13:55:00Z,FAVORABLE_FIRST,2026-05-13T13:47:00Z,2026-05-13T13:55:00Z,FAVORABLE_FIRST,2026-05-13T13:48:00Z,2026-05-13T13:55:00Z,FAVORABLE_FIRST,2026-05-13T13:46:00Z,2026-05-13T13:59:00Z,FAVORABLE_FIRST,2026-05-13T13:47:00Z,2026-05-13T13:59:00Z,FAVORABLE_FIRST,2026-05-13T13:48:00Z,2026-05-13T13:59:00Z,ADVERSE_FIRST,,2026-05-13T13:59:00Z,ADVERSE_FIRST,,2026-05-13T13:59:00Z
SPY:2026-05-13:LONG:2026-05-13T14:45:00+00:00:v1,2026-05-13,LONG,738.480000000000,738.890000000000,0.410000000000,0.410000000000,5,WORSE,5.430000000000,5.020000000000,0.110000000000,0.240000000000,3.810000000000,3.400000000000,0.410000000000,-0.130000000000,True,,,2026-05-13T14:50:00Z,,FAVORABLE_FIRST,2026-05-13T14:52:00Z,,FAVORABLE_FIRST,2026-05-13T14:54:00Z,,FAVORABLE_FIRST,2026-05-13T15:02:00Z,,FAVORABLE_FIRST,2026-05-13T15:32:00Z,,FAVORABLE_FIRST,2026-05-13T14:54:00Z,,FAVORABLE_FIRST,2026-05-13T15:02:00Z,,FAVORABLE_FIRST,2026-05-13T15:32:00Z,,FAVORABLE_FIRST,2026-05-13T15:41:00Z,,FAVORABLE_FIRST,2026-05-13T16:12:00Z,,2026-05-13T14:55:00Z,,FAVORABLE_FIRST,2026-05-13T15:01:00Z,,FAVORABLE_FIRST,2026-05-13T15:32:00Z,,FAVORABLE_FIRST,2026-05-13T15:35:00Z,,FAVORABLE_FIRST,2026-05-13T15:40:00Z,,FAVORABLE_FIRST,2026-05-13T15:32:00Z,,FAVORABLE_FIRST,2026-05-13T15:35:00Z,,FAVORABLE_FIRST,2026-05-13T15:40:00Z,,FAVORABLE_FIRST,2026-05-13T16:11:00Z,,FAVORABLE_FIRST,2026-05-13T16:22:00Z,
SPY:2026-05-14:LONG:2026-05-14T13:38:00+00:00:v1,2026-05-14,LONG,745.310000000000,745.415000000000,0.105000000000,0.105000000000,5,WORSE,4.220000000000,4.115000000000,1.060000000000,1.165000000000,2.840000000000,2.735000000000,0.105000000000,-0.105000000000,True,20,15,2026-05-14T13:40:00Z,2026-05-14T14:00:00Z,FAVORABLE_FIRST,2026-05-14T13:41:00Z,2026-05-14T13:52:00Z,FAVORABLE_FIRST,2026-05-14T13:49:00Z,2026-05-14T13:52:00Z,ADVERSE_FIRST,2026-05-14T14:19:00Z,2026-05-14T13:52:00Z,ADVERSE_FIRST,2026-05-14T14:20:00Z,2026-05-14T13:52:00Z,FAVORABLE_FIRST,2026-05-14T13:49:00Z,2026-05-14T13:52:00Z,ADVERSE_FIRST,2026-05-14T14:19:00Z,2026-05-14T13:52:00Z,ADVERSE_FIRST,2026-05-14T14:20:00Z,2026-05-14T13:52:00Z,ADVERSE_FIRST,2026-05-14T14:40:00Z,2026-05-14T13:52:00Z,ADVERSE_FIRST,2026-05-14T14:50:00Z,2026-05-14T13:52:00Z,2026-05-14T13:45:00Z,2026-05-14T14:00:00Z,FAVORABLE_FIRST,2026-05-14T13:46:00Z,2026-05-14T13:52:00Z,ADVERSE_FIRST,2026-05-14T14:18:00Z,2026-05-14T13:52:00Z,ADVERSE_FIRST,2026-05-14T14:20:00Z,2026-05-14T13:52:00Z,ADVERSE_FIRST,2026-05-14T14:38:00Z,2026-05-14T13:52:00Z,ADVERSE_FIRST,2026-05-14T14:18:00Z,2026-05-14T13:52:00Z,ADVERSE_FIRST,2026-05-14T14:20:00Z,2026-05-14T13:52:00Z,ADVERSE_FIRST,2026-05-14T14:38:00Z,2026-05-14T13:52:00Z,ADVERSE_FIRST,2026-05-14T14:42:00Z,2026-05-14T13:52:00Z,ADVERSE_FIRST,2026-05-14T14:50:00Z,2026-05-14T13:52:00Z
SPY:2026-05-14:LONG:2026-05-14T14:00:00+00:00:v1,2026-05-14,LONG,745.300000000000,745.055000000000,-0.245000000000,-0.245000000000,5,BETTER,4.230000000000,4.475000000000,0.490000000000,0.225000000000,2.850000000000,3.095000000000,-0.245000000000,0.265000000000,True,,,2026-05-14T14:05:00Z,,ADVERSE_FIRST,2026-05-14T14:12:00Z,2026-05-14T14:08:00Z,ADVERSE_FIRST,2026-05-14T14:17:00Z,2026-05-14T14:08:00Z,ADVERSE_FIRST,2026-05-14T14:19:00Z,2026-05-14T14:08:00Z,ADVERSE_FIRST,2026-05-14T14:20:00Z,2026-05-14T14:08:00Z,ADVERSE_FIRST,2026-05-14T14:17:00Z,2026-05-14T14:08:00Z,ADVERSE_FIRST,2026-05-14T14:19:00Z,2026-05-14T14:08:00Z,ADVERSE_FIRST,2026-05-14T14:20:00Z,2026-05-14T14:08:00Z,ADVERSE_FIRST,2026-05-14T14:40:00Z,2026-05-14T14:08:00Z,ADVERSE_FIRST,2026-05-14T14:50:00Z,2026-05-14T14:08:00Z,2026-05-14T14:10:00Z,,FAVORABLE_FIRST,2026-05-14T14:11:00Z,,FAVORABLE_FIRST,2026-05-14T14:12:00Z,,FAVORABLE_FIRST,2026-05-14T14:17:00Z,,FAVORABLE_FIRST,2026-05-14T14:19:00Z,,FAVORABLE_FIRST,2026-05-14T14:12:00Z,,FAVORABLE_FIRST,2026-05-14T14:17:00Z,,FAVORABLE_FIRST,2026-05-14T14:19:00Z,,FAVORABLE_FIRST,2026-05-14T14:39:00Z,,FAVORABLE_FIRST,2026-05-14T14:45:00Z,
SPY:2026-05-15:SHORT:2026-05-15T13:37:00+00:00:v1,2026-05-15,SHORT,739.160000000000,738.660000000000,-0.500000000000,0.500000000000,5,WORSE,1.200000000000,0.700000000000,4.300000000000,4.800000000000,0.070000000000,-0.430000000000,0.500000000000,-0.500000000000,True,10,5,2026-05-15T13:40:00Z,2026-05-15T13:50:00Z,ADVERSE_FIRST,2026-05-15T13:44:00Z,2026-05-15T13:41:00Z,ADVERSE_FIRST,2026-05-15T13:44:00Z,2026-05-15T13:41:00Z,ADVERSE_FIRST,2026-05-15T13:45:00Z,2026-05-15T13:41:00Z,ADVERSE_FIRST,2026-05-15T13:45:00Z,2026-05-15T13:41:00Z,ADVERSE_FIRST,2026-05-15T13:44:00Z,2026-05-15T13:41:00Z,ADVERSE_FIRST,2026-05-15T13:45:00Z,2026-05-15T13:41:00Z,ADVERSE_FIRST,2026-05-15T13:45:00Z,2026-05-15T13:41:00Z,ADVERSE_FIRST,,2026-05-15T13:41:00Z,ADVERSE_FIRST,,2026-05-15T13:41:00Z,2026-05-15T13:45:00Z,2026-05-15T13:50:00Z,FAVORABLE_FIRST,2026-05-15T13:46:00Z,2026-05-15T13:48:00Z,FAVORABLE_FIRST,2026-05-15T13:46:00Z,2026-05-15T13:48:00Z,ADVERSE_FIRST,,2026-05-15T13:48:00Z,ADVERSE_FIRST,,2026-05-15T13:48:00Z,FAVORABLE_FIRST,2026-05-15T13:46:00Z,2026-05-15T13:48:00Z,ADVERSE_FIRST,,2026-05-15T13:48:00Z,ADVERSE_FIRST,,2026-05-15T13:48:00Z,ADVERSE_FIRST,,2026-05-15T13:48:00Z,ADVERSE_FIRST,,2026-05-15T13:48:00Z
SPY:2026-05-15:LONG:2026-05-15T17:21:00+00:00:v1,2026-05-15,LONG,742.490000000000,742.522800000000,0.032800000000,0.032800000000,5,WORSE,0.970000000000,0.937200000000,3.950000000000,3.982800000000,-3.400000000000,-3.432800000000,0.032800000000,-0.032800000000,True,55,50,2026-05-15T17:25:00Z,2026-05-15T18:20:00Z,FAVORABLE_FIRST,2026-05-15T17:26:00Z,2026-05-15T17:41:00Z,ADVERSE_FIRST,2026-05-15T17:59:00Z,2026-05-15T17:41:00Z,ADVERSE_FIRST,2026-05-15T18:01:00Z,2026-05-15T17:41:00Z,ADVERSE_FIRST,,2026-05-15T17:41:00Z,ADVERSE_FIRST,2026-05-15T17:59:00Z,2026-05-15T17:41:00Z,ADVERSE_FIRST,2026-05-15T18:01:00Z,2026-05-15T17:41:00Z,ADVERSE_FIRST,,2026-05-15T17:41:00Z,ADVERSE_FIRST,,2026-05-15T17:41:00Z,ADVERSE_FIRST,,2026-05-15T17:41:00Z,2026-05-15T17:30:00Z,2026-05-15T18:20:00Z,FAVORABLE_FIRST,2026-05-15T17:31:00Z,2026-05-15T17:41:00Z,ADVERSE_FIRST,2026-05-15T18:00:00Z,2026-05-15T17:41:00Z,ADVERSE_FIRST,2026-05-15T18:05:00Z,2026-05-15T17:41:00Z,ADVERSE_FIRST,,2026-05-15T17:41:00Z,ADVERSE_FIRST,2026-05-15T18:00:00Z,2026-05-15T17:41:00Z,ADVERSE_FIRST,2026-05-15T18:05:00Z,2026-05-15T17:41:00Z,ADVERSE_FIRST,,2026-05-15T17:41:00Z,ADVERSE_FIRST,,2026-05-15T17:41:00Z,ADVERSE_FIRST,,2026-05-15T17:41:00Z
SPY:2026-05-15:SHORT:2026-05-15T19:53:00+00:00:v1,2026-05-15,SHORT,738.940000000000,739.090000000000,0.150000000000,-0.150000000000,5,BETTER,0.290000000000,,0.370000000000,,-0.150000000000,,,,False,,,2026-05-15T19:55:00Z,,AMBIGUOUS_SAME_BAR,2026-05-15T19:57:00Z,2026-05-15T19:57:00Z,ADVERSE_FIRST,,2026-05-15T19:57:00Z,ADVERSE_FIRST,,2026-05-15T19:57:00Z,ADVERSE_FIRST,,2026-05-15T19:57:00Z,ADVERSE_FIRST,,2026-05-15T19:57:00Z,ADVERSE_FIRST,,2026-05-15T19:57:00Z,ADVERSE_FIRST,,2026-05-15T19:57:00Z,ADVERSE_FIRST,,2026-05-15T19:57:00Z,ADVERSE_FIRST,,2026-05-15T19:57:00Z,2026-05-15T20:00:00Z,,NO_FUTURE_DATA,,,NO_FUTURE_DATA,,,NO_FUTURE_DATA,,,NO_FUTURE_DATA,,,NO_FUTURE_DATA,,,NO_FUTURE_DATA,,,NO_FUTURE_DATA,,,NO_FUTURE_DATA,,,NO_FUTURE_DATA,,
SPY:2026-05-18:LONG:2026-05-18T13:51:00+00:00:v1,2026-05-18,LONG,740.880000000000,740.570000000000,-0.310000000000,-0.310000000000,5,BETTER,0.535000000000,0.230000000000,7.490000000000,7.180000000000,-2.320000000000,-2.010000000000,0.305000000000,0.310000000000,True,10,5,2026-05-18T13:55:00Z,2026-05-18T14:05:00Z,FAVORABLE_FIRST,2026-05-18T13:56:00Z,2026-05-18T13:58:00Z,FAVORABLE_FIRST,2026-05-18T13:56:00Z,2026-05-18T13:58:00Z,ADVERSE_FIRST,,2026-05-18T13:58:00Z,ADVERSE_FIRST,,2026-05-18T13:58:00Z,FAVORABLE_FIRST,2026-05-18T13:56:00Z,2026-05-18T13:58:00Z,ADVERSE_FIRST,,2026-05-18T13:58:00Z,ADVERSE_FIRST,,2026-05-18T13:58:00Z,ADVERSE_FIRST,,2026-05-18T13:58:00Z,ADVERSE_FIRST,,2026-05-18T13:58:00Z,2026-05-18T14:00:00Z,2026-05-18T14:05:00Z,ADVERSE_FIRST,,2026-05-18T14:01:00Z,ADVERSE_FIRST,,2026-05-18T14:01:00Z,ADVERSE_FIRST,,2026-05-18T14:01:00Z,ADVERSE_FIRST,,2026-05-18T14:01:00Z,ADVERSE_FIRST,,2026-05-18T14:01:00Z,ADVERSE_FIRST,,2026-05-18T14:01:00Z,ADVERSE_FIRST,,2026-05-18T14:01:00Z,ADVERSE_FIRST,,2026-05-18T14:01:00Z,ADVERSE_FIRST,,2026-05-18T14:01:00Z
SPY:2026-05-18:SHORT:2026-05-18T14:32:00+00:00:v1,2026-05-18,SHORT,737.430000000000,737.930000000000,0.500000000000,-0.500000000000,5,BETTER,4.040000000000,4.540000000000,1.590000000000,1.090000000000,-1.130000000000,-0.630000000000,-0.500000000000,0.500000000000,True,325,320,2026-05-18T14:35:00Z,2026-05-18T20:00:00Z,FAVORABLE_FIRST,2026-05-18T14:36:00Z,2026-05-18T14:37:00Z,FAVORABLE_FIRST,2026-05-18T14:36:00Z,2026-05-18T14:37:00Z,FAVORABLE_FIRST,2026-05-18T14:36:00Z,2026-05-18T14:37:00Z,FAVORABLE_FIRST,2026-05-18T14:36:00Z,2026-05-18T14:37:00Z,FAVORABLE_FIRST,2026-05-18T14:36:00Z,2026-05-18T14:38:00Z,FAVORABLE_FIRST,2026-05-18T14:36:00Z,2026-05-18T14:38:00Z,FAVORABLE_FIRST,2026-05-18T14:36:00Z,2026-05-18T14:38:00Z,ADVERSE_FIRST,2026-05-18T15:29:00Z,2026-05-18T14:38:00Z,ADVERSE_FIRST,2026-05-18T15:30:00Z,2026-05-18T14:38:00Z,2026-05-18T14:40:00Z,2026-05-18T20:00:00Z,FAVORABLE_FIRST,2026-05-18T14:41:00Z,2026-05-18T14:42:00Z,FAVORABLE_FIRST,2026-05-18T14:41:00Z,2026-05-18T14:42:00Z,ADVERSE_FIRST,2026-05-18T15:02:00Z,2026-05-18T14:42:00Z,ADVERSE_FIRST,2026-05-18T15:03:00Z,2026-05-18T14:42:00Z,FAVORABLE_FIRST,2026-05-18T14:41:00Z,2026-05-18T14:42:00Z,ADVERSE_FIRST,2026-05-18T15:02:00Z,2026-05-18T14:42:00Z,ADVERSE_FIRST,2026-05-18T15:03:00Z,2026-05-18T14:42:00Z,ADVERSE_FIRST,2026-05-18T15:18:00Z,2026-05-18T14:42:00Z,ADVERSE_FIRST,2026-05-18T15:29:00Z,2026-05-18T14:42:00Z
SPY:2026-05-19:LONG:2026-05-19T13:52:00+00:00:v1,2026-05-19,LONG,735.800000000000,735.330000000000,-0.470000000000,-0.470000000000,5,BETTER,1.850000000000,2.320000000000,4.270000000000,3.800000000000,-2.040000000000,-1.570000000000,-0.470000000000,0.470000000000,True,10,5,2026-05-19T13:55:00Z,2026-05-19T14:05:00Z,AMBIGUOUS_SAME_BAR,2026-05-19T13:56:00Z,2026-05-19T13:56:00Z,ADVERSE_FIRST,2026-05-19T16:57:00Z,2026-05-19T13:56:00Z,ADVERSE_FIRST,2026-05-19T17:03:00Z,2026-05-19T13:56:00Z,ADVERSE_FIRST,2026-05-19T17:12:00Z,2026-05-19T13:56:00Z,ADVERSE_FIRST,2026-05-19T16:57:00Z,2026-05-19T13:56:00Z,ADVERSE_FIRST,2026-05-19T17:03:00Z,2026-05-19T13:56:00Z,ADVERSE_FIRST,2026-05-19T17:12:00Z,2026-05-19T13:56:00Z,ADVERSE_FIRST,2026-05-19T17:17:00Z,2026-05-19T13:56:00Z,ADVERSE_FIRST,,2026-05-19T13:56:00Z,2026-05-19T14:00:00Z,2026-05-19T14:05:00Z,ADVERSE_FIRST,2026-05-19T16:49:00Z,2026-05-19T14:01:00Z,ADVERSE_FIRST,2026-05-19T16:52:00Z,2026-05-19T14:01:00Z,ADVERSE_FIRST,2026-05-19T16:53:00Z,2026-05-19T14:01:00Z,ADVERSE_FIRST,2026-05-19T17:03:00Z,2026-05-19T14:01:00Z,ADVERSE_FIRST,2026-05-19T16:52:00Z,2026-05-19T14:01:00Z,ADVERSE_FIRST,2026-05-19T16:53:00Z,2026-05-19T14:01:00Z,ADVERSE_FIRST,2026-05-19T17:03:00Z,2026-05-19T14:01:00Z,ADVERSE_FIRST,2026-05-19T17:12:00Z,2026-05-19T14:01:00Z,ADVERSE_FIRST,2026-05-19T17:17:00Z,2026-05-19T14:01:00Z
SPY:2026-05-19:SHORT:2026-05-19T14:05:00+00:00:v1,2026-05-19,SHORT,733.340000000000,732.920000000000,-0.420000000000,0.420000000000,5,WORSE,1.810000000000,1.390000000000,4.310000000000,4.730000000000,-0.420000000000,-0.840000000000,0.420000000000,-0.420000000000,True,140,135,2026-05-19T14:10:00Z,2026-05-19T16:30:00Z,AMBIGUOUS_SAME_BAR,2026-05-19T14:11:00Z,2026-05-19T14:11:00Z,ADVERSE_FIRST,2026-05-19T14:14:00Z,2026-05-19T14:11:00Z,ADVERSE_FIRST,2026-05-19T14:18:00Z,2026-05-19T14:11:00Z,ADVERSE_FIRST,2026-05-19T14:18:00Z,2026-05-19T14:11:00Z,ADVERSE_FIRST,2026-05-19T14:14:00Z,2026-05-19T14:11:00Z,ADVERSE_FIRST,2026-05-19T14:18:00Z,2026-05-19T14:11:00Z,ADVERSE_FIRST,2026-05-19T14:18:00Z,2026-05-19T14:11:00Z,ADVERSE_FIRST,2026-05-19T14:21:00Z,2026-05-19T14:11:00Z,ADVERSE_FIRST,,2026-05-19T14:11:00Z,2026-05-19T14:15:00Z,2026-05-19T16:30:00Z,FAVORABLE_FIRST,2026-05-19T14:16:00Z,2026-05-19T14:28:00Z,FAVORABLE_FIRST,2026-05-19T14:18:00Z,2026-05-19T14:28:00Z,FAVORABLE_FIRST,2026-05-19T14:21:00Z,2026-05-19T14:28:00Z,FAVORABLE_FIRST,2026-05-19T14:21:00Z,2026-05-19T14:28:00Z,FAVORABLE_FIRST,2026-05-19T14:18:00Z,2026-05-19T14:31:00Z,FAVORABLE_FIRST,2026-05-19T14:21:00Z,2026-05-19T14:31:00Z,FAVORABLE_FIRST,2026-05-19T14:21:00Z,2026-05-19T14:31:00Z,ADVERSE_FIRST,,2026-05-19T14:31:00Z,ADVERSE_FIRST,,2026-05-19T14:31:00Z
SPY:2026-05-19:LONG:2026-05-19T16:41:00+00:00:v1,2026-05-19,LONG,735.440000000000,735.500000000000,0.060000000000,0.060000000000,5,WORSE,2.210000000000,2.150000000000,2.865000000000,2.925000000000,-1.680000000000,-1.740000000000,0.060000000000,-0.060000000000,True,130,125,2026-05-19T16:45:00Z,2026-05-19T18:55:00Z,FAVORABLE_FIRST,2026-05-19T16:51:00Z,2026-05-19T18:53:00Z,FAVORABLE_FIRST,2026-05-19T16:52:00Z,2026-05-19T18:53:00Z,FAVORABLE_FIRST,2026-05-19T16:57:00Z,2026-05-19T18:53:00Z,FAVORABLE_FIRST,2026-05-19T17:03:00Z,2026-05-19T18:53:00Z,FAVORABLE_FIRST,2026-05-19T16:52:00Z,2026-05-19T18:53:00Z,FAVORABLE_FIRST,2026-05-19T16:57:00Z,2026-05-19T18:53:00Z,FAVORABLE_FIRST,2026-05-19T17:03:00Z,2026-05-19T18:53:00Z,FAVORABLE_FIRST,2026-05-19T17:13:00Z,2026-05-19T18:53:00Z,FAVORABLE_FIRST,2026-05-19T17:21:00Z,2026-05-19T18:53:00Z,2026-05-19T16:50:00Z,2026-05-19T18:55:00Z,FAVORABLE_FIRST,2026-05-19T16:51:00Z,2026-05-19T18:53:00Z,FAVORABLE_FIRST,2026-05-19T16:52:00Z,2026-05-19T18:53:00Z,FAVORABLE_FIRST,2026-05-19T16:57:00Z,2026-05-19T18:53:00Z,FAVORABLE_FIRST,2026-05-19T17:03:00Z,2026-05-19T18:53:00Z,FAVORABLE_FIRST,2026-05-19T16:52:00Z,2026-05-19T18:53:00Z,FAVORABLE_FIRST,2026-05-19T16:57:00Z,2026-05-19T18:53:00Z,FAVORABLE_FIRST,2026-05-19T17:03:00Z,2026-05-19T18:53:00Z,FAVORABLE_FIRST,2026-05-19T17:13:00Z,2026-05-19T18:53:00Z,FAVORABLE_FIRST,2026-05-19T17:21:00Z,2026-05-19T18:53:00Z
SPY:2026-05-19:LONG:2026-05-19T19:10:00+00:00:v1,2026-05-19,LONG,736.010000000000,735.340000000000,-0.670000000000,-0.670000000000,5,BETTER,0,0,3.435000000000,2.765000000000,-2.250000000000,-1.580000000000,0,0.670000000000,True,10,5,2026-05-19T19:15:00Z,2026-05-19T19:25:00Z,ADVERSE_FIRST,,2026-05-19T19:16:00Z,ADVERSE_FIRST,,2026-05-19T19:16:00Z,ADVERSE_FIRST,,2026-05-19T19:16:00Z,ADVERSE_FIRST,,2026-05-19T19:16:00Z,ADVERSE_FIRST,,2026-05-19T19:16:00Z,ADVERSE_FIRST,,2026-05-19T19:16:00Z,ADVERSE_FIRST,,2026-05-19T19:16:00Z,ADVERSE_FIRST,,2026-05-19T19:16:00Z,ADVERSE_FIRST,,2026-05-19T19:16:00Z,2026-05-19T19:20:00Z,2026-05-19T19:25:00Z,ADVERSE_FIRST,,2026-05-19T19:21:00Z,ADVERSE_FIRST,,2026-05-19T19:21:00Z,ADVERSE_FIRST,,2026-05-19T19:21:00Z,ADVERSE_FIRST,,2026-05-19T19:21:00Z,ADVERSE_FIRST,,2026-05-19T19:22:00Z,ADVERSE_FIRST,,2026-05-19T19:22:00Z,ADVERSE_FIRST,,2026-05-19T19:22:00Z,ADVERSE_FIRST,,2026-05-19T19:22:00Z,ADVERSE_FIRST,,2026-05-19T19:22:00Z
SPY:2026-05-19:SHORT:2026-05-19T19:40:00+00:00:v1,2026-05-19,SHORT,733.860000000000,733.800000000000,-0.060000000000,0.060000000000,5,WORSE,1.285000000000,1.225000000000,0.210000000000,0.140000000000,0.100000000000,0.040000000000,0.060000000000,0.070000000000,True,,,2026-05-19T19:45:00Z,,FAVORABLE_FIRST,2026-05-19T19:50:00Z,,FAVORABLE_FIRST,2026-05-19T19:50:00Z,,FAVORABLE_FIRST,2026-05-19T19:54:00Z,,FAVORABLE_FIRST,2026-05-19T19:54:00Z,,FAVORABLE_FIRST,2026-05-19T19:50:00Z,,FAVORABLE_FIRST,2026-05-19T19:54:00Z,,FAVORABLE_FIRST,2026-05-19T19:54:00Z,,NEITHER,,,NEITHER,,,2026-05-19T19:50:00Z,,FAVORABLE_FIRST,2026-05-19T19:51:00Z,,FAVORABLE_FIRST,2026-05-19T19:51:00Z,,FAVORABLE_FIRST,2026-05-19T19:54:00Z,,FAVORABLE_FIRST,2026-05-19T19:54:00Z,,FAVORABLE_FIRST,2026-05-19T19:51:00Z,,FAVORABLE_FIRST,2026-05-19T19:54:00Z,,FAVORABLE_FIRST,2026-05-19T19:54:00Z,,NEITHER,,,NEITHER,,
SPY:2026-05-20:LONG:2026-05-20T14:15:00+00:00:v1,2026-05-20,LONG,737.320000000000,736.870000000000,-0.450000000000,-0.450000000000,5,BETTER,4.550000000000,5.000000000000,0.850000000000,0,3.980000000000,4.430000000000,-0.450000000000,0.850000000000,True,,,2026-05-20T14:20:00Z,,FAVORABLE_FIRST,2026-05-20T14:21:00Z,2026-05-20T14:24:00Z,FAVORABLE_FIRST,2026-05-20T14:21:00Z,2026-05-20T14:24:00Z,FAVORABLE_FIRST,2026-05-20T14:22:00Z,2026-05-20T14:24:00Z,ADVERSE_FIRST,2026-05-20T14:30:00Z,2026-05-20T14:24:00Z,FAVORABLE_FIRST,2026-05-20T14:21:00Z,2026-05-20T14:24:00Z,FAVORABLE_FIRST,2026-05-20T14:22:00Z,2026-05-20T14:24:00Z,ADVERSE_FIRST,2026-05-20T14:30:00Z,2026-05-20T14:24:00Z,ADVERSE_FIRST,2026-05-20T14:31:00Z,2026-05-20T14:24:00Z,ADVERSE_FIRST,2026-05-20T14:56:00Z,2026-05-20T14:24:00Z,2026-05-20T14:25:00Z,,FAVORABLE_FIRST,2026-05-20T14:26:00Z,,FAVORABLE_FIRST,2026-05-20T14:26:00Z,,FAVORABLE_FIRST,2026-05-20T14:26:00Z,,FAVORABLE_FIRST,2026-05-20T14:29:00Z,,FAVORABLE_FIRST,2026-05-20T14:26:00Z,,FAVORABLE_FIRST,2026-05-20T14:26:00Z,,FAVORABLE_FIRST,2026-05-20T14:29:00Z,,FAVORABLE_FIRST,2026-05-20T14:30:00Z,,FAVORABLE_FIRST,2026-05-20T14:31:00Z,
SPY:2026-05-21:LONG:2026-05-21T13:52:00+00:00:v1,2026-05-21,LONG,739.630000000000,739.790000000000,0.160000000000,0.160000000000,5,WORSE,5.240000000000,5.080000000000,2.600000000000,2.760000000000,3.120000000000,2.960000000000,0.160000000000,-0.160000000000,True,25,20,2026-05-21T13:55:00Z,2026-05-21T14:20:00Z,ADVERSE_FIRST,2026-05-21T13:59:00Z,2026-05-21T13:56:00Z,ADVERSE_FIRST,2026-05-21T14:01:00Z,2026-05-21T13:56:00Z,ADVERSE_FIRST,2026-05-21T14:02:00Z,2026-05-21T13:56:00Z,ADVERSE_FIRST,2026-05-21T17:11:00Z,2026-05-21T13:56:00Z,ADVERSE_FIRST,2026-05-21T14:01:00Z,2026-05-21T13:56:00Z,ADVERSE_FIRST,2026-05-21T14:02:00Z,2026-05-21T13:56:00Z,ADVERSE_FIRST,2026-05-21T17:11:00Z,2026-05-21T13:56:00Z,ADVERSE_FIRST,2026-05-21T17:11:00Z,2026-05-21T13:56:00Z,ADVERSE_FIRST,2026-05-21T17:16:00Z,2026-05-21T13:56:00Z,2026-05-21T14:00:00Z,2026-05-21T14:20:00Z,FAVORABLE_FIRST,2026-05-21T14:01:00Z,2026-05-21T14:13:00Z,FAVORABLE_FIRST,2026-05-21T14:02:00Z,2026-05-21T14:13:00Z,FAVORABLE_FIRST,2026-05-21T14:02:00Z,2026-05-21T14:13:00Z,ADVERSE_FIRST,2026-05-21T17:11:00Z,2026-05-21T14:13:00Z,FAVORABLE_FIRST,2026-05-21T14:02:00Z,2026-05-21T14:13:00Z,FAVORABLE_FIRST,2026-05-21T14:02:00Z,2026-05-21T14:13:00Z,ADVERSE_FIRST,2026-05-21T17:11:00Z,2026-05-21T14:13:00Z,ADVERSE_FIRST,2026-05-21T17:16:00Z,2026-05-21T14:13:00Z,ADVERSE_FIRST,2026-05-21T17:16:00Z,2026-05-21T14:13:00Z
SPY:2026-05-21:LONG:2026-05-21T15:13:00+00:00:v1,2026-05-21,LONG,738.935000000000,738.990000000000,0.055000000000,0.055000000000,5,WORSE,5.935000000000,5.880000000000,1.115000000000,1.170000000000,3.815000000000,3.760000000000,0.055000000000,-0.055000000000,True,20,15,2026-05-21T15:15:00Z,2026-05-21T15:35:00Z,AMBIGUOUS_SAME_BAR,2026-05-21T15:16:00Z,2026-05-21T15:16:00Z,ADVERSE_FIRST,2026-05-21T15:46:00Z,2026-05-21T15:16:00Z,ADVERSE_FIRST,2026-05-21T15:48:00Z,2026-05-21T15:16:00Z,ADVERSE_FIRST,2026-05-21T16:09:00Z,2026-05-21T15:16:00Z,ADVERSE_FIRST,2026-05-21T15:46:00Z,2026-05-21T15:25:00Z,ADVERSE_FIRST,2026-05-21T15:48:00Z,2026-05-21T15:25:00Z,ADVERSE_FIRST,2026-05-21T16:09:00Z,2026-05-21T15:25:00Z,ADVERSE_FIRST,2026-05-21T17:10:00Z,2026-05-21T15:25:00Z,ADVERSE_FIRST,2026-05-21T17:11:00Z,2026-05-21T15:25:00Z,2026-05-21T15:20:00Z,2026-05-21T15:35:00Z,ADVERSE_FIRST,2026-05-21T15:23:00Z,2026-05-21T15:22:00Z,ADVERSE_FIRST,2026-05-21T15:46:00Z,2026-05-21T15:22:00Z,ADVERSE_FIRST,2026-05-21T15:50:00Z,2026-05-21T15:22:00Z,ADVERSE_FIRST,2026-05-21T17:10:00Z,2026-05-21T15:22:00Z,ADVERSE_FIRST,2026-05-21T15:46:00Z,2026-05-21T15:22:00Z,ADVERSE_FIRST,2026-05-21T15:50:00Z,2026-05-21T15:22:00Z,ADVERSE_FIRST,2026-05-21T17:10:00Z,2026-05-21T15:22:00Z,ADVERSE_FIRST,2026-05-21T17:10:00Z,2026-05-21T15:22:00Z,ADVERSE_FIRST,2026-05-21T17:11:00Z,2026-05-21T15:22:00Z
SPY:2026-05-21:LONG:2026-05-21T15:37:00+00:00:v1,2026-05-21,LONG,738.950000000000,739.120000000000,0.170000000000,0.170000000000,5,WORSE,5.920000000000,5.750000000000,0.860000000000,1.030000000000,3.800000000000,3.630000000000,0.170000000000,-0.170000000000,True,70,65,2026-05-21T15:40:00Z,2026-05-21T16:50:00Z,FAVORABLE_FIRST,2026-05-21T15:43:00Z,2026-05-21T16:22:00Z,FAVORABLE_FIRST,2026-05-21T15:46:00Z,2026-05-21T16:22:00Z,FAVORABLE_FIRST,2026-05-21T15:49:00Z,2026-05-21T16:22:00Z,FAVORABLE_FIRST,2026-05-21T16:09:00Z,2026-05-21T16:22:00Z,FAVORABLE_FIRST,2026-05-21T15:46:00Z,2026-05-21T16:22:00Z,FAVORABLE_FIRST,2026-05-21T15:49:00Z,2026-05-21T16:22:00Z,FAVORABLE_FIRST,2026-05-21T16:09:00Z,2026-05-21T16:22:00Z,ADVERSE_FIRST,2026-05-21T17:10:00Z,2026-05-21T16:22:00Z,ADVERSE_FIRST,2026-05-21T17:11:00Z,2026-05-21T16:22:00Z,2026-05-21T15:45:00Z,2026-05-21T16:50:00Z,FAVORABLE_FIRST,2026-05-21T15:46:00Z,2026-05-21T16:22:00Z,FAVORABLE_FIRST,2026-05-21T15:48:00Z,2026-05-21T16:22:00Z,FAVORABLE_FIRST,2026-05-21T16:01:00Z,2026-05-21T16:22:00Z,ADVERSE_FIRST,2026-05-21T17:10:00Z,2026-05-21T16:22:00Z,FAVORABLE_FIRST,2026-05-21T15:48:00Z,2026-05-21T16:22:00Z,FAVORABLE_FIRST,2026-05-21T16:01:00Z,2026-05-21T16:22:00Z,ADVERSE_FIRST,2026-05-21T17:10:00Z,2026-05-21T16:22:00Z,ADVERSE_FIRST,2026-05-21T17:11:00Z,2026-05-21T16:22:00Z,ADVERSE_FIRST,2026-05-21T17:11:00Z,2026-05-21T16:22:00Z
SPY:2026-05-21:LONG:2026-05-21T16:55:00+00:00:v1,2026-05-21,LONG,738.900000000000,739.070000000000,0.170000000000,0.170000000000,5,WORSE,5.970000000000,5.800000000000,0,0.060000000000,3.850000000000,3.680000000000,0.170000000000,-0.060000000000,True,,,2026-05-21T17:00:00Z,,FAVORABLE_FIRST,2026-05-21T17:01:00Z,,FAVORABLE_FIRST,2026-05-21T17:10:00Z,,FAVORABLE_FIRST,2026-05-21T17:10:00Z,,FAVORABLE_FIRST,2026-05-21T17:10:00Z,,FAVORABLE_FIRST,2026-05-21T17:10:00Z,,FAVORABLE_FIRST,2026-05-21T17:10:00Z,,FAVORABLE_FIRST,2026-05-21T17:10:00Z,,FAVORABLE_FIRST,2026-05-21T17:10:00Z,,FAVORABLE_FIRST,2026-05-21T17:11:00Z,,2026-05-21T17:05:00Z,,FAVORABLE_FIRST,2026-05-21T17:10:00Z,,FAVORABLE_FIRST,2026-05-21T17:10:00Z,,FAVORABLE_FIRST,2026-05-21T17:10:00Z,,FAVORABLE_FIRST,2026-05-21T17:10:00Z,,FAVORABLE_FIRST,2026-05-21T17:10:00Z,,FAVORABLE_FIRST,2026-05-21T17:10:00Z,,FAVORABLE_FIRST,2026-05-21T17:10:00Z,,FAVORABLE_FIRST,2026-05-21T17:10:00Z,,FAVORABLE_FIRST,2026-05-21T17:11:00Z,
SPY:2026-05-22:LONG:2026-05-22T13:37:00+00:00:v1,2026-05-22,LONG,747.790000000000,747.416900000000,-0.373100000000,-0.373100000000,5,BETTER,1.150000000000,1.523100000000,3.310000000000,2.936900000000,-2.200000000000,-1.826900000000,-0.373100000000,0.373100000000,True,15,10,2026-05-22T13:40:00Z,2026-05-22T13:55:00Z,ADVERSE_FIRST,2026-05-22T13:46:00Z,2026-05-22T13:41:00Z,ADVERSE_FIRST,2026-05-22T17:28:00Z,2026-05-22T13:41:00Z,ADVERSE_FIRST,2026-05-22T17:28:00Z,2026-05-22T13:41:00Z,ADVERSE_FIRST,2026-05-22T17:30:00Z,2026-05-22T13:41:00Z,ADVERSE_FIRST,2026-05-22T17:28:00Z,2026-05-22T13:41:00Z,ADVERSE_FIRST,2026-05-22T17:28:00Z,2026-05-22T13:41:00Z,ADVERSE_FIRST,2026-05-22T17:30:00Z,2026-05-22T13:41:00Z,ADVERSE_FIRST,,2026-05-22T13:41:00Z,ADVERSE_FIRST,,2026-05-22T13:41:00Z,2026-05-22T13:45:00Z,2026-05-22T13:55:00Z,FAVORABLE_FIRST,2026-05-22T13:46:00Z,2026-05-22T13:48:00Z,FAVORABLE_FIRST,2026-05-22T13:46:00Z,2026-05-22T13:48:00Z,ADVERSE_FIRST,2026-05-22T17:28:00Z,2026-05-22T13:48:00Z,ADVERSE_FIRST,2026-05-22T17:28:00Z,2026-05-22T13:48:00Z,FAVORABLE_FIRST,2026-05-22T13:46:00Z,2026-05-22T13:48:00Z,ADVERSE_FIRST,2026-05-22T17:28:00Z,2026-05-22T13:48:00Z,ADVERSE_FIRST,2026-05-22T17:28:00Z,2026-05-22T13:48:00Z,ADVERSE_FIRST,2026-05-22T17:30:00Z,2026-05-22T13:48:00Z,ADVERSE_FIRST,,2026-05-22T13:48:00Z
SPY:2026-05-22:SHORT:2026-05-22T14:13:00+00:00:v1,2026-05-22,SHORT,745.560000000000,745.440000000000,-0.120000000000,0.120000000000,5,WORSE,1.080000000000,0.960000000000,3.380000000000,3.500000000000,-0.030000000000,-0.150000000000,0.120000000000,-0.120000000000,True,15,10,2026-05-22T14:15:00Z,2026-05-22T14:30:00Z,ADVERSE_FIRST,2026-05-22T14:21:00Z,2026-05-22T14:16:00Z,ADVERSE_FIRST,2026-05-22T14:22:00Z,2026-05-22T14:16:00Z,ADVERSE_FIRST,2026-05-22T14:23:00Z,2026-05-22T14:16:00Z,ADVERSE_FIRST,2026-05-22T14:23:00Z,2026-05-22T14:16:00Z,ADVERSE_FIRST,2026-05-22T14:22:00Z,2026-05-22T14:16:00Z,ADVERSE_FIRST,2026-05-22T14:23:00Z,2026-05-22T14:16:00Z,ADVERSE_FIRST,2026-05-22T14:23:00Z,2026-05-22T14:16:00Z,ADVERSE_FIRST,,2026-05-22T14:16:00Z,ADVERSE_FIRST,,2026-05-22T14:16:00Z,2026-05-22T14:20:00Z,2026-05-22T14:30:00Z,FAVORABLE_FIRST,2026-05-22T14:21:00Z,2026-05-22T14:29:00Z,FAVORABLE_FIRST,2026-05-22T14:22:00Z,2026-05-22T14:29:00Z,FAVORABLE_FIRST,2026-05-22T14:23:00Z,2026-05-22T14:29:00Z,ADVERSE_FIRST,,2026-05-22T14:29:00Z,FAVORABLE_FIRST,2026-05-22T14:22:00Z,2026-05-22T14:29:00Z,FAVORABLE_FIRST,2026-05-22T14:23:00Z,2026-05-22T14:29:00Z,ADVERSE_FIRST,,2026-05-22T14:29:00Z,ADVERSE_FIRST,,2026-05-22T14:29:00Z,ADVERSE_FIRST,,2026-05-22T14:29:00Z
SPY:2026-05-22:LONG:2026-05-22T15:25:00+00:00:v1,2026-05-22,LONG,747.880000000000,747.620000000000,-0.260000000000,-0.260000000000,5,BETTER,1.060000000000,1.320000000000,2.925000000000,2.665000000000,-2.290000000000,-2.030000000000,-0.260000000000,0.260000000000,True,20,15,2026-05-22T15:30:00Z,2026-05-22T15:50:00Z,ADVERSE_FIRST,2026-05-22T17:28:00Z,2026-05-22T15:32:00Z,ADVERSE_FIRST,2026-05-22T17:28:00Z,2026-05-22T15:32:00Z,ADVERSE_FIRST,2026-05-22T17:29:00Z,2026-05-22T15:32:00Z,ADVERSE_FIRST,2026-05-22T17:30:00Z,2026-05-22T15:32:00Z,ADVERSE_FIRST,2026-05-22T17:28:00Z,2026-05-22T15:33:00Z,ADVERSE_FIRST,2026-05-22T17:29:00Z,2026-05-22T15:33:00Z,ADVERSE_FIRST,2026-05-22T17:30:00Z,2026-05-22T15:33:00Z,ADVERSE_FIRST,,2026-05-22T15:33:00Z,ADVERSE_FIRST,,2026-05-22T15:33:00Z,2026-05-22T15:35:00Z,2026-05-22T15:50:00Z,ADVERSE_FIRST,2026-05-22T17:05:00Z,2026-05-22T15:49:00Z,ADVERSE_FIRST,2026-05-22T17:28:00Z,2026-05-22T15:49:00Z,ADVERSE_FIRST,2026-05-22T17:28:00Z,2026-05-22T15:49:00Z,ADVERSE_FIRST,2026-05-22T17:29:00Z,2026-05-22T15:49:00Z,ADVERSE_FIRST,2026-05-22T17:28:00Z,2026-05-22T15:49:00Z,ADVERSE_FIRST,2026-05-22T17:28:00Z,2026-05-22T15:49:00Z,ADVERSE_FIRST,2026-05-22T17:29:00Z,2026-05-22T15:49:00Z,ADVERSE_FIRST,,2026-05-22T15:49:00Z,ADVERSE_FIRST,,2026-05-22T15:49:00Z
SPY:2026-05-22:LONG:2026-05-22T15:50:00+00:00:v1,2026-05-22,LONG,747.605000000000,747.610000000000,0.005000000000,0.005000000000,5,UNCHANGED_WITHIN_ONE_CENT,1.335000000000,1.330000000000,2.650000000000,2.655000000000,-2.015000000000,-2.020000000000,0.005000000000,-0.005000000000,True,15,10,2026-05-22T15:55:00Z,2026-05-22T16:10:00Z,ADVERSE_FIRST,2026-05-22T17:05:00Z,2026-05-22T16:00:00Z,ADVERSE_FIRST,2026-05-22T17:28:00Z,2026-05-22T16:00:00Z,ADVERSE_FIRST,2026-05-22T17:28:00Z,2026-05-22T16:00:00Z,ADVERSE_FIRST,2026-05-22T17:29:00Z,2026-05-22T16:00:00Z,ADVERSE_FIRST,2026-05-22T17:28:00Z,2026-05-22T16:00:00Z,ADVERSE_FIRST,2026-05-22T17:28:00Z,2026-05-22T16:00:00Z,ADVERSE_FIRST,2026-05-22T17:29:00Z,2026-05-22T16:00:00Z,ADVERSE_FIRST,,2026-05-22T16:00:00Z,ADVERSE_FIRST,,2026-05-22T16:00:00Z,2026-05-22T16:00:00Z,2026-05-22T16:10:00Z,ADVERSE_FIRST,2026-05-22T17:05:00Z,2026-05-22T16:01:00Z,ADVERSE_FIRST,2026-05-22T17:28:00Z,2026-05-22T16:01:00Z,ADVERSE_FIRST,2026-05-22T17:28:00Z,2026-05-22T16:01:00Z,ADVERSE_FIRST,2026-05-22T17:29:00Z,2026-05-22T16:01:00Z,ADVERSE_FIRST,2026-05-22T17:28:00Z,2026-05-22T16:01:00Z,ADVERSE_FIRST,2026-05-22T17:28:00Z,2026-05-22T16:01:00Z,ADVERSE_FIRST,2026-05-22T17:29:00Z,2026-05-22T16:01:00Z,ADVERSE_FIRST,,2026-05-22T16:01:00Z,ADVERSE_FIRST,,2026-05-22T16:01:00Z
SPY:2026-05-22:LONG:2026-05-22T17:00:00+00:00:v1,2026-05-22,LONG,747.780000000000,747.740000000000,-0.040000000000,-0.040000000000,5,BETTER,1.160000000000,1.200000000000,2.825000000000,2.785000000000,-2.190000000000,-2.150000000000,-0.040000000000,0.040000000000,True,15,10,2026-05-22T17:05:00Z,2026-05-22T17:20:00Z,ADVERSE_FIRST,2026-05-22T17:28:00Z,2026-05-22T17:18:00Z,ADVERSE_FIRST,2026-05-22T17:28:00Z,2026-05-22T17:18:00Z,ADVERSE_FIRST,2026-05-22T17:28:00Z,2026-05-22T17:18:00Z,ADVERSE_FIRST,2026-05-22T17:29:00Z,2026-05-22T17:18:00Z,ADVERSE_FIRST,2026-05-22T17:28:00Z,2026-05-22T17:19:00Z,ADVERSE_FIRST,2026-05-22T17:28:00Z,2026-05-22T17:19:00Z,ADVERSE_FIRST,2026-05-22T17:29:00Z,2026-05-22T17:19:00Z,ADVERSE_FIRST,,2026-05-22T17:19:00Z,ADVERSE_FIRST,,2026-05-22T17:19:00Z,2026-05-22T17:10:00Z,2026-05-22T17:20:00Z,ADVERSE_FIRST,2026-05-22T17:28:00Z,2026-05-22T17:19:00Z,ADVERSE_FIRST,2026-05-22T17:28:00Z,2026-05-22T17:19:00Z,ADVERSE_FIRST,2026-05-22T17:28:00Z,2026-05-22T17:19:00Z,ADVERSE_FIRST,2026-05-22T17:29:00Z,2026-05-22T17:19:00Z,ADVERSE_FIRST,2026-05-22T17:28:00Z,2026-05-22T17:19:00Z,ADVERSE_FIRST,2026-05-22T17:28:00Z,2026-05-22T17:19:00Z,ADVERSE_FIRST,2026-05-22T17:29:00Z,2026-05-22T17:19:00Z,ADVERSE_FIRST,,2026-05-22T17:19:00Z,ADVERSE_FIRST,,2026-05-22T17:19:00Z
SPY:2026-05-22:LONG:2026-05-22T17:22:00+00:00:v1,2026-05-22,LONG,747.380000000000,748.735000000000,1.355000000000,1.355000000000,5,WORSE,1.560000000000,0.065000000000,2.425000000000,3.780000000000,-1.790000000000,-3.145000000000,1.495000000000,-1.355000000000,True,30,25,2026-05-22T17:25:00Z,2026-05-22T17:55:00Z,FAVORABLE_FIRST,2026-05-22T17:26:00Z,2026-05-22T17:54:00Z,FAVORABLE_FIRST,2026-05-22T17:28:00Z,2026-05-22T17:54:00Z,FAVORABLE_FIRST,2026-05-22T17:28:00Z,2026-05-22T17:54:00Z,FAVORABLE_FIRST,2026-05-22T17:28:00Z,2026-05-22T17:54:00Z,FAVORABLE_FIRST,2026-05-22T17:28:00Z,2026-05-22T18:04:00Z,FAVORABLE_FIRST,2026-05-22T17:28:00Z,2026-05-22T18:04:00Z,FAVORABLE_FIRST,2026-05-22T17:28:00Z,2026-05-22T18:04:00Z,FAVORABLE_FIRST,2026-05-22T17:30:00Z,2026-05-22T18:04:00Z,ADVERSE_FIRST,,2026-05-22T18:04:00Z,2026-05-22T17:30:00Z,2026-05-22T17:55:00Z,ADVERSE_FIRST,,2026-05-22T17:31:00Z,ADVERSE_FIRST,,2026-05-22T17:31:00Z,ADVERSE_FIRST,,2026-05-22T17:31:00Z,ADVERSE_FIRST,,2026-05-22T17:31:00Z,ADVERSE_FIRST,,2026-05-22T17:31:00Z,ADVERSE_FIRST,,2026-05-22T17:31:00Z,ADVERSE_FIRST,,2026-05-22T17:31:00Z,ADVERSE_FIRST,,2026-05-22T17:31:00Z,ADVERSE_FIRST,,2026-05-22T17:31:00Z
SPY:2026-05-22:SHORT:2026-05-22T19:41:00+00:00:v1,2026-05-22,SHORT,745.640000000000,745.460000000000,-0.180000000000,0.180000000000,5,WORSE,0.685000000000,0.250000000000,0.570000000000,0.750000000000,0.050000000000,-0.130000000000,0.435000000000,-0.180000000000,True,,,2026-05-22T19:45:00Z,,FAVORABLE_FIRST,2026-05-22T19:46:00Z,2026-05-22T19:57:00Z,FAVORABLE_FIRST,2026-05-22T19:46:00Z,2026-05-22T19:57:00Z,ADVERSE_FIRST,,2026-05-22T19:57:00Z,ADVERSE_FIRST,,2026-05-22T19:57:00Z,FAVORABLE_FIRST,2026-05-22T19:46:00Z,2026-05-22T19:57:00Z,ADVERSE_FIRST,,2026-05-22T19:57:00Z,ADVERSE_FIRST,,2026-05-22T19:57:00Z,ADVERSE_FIRST,,2026-05-22T19:57:00Z,ADVERSE_FIRST,,2026-05-22T19:57:00Z,2026-05-22T19:50:00Z,,ADVERSE_FIRST,2026-05-22T19:54:00Z,2026-05-22T19:51:00Z,ADVERSE_FIRST,,2026-05-22T19:51:00Z,ADVERSE_FIRST,,2026-05-22T19:51:00Z,ADVERSE_FIRST,,2026-05-22T19:51:00Z,ADVERSE_FIRST,,2026-05-22T19:55:00Z,ADVERSE_FIRST,,2026-05-22T19:55:00Z,ADVERSE_FIRST,,2026-05-22T19:55:00Z,ADVERSE_FIRST,,2026-05-22T19:55:00Z,ADVERSE_FIRST,,2026-05-22T19:55:00Z
SPY:2026-05-26:LONG:2026-05-26T13:44:00+00:00:v1,2026-05-26,LONG,750.630000000000,750.980000000000,0.350000000000,0.350000000000,5,WORSE,1.500000000000,1.150000000000,2.260000000000,2.610000000000,-0.140000000000,-0.490000000000,0.350000000000,-0.350000000000,True,10,5,2026-05-26T13:45:00Z,2026-05-26T13:55:00Z,FAVORABLE_FIRST,2026-05-26T13:46:00Z,2026-05-26T13:50:00Z,ADVERSE_FIRST,2026-05-26T14:04:00Z,2026-05-26T13:50:00Z,ADVERSE_FIRST,2026-05-26T14:07:00Z,2026-05-26T13:50:00Z,ADVERSE_FIRST,2026-05-26T14:19:00Z,2026-05-26T13:50:00Z,ADVERSE_FIRST,2026-05-26T14:04:00Z,2026-05-26T13:51:00Z,ADVERSE_FIRST,2026-05-26T14:07:00Z,2026-05-26T13:51:00Z,ADVERSE_FIRST,2026-05-26T14:19:00Z,2026-05-26T13:51:00Z,ADVERSE_FIRST,2026-05-26T14:40:00Z,2026-05-26T13:51:00Z,ADVERSE_FIRST,,2026-05-26T13:51:00Z,2026-05-26T13:50:00Z,2026-05-26T13:55:00Z,ADVERSE_FIRST,2026-05-26T14:06:00Z,2026-05-26T13:51:00Z,ADVERSE_FIRST,2026-05-26T14:15:00Z,2026-05-26T13:51:00Z,ADVERSE_FIRST,2026-05-26T14:20:00Z,2026-05-26T13:51:00Z,ADVERSE_FIRST,2026-05-26T14:36:00Z,2026-05-26T13:51:00Z,ADVERSE_FIRST,2026-05-26T14:15:00Z,2026-05-26T13:51:00Z,ADVERSE_FIRST,2026-05-26T14:20:00Z,2026-05-26T13:51:00Z,ADVERSE_FIRST,2026-05-26T14:36:00Z,2026-05-26T13:51:00Z,ADVERSE_FIRST,,2026-05-26T13:51:00Z,ADVERSE_FIRST,,2026-05-26T13:51:00Z
SPY:2026-05-26:LONG:2026-05-26T13:55:00+00:00:v1,2026-05-26,LONG,750.780000000000,751.110100000000,0.330100000000,0.330100000000,5,WORSE,1.350000000000,1.019900000000,2.410000000000,2.740100000000,-0.290000000000,-0.620100000000,0.330100000000,-0.330100000000,True,80,75,2026-05-26T14:00:00Z,2026-05-26T15:20:00Z,FAVORABLE_FIRST,2026-05-26T14:03:00Z,2026-05-26T15:07:00Z,FAVORABLE_FIRST,2026-05-26T14:07:00Z,2026-05-26T15:07:00Z,FAVORABLE_FIRST,2026-05-26T14:18:00Z,2026-05-26T15:07:00Z,FAVORABLE_FIRST,2026-05-26T14:20:00Z,2026-05-26T15:07:00Z,FAVORABLE_FIRST,2026-05-26T14:07:00Z,2026-05-26T15:07:00Z,FAVORABLE_FIRST,2026-05-26T14:18:00Z,2026-05-26T15:07:00Z,FAVORABLE_FIRST,2026-05-26T14:20:00Z,2026-05-26T15:07:00Z,ADVERSE_FIRST,,2026-05-26T15:07:00Z,ADVERSE_FIRST,,2026-05-26T15:07:00Z,2026-05-26T14:05:00Z,2026-05-26T15:20:00Z,FAVORABLE_FIRST,2026-05-26T14:07:00Z,2026-05-26T15:02:00Z,FAVORABLE_FIRST,2026-05-26T14:19:00Z,2026-05-26T15:02:00Z,FAVORABLE_FIRST,2026-05-26T14:27:00Z,2026-05-26T15:02:00Z,FAVORABLE_FIRST,2026-05-26T14:40:00Z,2026-05-26T15:02:00Z,FAVORABLE_FIRST,2026-05-26T14:19:00Z,2026-05-26T15:02:00Z,FAVORABLE_FIRST,2026-05-26T14:27:00Z,2026-05-26T15:02:00Z,FAVORABLE_FIRST,2026-05-26T14:40:00Z,2026-05-26T15:02:00Z,ADVERSE_FIRST,,2026-05-26T15:02:00Z,ADVERSE_FIRST,,2026-05-26T15:02:00Z
SPY:2026-05-26:SHORT:2026-05-26T15:45:00+00:00:v1,2026-05-26,SHORT,749.099900000000,748.550000000000,-0.549900000000,0.549900000000,5,WORSE,0.729900000000,0.180000000000,1.770100000000,2.320000000000,-1.390100000000,-1.940000000000,0.549900000000,-0.549900000000,True,35,30,2026-05-26T15:50:00Z,2026-05-26T16:25:00Z,FAVORABLE_FIRST,2026-05-26T15:53:00Z,2026-05-26T16:01:00Z,FAVORABLE_FIRST,2026-05-26T15:54:00Z,2026-05-26T16:01:00Z,ADVERSE_FIRST,,2026-05-26T16:01:00Z,ADVERSE_FIRST,,2026-05-26T16:01:00Z,FAVORABLE_FIRST,2026-05-26T15:54:00Z,2026-05-26T16:02:00Z,ADVERSE_FIRST,,2026-05-26T16:02:00Z,ADVERSE_FIRST,,2026-05-26T16:02:00Z,ADVERSE_FIRST,,2026-05-26T16:02:00Z,ADVERSE_FIRST,,2026-05-26T16:02:00Z,2026-05-26T15:55:00Z,2026-05-26T16:25:00Z,ADVERSE_FIRST,,2026-05-26T15:57:00Z,ADVERSE_FIRST,,2026-05-26T15:57:00Z,ADVERSE_FIRST,,2026-05-26T15:57:00Z,ADVERSE_FIRST,,2026-05-26T15:57:00Z,ADVERSE_FIRST,,2026-05-26T15:58:00Z,ADVERSE_FIRST,,2026-05-26T15:58:00Z,ADVERSE_FIRST,,2026-05-26T15:58:00Z,ADVERSE_FIRST,,2026-05-26T15:58:00Z,ADVERSE_FIRST,,2026-05-26T15:58:00Z
SPY:2026-05-26:SHORT:2026-05-26T16:41:00+00:00:v1,2026-05-26,SHORT,749.240100000000,748.870000000000,-0.370100000000,0.370100000000,5,WORSE,0.740100000000,0.370000000000,1.629900000000,2.000000000000,-1.249900000000,-1.620000000000,0.370100000000,-0.370100000000,True,85,80,2026-05-26T16:45:00Z,2026-05-26T18:10:00Z,FAVORABLE_FIRST,2026-05-26T16:48:00Z,2026-05-26T18:10:00Z,FAVORABLE_FIRST,2026-05-26T17:20:00Z,2026-05-26T18:10:00Z,ADVERSE_FIRST,,2026-05-26T18:10:00Z,ADVERSE_FIRST,,2026-05-26T18:10:00Z,FAVORABLE_FIRST,2026-05-26T17:20:00Z,2026-05-26T18:10:00Z,ADVERSE_FIRST,,2026-05-26T18:10:00Z,ADVERSE_FIRST,,2026-05-26T18:10:00Z,ADVERSE_FIRST,,2026-05-26T18:10:00Z,ADVERSE_FIRST,,2026-05-26T18:10:00Z,2026-05-26T16:50:00Z,2026-05-26T18:10:00Z,ADVERSE_FIRST,2026-05-26T17:25:00Z,2026-05-26T16:51:00Z,ADVERSE_FIRST,,2026-05-26T16:51:00Z,ADVERSE_FIRST,,2026-05-26T16:51:00Z,ADVERSE_FIRST,,2026-05-26T16:51:00Z,ADVERSE_FIRST,,2026-05-26T16:51:00Z,ADVERSE_FIRST,,2026-05-26T16:51:00Z,ADVERSE_FIRST,,2026-05-26T16:51:00Z,ADVERSE_FIRST,,2026-05-26T16:51:00Z,ADVERSE_FIRST,,2026-05-26T16:51:00Z
SPY:2026-05-26:SHORT:2026-05-26T18:55:00+00:00:v1,2026-05-26,SHORT,749.100000000000,749.200000000000,0.100000000000,-0.100000000000,5,BETTER,0.235000000000,0.140000000000,1.770000000000,1.670000000000,-1.390000000000,-1.290000000000,0.095000000000,0.100000000000,True,10,5,2026-05-26T19:00:00Z,2026-05-26T19:10:00Z,ADVERSE_FIRST,,2026-05-26T19:06:00Z,ADVERSE_FIRST,,2026-05-26T19:06:00Z,ADVERSE_FIRST,,2026-05-26T19:06:00Z,ADVERSE_FIRST,,2026-05-26T19:06:00Z,ADVERSE_FIRST,,2026-05-26T19:09:00Z,ADVERSE_FIRST,,2026-05-26T19:09:00Z,ADVERSE_FIRST,,2026-05-26T19:09:00Z,ADVERSE_FIRST,,2026-05-26T19:09:00Z,ADVERSE_FIRST,,2026-05-26T19:09:00Z,2026-05-26T19:05:00Z,2026-05-26T19:10:00Z,ADVERSE_FIRST,,2026-05-26T19:11:00Z,ADVERSE_FIRST,,2026-05-26T19:11:00Z,ADVERSE_FIRST,,2026-05-26T19:11:00Z,ADVERSE_FIRST,,2026-05-26T19:11:00Z,ADVERSE_FIRST,,2026-05-26T19:18:00Z,ADVERSE_FIRST,,2026-05-26T19:18:00Z,ADVERSE_FIRST,,2026-05-26T19:18:00Z,ADVERSE_FIRST,,2026-05-26T19:18:00Z,ADVERSE_FIRST,,2026-05-26T19:18:00Z
SPY:2026-05-26:LONG:2026-05-26T19:44:00+00:00:v1,2026-05-26,LONG,750.510000000000,750.590000000000,0.080000000000,0.080000000000,5,WORSE,0.360000000000,0.280000000000,0.470000000000,0.550000000000,-0.020000000000,-0.100000000000,0.080000000000,-0.080000000000,True,,,2026-05-26T19:45:00Z,,FAVORABLE_FIRST,2026-05-26T19:50:00Z,2026-05-26T19:58:00Z,ADVERSE_FIRST,,2026-05-26T19:58:00Z,ADVERSE_FIRST,,2026-05-26T19:58:00Z,ADVERSE_FIRST,,2026-05-26T19:58:00Z,ADVERSE_FIRST,,2026-05-26T19:58:00Z,ADVERSE_FIRST,,2026-05-26T19:58:00Z,ADVERSE_FIRST,,2026-05-26T19:58:00Z,ADVERSE_FIRST,,2026-05-26T19:58:00Z,ADVERSE_FIRST,,2026-05-26T19:58:00Z,2026-05-26T19:50:00Z,,FAVORABLE_FIRST,2026-05-26T19:53:00Z,2026-05-26T19:58:00Z,ADVERSE_FIRST,,2026-05-26T19:58:00Z,ADVERSE_FIRST,,2026-05-26T19:58:00Z,ADVERSE_FIRST,,2026-05-26T19:58:00Z,ADVERSE_FIRST,,2026-05-26T19:58:00Z,ADVERSE_FIRST,,2026-05-26T19:58:00Z,ADVERSE_FIRST,,2026-05-26T19:58:00Z,ADVERSE_FIRST,,2026-05-26T19:58:00Z,ADVERSE_FIRST,,2026-05-26T19:58:00Z
SPY:2026-05-27:SHORT:2026-05-27T13:40:00+00:00:v1,2026-05-27,SHORT,749.470000000000,749.570000000000,0.100000000000,-0.100000000000,5,BETTER,1.250000000000,1.350000000000,1.910000000000,1.810000000000,-1.000000000000,-0.900000000000,-0.100000000000,0.100000000000,True,15,10,2026-05-27T13:45:00Z,2026-05-27T14:00:00Z,ADVERSE_FIRST,2026-05-27T15:19:00Z,2026-05-27T13:46:00Z,ADVERSE_FIRST,2026-05-27T15:21:00Z,2026-05-27T13:46:00Z,ADVERSE_FIRST,2026-05-27T15:44:00Z,2026-05-27T13:46:00Z,ADVERSE_FIRST,2026-05-27T15:48:00Z,2026-05-27T13:46:00Z,ADVERSE_FIRST,2026-05-27T15:21:00Z,2026-05-27T13:46:00Z,ADVERSE_FIRST,2026-05-27T15:44:00Z,2026-05-27T13:46:00Z,ADVERSE_FIRST,2026-05-27T15:48:00Z,2026-05-27T13:46:00Z,ADVERSE_FIRST,,2026-05-27T13:46:00Z,ADVERSE_FIRST,,2026-05-27T13:46:00Z,2026-05-27T13:50:00Z,2026-05-27T14:00:00Z,ADVERSE_FIRST,2026-05-27T14:33:00Z,2026-05-27T13:51:00Z,ADVERSE_FIRST,2026-05-27T15:21:00Z,2026-05-27T13:51:00Z,ADVERSE_FIRST,2026-05-27T15:44:00Z,2026-05-27T13:51:00Z,ADVERSE_FIRST,2026-05-27T15:44:00Z,2026-05-27T13:51:00Z,ADVERSE_FIRST,2026-05-27T15:21:00Z,2026-05-27T13:51:00Z,ADVERSE_FIRST,2026-05-27T15:44:00Z,2026-05-27T13:51:00Z,ADVERSE_FIRST,2026-05-27T15:44:00Z,2026-05-27T13:51:00Z,ADVERSE_FIRST,,2026-05-27T13:51:00Z,ADVERSE_FIRST,,2026-05-27T13:51:00Z
SPY:2026-05-27:SHORT:2026-05-27T14:24:00+00:00:v1,2026-05-27,SHORT,750.150000000000,750.045000000000,-0.105000000000,0.105000000000,5,WORSE,1.930000000000,1.825000000000,0.980000000000,1.085000000000,-0.320000000000,-0.425000000000,0.105000000000,-0.105000000000,True,15,10,2026-05-27T14:25:00Z,2026-05-27T14:40:00Z,FAVORABLE_FIRST,2026-05-27T14:26:00Z,2026-05-27T14:30:00Z,FAVORABLE_FIRST,2026-05-27T14:26:00Z,2026-05-27T14:30:00Z,ADVERSE_FIRST,2026-05-27T14:33:00Z,2026-05-27T14:30:00Z,ADVERSE_FIRST,2026-05-27T15:19:00Z,2026-05-27T14:30:00Z,FAVORABLE_FIRST,2026-05-27T14:26:00Z,2026-05-27T14:31:00Z,ADVERSE_FIRST,2026-05-27T14:33:00Z,2026-05-27T14:31:00Z,ADVERSE_FIRST,2026-05-27T15:19:00Z,2026-05-27T14:31:00Z,ADVERSE_FIRST,2026-05-27T15:44:00Z,2026-05-27T14:31:00Z,ADVERSE_FIRST,,2026-05-27T14:31:00Z,2026-05-27T14:30:00Z,2026-05-27T14:40:00Z,ADVERSE_FIRST,2026-05-27T14:33:00Z,2026-05-27T14:31:00Z,ADVERSE_FIRST,2026-05-27T14:33:00Z,2026-05-27T14:31:00Z,ADVERSE_FIRST,2026-05-27T14:33:00Z,2026-05-27T14:31:00Z,ADVERSE_FIRST,2026-05-27T15:21:00Z,2026-05-27T14:31:00Z,ADVERSE_FIRST,2026-05-27T14:33:00Z,2026-05-27T14:31:00Z,ADVERSE_FIRST,2026-05-27T14:33:00Z,2026-05-27T14:31:00Z,ADVERSE_FIRST,2026-05-27T15:21:00Z,2026-05-27T14:31:00Z,ADVERSE_FIRST,2026-05-27T15:44:00Z,2026-05-27T14:31:00Z,ADVERSE_FIRST,,2026-05-27T14:31:00Z
SPY:2026-05-27:SHORT:2026-05-27T14:45:00+00:00:v1,2026-05-27,SHORT,750.000000000000,750.300000000000,0.300000000000,-0.300000000000,5,BETTER,1.780000000000,2.080000000000,1.130000000000,0.830000000000,-0.470000000000,-0.170000000000,-0.300000000000,0.300000000000,True,120,115,2026-05-27T14:50:00Z,2026-05-27T16:50:00Z,ADVERSE_FIRST,2026-05-27T14:56:00Z,2026-05-27T14:51:00Z,ADVERSE_FIRST,2026-05-27T14:56:00Z,2026-05-27T14:51:00Z,ADVERSE_FIRST,2026-05-27T15:19:00Z,2026-05-27T14:51:00Z,ADVERSE_FIRST,2026-05-27T15:21:00Z,2026-05-27T14:51:00Z,ADVERSE_FIRST,2026-05-27T14:56:00Z,2026-05-27T14:54:00Z,ADVERSE_FIRST,2026-05-27T15:19:00Z,2026-05-27T14:54:00Z,ADVERSE_FIRST,2026-05-27T15:21:00Z,2026-05-27T14:54:00Z,ADVERSE_FIRST,2026-05-27T15:48:00Z,2026-05-27T14:54:00Z,ADVERSE_FIRST,,2026-05-27T14:54:00Z,2026-05-27T14:55:00Z,2026-05-27T16:50:00Z,FAVORABLE_FIRST,2026-05-27T14:56:00Z,2026-05-27T16:50:00Z,FAVORABLE_FIRST,2026-05-27T14:56:00Z,2026-05-27T16:50:00Z,FAVORABLE_FIRST,2026-05-27T14:56:00Z,2026-05-27T16:50:00Z,FAVORABLE_FIRST,2026-05-27T15:19:00Z,2026-05-27T16:50:00Z,FAVORABLE_FIRST,2026-05-27T14:56:00Z,2026-05-27T16:50:00Z,FAVORABLE_FIRST,2026-05-27T14:56:00Z,2026-05-27T16:50:00Z,FAVORABLE_FIRST,2026-05-27T15:19:00Z,2026-05-27T16:50:00Z,FAVORABLE_FIRST,2026-05-27T15:44:00Z,2026-05-27T16:50:00Z,ADVERSE_FIRST,2026-05-27T17:09:00Z,2026-05-27T16:50:00Z
SPY:2026-05-27:SHORT:2026-05-27T16:52:00+00:00:v1,2026-05-27,SHORT,750.109900000000,749.790000000000,-0.319900000000,0.319900000000,5,WORSE,1.889900000000,1.570000000000,1.020100000000,1.340000000000,-0.360100000000,-0.680000000000,0.319900000000,-0.319900000000,True,90,85,2026-05-27T16:55:00Z,2026-05-27T18:25:00Z,FAVORABLE_FIRST,2026-05-27T16:56:00Z,2026-05-27T18:18:00Z,FAVORABLE_FIRST,2026-05-27T16:56:00Z,2026-05-27T18:18:00Z,FAVORABLE_FIRST,2026-05-27T17:06:00Z,2026-05-27T18:18:00Z,FAVORABLE_FIRST,2026-05-27T17:06:00Z,2026-05-27T18:18:00Z,FAVORABLE_FIRST,2026-05-27T16:56:00Z,2026-05-27T18:20:00Z,FAVORABLE_FIRST,2026-05-27T17:06:00Z,2026-05-27T18:20:00Z,FAVORABLE_FIRST,2026-05-27T17:06:00Z,2026-05-27T18:20:00Z,FAVORABLE_FIRST,2026-05-27T17:08:00Z,2026-05-27T18:20:00Z,ADVERSE_FIRST,,2026-05-27T18:20:00Z,2026-05-27T17:00:00Z,2026-05-27T18:25:00Z,FAVORABLE_FIRST,2026-05-27T17:01:00Z,2026-05-27T17:55:00Z,FAVORABLE_FIRST,2026-05-27T17:06:00Z,2026-05-27T17:55:00Z,FAVORABLE_FIRST,2026-05-27T17:07:00Z,2026-05-27T17:55:00Z,FAVORABLE_FIRST,2026-05-27T17:08:00Z,2026-05-27T17:55:00Z,FAVORABLE_FIRST,2026-05-27T17:06:00Z,2026-05-27T18:16:00Z,FAVORABLE_FIRST,2026-05-27T17:07:00Z,2026-05-27T18:16:00Z,FAVORABLE_FIRST,2026-05-27T17:08:00Z,2026-05-27T18:16:00Z,FAVORABLE_FIRST,2026-05-27T17:09:00Z,2026-05-27T18:16:00Z,ADVERSE_FIRST,,2026-05-27T18:16:00Z
SPY:2026-05-28:LONG:2026-05-28T14:07:00+00:00:v1,2026-05-28,LONG,750.640000000000,753.060000000000,2.420000000000,2.420000000000,5,WORSE,4.510000000000,2.090000000000,0.510000000000,1.330000000000,4.000000000000,1.580000000000,2.420000000000,-0.820000000000,True,,,2026-05-28T14:10:00Z,,ADVERSE_FIRST,2026-05-28T14:12:00Z,2026-05-28T14:11:00Z,ADVERSE_FIRST,2026-05-28T14:12:00Z,2026-05-28T14:11:00Z,ADVERSE_FIRST,2026-05-28T14:12:00Z,2026-05-28T14:11:00Z,ADVERSE_FIRST,2026-05-28T14:12:00Z,2026-05-28T14:11:00Z,ADVERSE_FIRST,2026-05-28T14:12:00Z,2026-05-28T14:11:00Z,ADVERSE_FIRST,2026-05-28T14:12:00Z,2026-05-28T14:11:00Z,ADVERSE_FIRST,2026-05-28T14:12:00Z,2026-05-28T14:11:00Z,ADVERSE_FIRST,2026-05-28T14:12:00Z,2026-05-28T14:11:00Z,ADVERSE_FIRST,2026-05-28T14:12:00Z,2026-05-28T14:11:00Z,2026-05-28T14:15:00Z,,ADVERSE_FIRST,2026-05-28T14:18:00Z,2026-05-28T14:16:00Z,ADVERSE_FIRST,2026-05-28T15:02:00Z,2026-05-28T14:16:00Z,ADVERSE_FIRST,2026-05-28T15:05:00Z,2026-05-28T14:16:00Z,ADVERSE_FIRST,2026-05-28T15:28:00Z,2026-05-28T14:16:00Z,ADVERSE_FIRST,2026-05-28T15:02:00Z,2026-05-28T14:16:00Z,ADVERSE_FIRST,2026-05-28T15:05:00Z,2026-05-28T14:16:00Z,ADVERSE_FIRST,2026-05-28T15:28:00Z,2026-05-28T14:16:00Z,ADVERSE_FIRST,2026-05-28T16:24:00Z,2026-05-28T14:16:00Z,ADVERSE_FIRST,2026-05-28T19:37:00Z,2026-05-28T14:16:00Z
SPY:2026-05-29:LONG:2026-05-29T13:35:00+00:00:v1,2026-05-29,LONG,756.720000000000,757.470000000000,0.750000000000,0.750000000000,5,WORSE,1.360000000000,0.610000000000,2.030000000000,2.780000000000,-0.320000000000,-1.070000000000,0.750000000000,-0.750000000000,True,45,40,2026-05-29T13:40:00Z,2026-05-29T14:25:00Z,FAVORABLE_FIRST,2026-05-29T13:41:00Z,2026-05-29T14:19:00Z,FAVORABLE_FIRST,2026-05-29T13:41:00Z,2026-05-29T14:19:00Z,FAVORABLE_FIRST,2026-05-29T13:44:00Z,2026-05-29T14:19:00Z,FAVORABLE_FIRST,2026-05-29T13:45:00Z,2026-05-29T14:19:00Z,FAVORABLE_FIRST,2026-05-29T13:41:00Z,2026-05-29T14:24:00Z,FAVORABLE_FIRST,2026-05-29T13:44:00Z,2026-05-29T14:24:00Z,FAVORABLE_FIRST,2026-05-29T13:45:00Z,2026-05-29T14:24:00Z,ADVERSE_FIRST,,2026-05-29T14:24:00Z,ADVERSE_FIRST,,2026-05-29T14:24:00Z,2026-05-29T13:45:00Z,2026-05-29T14:25:00Z,FAVORABLE_FIRST,2026-05-29T13:53:00Z,2026-05-29T14:11:00Z,FAVORABLE_FIRST,2026-05-29T14:00:00Z,2026-05-29T14:11:00Z,ADVERSE_FIRST,,2026-05-29T14:11:00Z,ADVERSE_FIRST,,2026-05-29T14:11:00Z,FAVORABLE_FIRST,2026-05-29T14:00:00Z,2026-05-29T14:15:00Z,ADVERSE_FIRST,,2026-05-29T14:15:00Z,ADVERSE_FIRST,,2026-05-29T14:15:00Z,ADVERSE_FIRST,,2026-05-29T14:15:00Z,ADVERSE_FIRST,,2026-05-29T14:15:00Z
SPY:2026-05-29:LONG:2026-05-29T14:25:00+00:00:v1,2026-05-29,LONG,756.600000000000,756.910000000000,0.310000000000,0.310000000000,5,WORSE,1.220000000000,0.910000000000,1.910000000000,2.220000000000,-0.200000000000,-0.510000000000,0.310000000000,-0.310000000000,True,10,5,2026-05-29T14:30:00Z,2026-05-29T14:40:00Z,ADVERSE_FIRST,2026-05-29T14:34:00Z,2026-05-29T14:32:00Z,ADVERSE_FIRST,2026-05-29T15:12:00Z,2026-05-29T14:32:00Z,ADVERSE_FIRST,2026-05-29T15:15:00Z,2026-05-29T14:32:00Z,ADVERSE_FIRST,2026-05-29T16:37:00Z,2026-05-29T14:32:00Z,ADVERSE_FIRST,2026-05-29T15:12:00Z,2026-05-29T14:32:00Z,ADVERSE_FIRST,2026-05-29T15:15:00Z,2026-05-29T14:32:00Z,ADVERSE_FIRST,2026-05-29T16:37:00Z,2026-05-29T14:32:00Z,ADVERSE_FIRST,,2026-05-29T14:32:00Z,ADVERSE_FIRST,,2026-05-29T14:32:00Z,2026-05-29T14:35:00Z,2026-05-29T14:40:00Z,ADVERSE_FIRST,2026-05-29T15:12:00Z,2026-05-29T14:36:00Z,ADVERSE_FIRST,2026-05-29T15:15:00Z,2026-05-29T14:36:00Z,ADVERSE_FIRST,2026-05-29T16:39:00Z,2026-05-29T14:36:00Z,ADVERSE_FIRST,,2026-05-29T14:36:00Z,ADVERSE_FIRST,2026-05-29T15:15:00Z,2026-05-29T14:36:00Z,ADVERSE_FIRST,2026-05-29T16:39:00Z,2026-05-29T14:36:00Z,ADVERSE_FIRST,,2026-05-29T14:36:00Z,ADVERSE_FIRST,,2026-05-29T14:36:00Z,ADVERSE_FIRST,,2026-05-29T14:36:00Z
SPY:2026-05-29:SHORT:2026-05-29T14:42:00+00:00:v1,2026-05-29,SHORT,755.175000000000,755.010000000000,-0.165000000000,0.165000000000,5,WORSE,0.455000000000,0.040000000000,2.645000000000,2.810000000000,-1.225000000000,-1.390000000000,0.415000000000,-0.165000000000,True,10,5,2026-05-29T14:45:00Z,2026-05-29T14:55:00Z,FAVORABLE_FIRST,2026-05-29T14:46:00Z,2026-05-29T14:51:00Z,ADVERSE_FIRST,,2026-05-29T14:51:00Z,ADVERSE_FIRST,,2026-05-29T14:51:00Z,ADVERSE_FIRST,,2026-05-29T14:51:00Z,ADVERSE_FIRST,,2026-05-29T14:51:00Z,ADVERSE_FIRST,,2026-05-29T14:51:00Z,ADVERSE_FIRST,,2026-05-29T14:51:00Z,ADVERSE_FIRST,,2026-05-29T14:51:00Z,ADVERSE_FIRST,,2026-05-29T14:51:00Z,2026-05-29T14:50:00Z,2026-05-29T14:55:00Z,ADVERSE_FIRST,,2026-05-29T14:51:00Z,ADVERSE_FIRST,,2026-05-29T14:51:00Z,ADVERSE_FIRST,,2026-05-29T14:51:00Z,ADVERSE_FIRST,,2026-05-29T14:51:00Z,ADVERSE_FIRST,,2026-05-29T14:51:00Z,ADVERSE_FIRST,,2026-05-29T14:51:00Z,ADVERSE_FIRST,,2026-05-29T14:51:00Z,ADVERSE_FIRST,,2026-05-29T14:51:00Z,ADVERSE_FIRST,,2026-05-29T14:51:00Z
SPY:2026-05-29:LONG:2026-05-29T15:00:00+00:00:v1,2026-05-29,LONG,756.330000000000,756.699900000000,0.369900000000,0.369900000000,5,WORSE,1.490000000000,1.120100000000,1.200000000000,1.569900000000,0.070000000000,-0.299900000000,0.369900000000,-0.369900000000,True,160,155,2026-05-29T15:05:00Z,2026-05-29T17:45:00Z,FAVORABLE_FIRST,2026-05-29T15:08:00Z,2026-05-29T17:43:00Z,FAVORABLE_FIRST,2026-05-29T15:10:00Z,2026-05-29T17:43:00Z,FAVORABLE_FIRST,2026-05-29T15:12:00Z,2026-05-29T17:43:00Z,FAVORABLE_FIRST,2026-05-29T15:15:00Z,2026-05-29T17:43:00Z,FAVORABLE_FIRST,2026-05-29T15:10:00Z,2026-05-29T17:44:00Z,FAVORABLE_FIRST,2026-05-29T15:12:00Z,2026-05-29T17:44:00Z,FAVORABLE_FIRST,2026-05-29T15:15:00Z,2026-05-29T17:44:00Z,ADVERSE_FIRST,,2026-05-29T17:44:00Z,ADVERSE_FIRST,,2026-05-29T17:44:00Z,2026-05-29T15:10:00Z,2026-05-29T17:45:00Z,FAVORABLE_FIRST,2026-05-29T15:11:00Z,2026-05-29T15:20:00Z,FAVORABLE_FIRST,2026-05-29T15:12:00Z,2026-05-29T15:20:00Z,ADVERSE_FIRST,2026-05-29T16:10:00Z,2026-05-29T15:20:00Z,ADVERSE_FIRST,2026-05-29T16:39:00Z,2026-05-29T15:20:00Z,FAVORABLE_FIRST,2026-05-29T15:12:00Z,2026-05-29T15:20:00Z,ADVERSE_FIRST,2026-05-29T16:10:00Z,2026-05-29T15:20:00Z,ADVERSE_FIRST,2026-05-29T16:39:00Z,2026-05-29T15:20:00Z,ADVERSE_FIRST,,2026-05-29T15:20:00Z,ADVERSE_FIRST,,2026-05-29T15:20:00Z
SPY:2026-05-29:LONG:2026-05-29T18:30:00+00:00:v1,2026-05-29,LONG,756.710000000000,756.620000000000,-0.090000000000,-0.090000000000,5,BETTER,0.920000000000,1.010000000000,1.350000000000,1.260000000000,-0.310000000000,-0.220000000000,-0.090000000000,0.090000000000,True,15,10,2026-05-29T18:35:00Z,2026-05-29T18:50:00Z,ADVERSE_FIRST,2026-05-29T19:30:00Z,2026-05-29T18:38:00Z,ADVERSE_FIRST,2026-05-29T19:34:00Z,2026-05-29T18:38:00Z,ADVERSE_FIRST,2026-05-29T19:38:00Z,2026-05-29T18:38:00Z,ADVERSE_FIRST,,2026-05-29T18:38:00Z,ADVERSE_FIRST,2026-05-29T19:34:00Z,2026-05-29T18:43:00Z,ADVERSE_FIRST,2026-05-29T19:38:00Z,2026-05-29T18:43:00Z,ADVERSE_FIRST,,2026-05-29T18:43:00Z,ADVERSE_FIRST,,2026-05-29T18:43:00Z,ADVERSE_FIRST,,2026-05-29T18:43:00Z,2026-05-29T18:40:00Z,2026-05-29T18:50:00Z,ADVERSE_FIRST,2026-05-29T19:28:00Z,2026-05-29T18:44:00Z,ADVERSE_FIRST,2026-05-29T19:31:00Z,2026-05-29T18:44:00Z,ADVERSE_FIRST,2026-05-29T19:35:00Z,2026-05-29T18:44:00Z,ADVERSE_FIRST,2026-05-29T19:42:00Z,2026-05-29T18:44:00Z,ADVERSE_FIRST,2026-05-29T19:31:00Z,2026-05-29T18:45:00Z,ADVERSE_FIRST,2026-05-29T19:35:00Z,2026-05-29T18:45:00Z,ADVERSE_FIRST,2026-05-29T19:42:00Z,2026-05-29T18:45:00Z,ADVERSE_FIRST,,2026-05-29T18:45:00Z,ADVERSE_FIRST,,2026-05-29T18:45:00Z
SPY:2026-05-29:LONG:2026-05-29T19:21:00+00:00:v1,2026-05-29,LONG,756.500000000000,756.860000000000,0.360000000000,0.360000000000,5,WORSE,1.130000000000,0.770000000000,0.330000000000,0.690000000000,-0.100000000000,-0.460000000000,0.360000000000,-0.360000000000,True,,,2026-05-29T19:25:00Z,,FAVORABLE_FIRST,2026-05-29T19:28:00Z,2026-05-29T19:59:00Z,FAVORABLE_FIRST,2026-05-29T19:31:00Z,2026-05-29T19:59:00Z,FAVORABLE_FIRST,2026-05-29T19:35:00Z,2026-05-29T19:59:00Z,FAVORABLE_FIRST,2026-05-29T19:38:00Z,2026-05-29T19:59:00Z,FAVORABLE_FIRST,2026-05-29T19:31:00Z,2026-05-29T19:59:00Z,FAVORABLE_FIRST,2026-05-29T19:35:00Z,2026-05-29T19:59:00Z,FAVORABLE_FIRST,2026-05-29T19:38:00Z,2026-05-29T19:59:00Z,ADVERSE_FIRST,,2026-05-29T19:59:00Z,ADVERSE_FIRST,,2026-05-29T19:59:00Z,2026-05-29T19:30:00Z,,FAVORABLE_FIRST,2026-05-29T19:31:00Z,2026-05-29T19:51:00Z,FAVORABLE_FIRST,2026-05-29T19:35:00Z,2026-05-29T19:51:00Z,FAVORABLE_FIRST,2026-05-29T19:42:00Z,2026-05-29T19:51:00Z,ADVERSE_FIRST,,2026-05-29T19:51:00Z,FAVORABLE_FIRST,2026-05-29T19:35:00Z,2026-05-29T19:51:00Z,FAVORABLE_FIRST,2026-05-29T19:42:00Z,2026-05-29T19:51:00Z,ADVERSE_FIRST,,2026-05-29T19:51:00Z,ADVERSE_FIRST,,2026-05-29T19:51:00Z,ADVERSE_FIRST,,2026-05-29T19:51:00Z
SPY:2026-06-01:LONG:2026-06-01T13:35:00+00:00:v1,2026-06-01,LONG,756.250000000000,756.240000000000,-0.010000000000,-0.010000000000,5,UNCHANGED_WITHIN_ONE_CENT,4.030000000000,4.040000000000,0.970000000000,0.960000000000,2.180000000000,2.190000000000,-0.010000000000,0.010000000000,True,15,10,2026-06-01T13:40:00Z,2026-06-01T13:55:00Z,ADVERSE_FIRST,2026-06-01T13:43:00Z,2026-06-01T13:41:00Z,ADVERSE_FIRST,2026-06-01T13:50:00Z,2026-06-01T13:41:00Z,ADVERSE_FIRST,2026-06-01T15:30:00Z,2026-06-01T13:41:00Z,ADVERSE_FIRST,2026-06-01T15:30:00Z,2026-06-01T13:41:00Z,ADVERSE_FIRST,2026-06-01T13:50:00Z,2026-06-01T13:41:00Z,ADVERSE_FIRST,2026-06-01T15:30:00Z,2026-06-01T13:41:00Z,ADVERSE_FIRST,2026-06-01T15:30:00Z,2026-06-01T13:41:00Z,ADVERSE_FIRST,2026-06-01T16:53:00Z,2026-06-01T13:41:00Z,ADVERSE_FIRST,2026-06-01T17:29:00Z,2026-06-01T13:41:00Z,2026-06-01T13:45:00Z,2026-06-01T13:55:00Z,FAVORABLE_FIRST,2026-06-01T13:47:00Z,2026-06-01T13:51:00Z,FAVORABLE_FIRST,2026-06-01T13:50:00Z,2026-06-01T13:51:00Z,ADVERSE_FIRST,2026-06-01T15:30:00Z,2026-06-01T13:51:00Z,ADVERSE_FIRST,2026-06-01T15:30:00Z,2026-06-01T13:51:00Z,FAVORABLE_FIRST,2026-06-01T13:50:00Z,2026-06-01T13:51:00Z,ADVERSE_FIRST,2026-06-01T15:30:00Z,2026-06-01T13:51:00Z,ADVERSE_FIRST,2026-06-01T15:30:00Z,2026-06-01T13:51:00Z,ADVERSE_FIRST,2026-06-01T16:53:00Z,2026-06-01T13:51:00Z,ADVERSE_FIRST,2026-06-01T17:29:00Z,2026-06-01T13:51:00Z
SPY:2026-06-01:LONG:2026-06-01T15:20:00+00:00:v1,2026-06-01,LONG,756.255000000000,756.160000000000,-0.095000000000,-0.095000000000,5,BETTER,4.025000000000,4.120000000000,0.384000000000,0.289000000000,2.175000000000,2.270000000000,-0.095000000000,0.095000000000,True,,,2026-06-01T15:25:00Z,,ADVERSE_FIRST,2026-06-01T15:30:00Z,2026-06-01T15:27:00Z,ADVERSE_FIRST,2026-06-01T15:30:00Z,2026-06-01T15:27:00Z,ADVERSE_FIRST,2026-06-01T15:30:00Z,2026-06-01T15:27:00Z,ADVERSE_FIRST,2026-06-01T15:30:00Z,2026-06-01T15:27:00Z,FAVORABLE_FIRST,2026-06-01T15:30:00Z,2026-06-01T16:17:00Z,FAVORABLE_FIRST,2026-06-01T15:30:00Z,2026-06-01T16:17:00Z,FAVORABLE_FIRST,2026-06-01T15:30:00Z,2026-06-01T16:17:00Z,ADVERSE_FIRST,2026-06-01T16:53:00Z,2026-06-01T16:17:00Z,ADVERSE_FIRST,2026-06-01T17:29:00Z,2026-06-01T16:17:00Z,2026-06-01T15:30:00Z,,FAVORABLE_FIRST,2026-06-01T15:31:00Z,2026-06-01T16:18:00Z,FAVORABLE_FIRST,2026-06-01T15:31:00Z,2026-06-01T16:18:00Z,FAVORABLE_FIRST,2026-06-01T15:31:00Z,2026-06-01T16:18:00Z,FAVORABLE_FIRST,2026-06-01T15:31:00Z,2026-06-01T16:18:00Z,FAVORABLE_FIRST,2026-06-01T15:31:00Z,,FAVORABLE_FIRST,2026-06-01T15:31:00Z,,FAVORABLE_FIRST,2026-06-01T15:31:00Z,,FAVORABLE_FIRST,2026-06-01T16:53:00Z,,FAVORABLE_FIRST,2026-06-01T17:29:00Z,
SPY:2026-06-02:LONG:2026-06-02T14:04:00+00:00:v1,2026-06-02,LONG,757.775000000000,757.915000000000,0.140000000000,0.140000000000,5,WORSE,2.625000000000,2.485000000000,0.235000000000,0.375000000000,1.675000000000,1.535000000000,0.140000000000,-0.140000000000,True,25,20,2026-06-02T14:05:00Z,2026-06-02T14:30:00Z,FAVORABLE_FIRST,2026-06-02T14:10:00Z,,FAVORABLE_FIRST,2026-06-02T14:11:00Z,,FAVORABLE_FIRST,2026-06-02T14:34:00Z,,FAVORABLE_FIRST,2026-06-02T14:37:00Z,,FAVORABLE_FIRST,2026-06-02T14:11:00Z,,FAVORABLE_FIRST,2026-06-02T14:34:00Z,,FAVORABLE_FIRST,2026-06-02T14:37:00Z,,FAVORABLE_FIRST,2026-06-02T14:49:00Z,,FAVORABLE_FIRST,2026-06-02T15:01:00Z,,2026-06-02T14:10:00Z,2026-06-02T14:30:00Z,FAVORABLE_FIRST,2026-06-02T14:11:00Z,2026-06-02T14:27:00Z,FAVORABLE_FIRST,2026-06-02T14:11:00Z,2026-06-02T14:27:00Z,ADVERSE_FIRST,2026-06-02T14:36:00Z,2026-06-02T14:27:00Z,ADVERSE_FIRST,2026-06-02T14:44:00Z,2026-06-02T14:27:00Z,FAVORABLE_FIRST,2026-06-02T14:11:00Z,2026-06-02T14:27:00Z,ADVERSE_FIRST,2026-06-02T14:36:00Z,2026-06-02T14:27:00Z,ADVERSE_FIRST,2026-06-02T14:44:00Z,2026-06-02T14:27:00Z,ADVERSE_FIRST,2026-06-02T14:51:00Z,2026-06-02T14:27:00Z,ADVERSE_FIRST,2026-06-02T15:07:00Z,2026-06-02T14:27:00Z
SPY:2026-06-02:LONG:2026-06-02T14:30:00+00:00:v1,2026-06-02,LONG,758.550000000000,758.515000000000,-0.035000000000,-0.035000000000,5,BETTER,1.850000000000,1.885000000000,0.150000000000,0.115000000000,0.900000000000,0.935000000000,-0.035000000000,0.035000000000,True,,,2026-06-02T14:35:00Z,,FAVORABLE_FIRST,2026-06-02T14:37:00Z,,FAVORABLE_FIRST,2026-06-02T14:47:00Z,,FAVORABLE_FIRST,2026-06-02T14:49:00Z,,FAVORABLE_FIRST,2026-06-02T14:53:00Z,,FAVORABLE_FIRST,2026-06-02T14:47:00Z,,FAVORABLE_FIRST,2026-06-02T14:49:00Z,,FAVORABLE_FIRST,2026-06-02T14:53:00Z,,FAVORABLE_FIRST,2026-06-02T15:07:00Z,,NEITHER,,,2026-06-02T14:40:00Z,,FAVORABLE_FIRST,2026-06-02T14:43:00Z,,FAVORABLE_FIRST,2026-06-02T14:46:00Z,,FAVORABLE_FIRST,2026-06-02T14:49:00Z,,FAVORABLE_FIRST,2026-06-02T14:53:00Z,,FAVORABLE_FIRST,2026-06-02T14:46:00Z,,FAVORABLE_FIRST,2026-06-02T14:49:00Z,,FAVORABLE_FIRST,2026-06-02T14:53:00Z,,FAVORABLE_FIRST,2026-06-02T15:07:00Z,,NEITHER,,
SPY:2026-06-03:SHORT:2026-06-03T13:35:00+00:00:v1,2026-06-03,SHORT,757.879300000000,756.529900000000,-1.349400000000,1.349400000000,5,WORSE,4.309300000000,2.959900000000,0,0.480100000000,3.689300000000,2.339900000000,1.349400000000,-0.480100000000,True,,,2026-06-03T13:40:00Z,,FAVORABLE_FIRST,2026-06-03T13:41:00Z,,FAVORABLE_FIRST,2026-06-03T13:42:00Z,,FAVORABLE_FIRST,2026-06-03T13:44:00Z,,FAVORABLE_FIRST,2026-06-03T13:44:00Z,,FAVORABLE_FIRST,2026-06-03T13:42:00Z,,FAVORABLE_FIRST,2026-06-03T13:44:00Z,,FAVORABLE_FIRST,2026-06-03T13:44:00Z,,FAVORABLE_FIRST,2026-06-03T13:45:00Z,,FAVORABLE_FIRST,2026-06-03T13:47:00Z,,2026-06-03T13:45:00Z,,FAVORABLE_FIRST,2026-06-03T13:46:00Z,2026-06-03T14:11:00Z,FAVORABLE_FIRST,2026-06-03T13:46:00Z,2026-06-03T14:11:00Z,FAVORABLE_FIRST,2026-06-03T13:47:00Z,2026-06-03T14:11:00Z,FAVORABLE_FIRST,2026-06-03T13:48:00Z,2026-06-03T14:11:00Z,FAVORABLE_FIRST,2026-06-03T13:46:00Z,2026-06-03T14:12:00Z,FAVORABLE_FIRST,2026-06-03T13:47:00Z,2026-06-03T14:12:00Z,FAVORABLE_FIRST,2026-06-03T13:48:00Z,2026-06-03T14:12:00Z,FAVORABLE_FIRST,2026-06-03T13:48:00Z,2026-06-03T14:12:00Z,ADVERSE_FIRST,2026-06-03T16:23:00Z,2026-06-03T14:12:00Z
SPY:2026-06-04:LONG:2026-06-04T14:10:00+00:00:v1,2026-06-04,LONG,753.380000000000,753.190000000000,-0.190000000000,-0.190000000000,5,BETTER,4.930000000000,5.120000000000,0.300000000000,0.110000000000,3.680000000000,3.870000000000,-0.190000000000,0.190000000000,True,,,2026-06-04T14:15:00Z,,FAVORABLE_FIRST,2026-06-04T14:16:00Z,2026-06-04T14:21:00Z,ADVERSE_FIRST,2026-06-04T14:23:00Z,2026-06-04T14:21:00Z,ADVERSE_FIRST,2026-06-04T14:24:00Z,2026-06-04T14:21:00Z,ADVERSE_FIRST,2026-06-04T15:00:00Z,2026-06-04T14:21:00Z,ADVERSE_FIRST,2026-06-04T14:23:00Z,2026-06-04T14:21:00Z,ADVERSE_FIRST,2026-06-04T14:24:00Z,2026-06-04T14:21:00Z,ADVERSE_FIRST,2026-06-04T15:00:00Z,2026-06-04T14:21:00Z,ADVERSE_FIRST,2026-06-04T15:07:00Z,2026-06-04T14:21:00Z,ADVERSE_FIRST,2026-06-04T15:09:00Z,2026-06-04T14:21:00Z,2026-06-04T14:20:00Z,,FAVORABLE_FIRST,2026-06-04T14:21:00Z,,FAVORABLE_FIRST,2026-06-04T14:22:00Z,,FAVORABLE_FIRST,2026-06-04T14:23:00Z,,FAVORABLE_FIRST,2026-06-04T14:24:00Z,,FAVORABLE_FIRST,2026-06-04T14:22:00Z,,FAVORABLE_FIRST,2026-06-04T14:23:00Z,,FAVORABLE_FIRST,2026-06-04T14:24:00Z,,FAVORABLE_FIRST,2026-06-04T15:03:00Z,,FAVORABLE_FIRST,2026-06-04T15:08:00Z,
SPY:2026-06-05:SHORT:2026-06-05T13:38:00+00:00:v1,2026-06-05,SHORT,751.600000000000,750.310000000000,-1.290000000000,1.290000000000,5,WORSE,16.075000000000,14.785000000000,0,0.650000000000,14.180000000000,12.890000000000,1.290000000000,-0.650000000000,True,,,2026-06-05T13:40:00Z,,FAVORABLE_FIRST,2026-06-05T13:41:00Z,,FAVORABLE_FIRST,2026-06-05T13:41:00Z,,FAVORABLE_FIRST,2026-06-05T13:42:00Z,,FAVORABLE_FIRST,2026-06-05T13:42:00Z,,FAVORABLE_FIRST,2026-06-05T13:41:00Z,,FAVORABLE_FIRST,2026-06-05T13:42:00Z,,FAVORABLE_FIRST,2026-06-05T13:42:00Z,,FAVORABLE_FIRST,2026-06-05T13:45:00Z,,FAVORABLE_FIRST,2026-06-05T13:49:00Z,,2026-06-05T13:45:00Z,,FAVORABLE_FIRST,2026-06-05T13:46:00Z,2026-06-05T14:16:00Z,FAVORABLE_FIRST,2026-06-05T13:47:00Z,2026-06-05T14:16:00Z,FAVORABLE_FIRST,2026-06-05T13:49:00Z,2026-06-05T14:16:00Z,FAVORABLE_FIRST,2026-06-05T13:58:00Z,2026-06-05T14:16:00Z,FAVORABLE_FIRST,2026-06-05T13:47:00Z,2026-06-05T14:16:00Z,FAVORABLE_FIRST,2026-06-05T13:49:00Z,2026-06-05T14:16:00Z,FAVORABLE_FIRST,2026-06-05T13:58:00Z,2026-06-05T14:16:00Z,FAVORABLE_FIRST,2026-06-05T13:59:00Z,2026-06-05T14:16:00Z,FAVORABLE_FIRST,2026-06-05T14:01:00Z,2026-06-05T14:16:00Z
SPY:2026-06-08:SHORT:2026-06-08T13:57:00+00:00:v1,2026-06-08,SHORT,740.850000000000,741.180000000000,0.330000000000,-0.330000000000,5,BETTER,2.660000000000,2.990000000000,4.490000000000,4.160000000000,1.540000000000,1.870000000000,-0.330000000000,0.330000000000,True,10,5,2026-06-08T14:00:00Z,2026-06-08T14:10:00Z,ADVERSE_FIRST,2026-06-08T17:03:00Z,2026-06-08T14:01:00Z,ADVERSE_FIRST,2026-06-08T17:04:00Z,2026-06-08T14:01:00Z,ADVERSE_FIRST,2026-06-08T17:18:00Z,2026-06-08T14:01:00Z,ADVERSE_FIRST,2026-06-08T19:10:00Z,2026-06-08T14:01:00Z,ADVERSE_FIRST,2026-06-08T17:04:00Z,2026-06-08T14:01:00Z,ADVERSE_FIRST,2026-06-08T17:18:00Z,2026-06-08T14:01:00Z,ADVERSE_FIRST,2026-06-08T19:10:00Z,2026-06-08T14:01:00Z,ADVERSE_FIRST,2026-06-08T19:14:00Z,2026-06-08T14:01:00Z,ADVERSE_FIRST,2026-06-08T19:23:00Z,2026-06-08T14:01:00Z,2026-06-08T14:05:00Z,2026-06-08T14:10:00Z,ADVERSE_FIRST,2026-06-08T14:15:00Z,2026-06-08T14:06:00Z,ADVERSE_FIRST,2026-06-08T17:02:00Z,2026-06-08T14:06:00Z,ADVERSE_FIRST,2026-06-08T17:04:00Z,2026-06-08T14:06:00Z,ADVERSE_FIRST,2026-06-08T17:12:00Z,2026-06-08T14:06:00Z,ADVERSE_FIRST,2026-06-08T17:02:00Z,2026-06-08T14:06:00Z,ADVERSE_FIRST,2026-06-08T17:04:00Z,2026-06-08T14:06:00Z,ADVERSE_FIRST,2026-06-08T17:12:00Z,2026-06-08T14:06:00Z,ADVERSE_FIRST,2026-06-08T19:10:00Z,2026-06-08T14:06:00Z,ADVERSE_FIRST,2026-06-08T19:15:00Z,2026-06-08T14:06:00Z
SPY:2026-06-08:SHORT:2026-06-08T14:10:00+00:00:v1,2026-06-08,SHORT,741.639900000000,741.550000000000,-0.089900000000,0.089900000000,5,WORSE,3.449900000000,3.360000000000,3.700100000000,3.790000000000,2.329900000000,2.240000000000,0.089900000000,-0.089900000000,True,15,10,2026-06-08T14:15:00Z,2026-06-08T14:30:00Z,FAVORABLE_FIRST,2026-06-08T14:16:00Z,2026-06-08T14:20:00Z,FAVORABLE_FIRST,2026-06-08T14:16:00Z,2026-06-08T14:20:00Z,FAVORABLE_FIRST,2026-06-08T14:17:00Z,2026-06-08T14:20:00Z,ADVERSE_FIRST,2026-06-08T17:03:00Z,2026-06-08T14:20:00Z,FAVORABLE_FIRST,2026-06-08T14:16:00Z,2026-06-08T14:20:00Z,FAVORABLE_FIRST,2026-06-08T14:17:00Z,2026-06-08T14:20:00Z,ADVERSE_FIRST,2026-06-08T17:03:00Z,2026-06-08T14:20:00Z,ADVERSE_FIRST,2026-06-08T17:12:00Z,2026-06-08T14:20:00Z,ADVERSE_FIRST,2026-06-08T19:10:00Z,2026-06-08T14:20:00Z,2026-06-08T14:20:00Z,2026-06-08T14:30:00Z,FAVORABLE_FIRST,2026-06-08T14:21:00Z,2026-06-08T14:22:00Z,ADVERSE_FIRST,2026-06-08T17:02:00Z,2026-06-08T14:22:00Z,ADVERSE_FIRST,2026-06-08T17:02:00Z,2026-06-08T14:22:00Z,ADVERSE_FIRST,2026-06-08T17:03:00Z,2026-06-08T14:22:00Z,ADVERSE_FIRST,2026-06-08T17:02:00Z,2026-06-08T14:23:00Z,ADVERSE_FIRST,2026-06-08T17:02:00Z,2026-06-08T14:23:00Z,ADVERSE_FIRST,2026-06-08T17:03:00Z,2026-06-08T14:23:00Z,ADVERSE_FIRST,2026-06-08T19:10:00Z,2026-06-08T14:23:00Z,ADVERSE_FIRST,2026-06-08T19:10:00Z,2026-06-08T14:23:00Z
SPY:2026-06-08:LONG:2026-06-08T14:57:00+00:00:v1,2026-06-08,LONG,744.995000000000,744.640000000000,-0.355000000000,-0.355000000000,5,BETTER,0.345000000000,0.700000000000,6.805000000000,6.450000000000,-5.685000000000,-5.330000000000,-0.355000000000,0.355000000000,True,30,25,2026-06-08T15:00:00Z,2026-06-08T15:30:00Z,FAVORABLE_FIRST,2026-06-08T15:01:00Z,2026-06-08T15:04:00Z,ADVERSE_FIRST,,2026-06-08T15:04:00Z,ADVERSE_FIRST,,2026-06-08T15:04:00Z,ADVERSE_FIRST,,2026-06-08T15:04:00Z,ADVERSE_FIRST,,2026-06-08T15:04:00Z,ADVERSE_FIRST,,2026-06-08T15:04:00Z,ADVERSE_FIRST,,2026-06-08T15:04:00Z,ADVERSE_FIRST,,2026-06-08T15:04:00Z,ADVERSE_FIRST,,2026-06-08T15:04:00Z,2026-06-08T15:05:00Z,2026-06-08T15:30:00Z,FAVORABLE_FIRST,2026-06-08T15:06:00Z,2026-06-08T15:18:00Z,FAVORABLE_FIRST,2026-06-08T15:06:00Z,2026-06-08T15:18:00Z,ADVERSE_FIRST,,2026-06-08T15:18:00Z,ADVERSE_FIRST,,2026-06-08T15:18:00Z,FAVORABLE_FIRST,2026-06-08T15:06:00Z,2026-06-08T15:22:00Z,ADVERSE_FIRST,,2026-06-08T15:22:00Z,ADVERSE_FIRST,,2026-06-08T15:22:00Z,ADVERSE_FIRST,,2026-06-08T15:22:00Z,ADVERSE_FIRST,,2026-06-08T15:22:00Z
SPY:2026-06-08:SHORT:2026-06-08T16:29:00+00:00:v1,2026-06-08,SHORT,742.140000000000,741.960000000000,-0.180000000000,0.180000000000,5,WORSE,3.950000000000,3.770000000000,0.830000000000,1.010000000000,2.830000000000,2.650000000000,0.180000000000,-0.180000000000,True,20,15,2026-06-08T16:30:00Z,2026-06-08T16:50:00Z,ADVERSE_FIRST,2026-06-08T16:36:00Z,2026-06-08T16:31:00Z,ADVERSE_FIRST,2026-06-08T16:38:00Z,2026-06-08T16:31:00Z,ADVERSE_FIRST,2026-06-08T17:00:00Z,2026-06-08T16:31:00Z,ADVERSE_FIRST,2026-06-08T17:01:00Z,2026-06-08T16:31:00Z,ADVERSE_FIRST,2026-06-08T16:38:00Z,2026-06-08T16:31:00Z,ADVERSE_FIRST,2026-06-08T17:00:00Z,2026-06-08T16:31:00Z,ADVERSE_FIRST,2026-06-08T17:01:00Z,2026-06-08T16:31:00Z,ADVERSE_FIRST,2026-06-08T17:03:00Z,2026-06-08T16:31:00Z,ADVERSE_FIRST,2026-06-08T17:12:00Z,2026-06-08T16:31:00Z,2026-06-08T16:35:00Z,2026-06-08T16:50:00Z,ADVERSE_FIRST,2026-06-08T16:38:00Z,2026-06-08T16:36:00Z,ADVERSE_FIRST,2026-06-08T17:00:00Z,2026-06-08T16:36:00Z,ADVERSE_FIRST,2026-06-08T17:01:00Z,2026-06-08T16:36:00Z,ADVERSE_FIRST,2026-06-08T17:02:00Z,2026-06-08T16:36:00Z,ADVERSE_FIRST,2026-06-08T17:00:00Z,2026-06-08T16:36:00Z,ADVERSE_FIRST,2026-06-08T17:01:00Z,2026-06-08T16:36:00Z,ADVERSE_FIRST,2026-06-08T17:02:00Z,2026-06-08T16:36:00Z,ADVERSE_FIRST,2026-06-08T17:04:00Z,2026-06-08T16:36:00Z,ADVERSE_FIRST,2026-06-08T19:10:00Z,2026-06-08T16:36:00Z
SPY:2026-06-08:SHORT:2026-06-08T16:55:00+00:00:v1,2026-06-08,SHORT,741.910000000000,740.760000000000,-1.150000000000,1.150000000000,5,WORSE,3.720000000000,2.570000000000,0.540000000000,1.690000000000,2.600000000000,1.450000000000,1.150000000000,-1.150000000000,True,,,2026-06-08T17:00:00Z,,FAVORABLE_FIRST,2026-06-08T17:01:00Z,2026-06-08T17:30:00Z,FAVORABLE_FIRST,2026-06-08T17:01:00Z,2026-06-08T17:30:00Z,FAVORABLE_FIRST,2026-06-08T17:01:00Z,2026-06-08T17:30:00Z,FAVORABLE_FIRST,2026-06-08T17:02:00Z,2026-06-08T17:30:00Z,FAVORABLE_FIRST,2026-06-08T17:01:00Z,2026-06-08T17:30:00Z,FAVORABLE_FIRST,2026-06-08T17:01:00Z,2026-06-08T17:30:00Z,FAVORABLE_FIRST,2026-06-08T17:02:00Z,2026-06-08T17:30:00Z,FAVORABLE_FIRST,2026-06-08T17:04:00Z,2026-06-08T17:30:00Z,ADVERSE_FIRST,2026-06-08T19:10:00Z,2026-06-08T17:30:00Z,2026-06-08T17:05:00Z,,ADVERSE_FIRST,2026-06-08T17:10:00Z,2026-06-08T17:06:00Z,ADVERSE_FIRST,2026-06-08T17:11:00Z,2026-06-08T17:06:00Z,ADVERSE_FIRST,2026-06-08T19:10:00Z,2026-06-08T17:06:00Z,ADVERSE_FIRST,2026-06-08T19:10:00Z,2026-06-08T17:06:00Z,ADVERSE_FIRST,2026-06-08T17:11:00Z,2026-06-08T17:06:00Z,ADVERSE_FIRST,2026-06-08T19:10:00Z,2026-06-08T17:06:00Z,ADVERSE_FIRST,2026-06-08T19:10:00Z,2026-06-08T17:06:00Z,ADVERSE_FIRST,2026-06-08T19:14:00Z,2026-06-08T17:06:00Z,ADVERSE_FIRST,2026-06-08T19:23:00Z,2026-06-08T17:06:00Z
SPY:2026-06-09:LONG:2026-06-09T13:35:00+00:00:v1,2026-06-09,LONG,744.390000000000,745.359800000000,0.969800000000,0.969800000000,5,WORSE,2.510000000000,1.540200000000,21.800000000000,22.769800000000,-7.340000000000,-8.309800000000,0.969800000000,-0.969800000000,True,25,20,2026-06-09T13:40:00Z,2026-06-09T14:05:00Z,FAVORABLE_FIRST,2026-06-09T13:42:00Z,2026-06-09T14:00:00Z,FAVORABLE_FIRST,2026-06-09T13:42:00Z,2026-06-09T14:00:00Z,FAVORABLE_FIRST,2026-06-09T13:43:00Z,2026-06-09T14:00:00Z,FAVORABLE_FIRST,2026-06-09T13:45:00Z,2026-06-09T14:00:00Z,FAVORABLE_FIRST,2026-06-09T13:42:00Z,2026-06-09T14:00:00Z,FAVORABLE_FIRST,2026-06-09T13:43:00Z,2026-06-09T14:00:00Z,FAVORABLE_FIRST,2026-06-09T13:45:00Z,2026-06-09T14:00:00Z,FAVORABLE_FIRST,2026-06-09T13:46:00Z,2026-06-09T14:00:00Z,FAVORABLE_FIRST,2026-06-09T13:47:00Z,2026-06-09T14:00:00Z,2026-06-09T13:45:00Z,2026-06-09T14:05:00Z,FAVORABLE_FIRST,2026-06-09T13:46:00Z,2026-06-09T13:55:00Z,FAVORABLE_FIRST,2026-06-09T13:46:00Z,2026-06-09T13:55:00Z,FAVORABLE_FIRST,2026-06-09T13:47:00Z,2026-06-09T13:55:00Z,FAVORABLE_FIRST,2026-06-09T13:47:00Z,2026-06-09T13:55:00Z,FAVORABLE_FIRST,2026-06-09T13:46:00Z,2026-06-09T13:55:00Z,FAVORABLE_FIRST,2026-06-09T13:47:00Z,2026-06-09T13:55:00Z,FAVORABLE_FIRST,2026-06-09T13:47:00Z,2026-06-09T13:55:00Z,FAVORABLE_FIRST,2026-06-09T13:49:00Z,2026-06-09T13:55:00Z,ADVERSE_FIRST,,2026-06-09T13:55:00Z
SPY:2026-06-09:SHORT:2026-06-09T14:10:00+00:00:v1,2026-06-09,SHORT,741.540000000000,740.130000000000,-1.410000000000,1.410000000000,5,WORSE,18.950000000000,17.540000000000,0.659100000000,2.069100000000,4.490000000000,3.080000000000,1.410000000000,-1.410000000000,True,,,2026-06-09T14:15:00Z,,FAVORABLE_FIRST,2026-06-09T14:16:00Z,2026-06-09T14:24:00Z,FAVORABLE_FIRST,2026-06-09T14:16:00Z,2026-06-09T14:24:00Z,FAVORABLE_FIRST,2026-06-09T14:16:00Z,2026-06-09T14:24:00Z,FAVORABLE_FIRST,2026-06-09T14:17:00Z,2026-06-09T14:24:00Z,FAVORABLE_FIRST,2026-06-09T14:16:00Z,2026-06-09T14:24:00Z,FAVORABLE_FIRST,2026-06-09T14:16:00Z,2026-06-09T14:24:00Z,FAVORABLE_FIRST,2026-06-09T14:17:00Z,2026-06-09T14:24:00Z,FAVORABLE_FIRST,2026-06-09T14:17:00Z,2026-06-09T14:24:00Z,FAVORABLE_FIRST,2026-06-09T14:18:00Z,2026-06-09T14:24:00Z,2026-06-09T14:20:00Z,,FAVORABLE_FIRST,2026-06-09T14:21:00Z,2026-06-09T14:22:00Z,FAVORABLE_FIRST,2026-06-09T14:21:00Z,2026-06-09T14:22:00Z,ADVERSE_FIRST,2026-06-09T14:43:00Z,2026-06-09T14:22:00Z,ADVERSE_FIRST,2026-06-09T14:44:00Z,2026-06-09T14:22:00Z,FAVORABLE_FIRST,2026-06-09T14:21:00Z,2026-06-09T14:22:00Z,ADVERSE_FIRST,2026-06-09T14:43:00Z,2026-06-09T14:22:00Z,ADVERSE_FIRST,2026-06-09T14:44:00Z,2026-06-09T14:22:00Z,ADVERSE_FIRST,2026-06-09T14:44:00Z,2026-06-09T14:22:00Z,ADVERSE_FIRST,2026-06-09T14:45:00Z,2026-06-09T14:22:00Z
SPY:2026-06-10:LONG:2026-06-10T13:37:00+00:00:v1,2026-06-10,LONG,734.600000000000,736.170000000000,1.570000000000,1.570000000000,5,WORSE,3.780000000000,2.210000000000,9.270000000000,10.840000000000,-9.180000000000,-10.750000000000,1.570000000000,-1.570000000000,True,80,75,2026-06-10T13:40:00Z,2026-06-10T15:00:00Z,ADVERSE_FIRST,2026-06-10T13:42:00Z,2026-06-10T13:41:00Z,ADVERSE_FIRST,2026-06-10T13:43:00Z,2026-06-10T13:41:00Z,ADVERSE_FIRST,2026-06-10T13:43:00Z,2026-06-10T13:41:00Z,ADVERSE_FIRST,2026-06-10T13:43:00Z,2026-06-10T13:41:00Z,ADVERSE_FIRST,2026-06-10T13:43:00Z,2026-06-10T13:41:00Z,ADVERSE_FIRST,2026-06-10T13:43:00Z,2026-06-10T13:41:00Z,ADVERSE_FIRST,2026-06-10T13:43:00Z,2026-06-10T13:41:00Z,ADVERSE_FIRST,2026-06-10T13:44:00Z,2026-06-10T13:41:00Z,ADVERSE_FIRST,2026-06-10T13:48:00Z,2026-06-10T13:41:00Z,2026-06-10T13:45:00Z,2026-06-10T15:00:00Z,ADVERSE_FIRST,2026-06-10T13:48:00Z,2026-06-10T13:46:00Z,ADVERSE_FIRST,2026-06-10T13:48:00Z,2026-06-10T13:46:00Z,ADVERSE_FIRST,2026-06-10T13:49:00Z,2026-06-10T13:46:00Z,ADVERSE_FIRST,2026-06-10T14:03:00Z,2026-06-10T13:46:00Z,ADVERSE_FIRST,2026-06-10T13:48:00Z,2026-06-10T13:46:00Z,ADVERSE_FIRST,2026-06-10T13:49:00Z,2026-06-10T13:46:00Z,ADVERSE_FIRST,2026-06-10T14:03:00Z,2026-06-10T13:46:00Z,ADVERSE_FIRST,2026-06-10T14:23:00Z,2026-06-10T13:46:00Z,ADVERSE_FIRST,2026-06-10T14:24:00Z,2026-06-10T13:46:00Z
SPY:2026-06-10:SHORT:2026-06-10T15:10:00+00:00:v1,2026-06-10,SHORT,730.680000000000,730.220000000000,-0.460000000000,0.460000000000,5,WORSE,5.350000000000,4.890000000000,2.090000000000,2.550000000000,5.260000000000,4.800000000000,0.460000000000,-0.460000000000,True,10,5,2026-06-10T15:15:00Z,2026-06-10T15:25:00Z,FAVORABLE_FIRST,2026-06-10T15:16:00Z,2026-06-10T15:21:00Z,FAVORABLE_FIRST,2026-06-10T15:16:00Z,2026-06-10T15:21:00Z,FAVORABLE_FIRST,2026-06-10T15:16:00Z,2026-06-10T15:21:00Z,FAVORABLE_FIRST,2026-06-10T15:18:00Z,2026-06-10T15:21:00Z,FAVORABLE_FIRST,2026-06-10T15:16:00Z,2026-06-10T15:21:00Z,FAVORABLE_FIRST,2026-06-10T15:16:00Z,2026-06-10T15:21:00Z,FAVORABLE_FIRST,2026-06-10T15:18:00Z,2026-06-10T15:21:00Z,ADVERSE_FIRST,2026-06-10T15:48:00Z,2026-06-10T15:21:00Z,ADVERSE_FIRST,2026-06-10T15:52:00Z,2026-06-10T15:21:00Z,2026-06-10T15:20:00Z,2026-06-10T15:25:00Z,ADVERSE_FIRST,2026-06-10T15:39:00Z,2026-06-10T15:21:00Z,ADVERSE_FIRST,2026-06-10T15:48:00Z,2026-06-10T15:21:00Z,ADVERSE_FIRST,2026-06-10T15:48:00Z,2026-06-10T15:21:00Z,ADVERSE_FIRST,2026-06-10T15:48:00Z,2026-06-10T15:21:00Z,ADVERSE_FIRST,2026-06-10T15:48:00Z,2026-06-10T15:21:00Z,ADVERSE_FIRST,2026-06-10T15:48:00Z,2026-06-10T15:21:00Z,ADVERSE_FIRST,2026-06-10T15:48:00Z,2026-06-10T15:21:00Z,ADVERSE_FIRST,2026-06-10T15:51:00Z,2026-06-10T15:21:00Z,ADVERSE_FIRST,2026-06-10T17:37:00Z,2026-06-10T15:21:00Z
SPY:2026-06-10:SHORT:2026-06-10T15:25:00+00:00:v1,2026-06-10,SHORT,731.430000000000,731.020000000000,-0.410000000000,0.410000000000,5,WORSE,6.100000000000,5.690000000000,1.340000000000,1.750000000000,6.010000000000,5.600000000000,0.410000000000,-0.410000000000,True,15,10,2026-06-10T15:30:00Z,2026-06-10T15:45:00Z,ADVERSE_FIRST,2026-06-10T15:33:00Z,2026-06-10T15:31:00Z,ADVERSE_FIRST,2026-06-10T15:33:00Z,2026-06-10T15:31:00Z,ADVERSE_FIRST,2026-06-10T15:33:00Z,2026-06-10T15:31:00Z,ADVERSE_FIRST,2026-06-10T15:38:00Z,2026-06-10T15:31:00Z,ADVERSE_FIRST,2026-06-10T15:33:00Z,2026-06-10T15:31:00Z,ADVERSE_FIRST,2026-06-10T15:33:00Z,2026-06-10T15:31:00Z,ADVERSE_FIRST,2026-06-10T15:38:00Z,2026-06-10T15:31:00Z,ADVERSE_FIRST,2026-06-10T15:48:00Z,2026-06-10T15:31:00Z,ADVERSE_FIRST,2026-06-10T15:48:00Z,2026-06-10T15:31:00Z,2026-06-10T15:35:00Z,2026-06-10T15:45:00Z,ADVERSE_FIRST,2026-06-10T15:37:00Z,2026-06-10T15:36:00Z,ADVERSE_FIRST,2026-06-10T15:38:00Z,2026-06-10T15:36:00Z,ADVERSE_FIRST,2026-06-10T15:39:00Z,2026-06-10T15:36:00Z,ADVERSE_FIRST,2026-06-10T15:39:00Z,2026-06-10T15:36:00Z,ADVERSE_FIRST,2026-06-10T15:38:00Z,2026-06-10T15:36:00Z,ADVERSE_FIRST,2026-06-10T15:39:00Z,2026-06-10T15:36:00Z,ADVERSE_FIRST,2026-06-10T15:39:00Z,2026-06-10T15:36:00Z,ADVERSE_FIRST,2026-06-10T15:48:00Z,2026-06-10T15:36:00Z,ADVERSE_FIRST,2026-06-10T15:48:00Z,2026-06-10T15:36:00Z
SPY:2026-06-10:SHORT:2026-06-10T15:45:00+00:00:v1,2026-06-10,SHORT,730.000000000000,730.815000000000,0.815000000000,-0.815000000000,5,BETTER,4.670000000000,5.485000000000,2.510000000000,1.695000000000,4.580000000000,5.395000000000,-0.815000000000,0.815000000000,True,10,5,2026-06-10T15:50:00Z,2026-06-10T16:00:00Z,FAVORABLE_FIRST,2026-06-10T15:51:00Z,2026-06-10T15:53:00Z,FAVORABLE_FIRST,2026-06-10T15:51:00Z,2026-06-10T15:53:00Z,FAVORABLE_FIRST,2026-06-10T15:51:00Z,2026-06-10T15:53:00Z,FAVORABLE_FIRST,2026-06-10T15:51:00Z,2026-06-10T15:53:00Z,FAVORABLE_FIRST,2026-06-10T15:51:00Z,2026-06-10T15:53:00Z,FAVORABLE_FIRST,2026-06-10T15:51:00Z,2026-06-10T15:53:00Z,FAVORABLE_FIRST,2026-06-10T15:51:00Z,2026-06-10T15:53:00Z,FAVORABLE_FIRST,2026-06-10T15:52:00Z,2026-06-10T15:53:00Z,ADVERSE_FIRST,2026-06-10T17:44:00Z,2026-06-10T15:53:00Z,2026-06-10T15:55:00Z,2026-06-10T16:00:00Z,FAVORABLE_FIRST,2026-06-10T15:56:00Z,2026-06-10T15:57:00Z,FAVORABLE_FIRST,2026-06-10T15:56:00Z,2026-06-10T15:57:00Z,ADVERSE_FIRST,2026-06-10T16:11:00Z,2026-06-10T15:57:00Z,ADVERSE_FIRST,2026-06-10T16:46:00Z,2026-06-10T15:57:00Z,FAVORABLE_FIRST,2026-06-10T15:56:00Z,2026-06-10T15:57:00Z,ADVERSE_FIRST,2026-06-10T16:11:00Z,2026-06-10T15:57:00Z,ADVERSE_FIRST,2026-06-10T16:46:00Z,2026-06-10T15:57:00Z,ADVERSE_FIRST,2026-06-10T17:10:00Z,2026-06-10T15:57:00Z,ADVERSE_FIRST,2026-06-10T17:10:00Z,2026-06-10T15:57:00Z
SPY:2026-06-10:SHORT:2026-06-10T16:00:00+00:00:v1,2026-06-10,SHORT,731.530000000000,730.890000000000,-0.640000000000,0.640000000000,5,WORSE,6.200000000000,5.560000000000,0.780000000000,1.420000000000,6.110000000000,5.470000000000,0.640000000000,-0.640000000000,True,35,30,2026-06-10T16:05:00Z,2026-06-10T16:40:00Z,FAVORABLE_FIRST,2026-06-10T16:06:00Z,2026-06-10T16:07:00Z,ADVERSE_FIRST,2026-06-10T16:08:00Z,2026-06-10T16:07:00Z,ADVERSE_FIRST,2026-06-10T16:09:00Z,2026-06-10T16:07:00Z,ADVERSE_FIRST,2026-06-10T16:10:00Z,2026-06-10T16:07:00Z,ADVERSE_FIRST,2026-06-10T16:08:00Z,2026-06-10T16:07:00Z,ADVERSE_FIRST,2026-06-10T16:09:00Z,2026-06-10T16:07:00Z,ADVERSE_FIRST,2026-06-10T16:10:00Z,2026-06-10T16:07:00Z,ADVERSE_FIRST,2026-06-10T16:11:00Z,2026-06-10T16:07:00Z,ADVERSE_FIRST,2026-06-10T16:47:00Z,2026-06-10T16:07:00Z,2026-06-10T16:10:00Z,2026-06-10T16:40:00Z,FAVORABLE_FIRST,2026-06-10T16:11:00Z,2026-06-10T16:34:00Z,FAVORABLE_FIRST,2026-06-10T16:11:00Z,2026-06-10T16:34:00Z,FAVORABLE_FIRST,2026-06-10T16:11:00Z,2026-06-10T16:34:00Z,ADVERSE_FIRST,2026-06-10T16:46:00Z,2026-06-10T16:34:00Z,FAVORABLE_FIRST,2026-06-10T16:11:00Z,2026-06-10T16:34:00Z,FAVORABLE_FIRST,2026-06-10T16:11:00Z,2026-06-10T16:34:00Z,ADVERSE_FIRST,2026-06-10T16:46:00Z,2026-06-10T16:34:00Z,ADVERSE_FIRST,2026-06-10T17:10:00Z,2026-06-10T16:34:00Z,ADVERSE_FIRST,2026-06-10T17:10:00Z,2026-06-10T16:34:00Z
SPY:2026-06-10:SHORT:2026-06-10T16:41:00+00:00:v1,2026-06-10,SHORT,730.872000000000,729.980000000000,-0.892000000000,0.892000000000,5,WORSE,5.542000000000,4.650000000000,0.898000000000,1.790000000000,5.452000000000,4.560000000000,0.892000000000,-0.892000000000,True,,,2026-06-10T16:45:00Z,,FAVORABLE_FIRST,2026-06-10T16:46:00Z,2026-06-10T17:03:00Z,FAVORABLE_FIRST,2026-06-10T16:46:00Z,2026-06-10T17:03:00Z,FAVORABLE_FIRST,2026-06-10T16:46:00Z,2026-06-10T17:03:00Z,FAVORABLE_FIRST,2026-06-10T16:46:00Z,2026-06-10T17:03:00Z,FAVORABLE_FIRST,2026-06-10T16:46:00Z,2026-06-10T17:03:00Z,FAVORABLE_FIRST,2026-06-10T16:46:00Z,2026-06-10T17:03:00Z,FAVORABLE_FIRST,2026-06-10T16:46:00Z,2026-06-10T17:03:00Z,ADVERSE_FIRST,2026-06-10T17:10:00Z,2026-06-10T17:03:00Z,ADVERSE_FIRST,2026-06-10T17:10:00Z,2026-06-10T17:03:00Z,2026-06-10T16:50:00Z,,ADVERSE_FIRST,2026-06-10T16:55:00Z,2026-06-10T16:51:00Z,ADVERSE_FIRST,2026-06-10T17:10:00Z,2026-06-10T16:51:00Z,ADVERSE_FIRST,2026-06-10T17:10:00Z,2026-06-10T16:51:00Z,ADVERSE_FIRST,2026-06-10T17:10:00Z,2026-06-10T16:51:00Z,ADVERSE_FIRST,2026-06-10T17:10:00Z,2026-06-10T16:51:00Z,ADVERSE_FIRST,2026-06-10T17:10:00Z,2026-06-10T16:51:00Z,ADVERSE_FIRST,2026-06-10T17:10:00Z,2026-06-10T16:51:00Z,ADVERSE_FIRST,2026-06-10T17:32:00Z,2026-06-10T16:51:00Z,ADVERSE_FIRST,2026-06-10T17:44:00Z,2026-06-10T16:51:00Z
SPY:2026-06-11:LONG:2026-06-11T13:50:00+00:00:v1,2026-06-11,LONG,731.040000000000,729.730000000000,-1.310000000000,-1.310000000000,5,BETTER,8.960000000000,10.270000000000,6.635000000000,5.325000000000,6.600000000000,7.910000000000,-1.310000000000,1.310000000000,True,20,15,2026-06-11T13:55:00Z,2026-06-11T14:15:00Z,AMBIGUOUS_SAME_BAR,2026-06-11T13:56:00Z,2026-06-11T13:56:00Z,ADVERSE_FIRST,2026-06-11T14:01:00Z,2026-06-11T13:56:00Z,ADVERSE_FIRST,2026-06-11T17:29:00Z,2026-06-11T13:56:00Z,ADVERSE_FIRST,2026-06-11T17:29:00Z,2026-06-11T13:56:00Z,ADVERSE_FIRST,2026-06-11T14:01:00Z,2026-06-11T13:57:00Z,ADVERSE_FIRST,2026-06-11T17:29:00Z,2026-06-11T13:57:00Z,ADVERSE_FIRST,2026-06-11T17:29:00Z,2026-06-11T13:57:00Z,ADVERSE_FIRST,2026-06-11T17:29:00Z,2026-06-11T13:57:00Z,ADVERSE_FIRST,2026-06-11T17:30:00Z,2026-06-11T13:57:00Z,2026-06-11T14:00:00Z,2026-06-11T14:15:00Z,FAVORABLE_FIRST,2026-06-11T14:01:00Z,2026-06-11T14:10:00Z,FAVORABLE_FIRST,2026-06-11T14:01:00Z,2026-06-11T14:10:00Z,FAVORABLE_FIRST,2026-06-11T14:01:00Z,2026-06-11T14:10:00Z,FAVORABLE_FIRST,2026-06-11T14:01:00Z,2026-06-11T14:10:00Z,FAVORABLE_FIRST,2026-06-11T14:01:00Z,2026-06-11T14:10:00Z,FAVORABLE_FIRST,2026-06-11T14:01:00Z,2026-06-11T14:10:00Z,FAVORABLE_FIRST,2026-06-11T14:01:00Z,2026-06-11T14:10:00Z,FAVORABLE_FIRST,2026-06-11T14:01:00Z,2026-06-11T14:10:00Z,ADVERSE_FIRST,2026-06-11T17:29:00Z,2026-06-11T14:10:00Z
SPY:2026-06-11:SHORT:2026-06-11T14:55:00+00:00:v1,2026-06-11,SHORT,725.600000000000,725.940000000000,0.340000000000,-0.340000000000,5,BETTER,1.195000000000,0.680000000000,14.400000000000,14.060000000000,-12.040000000000,-11.700000000000,0.515000000000,0.340000000000,True,15,10,2026-06-11T15:00:00Z,2026-06-11T15:15:00Z,FAVORABLE_FIRST,2026-06-11T15:01:00Z,2026-06-11T15:03:00Z,FAVORABLE_FIRST,2026-06-11T15:01:00Z,2026-06-11T15:03:00Z,FAVORABLE_FIRST,2026-06-11T15:01:00Z,2026-06-11T15:03:00Z,FAVORABLE_FIRST,2026-06-11T15:01:00Z,2026-06-11T15:03:00Z,FAVORABLE_FIRST,2026-06-11T15:01:00Z,2026-06-11T15:03:00Z,FAVORABLE_FIRST,2026-06-11T15:01:00Z,2026-06-11T15:03:00Z,FAVORABLE_FIRST,2026-06-11T15:01:00Z,2026-06-11T15:03:00Z,ADVERSE_FIRST,,2026-06-11T15:03:00Z,ADVERSE_FIRST,,2026-06-11T15:03:00Z,2026-06-11T15:05:00Z,2026-06-11T15:15:00Z,FAVORABLE_FIRST,2026-06-11T15:06:00Z,2026-06-11T15:07:00Z,FAVORABLE_FIRST,2026-06-11T15:06:00Z,2026-06-11T15:07:00Z,ADVERSE_FIRST,,2026-06-11T15:07:00Z,ADVERSE_FIRST,,2026-06-11T15:07:00Z,FAVORABLE_FIRST,2026-06-11T15:06:00Z,2026-06-11T15:07:00Z,ADVERSE_FIRST,,2026-06-11T15:07:00Z,ADVERSE_FIRST,,2026-06-11T15:07:00Z,ADVERSE_FIRST,,2026-06-11T15:07:00Z,ADVERSE_FIRST,,2026-06-11T15:07:00Z
SPY:2026-06-11:LONG:2026-06-11T16:10:00+00:00:v1,2026-06-11,LONG,729.885000000000,729.765000000000,-0.120000000000,-0.120000000000,5,BETTER,10.115000000000,10.235000000000,4.625000000000,4.505000000000,7.755000000000,7.875000000000,-0.120000000000,0.120000000000,True,10,5,2026-06-11T16:15:00Z,2026-06-11T16:25:00Z,ADVERSE_FIRST,2026-06-11T17:28:00Z,2026-06-11T16:17:00Z,ADVERSE_FIRST,2026-06-11T17:28:00Z,2026-06-11T16:17:00Z,ADVERSE_FIRST,2026-06-11T17:28:00Z,2026-06-11T16:17:00Z,ADVERSE_FIRST,2026-06-11T17:28:00Z,2026-06-11T16:17:00Z,ADVERSE_FIRST,2026-06-11T17:28:00Z,2026-06-11T16:17:00Z,ADVERSE_FIRST,2026-06-11T17:28:00Z,2026-06-11T16:17:00Z,ADVERSE_FIRST,2026-06-11T17:28:00Z,2026-06-11T16:17:00Z,ADVERSE_FIRST,2026-06-11T17:29:00Z,2026-06-11T16:17:00Z,ADVERSE_FIRST,2026-06-11T17:29:00Z,2026-06-11T16:17:00Z,2026-06-11T16:20:00Z,2026-06-11T16:25:00Z,ADVERSE_FIRST,2026-06-11T17:28:00Z,2026-06-11T16:21:00Z,ADVERSE_FIRST,2026-06-11T17:28:00Z,2026-06-11T16:21:00Z,ADVERSE_FIRST,2026-06-11T17:28:00Z,2026-06-11T16:21:00Z,ADVERSE_FIRST,2026-06-11T17:28:00Z,2026-06-11T16:21:00Z,ADVERSE_FIRST,2026-06-11T17:28:00Z,2026-06-11T16:21:00Z,ADVERSE_FIRST,2026-06-11T17:28:00Z,2026-06-11T16:21:00Z,ADVERSE_FIRST,2026-06-11T17:28:00Z,2026-06-11T16:21:00Z,ADVERSE_FIRST,2026-06-11T17:29:00Z,2026-06-11T16:21:00Z,ADVERSE_FIRST,2026-06-11T17:29:00Z,2026-06-11T16:21:00Z
SPY:2026-06-11:SHORT:2026-06-11T16:55:00+00:00:v1,2026-06-11,SHORT,726.520100000000,725.880000000000,-0.640100000000,0.640100000000,5,WORSE,1.260100000000,0.620000000000,13.479900000000,14.120000000000,-11.119900000000,-11.760000000000,0.640100000000,-0.640100000000,True,30,25,2026-06-11T17:00:00Z,2026-06-11T17:30:00Z,ADVERSE_FIRST,2026-06-11T17:02:00Z,2026-06-11T17:01:00Z,ADVERSE_FIRST,2026-06-11T17:03:00Z,2026-06-11T17:01:00Z,ADVERSE_FIRST,2026-06-11T17:03:00Z,2026-06-11T17:01:00Z,ADVERSE_FIRST,2026-06-11T17:18:00Z,2026-06-11T17:01:00Z,ADVERSE_FIRST,2026-06-11T17:03:00Z,2026-06-11T17:01:00Z,ADVERSE_FIRST,2026-06-11T17:03:00Z,2026-06-11T17:01:00Z,ADVERSE_FIRST,2026-06-11T17:18:00Z,2026-06-11T17:01:00Z,ADVERSE_FIRST,,2026-06-11T17:01:00Z,ADVERSE_FIRST,,2026-06-11T17:01:00Z,2026-06-11T17:05:00Z,2026-06-11T17:30:00Z,ADVERSE_FIRST,2026-06-11T17:18:00Z,2026-06-11T17:06:00Z,ADVERSE_FIRST,2026-06-11T17:20:00Z,2026-06-11T17:06:00Z,ADVERSE_FIRST,,2026-06-11T17:06:00Z,ADVERSE_FIRST,,2026-06-11T17:06:00Z,ADVERSE_FIRST,2026-06-11T17:20:00Z,2026-06-11T17:06:00Z,ADVERSE_FIRST,,2026-06-11T17:06:00Z,ADVERSE_FIRST,,2026-06-11T17:06:00Z,ADVERSE_FIRST,,2026-06-11T17:06:00Z,ADVERSE_FIRST,,2026-06-11T17:06:00Z
SPY:2026-06-11:LONG:2026-06-11T17:28:00+00:00:v1,2026-06-11,LONG,732.520000000000,734.249000000000,1.729000000000,1.729000000000,5,WORSE,7.480000000000,5.751000000000,0.310000000000,1.679000000000,5.120000000000,3.391000000000,1.729000000000,-1.369000000000,True,,,2026-06-11T17:30:00Z,,AMBIGUOUS_SAME_BAR,2026-06-11T17:31:00Z,2026-06-11T17:31:00Z,AMBIGUOUS_SAME_BAR,2026-06-11T17:31:00Z,2026-06-11T17:31:00Z,AMBIGUOUS_SAME_BAR,2026-06-11T17:31:00Z,2026-06-11T17:31:00Z,AMBIGUOUS_SAME_BAR,2026-06-11T17:31:00Z,2026-06-11T17:31:00Z,AMBIGUOUS_SAME_BAR,2026-06-11T17:31:00Z,2026-06-11T17:31:00Z,AMBIGUOUS_SAME_BAR,2026-06-11T17:31:00Z,2026-06-11T17:31:00Z,AMBIGUOUS_SAME_BAR,2026-06-11T17:31:00Z,2026-06-11T17:31:00Z,ADVERSE_FIRST,2026-06-11T17:33:00Z,2026-06-11T17:31:00Z,ADVERSE_FIRST,2026-06-11T17:33:00Z,2026-06-11T17:31:00Z,2026-06-11T17:35:00Z,,ADVERSE_FIRST,2026-06-11T17:39:00Z,2026-06-11T17:36:00Z,ADVERSE_FIRST,2026-06-11T17:40:00Z,2026-06-11T17:36:00Z,ADVERSE_FIRST,2026-06-11T17:40:00Z,2026-06-11T17:36:00Z,ADVERSE_FIRST,2026-06-11T17:41:00Z,2026-06-11T17:36:00Z,ADVERSE_FIRST,2026-06-11T17:40:00Z,2026-06-11T17:36:00Z,ADVERSE_FIRST,2026-06-11T17:40:00Z,2026-06-11T17:36:00Z,ADVERSE_FIRST,2026-06-11T17:41:00Z,2026-06-11T17:36:00Z,ADVERSE_FIRST,2026-06-11T17:43:00Z,2026-06-11T17:36:00Z,ADVERSE_FIRST,2026-06-11T17:44:00Z,2026-06-11T17:36:00Z
SPY:2026-06-12:SHORT:2026-06-12T13:40:00+00:00:v1,2026-06-12,SHORT,735.890000000000,735.640000000000,-0.250000000000,0.250000000000,5,WORSE,0.860000000000,0.420000000000,8.550000000000,8.800000000000,-5.740000000000,-5.990000000000,0.440000000000,-0.250000000000,True,20,15,2026-06-12T13:45:00Z,2026-06-12T14:05:00Z,FAVORABLE_FIRST,2026-06-12T13:46:00Z,2026-06-12T13:47:00Z,FAVORABLE_FIRST,2026-06-12T13:46:00Z,2026-06-12T13:47:00Z,ADVERSE_FIRST,2026-06-12T13:49:00Z,2026-06-12T13:47:00Z,ADVERSE_FIRST,,2026-06-12T13:47:00Z,FAVORABLE_FIRST,2026-06-12T13:46:00Z,2026-06-12T13:47:00Z,ADVERSE_FIRST,2026-06-12T13:49:00Z,2026-06-12T13:47:00Z,ADVERSE_FIRST,,2026-06-12T13:47:00Z,ADVERSE_FIRST,,2026-06-12T13:47:00Z,ADVERSE_FIRST,,2026-06-12T13:47:00Z,2026-06-12T13:50:00Z,2026-06-12T14:05:00Z,AMBIGUOUS_SAME_BAR,2026-06-12T13:51:00Z,2026-06-12T13:51:00Z,ADVERSE_FIRST,,2026-06-12T13:51:00Z,ADVERSE_FIRST,,2026-06-12T13:51:00Z,ADVERSE_FIRST,,2026-06-12T13:51:00Z,ADVERSE_FIRST,,2026-06-12T13:52:00Z,ADVERSE_FIRST,,2026-06-12T13:52:00Z,ADVERSE_FIRST,,2026-06-12T13:52:00Z,ADVERSE_FIRST,,2026-06-12T13:52:00Z,ADVERSE_FIRST,,2026-06-12T13:52:00Z
SPY:2026-06-12:LONG:2026-06-12T14:52:00+00:00:v1,2026-06-12,LONG,741.680000000000,742.360000000000,0.680000000000,0.680000000000,5,WORSE,2.760000000000,2.080000000000,3.510000000000,4.190000000000,-0.050000000000,-0.730000000000,0.680000000000,-0.680000000000,True,55,50,2026-06-12T14:55:00Z,2026-06-12T15:50:00Z,AMBIGUOUS_SAME_BAR,2026-06-12T14:56:00Z,2026-06-12T14:56:00Z,AMBIGUOUS_SAME_BAR,2026-06-12T14:56:00Z,2026-06-12T14:56:00Z,ADVERSE_FIRST,2026-06-12T14:58:00Z,2026-06-12T14:56:00Z,ADVERSE_FIRST,2026-06-12T15:00:00Z,2026-06-12T14:56:00Z,AMBIGUOUS_SAME_BAR,2026-06-12T14:56:00Z,2026-06-12T14:56:00Z,ADVERSE_FIRST,2026-06-12T14:58:00Z,2026-06-12T14:56:00Z,ADVERSE_FIRST,2026-06-12T15:00:00Z,2026-06-12T14:56:00Z,ADVERSE_FIRST,2026-06-12T15:14:00Z,2026-06-12T14:56:00Z,ADVERSE_FIRST,2026-06-12T15:19:00Z,2026-06-12T14:56:00Z,2026-06-12T15:00:00Z,2026-06-12T15:50:00Z,FAVORABLE_FIRST,2026-06-12T15:01:00Z,2026-06-12T15:03:00Z,FAVORABLE_FIRST,2026-06-12T15:01:00Z,2026-06-12T15:03:00Z,ADVERSE_FIRST,2026-06-12T15:14:00Z,2026-06-12T15:03:00Z,ADVERSE_FIRST,2026-06-12T15:14:00Z,2026-06-12T15:03:00Z,FAVORABLE_FIRST,2026-06-12T15:01:00Z,2026-06-12T15:03:00Z,ADVERSE_FIRST,2026-06-12T15:14:00Z,2026-06-12T15:03:00Z,ADVERSE_FIRST,2026-06-12T15:14:00Z,2026-06-12T15:03:00Z,ADVERSE_FIRST,2026-06-12T15:23:00Z,2026-06-12T15:03:00Z,ADVERSE_FIRST,2026-06-12T15:24:00Z,2026-06-12T15:03:00Z
SPY:2026-06-12:LONG:2026-06-12T16:46:00+00:00:v1,2026-06-12,LONG,741.380000000000,741.080000000000,-0.300000000000,-0.300000000000,5,BETTER,1.620000000000,1.920000000000,1.310000000000,1.010000000000,0.250000000000,0.550000000000,-0.300000000000,0.300000000000,True,90,85,2026-06-12T16:50:00Z,2026-06-12T18:20:00Z,ADVERSE_FIRST,2026-06-12T16:59:00Z,2026-06-12T16:52:00Z,ADVERSE_FIRST,2026-06-12T17:01:00Z,2026-06-12T16:52:00Z,ADVERSE_FIRST,2026-06-12T17:05:00Z,2026-06-12T16:52:00Z,ADVERSE_FIRST,2026-06-12T17:06:00Z,2026-06-12T16:52:00Z,ADVERSE_FIRST,2026-06-12T17:01:00Z,2026-06-12T16:52:00Z,ADVERSE_FIRST,2026-06-12T17:05:00Z,2026-06-12T16:52:00Z,ADVERSE_FIRST,2026-06-12T17:06:00Z,2026-06-12T16:52:00Z,ADVERSE_FIRST,2026-06-12T17:06:00Z,2026-06-12T16:52:00Z,ADVERSE_FIRST,,2026-06-12T16:52:00Z,2026-06-12T16:55:00Z,2026-06-12T18:20:00Z,ADVERSE_FIRST,2026-06-12T16:59:00Z,2026-06-12T16:56:00Z,ADVERSE_FIRST,2026-06-12T16:59:00Z,2026-06-12T16:56:00Z,ADVERSE_FIRST,2026-06-12T17:01:00Z,2026-06-12T16:56:00Z,ADVERSE_FIRST,2026-06-12T17:03:00Z,2026-06-12T16:56:00Z,ADVERSE_FIRST,2026-06-12T16:59:00Z,2026-06-12T16:56:00Z,ADVERSE_FIRST,2026-06-12T17:01:00Z,2026-06-12T16:56:00Z,ADVERSE_FIRST,2026-06-12T17:03:00Z,2026-06-12T16:56:00Z,ADVERSE_FIRST,2026-06-12T17:06:00Z,2026-06-12T16:56:00Z,ADVERSE_FIRST,,2026-06-12T16:56:00Z
SPY:2026-06-12:LONG:2026-06-12T18:27:00+00:00:v1,2026-06-12,LONG,741.260000000000,741.660000000000,0.400000000000,0.400000000000,5,WORSE,1.075000000000,0.675000000000,1.190000000000,1.590000000000,0.370000000000,-0.030000000000,0.400000000000,-0.400000000000,True,65,60,2026-06-12T18:30:00Z,2026-06-12T19:35:00Z,FAVORABLE_FIRST,2026-06-12T18:31:00Z,2026-06-12T18:59:00Z,FAVORABLE_FIRST,2026-06-12T18:32:00Z,2026-06-12T18:59:00Z,FAVORABLE_FIRST,2026-06-12T18:40:00Z,2026-06-12T18:59:00Z,FAVORABLE_FIRST,2026-06-12T18:41:00Z,2026-06-12T18:59:00Z,FAVORABLE_FIRST,2026-06-12T18:32:00Z,2026-06-12T18:59:00Z,FAVORABLE_FIRST,2026-06-12T18:40:00Z,2026-06-12T18:59:00Z,FAVORABLE_FIRST,2026-06-12T18:41:00Z,2026-06-12T18:59:00Z,ADVERSE_FIRST,,2026-06-12T18:59:00Z,ADVERSE_FIRST,,2026-06-12T18:59:00Z,2026-06-12T18:35:00Z,2026-06-12T19:35:00Z,FAVORABLE_FIRST,2026-06-12T18:40:00Z,2026-06-12T18:57:00Z,FAVORABLE_FIRST,2026-06-12T18:41:00Z,2026-06-12T18:57:00Z,ADVERSE_FIRST,,2026-06-12T18:57:00Z,ADVERSE_FIRST,,2026-06-12T18:57:00Z,FAVORABLE_FIRST,2026-06-12T18:41:00Z,2026-06-12T18:57:00Z,ADVERSE_FIRST,,2026-06-12T18:57:00Z,ADVERSE_FIRST,,2026-06-12T18:57:00Z,ADVERSE_FIRST,,2026-06-12T18:57:00Z,ADVERSE_FIRST,,2026-06-12T18:57:00Z
SPY:2026-06-12:LONG:2026-06-12T19:48:00+00:00:v1,2026-06-12,LONG,740.910000000000,741.250000000000,0.340000000000,0.340000000000,5,WORSE,1.090000000000,0.750000000000,0.129900000000,0,0.720000000000,0.380000000000,0.340000000000,0.129900000000,True,,,2026-06-12T19:50:00Z,,FAVORABLE_FIRST,2026-06-12T19:52:00Z,,FAVORABLE_FIRST,2026-06-12T19:55:00Z,,FAVORABLE_FIRST,2026-06-12T19:55:00Z,,FAVORABLE_FIRST,2026-06-12T19:55:00Z,,FAVORABLE_FIRST,2026-06-12T19:55:00Z,,FAVORABLE_FIRST,2026-06-12T19:55:00Z,,FAVORABLE_FIRST,2026-06-12T19:55:00Z,,NEITHER,,,NEITHER,,,2026-06-12T19:55:00Z,,FAVORABLE_FIRST,2026-06-12T19:56:00Z,,FAVORABLE_FIRST,2026-06-12T19:56:00Z,,FAVORABLE_FIRST,2026-06-12T19:59:00Z,,NEITHER,,,FAVORABLE_FIRST,2026-06-12T19:56:00Z,,FAVORABLE_FIRST,2026-06-12T19:59:00Z,,NEITHER,,,NEITHER,,,NEITHER,,
SPY:2026-06-15:LONG:2026-06-15T13:45:00+00:00:v1,2026-06-15,LONG,753.800000000000,753.705000000000,-0.095000000000,-0.095000000000,5,BETTER,2.880000000000,2.975000000000,1.290000000000,1.195000000000,0.860000000000,0.955000000000,-0.095000000000,0.095000000000,True,25,20,2026-06-15T13:50:00Z,2026-06-15T14:15:00Z,FAVORABLE_FIRST,2026-06-15T13:51:00Z,2026-06-15T13:56:00Z,ADVERSE_FIRST,2026-06-15T14:57:00Z,2026-06-15T13:56:00Z,ADVERSE_FIRST,2026-06-15T15:03:00Z,2026-06-15T13:56:00Z,ADVERSE_FIRST,2026-06-15T15:15:00Z,2026-06-15T13:56:00Z,ADVERSE_FIRST,2026-06-15T14:57:00Z,2026-06-15T13:56:00Z,ADVERSE_FIRST,2026-06-15T15:03:00Z,2026-06-15T13:56:00Z,ADVERSE_FIRST,2026-06-15T15:15:00Z,2026-06-15T13:56:00Z,ADVERSE_FIRST,2026-06-15T15:32:00Z,2026-06-15T13:56:00Z,ADVERSE_FIRST,2026-06-15T15:47:00Z,2026-06-15T13:56:00Z,2026-06-15T13:55:00Z,2026-06-15T14:15:00Z,ADVERSE_FIRST,2026-06-15T14:04:00Z,2026-06-15T13:59:00Z,ADVERSE_FIRST,2026-06-15T14:57:00Z,2026-06-15T13:59:00Z,ADVERSE_FIRST,2026-06-15T15:00:00Z,2026-06-15T13:59:00Z,ADVERSE_FIRST,2026-06-15T15:03:00Z,2026-06-15T13:59:00Z,ADVERSE_FIRST,2026-06-15T14:57:00Z,2026-06-15T13:59:00Z,ADVERSE_FIRST,2026-06-15T15:00:00Z,2026-06-15T13:59:00Z,ADVERSE_FIRST,2026-06-15T15:03:00Z,2026-06-15T13:59:00Z,ADVERSE_FIRST,2026-06-15T15:29:00Z,2026-06-15T13:59:00Z,ADVERSE_FIRST,2026-06-15T15:47:00Z,2026-06-15T13:59:00Z
SPY:2026-06-15:LONG:2026-06-15T14:25:00+00:00:v1,2026-06-15,LONG,753.650000000000,753.200000000000,-0.450000000000,-0.450000000000,5,BETTER,3.030000000000,3.480000000000,0.700000000000,0.160000000000,1.010000000000,1.460000000000,-0.450000000000,0.540000000000,True,,,2026-06-15T14:30:00Z,,ADVERSE_FIRST,2026-06-15T14:51:00Z,2026-06-15T14:31:00Z,ADVERSE_FIRST,2026-06-15T14:57:00Z,2026-06-15T14:31:00Z,ADVERSE_FIRST,2026-06-15T15:00:00Z,2026-06-15T14:31:00Z,ADVERSE_FIRST,2026-06-15T15:03:00Z,2026-06-15T14:31:00Z,ADVERSE_FIRST,2026-06-15T14:57:00Z,2026-06-15T14:31:00Z,ADVERSE_FIRST,2026-06-15T15:00:00Z,2026-06-15T14:31:00Z,ADVERSE_FIRST,2026-06-15T15:03:00Z,2026-06-15T14:31:00Z,ADVERSE_FIRST,2026-06-15T15:29:00Z,2026-06-15T14:31:00Z,ADVERSE_FIRST,2026-06-15T15:45:00Z,2026-06-15T14:31:00Z,2026-06-15T14:35:00Z,,FAVORABLE_FIRST,2026-06-15T14:36:00Z,,FAVORABLE_FIRST,2026-06-15T14:48:00Z,,FAVORABLE_FIRST,2026-06-15T14:51:00Z,,FAVORABLE_FIRST,2026-06-15T14:57:00Z,,FAVORABLE_FIRST,2026-06-15T14:48:00Z,,FAVORABLE_FIRST,2026-06-15T14:51:00Z,,FAVORABLE_FIRST,2026-06-15T14:57:00Z,,FAVORABLE_FIRST,2026-06-15T15:03:00Z,,FAVORABLE_FIRST,2026-06-15T15:29:00Z,
SPY:2026-06-16:SHORT:2026-06-16T14:19:00+00:00:v1,2026-06-16,SHORT,753.980000000000,753.550000000000,-0.430000000000,0.430000000000,5,WORSE,4.100000000000,3.670000000000,0.360000000000,0.420000000000,3.590000000000,3.160000000000,0.430000000000,-0.060000000000,True,,,2026-06-16T14:20:00Z,,ADVERSE_FIRST,2026-06-16T14:22:00Z,2026-06-16T14:21:00Z,ADVERSE_FIRST,2026-06-16T14:22:00Z,2026-06-16T14:21:00Z,ADVERSE_FIRST,2026-06-16T14:23:00Z,2026-06-16T14:21:00Z,ADVERSE_FIRST,2026-06-16T14:30:00Z,2026-06-16T14:21:00Z,ADVERSE_FIRST,2026-06-16T14:22:00Z,2026-06-16T14:21:00Z,ADVERSE_FIRST,2026-06-16T14:23:00Z,2026-06-16T14:21:00Z,ADVERSE_FIRST,2026-06-16T14:30:00Z,2026-06-16T14:21:00Z,ADVERSE_FIRST,2026-06-16T14:31:00Z,2026-06-16T14:21:00Z,ADVERSE_FIRST,2026-06-16T15:46:00Z,2026-06-16T14:21:00Z,2026-06-16T14:25:00Z,,ADVERSE_FIRST,2026-06-16T14:27:00Z,2026-06-16T14:26:00Z,ADVERSE_FIRST,2026-06-16T14:30:00Z,2026-06-16T14:26:00Z,ADVERSE_FIRST,2026-06-16T14:30:00Z,2026-06-16T14:26:00Z,ADVERSE_FIRST,2026-06-16T14:31:00Z,2026-06-16T14:26:00Z,ADVERSE_FIRST,2026-06-16T14:30:00Z,2026-06-16T14:26:00Z,ADVERSE_FIRST,2026-06-16T14:30:00Z,2026-06-16T14:26:00Z,ADVERSE_FIRST,2026-06-16T14:31:00Z,2026-06-16T14:26:00Z,ADVERSE_FIRST,2026-06-16T15:46:00Z,2026-06-16T14:26:00Z,ADVERSE_FIRST,2026-06-16T17:39:00Z,2026-06-16T14:26:00Z
SPY:2026-06-17:LONG:2026-06-17T14:20:00+00:00:v1,2026-06-17,LONG,752.120000000000,751.690000000000,-0.430000000000,-0.430000000000,5,BETTER,0,0,12.900000000000,12.470000000000,-11.100000000000,-10.670000000000,0,0.430000000000,True,10,5,2026-06-17T14:25:00Z,2026-06-17T14:35:00Z,ADVERSE_FIRST,,2026-06-17T14:26:00Z,ADVERSE_FIRST,,2026-06-17T14:26:00Z,ADVERSE_FIRST,,2026-06-17T14:26:00Z,ADVERSE_FIRST,,2026-06-17T14:26:00Z,ADVERSE_FIRST,,2026-06-17T14:26:00Z,ADVERSE_FIRST,,2026-06-17T14:26:00Z,ADVERSE_FIRST,,2026-06-17T14:26:00Z,ADVERSE_FIRST,,2026-06-17T14:26:00Z,ADVERSE_FIRST,,2026-06-17T14:26:00Z,2026-06-17T14:30:00Z,2026-06-17T14:35:00Z,ADVERSE_FIRST,,2026-06-17T14:31:00Z,ADVERSE_FIRST,,2026-06-17T14:31:00Z,ADVERSE_FIRST,,2026-06-17T14:31:00Z,ADVERSE_FIRST,,2026-06-17T14:31:00Z,ADVERSE_FIRST,,2026-06-17T14:31:00Z,ADVERSE_FIRST,,2026-06-17T14:31:00Z,ADVERSE_FIRST,,2026-06-17T14:31:00Z,ADVERSE_FIRST,,2026-06-17T14:31:00Z,ADVERSE_FIRST,,2026-06-17T14:31:00Z
SPY:2026-06-17:SHORT:2026-06-17T14:36:00+00:00:v1,2026-06-17,SHORT,750.040000000000,750.199000000000,0.159000000000,-0.159000000000,5,BETTER,10.820000000000,10.979000000000,0.990000000000,0.831000000000,9.020000000000,9.179000000000,-0.159000000000,0.159000000000,True,55,50,2026-06-17T14:40:00Z,2026-06-17T15:35:00Z,FAVORABLE_FIRST,2026-06-17T14:41:00Z,2026-06-17T14:43:00Z,FAVORABLE_FIRST,2026-06-17T14:41:00Z,2026-06-17T14:43:00Z,FAVORABLE_FIRST,2026-06-17T14:41:00Z,2026-06-17T14:43:00Z,ADVERSE_FIRST,2026-06-17T14:47:00Z,2026-06-17T14:43:00Z,FAVORABLE_FIRST,2026-06-17T14:41:00Z,2026-06-17T14:43:00Z,FAVORABLE_FIRST,2026-06-17T14:41:00Z,2026-06-17T14:43:00Z,ADVERSE_FIRST,2026-06-17T14:47:00Z,2026-06-17T14:43:00Z,ADVERSE_FIRST,2026-06-17T14:47:00Z,2026-06-17T14:43:00Z,ADVERSE_FIRST,2026-06-17T14:47:00Z,2026-06-17T14:43:00Z,2026-06-17T14:45:00Z,2026-06-17T15:35:00Z,ADVERSE_FIRST,2026-06-17T14:47:00Z,2026-06-17T14:46:00Z,ADVERSE_FIRST,2026-06-17T14:47:00Z,2026-06-17T14:46:00Z,ADVERSE_FIRST,2026-06-17T14:47:00Z,2026-06-17T14:46:00Z,ADVERSE_FIRST,2026-06-17T14:47:00Z,2026-06-17T14:46:00Z,ADVERSE_FIRST,2026-06-17T14:47:00Z,2026-06-17T14:46:00Z,ADVERSE_FIRST,2026-06-17T14:47:00Z,2026-06-17T14:46:00Z,ADVERSE_FIRST,2026-06-17T14:47:00Z,2026-06-17T14:46:00Z,ADVERSE_FIRST,2026-06-17T14:47:00Z,2026-06-17T14:46:00Z,ADVERSE_FIRST,2026-06-17T14:47:00Z,2026-06-17T14:46:00Z
SPY:2026-06-17:SHORT:2026-06-17T16:45:00+00:00:v1,2026-06-17,SHORT,750.050000000000,749.990000000000,-0.060000000000,0.060000000000,5,WORSE,10.830000000000,10.770000000000,0.860000000000,0.920000000000,9.030000000000,8.970000000000,0.060000000000,-0.060000000000,True,65,60,2026-06-17T16:50:00Z,2026-06-17T17:55:00Z,FAVORABLE_FIRST,2026-06-17T17:00:00Z,2026-06-17T17:52:00Z,FAVORABLE_FIRST,2026-06-17T17:02:00Z,2026-06-17T17:52:00Z,FAVORABLE_FIRST,2026-06-17T17:08:00Z,2026-06-17T17:52:00Z,FAVORABLE_FIRST,2026-06-17T17:08:00Z,2026-06-17T17:52:00Z,FAVORABLE_FIRST,2026-06-17T17:02:00Z,2026-06-17T17:52:00Z,FAVORABLE_FIRST,2026-06-17T17:08:00Z,2026-06-17T17:52:00Z,FAVORABLE_FIRST,2026-06-17T17:08:00Z,2026-06-17T17:52:00Z,FAVORABLE_FIRST,2026-06-17T17:08:00Z,2026-06-17T17:52:00Z,ADVERSE_FIRST,2026-06-17T18:00:00Z,2026-06-17T17:52:00Z,2026-06-17T16:55:00Z,2026-06-17T17:55:00Z,FAVORABLE_FIRST,2026-06-17T17:00:00Z,2026-06-17T17:52:00Z,FAVORABLE_FIRST,2026-06-17T17:03:00Z,2026-06-17T17:52:00Z,FAVORABLE_FIRST,2026-06-17T17:08:00Z,2026-06-17T17:52:00Z,FAVORABLE_FIRST,2026-06-17T17:08:00Z,2026-06-17T17:52:00Z,FAVORABLE_FIRST,2026-06-17T17:03:00Z,2026-06-17T17:52:00Z,FAVORABLE_FIRST,2026-06-17T17:08:00Z,2026-06-17T17:52:00Z,FAVORABLE_FIRST,2026-06-17T17:08:00Z,2026-06-17T17:52:00Z,FAVORABLE_FIRST,2026-06-17T17:08:00Z,2026-06-17T17:52:00Z,ADVERSE_FIRST,2026-06-17T18:00:00Z,2026-06-17T17:52:00Z
SPY:2026-06-17:SHORT:2026-06-17T18:00:00+00:00:v1,2026-06-17,SHORT,745.150000000000,746.690000000000,1.540000000000,-1.540000000000,5,BETTER,5.930000000000,7.470000000000,5.190000000000,3.650000000000,4.130000000000,5.670000000000,-1.540000000000,1.540000000000,True,,,2026-06-17T18:05:00Z,,FAVORABLE_FIRST,2026-06-17T18:06:00Z,2026-06-17T18:07:00Z,FAVORABLE_FIRST,2026-06-17T18:06:00Z,2026-06-17T18:07:00Z,FAVORABLE_FIRST,2026-06-17T18:06:00Z,2026-06-17T18:07:00Z,FAVORABLE_FIRST,2026-06-17T18:06:00Z,2026-06-17T18:07:00Z,FAVORABLE_FIRST,2026-06-17T18:06:00Z,2026-06-17T18:07:00Z,FAVORABLE_FIRST,2026-06-17T18:06:00Z,2026-06-17T18:07:00Z,FAVORABLE_FIRST,2026-06-17T18:06:00Z,2026-06-17T18:07:00Z,FAVORABLE_FIRST,2026-06-17T18:06:00Z,2026-06-17T18:07:00Z,ADVERSE_FIRST,2026-06-17T19:20:00Z,2026-06-17T18:07:00Z,2026-06-17T18:10:00Z,,ADVERSE_FIRST,2026-06-17T18:13:00Z,2026-06-17T18:11:00Z,ADVERSE_FIRST,2026-06-17T18:13:00Z,2026-06-17T18:11:00Z,ADVERSE_FIRST,2026-06-17T18:25:00Z,2026-06-17T18:11:00Z,ADVERSE_FIRST,2026-06-17T18:25:00Z,2026-06-17T18:11:00Z,ADVERSE_FIRST,2026-06-17T18:13:00Z,2026-06-17T18:11:00Z,ADVERSE_FIRST,2026-06-17T18:25:00Z,2026-06-17T18:11:00Z,ADVERSE_FIRST,2026-06-17T18:25:00Z,2026-06-17T18:11:00Z,ADVERSE_FIRST,2026-06-17T18:58:00Z,2026-06-17T18:11:00Z,ADVERSE_FIRST,2026-06-17T19:11:00Z,2026-06-17T18:11:00Z
SPY:2026-06-18:SHORT:2026-06-18T13:35:00+00:00:v1,2026-06-18,SHORT,744.580000000000,744.030000000000,-0.550000000000,0.550000000000,5,WORSE,0.720000000000,0.170000000000,3.650000000000,4.200000000000,-1.980000000000,-2.530000000000,0.550000000000,-0.550000000000,True,40,35,2026-06-18T13:40:00Z,2026-06-18T14:20:00Z,AMBIGUOUS_SAME_BAR,2026-06-18T13:41:00Z,2026-06-18T13:41:00Z,ADVERSE_FIRST,2026-06-18T13:44:00Z,2026-06-18T13:41:00Z,ADVERSE_FIRST,,2026-06-18T13:41:00Z,ADVERSE_FIRST,,2026-06-18T13:41:00Z,ADVERSE_FIRST,2026-06-18T13:44:00Z,2026-06-18T13:41:00Z,ADVERSE_FIRST,,2026-06-18T13:41:00Z,ADVERSE_FIRST,,2026-06-18T13:41:00Z,ADVERSE_FIRST,,2026-06-18T13:41:00Z,ADVERSE_FIRST,,2026-06-18T13:41:00Z,2026-06-18T13:45:00Z,2026-06-18T14:20:00Z,ADVERSE_FIRST,,2026-06-18T13:46:00Z,ADVERSE_FIRST,,2026-06-18T13:46:00Z,ADVERSE_FIRST,,2026-06-18T13:46:00Z,ADVERSE_FIRST,,2026-06-18T13:46:00Z,ADVERSE_FIRST,,2026-06-18T13:46:00Z,ADVERSE_FIRST,,2026-06-18T13:46:00Z,ADVERSE_FIRST,,2026-06-18T13:46:00Z,ADVERSE_FIRST,,2026-06-18T13:46:00Z,ADVERSE_FIRST,,2026-06-18T13:46:00Z
SPY:2026-06-18:SHORT:2026-06-18T14:27:00+00:00:v1,2026-06-18,SHORT,745.370000000000,745.820000000000,0.450000000000,-0.450000000000,5,BETTER,1.039000000000,1.489000000000,2.860000000000,2.410000000000,-1.190000000000,-0.740000000000,-0.450000000000,0.450000000000,True,10,5,2026-06-18T14:30:00Z,2026-06-18T14:40:00Z,FAVORABLE_FIRST,2026-06-18T14:31:00Z,2026-06-18T14:34:00Z,FAVORABLE_FIRST,2026-06-18T14:31:00Z,2026-06-18T14:34:00Z,ADVERSE_FIRST,2026-06-18T15:38:00Z,2026-06-18T14:34:00Z,ADVERSE_FIRST,2026-06-18T15:38:00Z,2026-06-18T14:34:00Z,FAVORABLE_FIRST,2026-06-18T14:31:00Z,2026-06-18T14:34:00Z,ADVERSE_FIRST,2026-06-18T15:38:00Z,2026-06-18T14:34:00Z,ADVERSE_FIRST,2026-06-18T15:38:00Z,2026-06-18T14:34:00Z,ADVERSE_FIRST,,2026-06-18T14:34:00Z,ADVERSE_FIRST,,2026-06-18T14:34:00Z,2026-06-18T14:35:00Z,2026-06-18T14:40:00Z,AMBIGUOUS_SAME_BAR,2026-06-18T14:36:00Z,2026-06-18T14:36:00Z,ADVERSE_FIRST,2026-06-18T15:29:00Z,2026-06-18T14:36:00Z,ADVERSE_FIRST,2026-06-18T15:33:00Z,2026-06-18T14:36:00Z,ADVERSE_FIRST,2026-06-18T15:37:00Z,2026-06-18T14:36:00Z,ADVERSE_FIRST,2026-06-18T15:29:00Z,2026-06-18T14:36:00Z,ADVERSE_FIRST,2026-06-18T15:33:00Z,2026-06-18T14:36:00Z,ADVERSE_FIRST,2026-06-18T15:37:00Z,2026-06-18T14:36:00Z,ADVERSE_FIRST,,2026-06-18T14:36:00Z,ADVERSE_FIRST,,2026-06-18T14:36:00Z
SPY:2026-06-18:SHORT:2026-06-18T15:15:00+00:00:v1,2026-06-18,SHORT,745.689800000000,745.550000000000,-0.139800000000,0.139800000000,5,WORSE,1.358800000000,1.219000000000,2.540200000000,2.680000000000,-0.870200000000,-1.010000000000,0.139800000000,-0.139800000000,True,35,30,2026-06-18T15:20:00Z,2026-06-18T15:55:00Z,ADVERSE_FIRST,2026-06-18T15:23:00Z,2026-06-18T15:21:00Z,ADVERSE_FIRST,2026-06-18T15:29:00Z,2026-06-18T15:21:00Z,ADVERSE_FIRST,2026-06-18T15:36:00Z,2026-06-18T15:21:00Z,ADVERSE_FIRST,2026-06-18T15:38:00Z,2026-06-18T15:21:00Z,ADVERSE_FIRST,2026-06-18T15:29:00Z,2026-06-18T15:21:00Z,ADVERSE_FIRST,2026-06-18T15:36:00Z,2026-06-18T15:21:00Z,ADVERSE_FIRST,2026-06-18T15:38:00Z,2026-06-18T15:21:00Z,ADVERSE_FIRST,,2026-06-18T15:21:00Z,ADVERSE_FIRST,,2026-06-18T15:21:00Z,2026-06-18T15:25:00Z,2026-06-18T15:55:00Z,ADVERSE_FIRST,2026-06-18T15:29:00Z,2026-06-18T15:27:00Z,ADVERSE_FIRST,2026-06-18T15:33:00Z,2026-06-18T15:27:00Z,ADVERSE_FIRST,2026-06-18T15:38:00Z,2026-06-18T15:27:00Z,ADVERSE_FIRST,2026-06-18T15:38:00Z,2026-06-18T15:27:00Z,ADVERSE_FIRST,2026-06-18T15:33:00Z,2026-06-18T15:27:00Z,ADVERSE_FIRST,2026-06-18T15:38:00Z,2026-06-18T15:27:00Z,ADVERSE_FIRST,2026-06-18T15:38:00Z,2026-06-18T15:27:00Z,ADVERSE_FIRST,,2026-06-18T15:27:00Z,ADVERSE_FIRST,,2026-06-18T15:27:00Z
SPY:2026-06-22:LONG:2026-06-22T13:56:00+00:00:v1,2026-06-22,LONG,749.910000000000,749.620000000000,-0.290000000000,-0.290000000000,5,BETTER,0.270000000000,0.560000000000,6.780000000000,6.490000000000,-5.540000000000,-5.250000000000,-0.290000000000,0.290000000000,True,15,10,2026-06-22T14:00:00Z,2026-06-22T14:15:00Z,ADVERSE_FIRST,2026-06-22T14:10:00Z,2026-06-22T14:01:00Z,ADVERSE_FIRST,,2026-06-22T14:01:00Z,ADVERSE_FIRST,,2026-06-22T14:01:00Z,ADVERSE_FIRST,,2026-06-22T14:01:00Z,ADVERSE_FIRST,,2026-06-22T14:02:00Z,ADVERSE_FIRST,,2026-06-22T14:02:00Z,ADVERSE_FIRST,,2026-06-22T14:02:00Z,ADVERSE_FIRST,,2026-06-22T14:02:00Z,ADVERSE_FIRST,,2026-06-22T14:02:00Z,2026-06-22T14:05:00Z,2026-06-22T14:15:00Z,FAVORABLE_FIRST,2026-06-22T14:08:00Z,2026-06-22T14:13:00Z,FAVORABLE_FIRST,2026-06-22T14:10:00Z,2026-06-22T14:13:00Z,ADVERSE_FIRST,,2026-06-22T14:13:00Z,ADVERSE_FIRST,,2026-06-22T14:13:00Z,FAVORABLE_FIRST,2026-06-22T14:10:00Z,2026-06-22T14:13:00Z,ADVERSE_FIRST,,2026-06-22T14:13:00Z,ADVERSE_FIRST,,2026-06-22T14:13:00Z,ADVERSE_FIRST,,2026-06-22T14:13:00Z,ADVERSE_FIRST,,2026-06-22T14:13:00Z
SPY:2026-06-22:SHORT:2026-06-22T14:24:00+00:00:v1,2026-06-22,SHORT,747.510000000000,746.510000000000,-1.000000000000,1.000000000000,5,WORSE,4.380000000000,3.380000000000,0.300000000000,0,3.140000000000,2.140000000000,1.000000000000,0.300000000000,True,,,2026-06-22T14:25:00Z,,ADVERSE_FIRST,2026-06-22T14:27:00Z,2026-06-22T14:26:00Z,ADVERSE_FIRST,2026-06-22T14:27:00Z,2026-06-22T14:26:00Z,ADVERSE_FIRST,2026-06-22T14:29:00Z,2026-06-22T14:26:00Z,ADVERSE_FIRST,2026-06-22T14:29:00Z,2026-06-22T14:26:00Z,ADVERSE_FIRST,2026-06-22T14:27:00Z,2026-06-22T14:26:00Z,ADVERSE_FIRST,2026-06-22T14:29:00Z,2026-06-22T14:26:00Z,ADVERSE_FIRST,2026-06-22T14:29:00Z,2026-06-22T14:26:00Z,ADVERSE_FIRST,2026-06-22T14:30:00Z,2026-06-22T14:26:00Z,ADVERSE_FIRST,2026-06-22T14:31:00Z,2026-06-22T14:26:00Z,2026-06-22T14:30:00Z,,FAVORABLE_FIRST,2026-06-22T14:31:00Z,,FAVORABLE_FIRST,2026-06-22T14:31:00Z,,FAVORABLE_FIRST,2026-06-22T14:31:00Z,,FAVORABLE_FIRST,2026-06-22T14:31:00Z,,FAVORABLE_FIRST,2026-06-22T14:31:00Z,,FAVORABLE_FIRST,2026-06-22T14:31:00Z,,FAVORABLE_FIRST,2026-06-22T14:31:00Z,,FAVORABLE_FIRST,2026-06-22T14:43:00Z,,FAVORABLE_FIRST,2026-06-22T14:44:00Z,
SPY:2026-06-23:LONG:2026-06-23T13:39:00+00:00:v1,2026-06-23,LONG,734.380000000000,734.900000000000,0.520000000000,0.520000000000,5,WORSE,5.250000000000,4.730000000000,1.060000000000,1.580000000000,-0.710000000000,-1.230000000000,0.520000000000,-0.520000000000,True,305,300,2026-06-23T13:40:00Z,2026-06-23T18:45:00Z,FAVORABLE_FIRST,2026-06-23T13:41:00Z,2026-06-23T18:42:00Z,FAVORABLE_FIRST,2026-06-23T13:42:00Z,2026-06-23T18:42:00Z,FAVORABLE_FIRST,2026-06-23T13:42:00Z,2026-06-23T18:42:00Z,FAVORABLE_FIRST,2026-06-23T13:43:00Z,2026-06-23T18:42:00Z,FAVORABLE_FIRST,2026-06-23T13:42:00Z,2026-06-23T18:42:00Z,FAVORABLE_FIRST,2026-06-23T13:42:00Z,2026-06-23T18:42:00Z,FAVORABLE_FIRST,2026-06-23T13:43:00Z,2026-06-23T18:42:00Z,FAVORABLE_FIRST,2026-06-23T13:47:00Z,2026-06-23T18:42:00Z,FAVORABLE_FIRST,2026-06-23T13:48:00Z,2026-06-23T18:42:00Z,2026-06-23T13:45:00Z,2026-06-23T18:45:00Z,FAVORABLE_FIRST,2026-06-23T13:46:00Z,2026-06-23T15:24:00Z,FAVORABLE_FIRST,2026-06-23T13:47:00Z,2026-06-23T15:24:00Z,FAVORABLE_FIRST,2026-06-23T13:47:00Z,2026-06-23T15:24:00Z,FAVORABLE_FIRST,2026-06-23T13:47:00Z,2026-06-23T15:24:00Z,FAVORABLE_FIRST,2026-06-23T13:47:00Z,2026-06-23T15:24:00Z,FAVORABLE_FIRST,2026-06-23T13:47:00Z,2026-06-23T15:24:00Z,FAVORABLE_FIRST,2026-06-23T13:47:00Z,2026-06-23T15:24:00Z,FAVORABLE_FIRST,2026-06-23T13:48:00Z,2026-06-23T15:24:00Z,FAVORABLE_FIRST,2026-06-23T13:49:00Z,2026-06-23T15:24:00Z
SPY:2026-06-23:LONG:2026-06-23T19:01:00+00:00:v1,2026-06-23,LONG,734.980000000000,734.440000000000,-0.540000000000,-0.540000000000,5,BETTER,0.580000000000,1.120000000000,1.480000000000,0.940000000000,-1.310000000000,-0.770000000000,-0.540000000000,0.540000000000,True,15,10,2026-06-23T19:05:00Z,2026-06-23T19:20:00Z,FAVORABLE_FIRST,2026-06-23T19:06:00Z,2026-06-23T19:07:00Z,ADVERSE_FIRST,2026-06-23T19:54:00Z,2026-06-23T19:07:00Z,ADVERSE_FIRST,,2026-06-23T19:07:00Z,ADVERSE_FIRST,,2026-06-23T19:07:00Z,ADVERSE_FIRST,2026-06-23T19:54:00Z,2026-06-23T19:07:00Z,ADVERSE_FIRST,,2026-06-23T19:07:00Z,ADVERSE_FIRST,,2026-06-23T19:07:00Z,ADVERSE_FIRST,,2026-06-23T19:07:00Z,ADVERSE_FIRST,,2026-06-23T19:07:00Z,2026-06-23T19:10:00Z,2026-06-23T19:20:00Z,FAVORABLE_FIRST,2026-06-23T19:11:00Z,2026-06-23T19:13:00Z,ADVERSE_FIRST,2026-06-23T19:23:00Z,2026-06-23T19:13:00Z,ADVERSE_FIRST,2026-06-23T19:26:00Z,2026-06-23T19:13:00Z,ADVERSE_FIRST,2026-06-23T19:54:00Z,2026-06-23T19:13:00Z,ADVERSE_FIRST,2026-06-23T19:23:00Z,2026-06-23T19:17:00Z,ADVERSE_FIRST,2026-06-23T19:26:00Z,2026-06-23T19:17:00Z,ADVERSE_FIRST,2026-06-23T19:54:00Z,2026-06-23T19:17:00Z,ADVERSE_FIRST,,2026-06-23T19:17:00Z,ADVERSE_FIRST,,2026-06-23T19:17:00Z
SPY:2026-06-23:LONG:2026-06-23T19:21:00+00:00:v1,2026-06-23,LONG,734.790000000000,735.010000000000,0.220000000000,0.220000000000,5,WORSE,0.770000000000,0.550000000000,1.290000000000,1.510000000000,-1.120000000000,-1.340000000000,0.220000000000,-0.220000000000,True,35,30,2026-06-23T19:25:00Z,2026-06-23T20:00:00Z,FAVORABLE_FIRST,2026-06-23T19:26:00Z,2026-06-23T19:32:00Z,ADVERSE_FIRST,2026-06-23T19:54:00Z,2026-06-23T19:32:00Z,ADVERSE_FIRST,2026-06-23T19:54:00Z,2026-06-23T19:32:00Z,ADVERSE_FIRST,,2026-06-23T19:32:00Z,ADVERSE_FIRST,2026-06-23T19:54:00Z,2026-06-23T19:32:00Z,ADVERSE_FIRST,2026-06-23T19:54:00Z,2026-06-23T19:32:00Z,ADVERSE_FIRST,,2026-06-23T19:32:00Z,ADVERSE_FIRST,,2026-06-23T19:32:00Z,ADVERSE_FIRST,,2026-06-23T19:32:00Z,2026-06-23T19:30:00Z,2026-06-23T20:00:00Z,ADVERSE_FIRST,2026-06-23T19:54:00Z,2026-06-23T19:31:00Z,ADVERSE_FIRST,2026-06-23T19:54:00Z,2026-06-23T19:31:00Z,ADVERSE_FIRST,,2026-06-23T19:31:00Z,ADVERSE_FIRST,,2026-06-23T19:31:00Z,ADVERSE_FIRST,2026-06-23T19:54:00Z,2026-06-23T19:31:00Z,ADVERSE_FIRST,,2026-06-23T19:31:00Z,ADVERSE_FIRST,,2026-06-23T19:31:00Z,ADVERSE_FIRST,,2026-06-23T19:31:00Z,ADVERSE_FIRST,,2026-06-23T19:31:00Z
SPY:2026-06-24:LONG:2026-06-24T14:44:00+00:00:v1,2026-06-24,LONG,737.619900000000,738.310000000000,0.690100000000,0.690100000000,5,WORSE,2.325100000000,1.635000000000,6.779900000000,7.470000000000,-4.499900000000,-5.190000000000,0.690100000000,-0.690100000000,True,115,110,2026-06-24T14:45:00Z,2026-06-24T16:40:00Z,FAVORABLE_FIRST,2026-06-24T14:46:00Z,2026-06-24T16:36:00Z,FAVORABLE_FIRST,2026-06-24T14:46:00Z,2026-06-24T16:36:00Z,FAVORABLE_FIRST,2026-06-24T14:46:00Z,2026-06-24T16:36:00Z,FAVORABLE_FIRST,2026-06-24T14:47:00Z,2026-06-24T16:36:00Z,FAVORABLE_FIRST,2026-06-24T14:46:00Z,2026-06-24T16:36:00Z,FAVORABLE_FIRST,2026-06-24T14:46:00Z,2026-06-24T16:36:00Z,FAVORABLE_FIRST,2026-06-24T14:47:00Z,2026-06-24T16:36:00Z,FAVORABLE_FIRST,2026-06-24T14:58:00Z,2026-06-24T16:36:00Z,FAVORABLE_FIRST,2026-06-24T14:59:00Z,2026-06-24T16:36:00Z,2026-06-24T14:50:00Z,2026-06-24T16:40:00Z,FAVORABLE_FIRST,2026-06-24T14:51:00Z,2026-06-24T15:13:00Z,FAVORABLE_FIRST,2026-06-24T14:51:00Z,2026-06-24T15:13:00Z,FAVORABLE_FIRST,2026-06-24T14:52:00Z,2026-06-24T15:13:00Z,FAVORABLE_FIRST,2026-06-24T14:58:00Z,2026-06-24T15:13:00Z,FAVORABLE_FIRST,2026-06-24T14:51:00Z,2026-06-24T15:13:00Z,FAVORABLE_FIRST,2026-06-24T14:52:00Z,2026-06-24T15:13:00Z,FAVORABLE_FIRST,2026-06-24T14:58:00Z,2026-06-24T15:13:00Z,FAVORABLE_FIRST,2026-06-24T15:01:00Z,2026-06-24T15:13:00Z,ADVERSE_FIRST,,2026-06-24T15:13:00Z
SPY:2026-06-24:SHORT:2026-06-24T17:16:00+00:00:v1,2026-06-24,SHORT,733.820000000000,733.130000000000,-0.690000000000,0.690000000000,5,WORSE,2.980000000000,2.290000000000,0.840000000000,1.530000000000,0.700000000000,0.010000000000,0.690000000000,-0.690000000000,True,70,65,2026-06-24T17:20:00Z,2026-06-24T18:30:00Z,FAVORABLE_FIRST,2026-06-24T17:21:00Z,2026-06-24T18:23:00Z,FAVORABLE_FIRST,2026-06-24T17:21:00Z,2026-06-24T18:23:00Z,FAVORABLE_FIRST,2026-06-24T17:23:00Z,2026-06-24T18:23:00Z,FAVORABLE_FIRST,2026-06-24T17:25:00Z,2026-06-24T18:23:00Z,FAVORABLE_FIRST,2026-06-24T17:21:00Z,2026-06-24T18:24:00Z,FAVORABLE_FIRST,2026-06-24T17:23:00Z,2026-06-24T18:24:00Z,FAVORABLE_FIRST,2026-06-24T17:25:00Z,2026-06-24T18:24:00Z,FAVORABLE_FIRST,2026-06-24T17:28:00Z,2026-06-24T18:24:00Z,FAVORABLE_FIRST,2026-06-24T17:31:00Z,2026-06-24T18:24:00Z,2026-06-24T17:25:00Z,2026-06-24T18:30:00Z,FAVORABLE_FIRST,2026-06-24T17:26:00Z,2026-06-24T18:06:00Z,FAVORABLE_FIRST,2026-06-24T17:28:00Z,2026-06-24T18:06:00Z,FAVORABLE_FIRST,2026-06-24T17:28:00Z,2026-06-24T18:06:00Z,FAVORABLE_FIRST,2026-06-24T17:28:00Z,2026-06-24T18:06:00Z,FAVORABLE_FIRST,2026-06-24T17:28:00Z,2026-06-24T18:15:00Z,FAVORABLE_FIRST,2026-06-24T17:28:00Z,2026-06-24T18:15:00Z,FAVORABLE_FIRST,2026-06-24T17:28:00Z,2026-06-24T18:15:00Z,FAVORABLE_FIRST,2026-06-24T17:31:00Z,2026-06-24T18:15:00Z,ADVERSE_FIRST,2026-06-24T19:07:00Z,2026-06-24T18:15:00Z
SPY:2026-06-24:SHORT:2026-06-24T18:30:00+00:00:v1,2026-06-24,SHORT,734.250000000000,733.620000000000,-0.630000000000,0.630000000000,5,WORSE,3.410000000000,2.780000000000,0,0,1.130000000000,0.500000000000,0.630000000000,0,True,,,2026-06-24T18:35:00Z,,FAVORABLE_FIRST,2026-06-24T18:36:00Z,,FAVORABLE_FIRST,2026-06-24T18:36:00Z,,FAVORABLE_FIRST,2026-06-24T18:39:00Z,,FAVORABLE_FIRST,2026-06-24T18:40:00Z,,FAVORABLE_FIRST,2026-06-24T18:36:00Z,,FAVORABLE_FIRST,2026-06-24T18:39:00Z,,FAVORABLE_FIRST,2026-06-24T18:40:00Z,,FAVORABLE_FIRST,2026-06-24T18:46:00Z,,FAVORABLE_FIRST,2026-06-24T18:47:00Z,,2026-06-24T18:40:00Z,,FAVORABLE_FIRST,2026-06-24T18:41:00Z,,FAVORABLE_FIRST,2026-06-24T18:41:00Z,,FAVORABLE_FIRST,2026-06-24T18:45:00Z,,FAVORABLE_FIRST,2026-06-24T18:46:00Z,,FAVORABLE_FIRST,2026-06-24T18:41:00Z,,FAVORABLE_FIRST,2026-06-24T18:45:00Z,,FAVORABLE_FIRST,2026-06-24T18:46:00Z,,FAVORABLE_FIRST,2026-06-24T18:48:00Z,,FAVORABLE_FIRST,2026-06-24T18:49:00Z,
SPY:2026-06-25:SHORT:2026-06-25T13:40:00+00:00:v1,2026-06-25,SHORT,734.300000000000,732.889900000000,-1.410100000000,1.410100000000,5,WORSE,4.700000000000,3.289900000000,3.520000000000,4.930100000000,1.040000000000,-0.370100000000,1.410100000000,-1.410100000000,True,70,65,2026-06-25T13:45:00Z,2026-06-25T14:55:00Z,FAVORABLE_FIRST,2026-06-25T13:46:00Z,2026-06-25T14:07:00Z,FAVORABLE_FIRST,2026-06-25T13:46:00Z,2026-06-25T14:07:00Z,FAVORABLE_FIRST,2026-06-25T13:46:00Z,2026-06-25T14:07:00Z,FAVORABLE_FIRST,2026-06-25T13:46:00Z,2026-06-25T14:07:00Z,FAVORABLE_FIRST,2026-06-25T13:46:00Z,2026-06-25T14:07:00Z,FAVORABLE_FIRST,2026-06-25T13:46:00Z,2026-06-25T14:07:00Z,FAVORABLE_FIRST,2026-06-25T13:46:00Z,2026-06-25T14:07:00Z,FAVORABLE_FIRST,2026-06-25T13:46:00Z,2026-06-25T14:07:00Z,FAVORABLE_FIRST,2026-06-25T13:46:00Z,2026-06-25T14:07:00Z,2026-06-25T13:50:00Z,2026-06-25T14:55:00Z,AMBIGUOUS_SAME_BAR,2026-06-25T13:51:00Z,2026-06-25T13:51:00Z,AMBIGUOUS_SAME_BAR,2026-06-25T13:51:00Z,2026-06-25T13:51:00Z,AMBIGUOUS_SAME_BAR,2026-06-25T13:51:00Z,2026-06-25T13:51:00Z,ADVERSE_FIRST,2026-06-25T13:52:00Z,2026-06-25T13:51:00Z,AMBIGUOUS_SAME_BAR,2026-06-25T13:51:00Z,2026-06-25T13:51:00Z,AMBIGUOUS_SAME_BAR,2026-06-25T13:51:00Z,2026-06-25T13:51:00Z,ADVERSE_FIRST,2026-06-25T13:52:00Z,2026-06-25T13:51:00Z,ADVERSE_FIRST,2026-06-25T13:53:00Z,2026-06-25T13:51:00Z,ADVERSE_FIRST,2026-06-25T13:54:00Z,2026-06-25T13:51:00Z
SPY:2026-06-25:SHORT:2026-06-25T14:56:00+00:00:v1,2026-06-25,SHORT,735.230000000000,736.160000000000,0.930000000000,-0.930000000000,5,BETTER,3.900000000000,4.830000000000,1.290000000000,0.110000000000,1.970000000000,2.900000000000,-0.930000000000,1.180000000000,True,,,2026-06-25T15:00:00Z,,ADVERSE_FIRST,2026-06-25T15:06:00Z,2026-06-25T15:01:00Z,ADVERSE_FIRST,2026-06-25T15:06:00Z,2026-06-25T15:01:00Z,ADVERSE_FIRST,2026-06-25T15:10:00Z,2026-06-25T15:01:00Z,ADVERSE_FIRST,2026-06-25T15:11:00Z,2026-06-25T15:01:00Z,ADVERSE_FIRST,2026-06-25T15:06:00Z,2026-06-25T15:01:00Z,ADVERSE_FIRST,2026-06-25T15:10:00Z,2026-06-25T15:01:00Z,ADVERSE_FIRST,2026-06-25T15:11:00Z,2026-06-25T15:01:00Z,ADVERSE_FIRST,2026-06-25T15:11:00Z,2026-06-25T15:01:00Z,ADVERSE_FIRST,2026-06-25T15:12:00Z,2026-06-25T15:01:00Z,2026-06-25T15:05:00Z,,FAVORABLE_FIRST,2026-06-25T15:06:00Z,,FAVORABLE_FIRST,2026-06-25T15:06:00Z,,FAVORABLE_FIRST,2026-06-25T15:06:00Z,,FAVORABLE_FIRST,2026-06-25T15:06:00Z,,FAVORABLE_FIRST,2026-06-25T15:06:00Z,,FAVORABLE_FIRST,2026-06-25T15:06:00Z,,FAVORABLE_FIRST,2026-06-25T15:06:00Z,,FAVORABLE_FIRST,2026-06-25T15:06:00Z,,FAVORABLE_FIRST,2026-06-25T15:11:00Z,
SPY:2026-06-26:LONG:2026-06-26T13:55:00+00:00:v1,2026-06-26,LONG,730.895000000000,732.190000000000,1.295000000000,1.295000000000,5,WORSE,5.635000000000,4.340000000000,14.315000000000,15.610000000000,-1.805000000000,-3.100000000000,1.295000000000,-1.295000000000,True,360,355,2026-06-26T14:00:00Z,2026-06-26T20:00:00Z,FAVORABLE_FIRST,2026-06-26T14:01:00Z,2026-06-26T19:59:00Z,FAVORABLE_FIRST,2026-06-26T14:01:00Z,2026-06-26T19:59:00Z,FAVORABLE_FIRST,2026-06-26T14:01:00Z,2026-06-26T19:59:00Z,FAVORABLE_FIRST,2026-06-26T14:01:00Z,2026-06-26T19:59:00Z,FAVORABLE_FIRST,2026-06-26T14:01:00Z,2026-06-26T19:59:00Z,FAVORABLE_FIRST,2026-06-26T14:01:00Z,2026-06-26T19:59:00Z,FAVORABLE_FIRST,2026-06-26T14:01:00Z,2026-06-26T19:59:00Z,FAVORABLE_FIRST,2026-06-26T14:05:00Z,2026-06-26T19:59:00Z,FAVORABLE_FIRST,2026-06-26T14:06:00Z,2026-06-26T19:59:00Z,2026-06-26T14:05:00Z,2026-06-26T20:00:00Z,FAVORABLE_FIRST,2026-06-26T14:06:00Z,2026-06-26T14:40:00Z,FAVORABLE_FIRST,2026-06-26T14:06:00Z,2026-06-26T14:40:00Z,FAVORABLE_FIRST,2026-06-26T14:06:00Z,2026-06-26T14:40:00Z,FAVORABLE_FIRST,2026-06-26T14:10:00Z,2026-06-26T14:40:00Z,FAVORABLE_FIRST,2026-06-26T14:06:00Z,2026-06-26T14:40:00Z,FAVORABLE_FIRST,2026-06-26T14:06:00Z,2026-06-26T14:40:00Z,FAVORABLE_FIRST,2026-06-26T14:10:00Z,2026-06-26T14:40:00Z,FAVORABLE_FIRST,2026-06-26T14:20:00Z,2026-06-26T14:40:00Z,FAVORABLE_FIRST,2026-06-26T14:20:00Z,2026-06-26T14:40:00Z
SPY:2026-06-29:LONG:2026-06-29T13:44:00+00:00:v1,2026-06-29,LONG,739.240000000000,738.850000000000,-0.390000000000,-0.390000000000,5,BETTER,2.320000000000,2.710000000000,7.150000000000,6.760000000000,1.640000000000,2.030000000000,-0.390000000000,0.390000000000,True,15,10,2026-06-29T13:45:00Z,2026-06-29T14:00:00Z,FAVORABLE_FIRST,2026-06-29T13:46:00Z,2026-06-29T13:49:00Z,ADVERSE_FIRST,2026-06-29T13:53:00Z,2026-06-29T13:49:00Z,ADVERSE_FIRST,2026-06-29T17:13:00Z,2026-06-29T13:49:00Z,ADVERSE_FIRST,2026-06-29T17:17:00Z,2026-06-29T13:49:00Z,ADVERSE_FIRST,2026-06-29T13:53:00Z,2026-06-29T13:49:00Z,ADVERSE_FIRST,2026-06-29T17:13:00Z,2026-06-29T13:49:00Z,ADVERSE_FIRST,2026-06-29T17:17:00Z,2026-06-29T13:49:00Z,ADVERSE_FIRST,2026-06-29T17:52:00Z,2026-06-29T13:49:00Z,ADVERSE_FIRST,2026-06-29T19:59:00Z,2026-06-29T13:49:00Z,2026-06-29T13:50:00Z,2026-06-29T14:00:00Z,FAVORABLE_FIRST,2026-06-29T13:51:00Z,2026-06-29T13:55:00Z,FAVORABLE_FIRST,2026-06-29T13:51:00Z,2026-06-29T13:55:00Z,FAVORABLE_FIRST,2026-06-29T13:51:00Z,2026-06-29T13:55:00Z,FAVORABLE_FIRST,2026-06-29T13:53:00Z,2026-06-29T13:55:00Z,FAVORABLE_FIRST,2026-06-29T13:51:00Z,2026-06-29T13:55:00Z,FAVORABLE_FIRST,2026-06-29T13:51:00Z,2026-06-29T13:55:00Z,FAVORABLE_FIRST,2026-06-29T13:53:00Z,2026-06-29T13:55:00Z,ADVERSE_FIRST,2026-06-29T17:20:00Z,2026-06-29T13:55:00Z,ADVERSE_FIRST,2026-06-29T18:35:00Z,2026-06-29T13:55:00Z
SPY:2026-06-29:SHORT:2026-06-29T14:07:00+00:00:v1,2026-06-29,SHORT,735.051500000000,732.700000000000,-2.351500000000,2.351500000000,5,WORSE,2.961500000000,0.070000000000,6.508500000000,8.860000000000,-5.828500000000,-8.180000000000,2.891500000000,-2.351500000000,True,20,15,2026-06-29T14:10:00Z,2026-06-29T14:30:00Z,FAVORABLE_FIRST,2026-06-29T14:11:00Z,2026-06-29T14:26:00Z,FAVORABLE_FIRST,2026-06-29T14:11:00Z,2026-06-29T14:26:00Z,FAVORABLE_FIRST,2026-06-29T14:11:00Z,2026-06-29T14:26:00Z,FAVORABLE_FIRST,2026-06-29T14:12:00Z,2026-06-29T14:26:00Z,FAVORABLE_FIRST,2026-06-29T14:11:00Z,2026-06-29T14:27:00Z,FAVORABLE_FIRST,2026-06-29T14:11:00Z,2026-06-29T14:27:00Z,FAVORABLE_FIRST,2026-06-29T14:12:00Z,2026-06-29T14:27:00Z,FAVORABLE_FIRST,2026-06-29T14:13:00Z,2026-06-29T14:27:00Z,FAVORABLE_FIRST,2026-06-29T14:14:00Z,2026-06-29T14:27:00Z,2026-06-29T14:15:00Z,2026-06-29T14:30:00Z,ADVERSE_FIRST,,2026-06-29T14:16:00Z,ADVERSE_FIRST,,2026-06-29T14:16:00Z,ADVERSE_FIRST,,2026-06-29T14:16:00Z,ADVERSE_FIRST,,2026-06-29T14:16:00Z,ADVERSE_FIRST,,2026-06-29T14:16:00Z,ADVERSE_FIRST,,2026-06-29T14:16:00Z,ADVERSE_FIRST,,2026-06-29T14:16:00Z,ADVERSE_FIRST,,2026-06-29T14:16:00Z,ADVERSE_FIRST,,2026-06-29T14:16:00Z
SPY:2026-06-29:LONG:2026-06-29T16:01:00+00:00:v1,2026-06-29,LONG,738.900000000000,738.790100000000,-0.109900000000,-0.109900000000,5,BETTER,2.660000000000,2.769900000000,0.930000000000,0.820100000000,1.980000000000,2.089900000000,-0.109900000000,0.109900000000,True,10,5,2026-06-29T16:05:00Z,2026-06-29T16:15:00Z,ADVERSE_FIRST,2026-06-29T17:05:00Z,2026-06-29T16:10:00Z,ADVERSE_FIRST,2026-06-29T17:10:00Z,2026-06-29T16:10:00Z,ADVERSE_FIRST,2026-06-29T17:12:00Z,2026-06-29T16:10:00Z,ADVERSE_FIRST,2026-06-29T17:13:00Z,2026-06-29T16:10:00Z,ADVERSE_FIRST,2026-06-29T17:10:00Z,2026-06-29T16:11:00Z,ADVERSE_FIRST,2026-06-29T17:12:00Z,2026-06-29T16:11:00Z,ADVERSE_FIRST,2026-06-29T17:13:00Z,2026-06-29T16:11:00Z,ADVERSE_FIRST,2026-06-29T17:31:00Z,2026-06-29T16:11:00Z,ADVERSE_FIRST,2026-06-29T18:35:00Z,2026-06-29T16:11:00Z,2026-06-29T16:10:00Z,2026-06-29T16:15:00Z,ADVERSE_FIRST,2026-06-29T17:02:00Z,2026-06-29T16:12:00Z,ADVERSE_FIRST,2026-06-29T17:09:00Z,2026-06-29T16:12:00Z,ADVERSE_FIRST,2026-06-29T17:12:00Z,2026-06-29T16:12:00Z,ADVERSE_FIRST,2026-06-29T17:13:00Z,2026-06-29T16:12:00Z,ADVERSE_FIRST,2026-06-29T17:09:00Z,2026-06-29T16:13:00Z,ADVERSE_FIRST,2026-06-29T17:12:00Z,2026-06-29T16:13:00Z,ADVERSE_FIRST,2026-06-29T17:13:00Z,2026-06-29T16:13:00Z,ADVERSE_FIRST,2026-06-29T17:17:00Z,2026-06-29T16:13:00Z,ADVERSE_FIRST,2026-06-29T17:54:00Z,2026-06-29T16:13:00Z
SPY:2026-06-29:LONG:2026-06-29T17:00:00+00:00:v1,2026-06-29,LONG,739.020000000000,739.260000000000,0.240000000000,0.240000000000,5,WORSE,2.540000000000,2.300000000000,0,0,1.860000000000,1.620000000000,0.240000000000,0,True,,,2026-06-29T17:05:00Z,,FAVORABLE_FIRST,2026-06-29T17:09:00Z,,FAVORABLE_FIRST,2026-06-29T17:12:00Z,,FAVORABLE_FIRST,2026-06-29T17:13:00Z,,FAVORABLE_FIRST,2026-06-29T17:13:00Z,,FAVORABLE_FIRST,2026-06-29T17:12:00Z,,FAVORABLE_FIRST,2026-06-29T17:13:00Z,,FAVORABLE_FIRST,2026-06-29T17:13:00Z,,FAVORABLE_FIRST,2026-06-29T17:31:00Z,,FAVORABLE_FIRST,2026-06-29T18:44:00Z,,2026-06-29T17:10:00Z,,FAVORABLE_FIRST,2026-06-29T17:12:00Z,,FAVORABLE_FIRST,2026-06-29T17:13:00Z,,FAVORABLE_FIRST,2026-06-29T17:13:00Z,,FAVORABLE_FIRST,2026-06-29T17:17:00Z,,FAVORABLE_FIRST,2026-06-29T17:13:00Z,,FAVORABLE_FIRST,2026-06-29T17:13:00Z,,FAVORABLE_FIRST,2026-06-29T17:17:00Z,,FAVORABLE_FIRST,2026-06-29T17:53:00Z,,FAVORABLE_FIRST,2026-06-29T19:59:00Z,
SPY:2026-06-30:LONG:2026-06-30T13:45:00+00:00:v1,2026-06-30,LONG,742.010000000000,743.180000000000,1.170000000000,1.170000000000,5,WORSE,6.010000000000,4.840000000000,0,0.320000000000,4.310000000000,3.140000000000,1.170000000000,-0.320000000000,True,,,2026-06-30T13:50:00Z,,FAVORABLE_FIRST,2026-06-30T13:51:00Z,,FAVORABLE_FIRST,2026-06-30T13:51:00Z,,FAVORABLE_FIRST,2026-06-30T13:51:00Z,,FAVORABLE_FIRST,2026-06-30T13:51:00Z,,FAVORABLE_FIRST,2026-06-30T13:51:00Z,,FAVORABLE_FIRST,2026-06-30T13:51:00Z,,FAVORABLE_FIRST,2026-06-30T13:51:00Z,,FAVORABLE_FIRST,2026-06-30T13:55:00Z,,FAVORABLE_FIRST,2026-06-30T14:02:00Z,,2026-06-30T13:55:00Z,,FAVORABLE_FIRST,2026-06-30T13:56:00Z,2026-06-30T14:01:00Z,FAVORABLE_FIRST,2026-06-30T13:56:00Z,2026-06-30T14:01:00Z,FAVORABLE_FIRST,2026-06-30T13:59:00Z,2026-06-30T14:01:00Z,ADVERSE_FIRST,2026-06-30T14:03:00Z,2026-06-30T14:01:00Z,FAVORABLE_FIRST,2026-06-30T13:56:00Z,2026-06-30T14:01:00Z,FAVORABLE_FIRST,2026-06-30T13:59:00Z,2026-06-30T14:01:00Z,ADVERSE_FIRST,2026-06-30T14:03:00Z,2026-06-30T14:01:00Z,ADVERSE_FIRST,2026-06-30T14:30:00Z,2026-06-30T14:01:00Z,ADVERSE_FIRST,2026-06-30T14:32:00Z,2026-06-30T14:01:00Z
SPY:2026-07-01:LONG:2026-07-01T13:59:00+00:00:v1,2026-07-01,LONG,745.340000000000,745.405000000000,0.065000000000,0.065000000000,5,WORSE,4.095000000000,4.030000000000,0.340000000000,0.245000000000,0.350000000000,0.285000000000,0.065000000000,0.095000000000,True,,,2026-07-01T14:00:00Z,,ADVERSE_FIRST,2026-07-01T14:05:00Z,2026-07-01T14:01:00Z,ADVERSE_FIRST,2026-07-01T14:05:00Z,2026-07-01T14:01:00Z,ADVERSE_FIRST,2026-07-01T14:07:00Z,2026-07-01T14:01:00Z,ADVERSE_FIRST,2026-07-01T14:10:00Z,2026-07-01T14:01:00Z,ADVERSE_FIRST,2026-07-01T14:05:00Z,2026-07-01T14:01:00Z,ADVERSE_FIRST,2026-07-01T14:07:00Z,2026-07-01T14:01:00Z,ADVERSE_FIRST,2026-07-01T14:10:00Z,2026-07-01T14:01:00Z,ADVERSE_FIRST,2026-07-01T14:13:00Z,2026-07-01T14:01:00Z,ADVERSE_FIRST,2026-07-01T15:02:00Z,2026-07-01T14:01:00Z,2026-07-01T14:05:00Z,,FAVORABLE_FIRST,2026-07-01T14:06:00Z,,FAVORABLE_FIRST,2026-07-01T14:06:00Z,,FAVORABLE_FIRST,2026-07-01T14:07:00Z,,FAVORABLE_FIRST,2026-07-01T14:10:00Z,,FAVORABLE_FIRST,2026-07-01T14:06:00Z,,FAVORABLE_FIRST,2026-07-01T14:07:00Z,,FAVORABLE_FIRST,2026-07-01T14:10:00Z,,FAVORABLE_FIRST,2026-07-01T14:21:00Z,,FAVORABLE_FIRST,2026-07-01T15:02:00Z,
SPY:2026-07-02:LONG:2026-07-02T13:35:00+00:00:v1,2026-07-02,LONG,748.780000000000,749.800000000000,1.020000000000,1.020000000000,5,WORSE,2.530000000000,1.510000000000,8.750000000000,9.770000000000,-3.980000000000,-5.000000000000,1.020000000000,-1.020000000000,True,50,45,2026-07-02T13:40:00Z,2026-07-02T14:30:00Z,FAVORABLE_FIRST,2026-07-02T13:41:00Z,2026-07-02T14:27:00Z,FAVORABLE_FIRST,2026-07-02T13:41:00Z,2026-07-02T14:27:00Z,FAVORABLE_FIRST,2026-07-02T13:42:00Z,2026-07-02T14:27:00Z,FAVORABLE_FIRST,2026-07-02T13:43:00Z,2026-07-02T14:27:00Z,FAVORABLE_FIRST,2026-07-02T13:41:00Z,2026-07-02T14:27:00Z,FAVORABLE_FIRST,2026-07-02T13:42:00Z,2026-07-02T14:27:00Z,FAVORABLE_FIRST,2026-07-02T13:43:00Z,2026-07-02T14:27:00Z,FAVORABLE_FIRST,2026-07-02T13:47:00Z,2026-07-02T14:27:00Z,FAVORABLE_FIRST,2026-07-02T13:51:00Z,2026-07-02T14:27:00Z,2026-07-02T13:45:00Z,2026-07-02T14:30:00Z,FAVORABLE_FIRST,2026-07-02T13:47:00Z,2026-07-02T14:22:00Z,FAVORABLE_FIRST,2026-07-02T13:47:00Z,2026-07-02T14:22:00Z,FAVORABLE_FIRST,2026-07-02T13:48:00Z,2026-07-02T14:22:00Z,FAVORABLE_FIRST,2026-07-02T13:51:00Z,2026-07-02T14:22:00Z,FAVORABLE_FIRST,2026-07-02T13:47:00Z,2026-07-02T14:25:00Z,FAVORABLE_FIRST,2026-07-02T13:48:00Z,2026-07-02T14:25:00Z,FAVORABLE_FIRST,2026-07-02T13:51:00Z,2026-07-02T14:25:00Z,FAVORABLE_FIRST,2026-07-02T14:07:00Z,2026-07-02T14:25:00Z,ADVERSE_FIRST,,2026-07-02T14:25:00Z
SPY:2026-07-02:SHORT:2026-07-02T15:03:00+00:00:v1,2026-07-02,SHORT,746.070000000000,745.380000000000,-0.690000000000,0.690000000000,5,WORSE,6.040000000000,5.350000000000,0.640000000000,1.330000000000,1.270000000000,0.580000000000,0.690000000000,-0.690000000000,True,,,2026-07-02T15:05:00Z,,FAVORABLE_FIRST,2026-07-02T15:06:00Z,2026-07-02T15:11:00Z,FAVORABLE_FIRST,2026-07-02T15:06:00Z,2026-07-02T15:11:00Z,FAVORABLE_FIRST,2026-07-02T15:06:00Z,2026-07-02T15:11:00Z,FAVORABLE_FIRST,2026-07-02T15:07:00Z,2026-07-02T15:11:00Z,FAVORABLE_FIRST,2026-07-02T15:06:00Z,2026-07-02T15:11:00Z,FAVORABLE_FIRST,2026-07-02T15:06:00Z,2026-07-02T15:11:00Z,FAVORABLE_FIRST,2026-07-02T15:07:00Z,2026-07-02T15:11:00Z,FAVORABLE_FIRST,2026-07-02T15:07:00Z,2026-07-02T15:11:00Z,ADVERSE_FIRST,2026-07-02T15:53:00Z,2026-07-02T15:11:00Z,2026-07-02T15:10:00Z,,ADVERSE_FIRST,2026-07-02T15:16:00Z,2026-07-02T15:11:00Z,ADVERSE_FIRST,2026-07-02T15:17:00Z,2026-07-02T15:11:00Z,ADVERSE_FIRST,2026-07-02T15:17:00Z,2026-07-02T15:11:00Z,ADVERSE_FIRST,2026-07-02T15:20:00Z,2026-07-02T15:11:00Z,ADVERSE_FIRST,2026-07-02T15:17:00Z,2026-07-02T15:11:00Z,ADVERSE_FIRST,2026-07-02T15:17:00Z,2026-07-02T15:11:00Z,ADVERSE_FIRST,2026-07-02T15:20:00Z,2026-07-02T15:11:00Z,ADVERSE_FIRST,2026-07-02T16:02:00Z,2026-07-02T15:11:00Z,ADVERSE_FIRST,2026-07-02T16:24:00Z,2026-07-02T15:11:00Z
SPY:2026-07-06:LONG:2026-07-06T14:21:00+00:00:v1,2026-07-06,LONG,749.650000000000,749.930000000000,0.280000000000,0.280000000000,5,WORSE,2.760000000000,2.480000000000,0.550000000000,0.830000000000,1.650000000000,1.370000000000,0.280000000000,-0.280000000000,True,,,2026-07-06T14:25:00Z,,FAVORABLE_FIRST,2026-07-06T14:26:00Z,2026-07-06T14:41:00Z,FAVORABLE_FIRST,2026-07-06T14:33:00Z,2026-07-06T14:41:00Z,ADVERSE_FIRST,2026-07-06T15:02:00Z,2026-07-06T14:41:00Z,ADVERSE_FIRST,2026-07-06T15:29:00Z,2026-07-06T14:41:00Z,FAVORABLE_FIRST,2026-07-06T14:33:00Z,2026-07-06T14:41:00Z,ADVERSE_FIRST,2026-07-06T15:02:00Z,2026-07-06T14:41:00Z,ADVERSE_FIRST,2026-07-06T15:29:00Z,2026-07-06T14:41:00Z,ADVERSE_FIRST,2026-07-06T17:05:00Z,2026-07-06T14:41:00Z,ADVERSE_FIRST,2026-07-06T18:48:00Z,2026-07-06T14:41:00Z,2026-07-06T14:30:00Z,,ADVERSE_FIRST,2026-07-06T14:59:00Z,2026-07-06T14:34:00Z,ADVERSE_FIRST,2026-07-06T15:25:00Z,2026-07-06T14:34:00Z,ADVERSE_FIRST,2026-07-06T15:29:00Z,2026-07-06T14:34:00Z,ADVERSE_FIRST,2026-07-06T15:31:00Z,2026-07-06T14:34:00Z,ADVERSE_FIRST,2026-07-06T15:25:00Z,2026-07-06T14:34:00Z,ADVERSE_FIRST,2026-07-06T15:29:00Z,2026-07-06T14:34:00Z,ADVERSE_FIRST,2026-07-06T15:31:00Z,2026-07-06T14:34:00Z,ADVERSE_FIRST,2026-07-06T17:06:00Z,2026-07-06T14:34:00Z,ADVERSE_FIRST,2026-07-06T18:56:00Z,2026-07-06T14:34:00Z
SPY:2026-07-07:SHORT:2026-07-07T13:51:00+00:00:v1,2026-07-07,SHORT,748.940000000000,748.850000000000,-0.090000000000,0.090000000000,5,WORSE,3.730000000000,3.640000000000,0.400000000000,0.490000000000,1.250000000000,1.160000000000,0.090000000000,-0.090000000000,True,,,2026-07-07T13:55:00Z,,FAVORABLE_FIRST,2026-07-07T13:56:00Z,2026-07-07T14:01:00Z,FAVORABLE_FIRST,2026-07-07T13:58:00Z,2026-07-07T14:01:00Z,ADVERSE_FIRST,2026-07-07T14:08:00Z,2026-07-07T14:01:00Z,ADVERSE_FIRST,2026-07-07T14:10:00Z,2026-07-07T14:01:00Z,FAVORABLE_FIRST,2026-07-07T13:58:00Z,2026-07-07T17:05:00Z,FAVORABLE_FIRST,2026-07-07T14:08:00Z,2026-07-07T17:05:00Z,FAVORABLE_FIRST,2026-07-07T14:10:00Z,2026-07-07T17:05:00Z,FAVORABLE_FIRST,2026-07-07T14:14:00Z,2026-07-07T17:05:00Z,FAVORABLE_FIRST,2026-07-07T14:15:00Z,2026-07-07T17:05:00Z,2026-07-07T14:00:00Z,,AMBIGUOUS_SAME_BAR,2026-07-07T14:01:00Z,2026-07-07T14:01:00Z,ADVERSE_FIRST,2026-07-07T14:04:00Z,2026-07-07T14:01:00Z,ADVERSE_FIRST,2026-07-07T14:10:00Z,2026-07-07T14:01:00Z,ADVERSE_FIRST,2026-07-07T14:11:00Z,2026-07-07T14:01:00Z,ADVERSE_FIRST,2026-07-07T14:04:00Z,2026-07-07T14:01:00Z,ADVERSE_FIRST,2026-07-07T14:10:00Z,2026-07-07T14:01:00Z,ADVERSE_FIRST,2026-07-07T14:11:00Z,2026-07-07T14:01:00Z,ADVERSE_FIRST,2026-07-07T14:14:00Z,2026-07-07T14:01:00Z,ADVERSE_FIRST,2026-07-07T14:15:00Z,2026-07-07T14:01:00Z
SPY:2026-07-08:SHORT:2026-07-08T14:35:00+00:00:v1,2026-07-08,SHORT,742.320000000000,742.440000000000,0.120000000000,-0.120000000000,5,BETTER,2.810000000000,2.930000000000,3.830000000000,3.710000000000,-3.020000000000,-2.900000000000,-0.120000000000,0.120000000000,True,105,100,2026-07-08T14:40:00Z,2026-07-08T16:25:00Z,ADVERSE_FIRST,2026-07-08T14:43:00Z,2026-07-08T14:41:00Z,ADVERSE_FIRST,2026-07-08T14:46:00Z,2026-07-08T14:41:00Z,ADVERSE_FIRST,2026-07-08T14:49:00Z,2026-07-08T14:41:00Z,ADVERSE_FIRST,2026-07-08T14:49:00Z,2026-07-08T14:41:00Z,ADVERSE_FIRST,2026-07-08T14:46:00Z,2026-07-08T14:41:00Z,ADVERSE_FIRST,2026-07-08T14:49:00Z,2026-07-08T14:41:00Z,ADVERSE_FIRST,2026-07-08T14:49:00Z,2026-07-08T14:41:00Z,ADVERSE_FIRST,2026-07-08T15:16:00Z,2026-07-08T14:41:00Z,ADVERSE_FIRST,2026-07-08T15:23:00Z,2026-07-08T14:41:00Z,2026-07-08T14:45:00Z,2026-07-08T16:25:00Z,FAVORABLE_FIRST,2026-07-08T14:46:00Z,2026-07-08T14:53:00Z,FAVORABLE_FIRST,2026-07-08T14:46:00Z,2026-07-08T14:53:00Z,FAVORABLE_FIRST,2026-07-08T14:47:00Z,2026-07-08T14:53:00Z,FAVORABLE_FIRST,2026-07-08T14:49:00Z,2026-07-08T14:53:00Z,FAVORABLE_FIRST,2026-07-08T14:46:00Z,2026-07-08T14:53:00Z,FAVORABLE_FIRST,2026-07-08T14:47:00Z,2026-07-08T14:53:00Z,FAVORABLE_FIRST,2026-07-08T14:49:00Z,2026-07-08T14:53:00Z,FAVORABLE_FIRST,2026-07-08T14:50:00Z,2026-07-08T14:53:00Z,ADVERSE_FIRST,2026-07-08T15:17:00Z,2026-07-08T14:53:00Z
SPY:2026-07-08:LONG:2026-07-08T16:46:00+00:00:v1,2026-07-08,LONG,744.270000000000,744.400000000000,0.130000000000,0.130000000000,5,WORSE,1.880000000000,1.750000000000,0.320000000000,0.450000000000,1.070000000000,0.940000000000,0.130000000000,-0.130000000000,True,,,2026-07-08T16:50:00Z,,FAVORABLE_FIRST,2026-07-08T16:52:00Z,2026-07-08T17:11:00Z,ADVERSE_FIRST,2026-07-08T17:19:00Z,2026-07-08T17:11:00Z,ADVERSE_FIRST,2026-07-08T17:20:00Z,2026-07-08T17:11:00Z,ADVERSE_FIRST,2026-07-08T17:21:00Z,2026-07-08T17:11:00Z,FAVORABLE_FIRST,2026-07-08T17:19:00Z,2026-07-08T17:56:00Z,FAVORABLE_FIRST,2026-07-08T17:20:00Z,2026-07-08T17:56:00Z,FAVORABLE_FIRST,2026-07-08T17:21:00Z,2026-07-08T17:56:00Z,FAVORABLE_FIRST,2026-07-08T17:29:00Z,2026-07-08T17:56:00Z,ADVERSE_FIRST,,2026-07-08T17:56:00Z,2026-07-08T16:55:00Z,,FAVORABLE_FIRST,2026-07-08T16:57:00Z,2026-07-08T17:03:00Z,ADVERSE_FIRST,2026-07-08T17:19:00Z,2026-07-08T17:03:00Z,ADVERSE_FIRST,2026-07-08T17:20:00Z,2026-07-08T17:03:00Z,ADVERSE_FIRST,2026-07-08T17:24:00Z,2026-07-08T17:03:00Z,ADVERSE_FIRST,2026-07-08T17:19:00Z,2026-07-08T17:11:00Z,ADVERSE_FIRST,2026-07-08T17:20:00Z,2026-07-08T17:11:00Z,ADVERSE_FIRST,2026-07-08T17:24:00Z,2026-07-08T17:11:00Z,ADVERSE_FIRST,2026-07-08T17:30:00Z,2026-07-08T17:11:00Z,ADVERSE_FIRST,,2026-07-08T17:11:00Z
SPY:2026-07-09:LONG:2026-07-09T13:35:00+00:00:v1,2026-07-09,LONG,748.120000000000,748.400000000000,0.280000000000,0.280000000000,5,WORSE,3.850000000000,3.570000000000,2.530000000000,2.810000000000,3.520000000000,3.240000000000,0.280000000000,-0.280000000000,True,40,35,2026-07-09T13:40:00Z,2026-07-09T14:20:00Z,ADVERSE_FIRST,2026-07-09T13:42:00Z,2026-07-09T13:41:00Z,ADVERSE_FIRST,2026-07-09T13:45:00Z,2026-07-09T13:41:00Z,ADVERSE_FIRST,2026-07-09T13:53:00Z,2026-07-09T13:41:00Z,ADVERSE_FIRST,2026-07-09T13:55:00Z,2026-07-09T13:41:00Z,ADVERSE_FIRST,2026-07-09T13:45:00Z,2026-07-09T13:41:00Z,ADVERSE_FIRST,2026-07-09T13:53:00Z,2026-07-09T13:41:00Z,ADVERSE_FIRST,2026-07-09T13:55:00Z,2026-07-09T13:41:00Z,ADVERSE_FIRST,2026-07-09T15:22:00Z,2026-07-09T13:41:00Z,ADVERSE_FIRST,2026-07-09T15:41:00Z,2026-07-09T13:41:00Z,2026-07-09T13:45:00Z,2026-07-09T14:20:00Z,FAVORABLE_FIRST,2026-07-09T13:46:00Z,2026-07-09T13:48:00Z,ADVERSE_FIRST,2026-07-09T13:53:00Z,2026-07-09T13:48:00Z,ADVERSE_FIRST,2026-07-09T13:55:00Z,2026-07-09T13:48:00Z,ADVERSE_FIRST,2026-07-09T15:06:00Z,2026-07-09T13:48:00Z,ADVERSE_FIRST,2026-07-09T13:53:00Z,2026-07-09T13:48:00Z,ADVERSE_FIRST,2026-07-09T13:55:00Z,2026-07-09T13:48:00Z,ADVERSE_FIRST,2026-07-09T15:06:00Z,2026-07-09T13:48:00Z,ADVERSE_FIRST,2026-07-09T15:24:00Z,2026-07-09T13:48:00Z,ADVERSE_FIRST,2026-07-09T16:03:00Z,2026-07-09T13:48:00Z
SPY:2026-07-09:LONG:2026-07-09T14:27:00+00:00:v1,2026-07-09,LONG,747.879900000000,747.650000000000,-0.229900000000,-0.229900000000,5,BETTER,4.090100000000,4.320000000000,0.779900000000,0.400000000000,3.760100000000,3.990000000000,-0.229900000000,0.379900000000,True,,,2026-07-09T14:30:00Z,,ADVERSE_FIRST,2026-07-09T14:35:00Z,2026-07-09T14:31:00Z,ADVERSE_FIRST,2026-07-09T14:39:00Z,2026-07-09T14:31:00Z,ADVERSE_FIRST,2026-07-09T14:58:00Z,2026-07-09T14:31:00Z,ADVERSE_FIRST,2026-07-09T14:58:00Z,2026-07-09T14:31:00Z,ADVERSE_FIRST,2026-07-09T14:39:00Z,2026-07-09T14:31:00Z,ADVERSE_FIRST,2026-07-09T14:58:00Z,2026-07-09T14:31:00Z,ADVERSE_FIRST,2026-07-09T14:58:00Z,2026-07-09T14:31:00Z,ADVERSE_FIRST,2026-07-09T15:06:00Z,2026-07-09T14:31:00Z,ADVERSE_FIRST,2026-07-09T15:24:00Z,2026-07-09T14:31:00Z,2026-07-09T14:35:00Z,,FAVORABLE_FIRST,2026-07-09T14:36:00Z,2026-07-09T14:52:00Z,FAVORABLE_FIRST,2026-07-09T14:36:00Z,2026-07-09T14:52:00Z,FAVORABLE_FIRST,2026-07-09T14:39:00Z,2026-07-09T14:52:00Z,ADVERSE_FIRST,2026-07-09T14:58:00Z,2026-07-09T14:52:00Z,FAVORABLE_FIRST,2026-07-09T14:36:00Z,2026-07-09T14:53:00Z,FAVORABLE_FIRST,2026-07-09T14:39:00Z,2026-07-09T14:53:00Z,ADVERSE_FIRST,2026-07-09T14:58:00Z,2026-07-09T14:53:00Z,ADVERSE_FIRST,2026-07-09T15:06:00Z,2026-07-09T14:53:00Z,ADVERSE_FIRST,2026-07-09T15:22:00Z,2026-07-09T14:53:00Z
SPY:2026-07-10:LONG:2026-07-10T13:48:00+00:00:v1,2026-07-10,LONG,753.030000000000,752.885000000000,-0.145000000000,-0.145000000000,5,BETTER,2.390000000000,2.535000000000,4.930000000000,4.785000000000,1.870000000000,2.015000000000,-0.145000000000,0.145000000000,True,25,20,2026-07-10T13:50:00Z,2026-07-10T14:15:00Z,ADVERSE_FIRST,2026-07-10T14:02:00Z,2026-07-10T13:51:00Z,ADVERSE_FIRST,2026-07-10T16:16:00Z,2026-07-10T13:51:00Z,ADVERSE_FIRST,2026-07-10T16:45:00Z,2026-07-10T13:51:00Z,ADVERSE_FIRST,2026-07-10T16:50:00Z,2026-07-10T13:51:00Z,ADVERSE_FIRST,2026-07-10T16:16:00Z,2026-07-10T13:55:00Z,ADVERSE_FIRST,2026-07-10T16:45:00Z,2026-07-10T13:55:00Z,ADVERSE_FIRST,2026-07-10T16:50:00Z,2026-07-10T13:55:00Z,ADVERSE_FIRST,2026-07-10T18:10:00Z,2026-07-10T13:55:00Z,ADVERSE_FIRST,2026-07-10T19:03:00Z,2026-07-10T13:55:00Z,2026-07-10T13:55:00Z,2026-07-10T14:15:00Z,FAVORABLE_FIRST,2026-07-10T13:57:00Z,2026-07-10T14:08:00Z,ADVERSE_FIRST,2026-07-10T15:25:00Z,2026-07-10T14:08:00Z,ADVERSE_FIRST,2026-07-10T16:16:00Z,2026-07-10T14:08:00Z,ADVERSE_FIRST,2026-07-10T16:46:00Z,2026-07-10T14:08:00Z,ADVERSE_FIRST,2026-07-10T15:25:00Z,2026-07-10T14:08:00Z,ADVERSE_FIRST,2026-07-10T16:16:00Z,2026-07-10T14:08:00Z,ADVERSE_FIRST,2026-07-10T16:46:00Z,2026-07-10T14:08:00Z,ADVERSE_FIRST,2026-07-10T17:37:00Z,2026-07-10T14:08:00Z,ADVERSE_FIRST,2026-07-10T19:03:00Z,2026-07-10T14:08:00Z
SPY:2026-07-10:SHORT:2026-07-10T14:32:00+00:00:v1,2026-07-10,SHORT,750.900000000000,751.690000000000,0.790000000000,-0.790000000000,5,BETTER,0.470000000000,1.038000000000,4.520000000000,3.730000000000,-4.000000000000,-3.210000000000,-0.568000000000,0.790000000000,True,10,5,2026-07-10T14:35:00Z,2026-07-10T14:45:00Z,AMBIGUOUS_SAME_BAR,2026-07-10T14:36:00Z,2026-07-10T14:36:00Z,ADVERSE_FIRST,,2026-07-10T14:36:00Z,ADVERSE_FIRST,,2026-07-10T14:36:00Z,ADVERSE_FIRST,,2026-07-10T14:36:00Z,ADVERSE_FIRST,,2026-07-10T14:36:00Z,ADVERSE_FIRST,,2026-07-10T14:36:00Z,ADVERSE_FIRST,,2026-07-10T14:36:00Z,ADVERSE_FIRST,,2026-07-10T14:36:00Z,ADVERSE_FIRST,,2026-07-10T14:36:00Z,2026-07-10T14:40:00Z,2026-07-10T14:45:00Z,FAVORABLE_FIRST,2026-07-10T14:41:00Z,2026-07-10T14:44:00Z,ADVERSE_FIRST,2026-07-10T14:56:00Z,2026-07-10T14:44:00Z,ADVERSE_FIRST,2026-07-10T15:00:00Z,2026-07-10T14:44:00Z,ADVERSE_FIRST,2026-07-10T15:05:00Z,2026-07-10T14:44:00Z,ADVERSE_FIRST,2026-07-10T14:56:00Z,2026-07-10T14:44:00Z,ADVERSE_FIRST,2026-07-10T15:00:00Z,2026-07-10T14:44:00Z,ADVERSE_FIRST,2026-07-10T15:05:00Z,2026-07-10T14:44:00Z,ADVERSE_FIRST,,2026-07-10T14:44:00Z,ADVERSE_FIRST,,2026-07-10T14:44:00Z
SPY:2026-07-10:SHORT:2026-07-10T14:53:00+00:00:v1,2026-07-10,SHORT,751.950000000000,751.219900000000,-0.730100000000,0.730100000000,5,WORSE,1.298000000000,0.567900000000,3.470000000000,4.200100000000,-2.950000000000,-3.680100000000,0.730100000000,-0.730100000000,True,25,20,2026-07-10T14:55:00Z,2026-07-10T15:20:00Z,FAVORABLE_FIRST,2026-07-10T14:56:00Z,2026-07-10T15:15:00Z,FAVORABLE_FIRST,2026-07-10T14:56:00Z,2026-07-10T15:15:00Z,FAVORABLE_FIRST,2026-07-10T14:56:00Z,2026-07-10T15:15:00Z,FAVORABLE_FIRST,2026-07-10T15:00:00Z,2026-07-10T15:15:00Z,FAVORABLE_FIRST,2026-07-10T14:56:00Z,2026-07-10T15:15:00Z,FAVORABLE_FIRST,2026-07-10T14:56:00Z,2026-07-10T15:15:00Z,FAVORABLE_FIRST,2026-07-10T15:00:00Z,2026-07-10T15:15:00Z,ADVERSE_FIRST,,2026-07-10T15:15:00Z,ADVERSE_FIRST,,2026-07-10T15:15:00Z,2026-07-10T15:00:00Z,2026-07-10T15:20:00Z,FAVORABLE_FIRST,2026-07-10T15:02:00Z,2026-07-10T15:07:00Z,FAVORABLE_FIRST,2026-07-10T15:05:00Z,2026-07-10T15:07:00Z,ADVERSE_FIRST,,2026-07-10T15:07:00Z,ADVERSE_FIRST,,2026-07-10T15:07:00Z,FAVORABLE_FIRST,2026-07-10T15:05:00Z,2026-07-10T15:07:00Z,ADVERSE_FIRST,,2026-07-10T15:07:00Z,ADVERSE_FIRST,,2026-07-10T15:07:00Z,ADVERSE_FIRST,,2026-07-10T15:07:00Z,ADVERSE_FIRST,,2026-07-10T15:07:00Z
SPY:2026-07-10:LONG:2026-07-10T15:23:00+00:00:v1,2026-07-10,LONG,753.030000000000,753.250000000000,0.220000000000,0.220000000000,5,WORSE,2.390000000000,2.170000000000,1.650000000000,1.870000000000,1.870000000000,1.650000000000,0.220000000000,-0.220000000000,True,15,10,2026-07-10T15:25:00Z,2026-07-10T15:40:00Z,FAVORABLE_FIRST,2026-07-10T15:26:00Z,2026-07-10T15:35:00Z,ADVERSE_FIRST,2026-07-10T16:16:00Z,2026-07-10T15:35:00Z,ADVERSE_FIRST,2026-07-10T16:45:00Z,2026-07-10T15:35:00Z,ADVERSE_FIRST,2026-07-10T16:50:00Z,2026-07-10T15:35:00Z,ADVERSE_FIRST,2026-07-10T16:16:00Z,2026-07-10T15:35:00Z,ADVERSE_FIRST,2026-07-10T16:45:00Z,2026-07-10T15:35:00Z,ADVERSE_FIRST,2026-07-10T16:50:00Z,2026-07-10T15:35:00Z,ADVERSE_FIRST,2026-07-10T18:10:00Z,2026-07-10T15:35:00Z,ADVERSE_FIRST,2026-07-10T19:03:00Z,2026-07-10T15:35:00Z,2026-07-10T15:30:00Z,2026-07-10T15:40:00Z,ADVERSE_FIRST,2026-07-10T16:16:00Z,2026-07-10T15:31:00Z,ADVERSE_FIRST,2026-07-10T16:45:00Z,2026-07-10T15:31:00Z,ADVERSE_FIRST,2026-07-10T16:50:00Z,2026-07-10T15:31:00Z,ADVERSE_FIRST,2026-07-10T17:37:00Z,2026-07-10T15:31:00Z,ADVERSE_FIRST,2026-07-10T16:45:00Z,2026-07-10T15:31:00Z,ADVERSE_FIRST,2026-07-10T16:50:00Z,2026-07-10T15:31:00Z,ADVERSE_FIRST,2026-07-10T17:37:00Z,2026-07-10T15:31:00Z,ADVERSE_FIRST,2026-07-10T19:03:00Z,2026-07-10T15:31:00Z,ADVERSE_FIRST,2026-07-10T19:50:00Z,2026-07-10T15:31:00Z
SPY:2026-07-10:LONG:2026-07-10T16:00:00+00:00:v1,2026-07-10,LONG,753.160000000000,752.960000000000,-0.200000000000,-0.200000000000,5,BETTER,2.260000000000,2.460000000000,0.320000000000,0.120000000000,1.740000000000,1.940000000000,-0.200000000000,0.200000000000,True,,,2026-07-10T16:05:00Z,,ADVERSE_FIRST,2026-07-10T16:16:00Z,2026-07-10T16:06:00Z,ADVERSE_FIRST,2026-07-10T16:16:00Z,2026-07-10T16:06:00Z,ADVERSE_FIRST,2026-07-10T16:46:00Z,2026-07-10T16:06:00Z,ADVERSE_FIRST,2026-07-10T17:30:00Z,2026-07-10T16:06:00Z,ADVERSE_FIRST,2026-07-10T16:16:00Z,2026-07-10T16:07:00Z,ADVERSE_FIRST,2026-07-10T16:46:00Z,2026-07-10T16:07:00Z,ADVERSE_FIRST,2026-07-10T17:30:00Z,2026-07-10T16:07:00Z,ADVERSE_FIRST,2026-07-10T18:25:00Z,2026-07-10T16:07:00Z,ADVERSE_FIRST,2026-07-10T19:06:00Z,2026-07-10T16:07:00Z,2026-07-10T16:10:00Z,,FAVORABLE_FIRST,2026-07-10T16:13:00Z,,FAVORABLE_FIRST,2026-07-10T16:16:00Z,,FAVORABLE_FIRST,2026-07-10T16:45:00Z,,FAVORABLE_FIRST,2026-07-10T16:50:00Z,,FAVORABLE_FIRST,2026-07-10T16:16:00Z,,FAVORABLE_FIRST,2026-07-10T16:45:00Z,,FAVORABLE_FIRST,2026-07-10T16:50:00Z,,FAVORABLE_FIRST,2026-07-10T18:10:00Z,,FAVORABLE_FIRST,2026-07-10T19:03:00Z,
SPY:2026-07-13:SHORT:2026-07-13T14:35:00+00:00:v1,2026-07-13,SHORT,752.190000000000,751.500000000000,-0.690000000000,0.690000000000,5,WORSE,4.190000000000,3.500000000000,0.865000000000,1.555000000000,3.090000000000,2.400000000000,0.690000000000,-0.690000000000,True,20,15,2026-07-13T14:40:00Z,2026-07-13T15:00:00Z,FAVORABLE_FIRST,2026-07-13T14:41:00Z,2026-07-13T14:49:00Z,FAVORABLE_FIRST,2026-07-13T14:41:00Z,2026-07-13T14:49:00Z,FAVORABLE_FIRST,2026-07-13T14:43:00Z,2026-07-13T14:49:00Z,FAVORABLE_FIRST,2026-07-13T14:45:00Z,2026-07-13T14:49:00Z,FAVORABLE_FIRST,2026-07-13T14:41:00Z,2026-07-13T14:59:00Z,FAVORABLE_FIRST,2026-07-13T14:43:00Z,2026-07-13T14:59:00Z,FAVORABLE_FIRST,2026-07-13T14:45:00Z,2026-07-13T14:59:00Z,ADVERSE_FIRST,2026-07-13T16:18:00Z,2026-07-13T14:59:00Z,ADVERSE_FIRST,2026-07-13T16:26:00Z,2026-07-13T14:59:00Z,2026-07-13T14:45:00Z,2026-07-13T15:00:00Z,FAVORABLE_FIRST,2026-07-13T14:46:00Z,2026-07-13T14:47:00Z,FAVORABLE_FIRST,2026-07-13T14:46:00Z,2026-07-13T14:47:00Z,ADVERSE_FIRST,2026-07-13T16:17:00Z,2026-07-13T14:47:00Z,ADVERSE_FIRST,2026-07-13T16:25:00Z,2026-07-13T14:47:00Z,FAVORABLE_FIRST,2026-07-13T14:46:00Z,2026-07-13T14:47:00Z,ADVERSE_FIRST,2026-07-13T16:17:00Z,2026-07-13T14:47:00Z,ADVERSE_FIRST,2026-07-13T16:25:00Z,2026-07-13T14:47:00Z,ADVERSE_FIRST,2026-07-13T16:29:00Z,2026-07-13T14:47:00Z,ADVERSE_FIRST,2026-07-13T16:35:00Z,2026-07-13T14:47:00Z
SPY:2026-07-13:SHORT:2026-07-13T15:04:00+00:00:v1,2026-07-13,SHORT,752.332000000000,752.250000000000,-0.082000000000,0.082000000000,5,WORSE,4.332000000000,4.250000000000,0.258000000000,0.318000000000,3.232000000000,3.150000000000,0.082000000000,-0.060000000000,True,20,15,2026-07-13T15:05:00Z,2026-07-13T15:25:00Z,ADVERSE_FIRST,2026-07-13T15:13:00Z,2026-07-13T15:06:00Z,ADVERSE_FIRST,2026-07-13T15:43:00Z,2026-07-13T15:06:00Z,ADVERSE_FIRST,2026-07-13T15:45:00Z,2026-07-13T15:06:00Z,ADVERSE_FIRST,2026-07-13T15:51:00Z,2026-07-13T15:06:00Z,FAVORABLE_FIRST,2026-07-13T15:43:00Z,,FAVORABLE_FIRST,2026-07-13T15:45:00Z,,FAVORABLE_FIRST,2026-07-13T15:51:00Z,,FAVORABLE_FIRST,2026-07-13T16:16:00Z,,FAVORABLE_FIRST,2026-07-13T16:26:00Z,,2026-07-13T15:10:00Z,2026-07-13T15:25:00Z,ADVERSE_FIRST,2026-07-13T15:13:00Z,2026-07-13T15:11:00Z,ADVERSE_FIRST,2026-07-13T15:44:00Z,2026-07-13T15:11:00Z,ADVERSE_FIRST,2026-07-13T15:49:00Z,2026-07-13T15:11:00Z,ADVERSE_FIRST,2026-07-13T15:51:00Z,2026-07-13T15:11:00Z,ADVERSE_FIRST,2026-07-13T15:44:00Z,2026-07-13T15:11:00Z,ADVERSE_FIRST,2026-07-13T15:49:00Z,2026-07-13T15:11:00Z,ADVERSE_FIRST,2026-07-13T15:51:00Z,2026-07-13T15:11:00Z,ADVERSE_FIRST,2026-07-13T16:17:00Z,2026-07-13T15:11:00Z,ADVERSE_FIRST,2026-07-13T16:26:00Z,2026-07-13T15:11:00Z
SPY:2026-07-13:SHORT:2026-07-13T15:25:00+00:00:v1,2026-07-13,SHORT,752.380000000000,752.150000000000,-0.230000000000,0.230000000000,5,WORSE,4.380000000000,4.150000000000,0.145000000000,0.090100000000,3.280000000000,3.050000000000,0.230000000000,0.054900000000,True,,,2026-07-13T15:30:00Z,,FAVORABLE_FIRST,2026-07-13T15:31:00Z,,FAVORABLE_FIRST,2026-07-13T15:36:00Z,,FAVORABLE_FIRST,2026-07-13T15:45:00Z,,FAVORABLE_FIRST,2026-07-13T15:51:00Z,,FAVORABLE_FIRST,2026-07-13T15:36:00Z,,FAVORABLE_FIRST,2026-07-13T15:45:00Z,,FAVORABLE_FIRST,2026-07-13T15:51:00Z,,FAVORABLE_FIRST,2026-07-13T16:16:00Z,,FAVORABLE_FIRST,2026-07-13T16:26:00Z,,2026-07-13T15:35:00Z,,FAVORABLE_FIRST,2026-07-13T15:36:00Z,,FAVORABLE_FIRST,2026-07-13T15:45:00Z,,FAVORABLE_FIRST,2026-07-13T15:51:00Z,,FAVORABLE_FIRST,2026-07-13T15:57:00Z,,FAVORABLE_FIRST,2026-07-13T15:45:00Z,,FAVORABLE_FIRST,2026-07-13T15:51:00Z,,FAVORABLE_FIRST,2026-07-13T15:57:00Z,,FAVORABLE_FIRST,2026-07-13T16:23:00Z,,FAVORABLE_FIRST,2026-07-13T16:27:00Z,
SPY:2026-07-14:LONG:2026-07-14T13:38:00+00:00:v1,2026-07-14,LONG,751.170000000000,751.310000000000,0.140000000000,0.140000000000,5,WORSE,2.170000000000,2.030000000000,2.510000000000,2.650000000000,0.680000000000,0.540000000000,0.140000000000,-0.140000000000,True,10,5,2026-07-14T13:40:00Z,2026-07-14T13:50:00Z,ADVERSE_FIRST,2026-07-14T13:42:00Z,2026-07-14T13:41:00Z,ADVERSE_FIRST,2026-07-14T13:45:00Z,2026-07-14T13:41:00Z,ADVERSE_FIRST,2026-07-14T14:34:00Z,2026-07-14T13:41:00Z,ADVERSE_FIRST,2026-07-14T14:34:00Z,2026-07-14T13:41:00Z,ADVERSE_FIRST,2026-07-14T13:45:00Z,2026-07-14T13:41:00Z,ADVERSE_FIRST,2026-07-14T14:34:00Z,2026-07-14T13:41:00Z,ADVERSE_FIRST,2026-07-14T14:34:00Z,2026-07-14T13:41:00Z,ADVERSE_FIRST,2026-07-14T14:34:00Z,2026-07-14T13:41:00Z,ADVERSE_FIRST,2026-07-14T14:34:00Z,2026-07-14T13:41:00Z,2026-07-14T13:45:00Z,2026-07-14T13:50:00Z,FAVORABLE_FIRST,2026-07-14T13:46:00Z,2026-07-14T13:47:00Z,ADVERSE_FIRST,2026-07-14T14:34:00Z,2026-07-14T13:47:00Z,ADVERSE_FIRST,2026-07-14T14:34:00Z,2026-07-14T13:47:00Z,ADVERSE_FIRST,2026-07-14T14:34:00Z,2026-07-14T13:47:00Z,ADVERSE_FIRST,2026-07-14T14:34:00Z,2026-07-14T13:47:00Z,ADVERSE_FIRST,2026-07-14T14:34:00Z,2026-07-14T13:47:00Z,ADVERSE_FIRST,2026-07-14T14:34:00Z,2026-07-14T13:47:00Z,ADVERSE_FIRST,2026-07-14T14:34:00Z,2026-07-14T13:47:00Z,ADVERSE_FIRST,2026-07-14T14:34:00Z,2026-07-14T13:47:00Z
SPY:2026-07-14:LONG:2026-07-14T13:50:00+00:00:v1,2026-07-14,LONG,751.090000000000,751.310000000000,0.220000000000,0.220000000000,5,WORSE,2.250000000000,2.030000000000,2.430000000000,2.650000000000,0.760000000000,0.540000000000,0.220000000000,-0.220000000000,True,10,5,2026-07-14T13:55:00Z,2026-07-14T14:05:00Z,ADVERSE_FIRST,2026-07-14T13:57:00Z,2026-07-14T13:56:00Z,ADVERSE_FIRST,2026-07-14T14:33:00Z,2026-07-14T13:56:00Z,ADVERSE_FIRST,2026-07-14T14:34:00Z,2026-07-14T13:56:00Z,ADVERSE_FIRST,2026-07-14T14:34:00Z,2026-07-14T13:56:00Z,ADVERSE_FIRST,2026-07-14T14:33:00Z,2026-07-14T13:56:00Z,ADVERSE_FIRST,2026-07-14T14:34:00Z,2026-07-14T13:56:00Z,ADVERSE_FIRST,2026-07-14T14:34:00Z,2026-07-14T13:56:00Z,ADVERSE_FIRST,2026-07-14T14:34:00Z,2026-07-14T13:56:00Z,ADVERSE_FIRST,2026-07-14T14:34:00Z,2026-07-14T13:56:00Z,2026-07-14T14:00:00Z,2026-07-14T14:05:00Z,ADVERSE_FIRST,2026-07-14T14:33:00Z,2026-07-14T14:01:00Z,ADVERSE_FIRST,2026-07-14T14:34:00Z,2026-07-14T14:01:00Z,ADVERSE_FIRST,2026-07-14T14:34:00Z,2026-07-14T14:01:00Z,ADVERSE_FIRST,2026-07-14T14:34:00Z,2026-07-14T14:01:00Z,ADVERSE_FIRST,2026-07-14T14:34:00Z,2026-07-14T14:01:00Z,ADVERSE_FIRST,2026-07-14T14:34:00Z,2026-07-14T14:01:00Z,ADVERSE_FIRST,2026-07-14T14:34:00Z,2026-07-14T14:01:00Z,ADVERSE_FIRST,2026-07-14T14:34:00Z,2026-07-14T14:01:00Z,ADVERSE_FIRST,2026-07-14T14:34:00Z,2026-07-14T14:01:00Z
SPY:2026-07-14:LONG:2026-07-14T14:32:00+00:00:v1,2026-07-14,LONG,752.020000000000,751.930000000000,-0.090000000000,-0.090000000000,5,BETTER,1.060000000000,1.150000000000,2.020000000000,1.930000000000,-0.170000000000,-0.080000000000,-0.090000000000,0.090000000000,True,15,10,2026-07-14T14:35:00Z,2026-07-14T14:50:00Z,ADVERSE_FIRST,2026-07-14T14:40:00Z,2026-07-14T14:36:00Z,ADVERSE_FIRST,2026-07-14T15:04:00Z,2026-07-14T14:36:00Z,ADVERSE_FIRST,2026-07-14T15:04:00Z,2026-07-14T14:36:00Z,ADVERSE_FIRST,2026-07-14T15:04:00Z,2026-07-14T14:36:00Z,ADVERSE_FIRST,2026-07-14T15:04:00Z,2026-07-14T14:37:00Z,ADVERSE_FIRST,2026-07-14T15:04:00Z,2026-07-14T14:37:00Z,ADVERSE_FIRST,2026-07-14T15:04:00Z,2026-07-14T14:37:00Z,ADVERSE_FIRST,,2026-07-14T14:37:00Z,ADVERSE_FIRST,,2026-07-14T14:37:00Z,2026-07-14T14:40:00Z,2026-07-14T14:50:00Z,ADVERSE_FIRST,2026-07-14T15:04:00Z,2026-07-14T14:42:00Z,ADVERSE_FIRST,2026-07-14T15:04:00Z,2026-07-14T14:42:00Z,ADVERSE_FIRST,2026-07-14T15:04:00Z,2026-07-14T14:42:00Z,ADVERSE_FIRST,2026-07-14T15:04:00Z,2026-07-14T14:42:00Z,ADVERSE_FIRST,2026-07-14T15:04:00Z,2026-07-14T14:42:00Z,ADVERSE_FIRST,2026-07-14T15:04:00Z,2026-07-14T14:42:00Z,ADVERSE_FIRST,2026-07-14T15:04:00Z,2026-07-14T14:42:00Z,ADVERSE_FIRST,,2026-07-14T14:42:00Z,ADVERSE_FIRST,,2026-07-14T14:42:00Z
SPY:2026-07-14:LONG:2026-07-14T14:51:00+00:00:v1,2026-07-14,LONG,751.590000000000,751.710000000000,0.120000000000,0.120000000000,5,WORSE,1.490000000000,1.370000000000,1.590000000000,1.710000000000,0.260000000000,0.140000000000,0.120000000000,-0.120000000000,True,60,55,2026-07-14T14:55:00Z,2026-07-14T15:55:00Z,FAVORABLE_FIRST,2026-07-14T14:57:00Z,2026-07-14T15:04:00Z,AMBIGUOUS_SAME_BAR,2026-07-14T15:04:00Z,2026-07-14T15:04:00Z,AMBIGUOUS_SAME_BAR,2026-07-14T15:04:00Z,2026-07-14T15:04:00Z,AMBIGUOUS_SAME_BAR,2026-07-14T15:04:00Z,2026-07-14T15:04:00Z,AMBIGUOUS_SAME_BAR,2026-07-14T15:04:00Z,2026-07-14T15:04:00Z,AMBIGUOUS_SAME_BAR,2026-07-14T15:04:00Z,2026-07-14T15:04:00Z,AMBIGUOUS_SAME_BAR,2026-07-14T15:04:00Z,2026-07-14T15:04:00Z,ADVERSE_FIRST,,2026-07-14T15:04:00Z,ADVERSE_FIRST,,2026-07-14T15:04:00Z,2026-07-14T15:00:00Z,2026-07-14T15:55:00Z,ADVERSE_FIRST,2026-07-14T15:04:00Z,2026-07-14T15:02:00Z,ADVERSE_FIRST,2026-07-14T15:04:00Z,2026-07-14T15:02:00Z,ADVERSE_FIRST,2026-07-14T15:04:00Z,2026-07-14T15:02:00Z,ADVERSE_FIRST,2026-07-14T15:04:00Z,2026-07-14T15:02:00Z,ADVERSE_FIRST,2026-07-14T15:04:00Z,2026-07-14T15:02:00Z,ADVERSE_FIRST,2026-07-14T15:04:00Z,2026-07-14T15:02:00Z,ADVERSE_FIRST,2026-07-14T15:04:00Z,2026-07-14T15:02:00Z,ADVERSE_FIRST,,2026-07-14T15:02:00Z,ADVERSE_FIRST,,2026-07-14T15:02:00Z
SPY:2026-07-14:LONG:2026-07-14T16:32:00+00:00:v1,2026-07-14,LONG,751.060000000000,751.235000000000,0.175000000000,0.175000000000,5,WORSE,1.710000000000,1.535000000000,0.109400000000,0.275000000000,0.790000000000,0.615000000000,0.175000000000,-0.165600000000,True,,,2026-07-14T16:35:00Z,,FAVORABLE_FIRST,2026-07-14T16:36:00Z,,FAVORABLE_FIRST,2026-07-14T16:41:00Z,,FAVORABLE_FIRST,2026-07-14T16:59:00Z,,FAVORABLE_FIRST,2026-07-14T17:09:00Z,,FAVORABLE_FIRST,2026-07-14T16:41:00Z,,FAVORABLE_FIRST,2026-07-14T16:59:00Z,,FAVORABLE_FIRST,2026-07-14T17:09:00Z,,FAVORABLE_FIRST,2026-07-14T17:24:00Z,,NEITHER,,,2026-07-14T16:40:00Z,,FAVORABLE_FIRST,2026-07-14T16:41:00Z,2026-07-14T16:48:00Z,FAVORABLE_FIRST,2026-07-14T16:43:00Z,2026-07-14T16:48:00Z,ADVERSE_FIRST,2026-07-14T17:00:00Z,2026-07-14T16:48:00Z,ADVERSE_FIRST,2026-07-14T17:21:00Z,2026-07-14T16:48:00Z,FAVORABLE_FIRST,2026-07-14T16:43:00Z,,FAVORABLE_FIRST,2026-07-14T17:00:00Z,,FAVORABLE_FIRST,2026-07-14T17:21:00Z,,FAVORABLE_FIRST,2026-07-14T18:15:00Z,,NEITHER,,
SPY:2026-07-15:SHORT:2026-07-15T13:45:00+00:00:v1,2026-07-15,SHORT,753.560000000000,754.080000000000,0.520000000000,-0.520000000000,5,BETTER,3.360000000000,3.880000000000,2.000000000000,1.480000000000,-1.180000000000,-0.660000000000,-0.520000000000,0.520000000000,True,10,5,2026-07-15T13:50:00Z,2026-07-15T14:00:00Z,FAVORABLE_FIRST,2026-07-15T13:51:00Z,2026-07-15T13:54:00Z,ADVERSE_FIRST,2026-07-15T14:42:00Z,2026-07-15T13:54:00Z,ADVERSE_FIRST,2026-07-15T14:54:00Z,2026-07-15T13:54:00Z,ADVERSE_FIRST,2026-07-15T15:16:00Z,2026-07-15T13:54:00Z,ADVERSE_FIRST,2026-07-15T14:42:00Z,2026-07-15T13:54:00Z,ADVERSE_FIRST,2026-07-15T14:54:00Z,2026-07-15T13:54:00Z,ADVERSE_FIRST,2026-07-15T15:16:00Z,2026-07-15T13:54:00Z,ADVERSE_FIRST,2026-07-15T16:02:00Z,2026-07-15T13:54:00Z,ADVERSE_FIRST,2026-07-15T16:06:00Z,2026-07-15T13:54:00Z,2026-07-15T13:55:00Z,2026-07-15T14:00:00Z,ADVERSE_FIRST,2026-07-15T14:24:00Z,2026-07-15T13:56:00Z,ADVERSE_FIRST,2026-07-15T14:24:00Z,2026-07-15T13:56:00Z,ADVERSE_FIRST,2026-07-15T14:42:00Z,2026-07-15T13:56:00Z,ADVERSE_FIRST,2026-07-15T14:42:00Z,2026-07-15T13:56:00Z,ADVERSE_FIRST,2026-07-15T14:24:00Z,2026-07-15T13:56:00Z,ADVERSE_FIRST,2026-07-15T14:42:00Z,2026-07-15T13:56:00Z,ADVERSE_FIRST,2026-07-15T14:42:00Z,2026-07-15T13:56:00Z,ADVERSE_FIRST,2026-07-15T15:16:00Z,2026-07-15T13:56:00Z,ADVERSE_FIRST,2026-07-15T16:02:00Z,2026-07-15T13:56:00Z
SPY:2026-07-15:SHORT:2026-07-15T14:36:00+00:00:v1,2026-07-15,SHORT,753.669900000000,753.529900000000,-0.140000000000,0.140000000000,5,WORSE,3.469900000000,3.329900000000,1.250100000000,1.390100000000,-1.070100000000,-1.210100000000,0.140000000000,-0.140000000000,True,195,190,2026-07-15T14:40:00Z,2026-07-15T17:55:00Z,ADVERSE_FIRST,2026-07-15T14:42:00Z,2026-07-15T14:41:00Z,ADVERSE_FIRST,2026-07-15T14:42:00Z,2026-07-15T14:41:00Z,ADVERSE_FIRST,2026-07-15T14:42:00Z,2026-07-15T14:41:00Z,ADVERSE_FIRST,2026-07-15T15:15:00Z,2026-07-15T14:41:00Z,ADVERSE_FIRST,2026-07-15T14:42:00Z,2026-07-15T14:41:00Z,ADVERSE_FIRST,2026-07-15T14:42:00Z,2026-07-15T14:41:00Z,ADVERSE_FIRST,2026-07-15T15:15:00Z,2026-07-15T14:41:00Z,ADVERSE_FIRST,2026-07-15T16:01:00Z,2026-07-15T14:41:00Z,ADVERSE_FIRST,2026-07-15T16:06:00Z,2026-07-15T14:41:00Z,2026-07-15T14:45:00Z,2026-07-15T17:55:00Z,FAVORABLE_FIRST,2026-07-15T14:46:00Z,2026-07-15T14:49:00Z,FAVORABLE_FIRST,2026-07-15T14:46:00Z,2026-07-15T14:49:00Z,ADVERSE_FIRST,2026-07-15T14:54:00Z,2026-07-15T14:49:00Z,ADVERSE_FIRST,2026-07-15T15:17:00Z,2026-07-15T14:49:00Z,FAVORABLE_FIRST,2026-07-15T14:46:00Z,2026-07-15T14:49:00Z,ADVERSE_FIRST,2026-07-15T14:54:00Z,2026-07-15T14:49:00Z,ADVERSE_FIRST,2026-07-15T15:17:00Z,2026-07-15T14:49:00Z,ADVERSE_FIRST,2026-07-15T16:03:00Z,2026-07-15T14:49:00Z,ADVERSE_FIRST,2026-07-15T16:06:00Z,2026-07-15T14:49:00Z
SPY:2026-07-15:SHORT:2026-07-15T18:44:00+00:00:v1,2026-07-15,SHORT,754.020000000000,753.630000000000,-0.390000000000,0.390000000000,5,WORSE,0.970000000000,0.580000000000,0.780000000000,1.170000000000,-0.720000000000,-1.110000000000,0.390000000000,-0.390000000000,True,75,70,2026-07-15T18:45:00Z,2026-07-15T20:00:00Z,FAVORABLE_FIRST,2026-07-15T18:46:00Z,2026-07-15T19:55:00Z,FAVORABLE_FIRST,2026-07-15T18:46:00Z,2026-07-15T19:55:00Z,FAVORABLE_FIRST,2026-07-15T18:51:00Z,2026-07-15T19:55:00Z,ADVERSE_FIRST,,2026-07-15T19:55:00Z,FAVORABLE_FIRST,2026-07-15T18:46:00Z,2026-07-15T19:55:00Z,FAVORABLE_FIRST,2026-07-15T18:51:00Z,2026-07-15T19:55:00Z,ADVERSE_FIRST,,2026-07-15T19:55:00Z,ADVERSE_FIRST,,2026-07-15T19:55:00Z,ADVERSE_FIRST,,2026-07-15T19:55:00Z,2026-07-15T18:50:00Z,2026-07-15T20:00:00Z,FAVORABLE_FIRST,2026-07-15T18:51:00Z,2026-07-15T19:12:00Z,FAVORABLE_FIRST,2026-07-15T18:58:00Z,2026-07-15T19:12:00Z,ADVERSE_FIRST,,2026-07-15T19:12:00Z,ADVERSE_FIRST,,2026-07-15T19:12:00Z,FAVORABLE_FIRST,2026-07-15T18:58:00Z,2026-07-15T19:12:00Z,ADVERSE_FIRST,,2026-07-15T19:12:00Z,ADVERSE_FIRST,,2026-07-15T19:12:00Z,ADVERSE_FIRST,,2026-07-15T19:12:00Z,ADVERSE_FIRST,,2026-07-15T19:12:00Z
SPY:2026-07-16:SHORT:2026-07-16T13:35:00+00:00:v1,2026-07-16,SHORT,751.710000000000,751.260000000000,-0.450000000000,0.450000000000,5,WORSE,3.830000000000,3.380000000000,2.860000000000,3.310000000000,0.950000000000,0.500000000000,0.450000000000,-0.450000000000,True,25,20,2026-07-16T13:40:00Z,2026-07-16T14:05:00Z,AMBIGUOUS_SAME_BAR,2026-07-16T13:41:00Z,2026-07-16T13:41:00Z,ADVERSE_FIRST,2026-07-16T13:42:00Z,2026-07-16T13:41:00Z,ADVERSE_FIRST,2026-07-16T13:48:00Z,2026-07-16T13:41:00Z,ADVERSE_FIRST,2026-07-16T13:48:00Z,2026-07-16T13:41:00Z,FAVORABLE_FIRST,2026-07-16T13:42:00Z,2026-07-16T13:52:00Z,FAVORABLE_FIRST,2026-07-16T13:48:00Z,2026-07-16T13:52:00Z,FAVORABLE_FIRST,2026-07-16T13:48:00Z,2026-07-16T13:52:00Z,ADVERSE_FIRST,2026-07-16T18:40:00Z,2026-07-16T13:52:00Z,ADVERSE_FIRST,2026-07-16T19:10:00Z,2026-07-16T13:52:00Z,2026-07-16T13:45:00Z,2026-07-16T14:05:00Z,ADVERSE_FIRST,2026-07-16T13:48:00Z,2026-07-16T13:46:00Z,ADVERSE_FIRST,2026-07-16T13:48:00Z,2026-07-16T13:46:00Z,ADVERSE_FIRST,2026-07-16T18:07:00Z,2026-07-16T13:46:00Z,ADVERSE_FIRST,2026-07-16T18:40:00Z,2026-07-16T13:46:00Z,ADVERSE_FIRST,2026-07-16T13:48:00Z,2026-07-16T13:46:00Z,ADVERSE_FIRST,2026-07-16T18:07:00Z,2026-07-16T13:46:00Z,ADVERSE_FIRST,2026-07-16T18:40:00Z,2026-07-16T13:46:00Z,ADVERSE_FIRST,2026-07-16T19:09:00Z,2026-07-16T13:46:00Z,ADVERSE_FIRST,2026-07-16T19:26:00Z,2026-07-16T13:46:00Z
SPY:2026-07-16:LONG:2026-07-16T14:16:00+00:00:v1,2026-07-16,LONG,753.860000000000,753.670000000000,-0.190000000000,-0.190000000000,5,BETTER,0.710000000000,0.900000000000,5.980000000000,5.790000000000,-3.100000000000,-2.910000000000,-0.190000000000,0.190000000000,True,55,50,2026-07-16T14:20:00Z,2026-07-16T15:15:00Z,ADVERSE_FIRST,2026-07-16T14:27:00Z,2026-07-16T14:21:00Z,ADVERSE_FIRST,2026-07-16T14:29:00Z,2026-07-16T14:21:00Z,ADVERSE_FIRST,,2026-07-16T14:21:00Z,ADVERSE_FIRST,,2026-07-16T14:21:00Z,ADVERSE_FIRST,2026-07-16T14:29:00Z,2026-07-16T14:21:00Z,ADVERSE_FIRST,,2026-07-16T14:21:00Z,ADVERSE_FIRST,,2026-07-16T14:21:00Z,ADVERSE_FIRST,,2026-07-16T14:21:00Z,ADVERSE_FIRST,,2026-07-16T14:21:00Z,2026-07-16T14:25:00Z,2026-07-16T15:15:00Z,ADVERSE_FIRST,2026-07-16T14:27:00Z,2026-07-16T14:26:00Z,ADVERSE_FIRST,2026-07-16T14:27:00Z,2026-07-16T14:26:00Z,ADVERSE_FIRST,2026-07-16T14:33:00Z,2026-07-16T14:26:00Z,ADVERSE_FIRST,,2026-07-16T14:26:00Z,ADVERSE_FIRST,2026-07-16T14:27:00Z,2026-07-16T14:26:00Z,ADVERSE_FIRST,2026-07-16T14:33:00Z,2026-07-16T14:26:00Z,ADVERSE_FIRST,,2026-07-16T14:26:00Z,ADVERSE_FIRST,,2026-07-16T14:26:00Z,ADVERSE_FIRST,,2026-07-16T14:26:00Z
SPY:2026-07-16:LONG:2026-07-16T15:15:00+00:00:v1,2026-07-16,LONG,753.630000000000,753.620000000000,-0.010000000000,-0.010000000000,5,UNCHANGED_WITHIN_ONE_CENT,0.810000000000,0.820000000000,5.750000000000,5.740000000000,-2.870000000000,-2.860000000000,-0.010000000000,0.010000000000,True,45,40,2026-07-16T15:20:00Z,2026-07-16T16:05:00Z,ADVERSE_FIRST,2026-07-16T15:25:00Z,2026-07-16T15:21:00Z,ADVERSE_FIRST,2026-07-16T15:25:00Z,2026-07-16T15:21:00Z,ADVERSE_FIRST,2026-07-16T15:26:00Z,2026-07-16T15:21:00Z,ADVERSE_FIRST,,2026-07-16T15:21:00Z,ADVERSE_FIRST,2026-07-16T15:25:00Z,2026-07-16T15:21:00Z,ADVERSE_FIRST,2026-07-16T15:26:00Z,2026-07-16T15:21:00Z,ADVERSE_FIRST,,2026-07-16T15:21:00Z,ADVERSE_FIRST,,2026-07-16T15:21:00Z,ADVERSE_FIRST,,2026-07-16T15:21:00Z,2026-07-16T15:25:00Z,2026-07-16T16:05:00Z,FAVORABLE_FIRST,2026-07-16T15:26:00Z,2026-07-16T15:30:00Z,FAVORABLE_FIRST,2026-07-16T15:26:00Z,2026-07-16T15:30:00Z,FAVORABLE_FIRST,2026-07-16T15:26:00Z,2026-07-16T15:30:00Z,ADVERSE_FIRST,,2026-07-16T15:30:00Z,FAVORABLE_FIRST,2026-07-16T15:26:00Z,2026-07-16T15:30:00Z,FAVORABLE_FIRST,2026-07-16T15:26:00Z,2026-07-16T15:30:00Z,ADVERSE_FIRST,,2026-07-16T15:30:00Z,ADVERSE_FIRST,,2026-07-16T15:30:00Z,ADVERSE_FIRST,,2026-07-16T15:30:00Z
SPY:2026-07-16:SHORT:2026-07-16T16:20:00+00:00:v1,2026-07-16,SHORT,751.660000000000,751.930000000000,0.270000000000,-0.270000000000,5,BETTER,3.780000000000,4.050000000000,1.310000000000,1.040000000000,0.900000000000,1.170000000000,-0.270000000000,0.270000000000,True,10,5,2026-07-16T16:25:00Z,2026-07-16T16:35:00Z,ADVERSE_FIRST,2026-07-16T17:40:00Z,2026-07-16T16:27:00Z,ADVERSE_FIRST,2026-07-16T17:43:00Z,2026-07-16T16:27:00Z,ADVERSE_FIRST,2026-07-16T18:04:00Z,2026-07-16T16:27:00Z,ADVERSE_FIRST,2026-07-16T18:07:00Z,2026-07-16T16:27:00Z,ADVERSE_FIRST,2026-07-16T17:43:00Z,2026-07-16T16:27:00Z,ADVERSE_FIRST,2026-07-16T18:04:00Z,2026-07-16T16:27:00Z,ADVERSE_FIRST,2026-07-16T18:07:00Z,2026-07-16T16:27:00Z,ADVERSE_FIRST,2026-07-16T18:40:00Z,2026-07-16T16:27:00Z,ADVERSE_FIRST,2026-07-16T19:10:00Z,2026-07-16T16:27:00Z,2026-07-16T16:30:00Z,2026-07-16T16:35:00Z,ADVERSE_FIRST,2026-07-16T16:46:00Z,2026-07-16T16:31:00Z,ADVERSE_FIRST,2026-07-16T17:40:00Z,2026-07-16T16:31:00Z,ADVERSE_FIRST,2026-07-16T17:41:00Z,2026-07-16T16:31:00Z,ADVERSE_FIRST,2026-07-16T18:04:00Z,2026-07-16T16:31:00Z,ADVERSE_FIRST,2026-07-16T17:40:00Z,2026-07-16T16:31:00Z,ADVERSE_FIRST,2026-07-16T17:41:00Z,2026-07-16T16:31:00Z,ADVERSE_FIRST,2026-07-16T18:04:00Z,2026-07-16T16:31:00Z,ADVERSE_FIRST,2026-07-16T18:36:00Z,2026-07-16T16:31:00Z,ADVERSE_FIRST,2026-07-16T18:40:00Z,2026-07-16T16:31:00Z
SPY:2026-07-16:SHORT:2026-07-16T16:35:00+00:00:v1,2026-07-16,SHORT,751.900000000000,751.970000000000,0.070000000000,-0.070000000000,5,BETTER,4.020000000000,4.090000000000,1.070000000000,1.000000000000,1.140000000000,1.210000000000,-0.070000000000,0.070000000000,True,15,10,2026-07-16T16:40:00Z,2026-07-16T16:55:00Z,ADVERSE_FIRST,2026-07-16T16:46:00Z,2026-07-16T16:41:00Z,ADVERSE_FIRST,2026-07-16T17:40:00Z,2026-07-16T16:41:00Z,ADVERSE_FIRST,2026-07-16T17:43:00Z,2026-07-16T16:41:00Z,ADVERSE_FIRST,2026-07-16T18:04:00Z,2026-07-16T16:41:00Z,ADVERSE_FIRST,2026-07-16T17:40:00Z,2026-07-16T16:41:00Z,ADVERSE_FIRST,2026-07-16T17:43:00Z,2026-07-16T16:41:00Z,ADVERSE_FIRST,2026-07-16T18:04:00Z,2026-07-16T16:41:00Z,ADVERSE_FIRST,2026-07-16T18:36:00Z,2026-07-16T16:41:00Z,ADVERSE_FIRST,2026-07-16T19:08:00Z,2026-07-16T16:41:00Z,2026-07-16T16:45:00Z,2026-07-16T16:55:00Z,FAVORABLE_FIRST,2026-07-16T16:46:00Z,2026-07-16T16:50:00Z,ADVERSE_FIRST,2026-07-16T17:40:00Z,2026-07-16T16:50:00Z,ADVERSE_FIRST,2026-07-16T17:41:00Z,2026-07-16T16:50:00Z,ADVERSE_FIRST,2026-07-16T18:04:00Z,2026-07-16T16:50:00Z,ADVERSE_FIRST,2026-07-16T17:40:00Z,2026-07-16T16:50:00Z,ADVERSE_FIRST,2026-07-16T17:41:00Z,2026-07-16T16:50:00Z,ADVERSE_FIRST,2026-07-16T18:04:00Z,2026-07-16T16:50:00Z,ADVERSE_FIRST,2026-07-16T18:08:00Z,2026-07-16T16:50:00Z,ADVERSE_FIRST,2026-07-16T18:40:00Z,2026-07-16T16:50:00Z
SPY:2026-07-16:SHORT:2026-07-16T17:35:00+00:00:v1,2026-07-16,SHORT,751.650000000000,751.420000000000,-0.230000000000,0.230000000000,5,WORSE,3.770000000000,3.540000000000,0.240000000000,0.470000000000,0.890000000000,0.660000000000,0.230000000000,-0.230000000000,True,,,2026-07-16T17:40:00Z,,FAVORABLE_FIRST,2026-07-16T17:41:00Z,,FAVORABLE_FIRST,2026-07-16T17:43:00Z,,FAVORABLE_FIRST,2026-07-16T18:04:00Z,,FAVORABLE_FIRST,2026-07-16T18:07:00Z,,FAVORABLE_FIRST,2026-07-16T17:43:00Z,,FAVORABLE_FIRST,2026-07-16T18:04:00Z,,FAVORABLE_FIRST,2026-07-16T18:07:00Z,,FAVORABLE_FIRST,2026-07-16T18:40:00Z,,FAVORABLE_FIRST,2026-07-16T19:10:00Z,,2026-07-16T17:45:00Z,,FAVORABLE_FIRST,2026-07-16T17:46:00Z,2026-07-16T17:47:00Z,ADVERSE_FIRST,2026-07-16T18:04:00Z,2026-07-16T17:47:00Z,ADVERSE_FIRST,2026-07-16T18:07:00Z,2026-07-16T17:47:00Z,ADVERSE_FIRST,2026-07-16T18:36:00Z,2026-07-16T17:47:00Z,ADVERSE_FIRST,2026-07-16T18:04:00Z,2026-07-16T17:48:00Z,ADVERSE_FIRST,2026-07-16T18:07:00Z,2026-07-16T17:48:00Z,ADVERSE_FIRST,2026-07-16T18:36:00Z,2026-07-16T17:48:00Z,ADVERSE_FIRST,2026-07-16T18:40:00Z,2026-07-16T17:48:00Z,ADVERSE_FIRST,2026-07-16T19:18:00Z,2026-07-16T17:48:00Z
SPY:2026-07-17:LONG:2026-07-17T13:47:00+00:00:v1,2026-07-17,LONG,743.030000000000,743.886700000000,0.856700000000,0.856700000000,5,WORSE,4.260000000000,3.403300000000,0.900000000000,1.756700000000,0.200000000000,-0.656700000000,0.856700000000,-0.856700000000,True,335,330,2026-07-17T13:50:00Z,2026-07-17T19:25:00Z,FAVORABLE_FIRST,2026-07-17T13:51:00Z,2026-07-17T19:14:00Z,FAVORABLE_FIRST,2026-07-17T13:52:00Z,2026-07-17T19:14:00Z,FAVORABLE_FIRST,2026-07-17T13:53:00Z,2026-07-17T19:14:00Z,FAVORABLE_FIRST,2026-07-17T13:53:00Z,2026-07-17T19:14:00Z,FAVORABLE_FIRST,2026-07-17T13:52:00Z,2026-07-17T19:14:00Z,FAVORABLE_FIRST,2026-07-17T13:53:00Z,2026-07-17T19:14:00Z,FAVORABLE_FIRST,2026-07-17T13:53:00Z,2026-07-17T19:14:00Z,FAVORABLE_FIRST,2026-07-17T13:58:00Z,2026-07-17T19:14:00Z,FAVORABLE_FIRST,2026-07-17T14:00:00Z,2026-07-17T19:14:00Z,2026-07-17T13:55:00Z,2026-07-17T19:25:00Z,FAVORABLE_FIRST,2026-07-17T13:56:00Z,2026-07-17T18:16:00Z,FAVORABLE_FIRST,2026-07-17T13:57:00Z,2026-07-17T18:16:00Z,FAVORABLE_FIRST,2026-07-17T13:58:00Z,2026-07-17T18:16:00Z,FAVORABLE_FIRST,2026-07-17T14:00:00Z,2026-07-17T18:16:00Z,FAVORABLE_FIRST,2026-07-17T13:57:00Z,2026-07-17T18:19:00Z,FAVORABLE_FIRST,2026-07-17T13:58:00Z,2026-07-17T18:19:00Z,FAVORABLE_FIRST,2026-07-17T14:00:00Z,2026-07-17T18:19:00Z,FAVORABLE_FIRST,2026-07-17T14:00:00Z,2026-07-17T18:19:00Z,FAVORABLE_FIRST,2026-07-17T14:05:00Z,2026-07-17T18:19:00Z
SPY:2026-07-17:LONG:2026-07-17T19:27:00+00:00:v1,2026-07-17,LONG,743.160000000000,743.030000000000,-0.130000000000,-0.130000000000,5,BETTER,1.240000000000,1.370000000000,0.560000000000,0.430000000000,0.070000000000,0.200000000000,-0.130000000000,0.130000000000,True,,,2026-07-17T19:30:00Z,,ADVERSE_FIRST,2026-07-17T19:37:00Z,2026-07-17T19:31:00Z,ADVERSE_FIRST,2026-07-17T19:45:00Z,2026-07-17T19:31:00Z,ADVERSE_FIRST,2026-07-17T19:45:00Z,2026-07-17T19:31:00Z,ADVERSE_FIRST,2026-07-17T19:50:00Z,2026-07-17T19:31:00Z,ADVERSE_FIRST,2026-07-17T19:45:00Z,2026-07-17T19:31:00Z,ADVERSE_FIRST,2026-07-17T19:45:00Z,2026-07-17T19:31:00Z,ADVERSE_FIRST,2026-07-17T19:50:00Z,2026-07-17T19:31:00Z,ADVERSE_FIRST,,2026-07-17T19:31:00Z,ADVERSE_FIRST,,2026-07-17T19:31:00Z,2026-07-17T19:35:00Z,,FAVORABLE_FIRST,2026-07-17T19:37:00Z,2026-07-17T19:39:00Z,FAVORABLE_FIRST,2026-07-17T19:37:00Z,2026-07-17T19:39:00Z,ADVERSE_FIRST,2026-07-17T19:45:00Z,2026-07-17T19:39:00Z,ADVERSE_FIRST,2026-07-17T19:48:00Z,2026-07-17T19:39:00Z,FAVORABLE_FIRST,2026-07-17T19:37:00Z,2026-07-17T19:39:00Z,ADVERSE_FIRST,2026-07-17T19:45:00Z,2026-07-17T19:39:00Z,ADVERSE_FIRST,2026-07-17T19:48:00Z,2026-07-17T19:39:00Z,ADVERSE_FIRST,,2026-07-17T19:39:00Z,ADVERSE_FIRST,,2026-07-17T19:39:00Z
SPY:2026-07-20:LONG:2026-07-20T13:35:00+00:00:v1,2026-07-20,LONG,748.170000000000,748.560000000000,0.390000000000,0.390000000000,5,WORSE,0.560000000000,0,6.659700000000,7.049700000000,-6.070000000000,-6.460000000000,0.560000000000,-0.390000000000,True,10,5,2026-07-20T13:40:00Z,2026-07-20T13:50:00Z,FAVORABLE_FIRST,2026-07-20T13:43:00Z,2026-07-20T13:46:00Z,FAVORABLE_FIRST,2026-07-20T13:45:00Z,2026-07-20T13:46:00Z,ADVERSE_FIRST,,2026-07-20T13:46:00Z,ADVERSE_FIRST,,2026-07-20T13:46:00Z,FAVORABLE_FIRST,2026-07-20T13:45:00Z,2026-07-20T13:47:00Z,ADVERSE_FIRST,,2026-07-20T13:47:00Z,ADVERSE_FIRST,,2026-07-20T13:47:00Z,ADVERSE_FIRST,,2026-07-20T13:47:00Z,ADVERSE_FIRST,,2026-07-20T13:47:00Z,2026-07-20T13:45:00Z,2026-07-20T13:50:00Z,ADVERSE_FIRST,,2026-07-20T13:46:00Z,ADVERSE_FIRST,,2026-07-20T13:46:00Z,ADVERSE_FIRST,,2026-07-20T13:46:00Z,ADVERSE_FIRST,,2026-07-20T13:46:00Z,ADVERSE_FIRST,,2026-07-20T13:46:00Z,ADVERSE_FIRST,,2026-07-20T13:46:00Z,ADVERSE_FIRST,,2026-07-20T13:46:00Z,ADVERSE_FIRST,,2026-07-20T13:46:00Z,ADVERSE_FIRST,,2026-07-20T13:46:00Z
SPY:2026-07-20:SHORT:2026-07-20T13:52:00+00:00:v1,2026-07-20,SHORT,746.455000000000,745.690000000000,-0.765000000000,0.765000000000,5,WORSE,4.944700000000,4.179700000000,0.550000000000,1.315000000000,4.355000000000,3.590000000000,0.765000000000,-0.765000000000,True,135,130,2026-07-20T13:55:00Z,2026-07-20T16:10:00Z,FAVORABLE_FIRST,2026-07-20T13:56:00Z,2026-07-20T16:08:00Z,FAVORABLE_FIRST,2026-07-20T13:56:00Z,2026-07-20T16:08:00Z,FAVORABLE_FIRST,2026-07-20T13:58:00Z,2026-07-20T16:08:00Z,FAVORABLE_FIRST,2026-07-20T14:01:00Z,2026-07-20T16:08:00Z,FAVORABLE_FIRST,2026-07-20T13:56:00Z,2026-07-20T16:08:00Z,FAVORABLE_FIRST,2026-07-20T13:58:00Z,2026-07-20T16:08:00Z,FAVORABLE_FIRST,2026-07-20T14:01:00Z,2026-07-20T16:08:00Z,FAVORABLE_FIRST,2026-07-20T14:11:00Z,2026-07-20T16:08:00Z,FAVORABLE_FIRST,2026-07-20T14:20:00Z,2026-07-20T16:08:00Z,2026-07-20T14:00:00Z,2026-07-20T16:10:00Z,AMBIGUOUS_SAME_BAR,2026-07-20T14:01:00Z,2026-07-20T14:01:00Z,ADVERSE_FIRST,2026-07-20T14:10:00Z,2026-07-20T14:01:00Z,ADVERSE_FIRST,2026-07-20T14:11:00Z,2026-07-20T14:01:00Z,ADVERSE_FIRST,2026-07-20T14:19:00Z,2026-07-20T14:01:00Z,ADVERSE_FIRST,2026-07-20T14:10:00Z,2026-07-20T14:02:00Z,ADVERSE_FIRST,2026-07-20T14:11:00Z,2026-07-20T14:02:00Z,ADVERSE_FIRST,2026-07-20T14:19:00Z,2026-07-20T14:02:00Z,ADVERSE_FIRST,2026-07-20T14:53:00Z,2026-07-20T14:02:00Z,ADVERSE_FIRST,2026-07-20T14:59:00Z,2026-07-20T14:02:00Z
SPY:2026-07-20:SHORT:2026-07-20T16:10:00+00:00:v1,2026-07-20,SHORT,746.790000000000,746.680000000000,-0.110000000000,0.110000000000,5,WORSE,5.279700000000,5.169700000000,0.090000000000,0.200000000000,4.690000000000,4.580000000000,0.110000000000,-0.110000000000,True,,,2026-07-20T16:15:00Z,,FAVORABLE_FIRST,2026-07-20T16:16:00Z,,FAVORABLE_FIRST,2026-07-20T16:26:00Z,,FAVORABLE_FIRST,2026-07-20T16:33:00Z,,FAVORABLE_FIRST,2026-07-20T16:41:00Z,,FAVORABLE_FIRST,2026-07-20T16:26:00Z,,FAVORABLE_FIRST,2026-07-20T16:33:00Z,,FAVORABLE_FIRST,2026-07-20T16:41:00Z,,FAVORABLE_FIRST,2026-07-20T16:41:00Z,,FAVORABLE_FIRST,2026-07-20T16:41:00Z,,2026-07-20T16:20:00Z,,FAVORABLE_FIRST,2026-07-20T16:25:00Z,,FAVORABLE_FIRST,2026-07-20T16:26:00Z,,FAVORABLE_FIRST,2026-07-20T16:33:00Z,,FAVORABLE_FIRST,2026-07-20T16:41:00Z,,FAVORABLE_FIRST,2026-07-20T16:26:00Z,,FAVORABLE_FIRST,2026-07-20T16:33:00Z,,FAVORABLE_FIRST,2026-07-20T16:41:00Z,,FAVORABLE_FIRST,2026-07-20T16:41:00Z,,FAVORABLE_FIRST,2026-07-20T16:41:00Z,
SPY:2026-07-21:SHORT:2026-07-21T13:40:00+00:00:v1,2026-07-21,SHORT,744.510000000000,744.950000000000,0.440000000000,-0.440000000000,5,BETTER,0.330000000000,0.690000000000,4.530000000000,4.090000000000,-3.805000000000,-3.365000000000,-0.360000000000,0.440000000000,True,15,10,2026-07-21T13:45:00Z,2026-07-21T14:00:00Z,ADVERSE_FIRST,2026-07-21T13:47:00Z,2026-07-21T13:46:00Z,ADVERSE_FIRST,,2026-07-21T13:46:00Z,ADVERSE_FIRST,,2026-07-21T13:46:00Z,ADVERSE_FIRST,,2026-07-21T13:46:00Z,ADVERSE_FIRST,,2026-07-21T13:48:00Z,ADVERSE_FIRST,,2026-07-21T13:48:00Z,ADVERSE_FIRST,,2026-07-21T13:48:00Z,ADVERSE_FIRST,,2026-07-21T13:48:00Z,ADVERSE_FIRST,,2026-07-21T13:48:00Z,2026-07-21T13:50:00Z,2026-07-21T14:00:00Z,FAVORABLE_FIRST,2026-07-21T13:51:00Z,2026-07-21T13:54:00Z,FAVORABLE_FIRST,2026-07-21T13:51:00Z,2026-07-21T13:54:00Z,ADVERSE_FIRST,,2026-07-21T13:54:00Z,ADVERSE_FIRST,,2026-07-21T13:54:00Z,FAVORABLE_FIRST,2026-07-21T13:51:00Z,2026-07-21T13:55:00Z,ADVERSE_FIRST,,2026-07-21T13:55:00Z,ADVERSE_FIRST,,2026-07-21T13:55:00Z,ADVERSE_FIRST,,2026-07-21T13:55:00Z,ADVERSE_FIRST,,2026-07-21T13:55:00Z
SPY:2026-07-21:LONG:2026-07-21T14:27:00+00:00:v1,2026-07-21,LONG,746.870000000000,746.800000000000,-0.070000000000,-0.070000000000,5,BETTER,2.170000000000,2.240000000000,1.100000000000,1.030000000000,1.445000000000,1.515000000000,-0.070000000000,0.070000000000,True,10,5,2026-07-21T14:30:00Z,2026-07-21T14:40:00Z,FAVORABLE_FIRST,2026-07-21T14:31:00Z,2026-07-21T14:34:00Z,ADVERSE_FIRST,2026-07-21T15:12:00Z,2026-07-21T14:34:00Z,ADVERSE_FIRST,2026-07-21T15:21:00Z,2026-07-21T14:34:00Z,ADVERSE_FIRST,2026-07-21T15:21:00Z,2026-07-21T14:34:00Z,ADVERSE_FIRST,2026-07-21T15:12:00Z,2026-07-21T14:36:00Z,ADVERSE_FIRST,2026-07-21T15:21:00Z,2026-07-21T14:36:00Z,ADVERSE_FIRST,2026-07-21T15:21:00Z,2026-07-21T14:36:00Z,ADVERSE_FIRST,2026-07-21T16:15:00Z,2026-07-21T14:36:00Z,ADVERSE_FIRST,2026-07-21T16:52:00Z,2026-07-21T14:36:00Z,2026-07-21T14:35:00Z,2026-07-21T14:40:00Z,ADVERSE_FIRST,2026-07-21T14:48:00Z,2026-07-21T14:36:00Z,ADVERSE_FIRST,2026-07-21T15:12:00Z,2026-07-21T14:36:00Z,ADVERSE_FIRST,2026-07-21T15:19:00Z,2026-07-21T14:36:00Z,ADVERSE_FIRST,2026-07-21T15:21:00Z,2026-07-21T14:36:00Z,ADVERSE_FIRST,2026-07-21T15:12:00Z,2026-07-21T14:36:00Z,ADVERSE_FIRST,2026-07-21T15:19:00Z,2026-07-21T14:36:00Z,ADVERSE_FIRST,2026-07-21T15:21:00Z,2026-07-21T14:36:00Z,ADVERSE_FIRST,2026-07-21T16:08:00Z,2026-07-21T14:36:00Z,ADVERSE_FIRST,2026-07-21T16:51:00Z,2026-07-21T14:36:00Z
SPY:2026-07-21:LONG:2026-07-21T15:07:00+00:00:v1,2026-07-21,LONG,746.980000000000,747.209800000000,0.229800000000,0.229800000000,5,WORSE,2.060000000000,1.830200000000,0.025000000000,0.051000000000,1.335000000000,1.105200000000,0.229800000000,-0.026000000000,True,,,2026-07-21T15:10:00Z,,FAVORABLE_FIRST,2026-07-21T15:12:00Z,,FAVORABLE_FIRST,2026-07-21T15:13:00Z,,FAVORABLE_FIRST,2026-07-21T15:21:00Z,,FAVORABLE_FIRST,2026-07-21T15:21:00Z,,FAVORABLE_FIRST,2026-07-21T15:13:00Z,,FAVORABLE_FIRST,2026-07-21T15:21:00Z,,FAVORABLE_FIRST,2026-07-21T15:21:00Z,,FAVORABLE_FIRST,2026-07-21T16:15:00Z,,FAVORABLE_FIRST,2026-07-21T16:54:00Z,,2026-07-21T15:15:00Z,,FAVORABLE_FIRST,2026-07-21T15:18:00Z,,FAVORABLE_FIRST,2026-07-21T15:21:00Z,,FAVORABLE_FIRST,2026-07-21T15:21:00Z,,FAVORABLE_FIRST,2026-07-21T16:04:00Z,,FAVORABLE_FIRST,2026-07-21T15:21:00Z,,FAVORABLE_FIRST,2026-07-21T15:21:00Z,,FAVORABLE_FIRST,2026-07-21T16:04:00Z,,FAVORABLE_FIRST,2026-07-21T16:23:00Z,,NEITHER,,
SPY:2026-07-22:LONG:2026-07-22T13:45:00+00:00:v1,2026-07-22,LONG,747.760000000000,748.150000000000,0.390000000000,0.390000000000,5,WORSE,2.260000000000,1.870000000000,1.080000000000,1.470000000000,-0.370000000000,-0.760000000000,0.390000000000,-0.390000000000,True,40,35,2026-07-22T13:50:00Z,2026-07-22T14:30:00Z,ADVERSE_FIRST,2026-07-22T13:52:00Z,2026-07-22T13:51:00Z,ADVERSE_FIRST,2026-07-22T13:56:00Z,2026-07-22T13:51:00Z,ADVERSE_FIRST,2026-07-22T13:57:00Z,2026-07-22T13:51:00Z,ADVERSE_FIRST,2026-07-22T13:59:00Z,2026-07-22T13:51:00Z,ADVERSE_FIRST,2026-07-22T13:56:00Z,2026-07-22T13:51:00Z,ADVERSE_FIRST,2026-07-22T13:57:00Z,2026-07-22T13:51:00Z,ADVERSE_FIRST,2026-07-22T13:59:00Z,2026-07-22T13:51:00Z,ADVERSE_FIRST,2026-07-22T14:05:00Z,2026-07-22T13:51:00Z,ADVERSE_FIRST,2026-07-22T15:59:00Z,2026-07-22T13:51:00Z,2026-07-22T13:55:00Z,2026-07-22T14:30:00Z,FAVORABLE_FIRST,2026-07-22T13:56:00Z,2026-07-22T14:16:00Z,FAVORABLE_FIRST,2026-07-22T13:57:00Z,2026-07-22T14:16:00Z,FAVORABLE_FIRST,2026-07-22T14:00:00Z,2026-07-22T14:16:00Z,FAVORABLE_FIRST,2026-07-22T14:05:00Z,2026-07-22T14:16:00Z,FAVORABLE_FIRST,2026-07-22T13:57:00Z,2026-07-22T14:17:00Z,FAVORABLE_FIRST,2026-07-22T14:00:00Z,2026-07-22T14:17:00Z,FAVORABLE_FIRST,2026-07-22T14:05:00Z,2026-07-22T14:17:00Z,ADVERSE_FIRST,2026-07-22T15:27:00Z,2026-07-22T14:17:00Z,ADVERSE_FIRST,,2026-07-22T14:17:00Z
SPY:2026-07-22:LONG:2026-07-22T14:57:00+00:00:v1,2026-07-22,LONG,747.935000000000,748.305000000000,0.370000000000,0.370000000000,5,WORSE,2.085000000000,1.715000000000,0.640000000000,1.010000000000,-0.545000000000,-0.915000000000,0.370000000000,-0.370000000000,True,280,275,2026-07-22T15:00:00Z,2026-07-22T19:40:00Z,FAVORABLE_FIRST,2026-07-22T15:03:00Z,2026-07-22T19:26:00Z,FAVORABLE_FIRST,2026-07-22T15:04:00Z,2026-07-22T19:26:00Z,FAVORABLE_FIRST,2026-07-22T15:09:00Z,2026-07-22T19:26:00Z,FAVORABLE_FIRST,2026-07-22T15:10:00Z,2026-07-22T19:26:00Z,FAVORABLE_FIRST,2026-07-22T15:04:00Z,2026-07-22T19:36:00Z,FAVORABLE_FIRST,2026-07-22T15:09:00Z,2026-07-22T19:36:00Z,FAVORABLE_FIRST,2026-07-22T15:10:00Z,2026-07-22T19:36:00Z,FAVORABLE_FIRST,2026-07-22T15:25:00Z,2026-07-22T19:36:00Z,FAVORABLE_FIRST,2026-07-22T16:18:00Z,2026-07-22T19:36:00Z,2026-07-22T15:05:00Z,2026-07-22T19:40:00Z,FAVORABLE_FIRST,2026-07-22T15:06:00Z,2026-07-22T18:13:00Z,FAVORABLE_FIRST,2026-07-22T15:10:00Z,2026-07-22T18:13:00Z,FAVORABLE_FIRST,2026-07-22T15:20:00Z,2026-07-22T18:13:00Z,FAVORABLE_FIRST,2026-07-22T15:24:00Z,2026-07-22T18:13:00Z,FAVORABLE_FIRST,2026-07-22T15:10:00Z,2026-07-22T19:12:00Z,FAVORABLE_FIRST,2026-07-22T15:20:00Z,2026-07-22T19:12:00Z,FAVORABLE_FIRST,2026-07-22T15:24:00Z,2026-07-22T19:12:00Z,FAVORABLE_FIRST,2026-07-22T16:00:00Z,2026-07-22T19:12:00Z,ADVERSE_FIRST,,2026-07-22T19:12:00Z
SPY:2026-07-22:LONG:2026-07-22T19:40:00+00:00:v1,2026-07-22,LONG,747.790000000000,747.980000000000,0.190000000000,0.190000000000,5,WORSE,0.510000000000,0.260000000000,0.495000000000,0.685000000000,-0.400000000000,-0.590000000000,0.250000000000,-0.190000000000,True,15,10,2026-07-22T19:45:00Z,2026-07-22T20:00:00Z,FAVORABLE_FIRST,2026-07-22T19:49:00Z,2026-07-22T19:59:00Z,FAVORABLE_FIRST,2026-07-22T19:50:00Z,2026-07-22T19:59:00Z,ADVERSE_FIRST,,2026-07-22T19:59:00Z,ADVERSE_FIRST,,2026-07-22T19:59:00Z,FAVORABLE_FIRST,2026-07-22T19:50:00Z,2026-07-22T19:59:00Z,ADVERSE_FIRST,,2026-07-22T19:59:00Z,ADVERSE_FIRST,,2026-07-22T19:59:00Z,ADVERSE_FIRST,,2026-07-22T19:59:00Z,ADVERSE_FIRST,,2026-07-22T19:59:00Z,2026-07-22T19:50:00Z,2026-07-22T20:00:00Z,ADVERSE_FIRST,2026-07-22T19:58:00Z,2026-07-22T19:51:00Z,ADVERSE_FIRST,,2026-07-22T19:51:00Z,ADVERSE_FIRST,,2026-07-22T19:51:00Z,ADVERSE_FIRST,,2026-07-22T19:51:00Z,ADVERSE_FIRST,,2026-07-22T19:55:00Z,ADVERSE_FIRST,,2026-07-22T19:55:00Z,ADVERSE_FIRST,,2026-07-22T19:55:00Z,ADVERSE_FIRST,,2026-07-22T19:55:00Z,ADVERSE_FIRST,,2026-07-22T19:55:00Z
SPY:2026-07-23:LONG:2026-07-23T13:35:00+00:00:v1,2026-07-23,LONG,741.445000000000,741.820000000000,0.375000000000,0.375000000000,5,WORSE,1.115000000000,0,6.235000000000,6.610000000000,-3.205000000000,-3.580000000000,1.115000000000,-0.375000000000,True,10,5,2026-07-23T13:40:00Z,2026-07-23T13:50:00Z,FAVORABLE_FIRST,2026-07-23T13:41:00Z,2026-07-23T13:48:00Z,FAVORABLE_FIRST,2026-07-23T13:42:00Z,2026-07-23T13:48:00Z,FAVORABLE_FIRST,2026-07-23T13:42:00Z,2026-07-23T13:48:00Z,FAVORABLE_FIRST,2026-07-23T13:43:00Z,2026-07-23T13:48:00Z,FAVORABLE_FIRST,2026-07-23T13:42:00Z,2026-07-23T13:48:00Z,FAVORABLE_FIRST,2026-07-23T13:42:00Z,2026-07-23T13:48:00Z,FAVORABLE_FIRST,2026-07-23T13:43:00Z,2026-07-23T13:48:00Z,ADVERSE_FIRST,,2026-07-23T13:48:00Z,ADVERSE_FIRST,,2026-07-23T13:48:00Z,2026-07-23T13:45:00Z,2026-07-23T13:50:00Z,ADVERSE_FIRST,,2026-07-23T13:46:00Z,ADVERSE_FIRST,,2026-07-23T13:46:00Z,ADVERSE_FIRST,,2026-07-23T13:46:00Z,ADVERSE_FIRST,,2026-07-23T13:46:00Z,ADVERSE_FIRST,,2026-07-23T13:46:00Z,ADVERSE_FIRST,,2026-07-23T13:46:00Z,ADVERSE_FIRST,,2026-07-23T13:46:00Z,ADVERSE_FIRST,,2026-07-23T13:46:00Z,ADVERSE_FIRST,,2026-07-23T13:46:00Z
SPY:2026-07-23:SHORT:2026-07-23T14:50:00+00:00:v1,2026-07-23,SHORT,738.140000000000,738.310000000000,0.170000000000,-0.170000000000,5,BETTER,2.930000000000,3.100000000000,1.580000000000,1.410000000000,-0.100000000000,0.070000000000,-0.170000000000,0.170000000000,True,75,70,2026-07-23T14:55:00Z,2026-07-23T16:10:00Z,ADVERSE_FIRST,2026-07-23T15:01:00Z,2026-07-23T14:56:00Z,ADVERSE_FIRST,2026-07-23T15:03:00Z,2026-07-23T14:56:00Z,ADVERSE_FIRST,2026-07-23T15:05:00Z,2026-07-23T14:56:00Z,ADVERSE_FIRST,2026-07-23T15:06:00Z,2026-07-23T14:56:00Z,ADVERSE_FIRST,2026-07-23T15:03:00Z,2026-07-23T14:57:00Z,ADVERSE_FIRST,2026-07-23T15:05:00Z,2026-07-23T14:57:00Z,ADVERSE_FIRST,2026-07-23T15:06:00Z,2026-07-23T14:57:00Z,ADVERSE_FIRST,2026-07-23T15:12:00Z,2026-07-23T14:57:00Z,ADVERSE_FIRST,2026-07-23T15:22:00Z,2026-07-23T14:57:00Z,2026-07-23T15:00:00Z,2026-07-23T16:10:00Z,FAVORABLE_FIRST,2026-07-23T15:01:00Z,2026-07-23T16:10:00Z,FAVORABLE_FIRST,2026-07-23T15:01:00Z,2026-07-23T16:10:00Z,FAVORABLE_FIRST,2026-07-23T15:04:00Z,2026-07-23T16:10:00Z,FAVORABLE_FIRST,2026-07-23T15:05:00Z,2026-07-23T16:10:00Z,FAVORABLE_FIRST,2026-07-23T15:01:00Z,2026-07-23T16:11:00Z,FAVORABLE_FIRST,2026-07-23T15:04:00Z,2026-07-23T16:11:00Z,FAVORABLE_FIRST,2026-07-23T15:05:00Z,2026-07-23T16:11:00Z,FAVORABLE_FIRST,2026-07-23T15:12:00Z,2026-07-23T16:11:00Z,FAVORABLE_FIRST,2026-07-23T15:22:00Z,2026-07-23T16:11:00Z
SPY:2026-07-23:SHORT:2026-07-23T16:45:00+00:00:v1,2026-07-23,SHORT,738.025000000000,737.980000000000,-0.045000000000,0.045000000000,5,WORSE,2.305000000000,2.260000000000,1.175000000000,1.220000000000,-0.215000000000,-0.260000000000,0.045000000000,-0.045000000000,True,10,5,2026-07-23T16:50:00Z,2026-07-23T17:00:00Z,ADVERSE_FIRST,2026-07-23T16:53:00Z,2026-07-23T16:52:00Z,ADVERSE_FIRST,2026-07-23T17:36:00Z,2026-07-23T16:52:00Z,ADVERSE_FIRST,2026-07-23T17:41:00Z,2026-07-23T16:52:00Z,ADVERSE_FIRST,2026-07-23T18:01:00Z,2026-07-23T16:52:00Z,ADVERSE_FIRST,2026-07-23T17:36:00Z,2026-07-23T16:52:00Z,ADVERSE_FIRST,2026-07-23T17:41:00Z,2026-07-23T16:52:00Z,ADVERSE_FIRST,2026-07-23T18:01:00Z,2026-07-23T16:52:00Z,ADVERSE_FIRST,2026-07-23T19:10:00Z,2026-07-23T16:52:00Z,ADVERSE_FIRST,2026-07-23T19:46:00Z,2026-07-23T16:52:00Z,2026-07-23T16:55:00Z,2026-07-23T17:00:00Z,ADVERSE_FIRST,2026-07-23T17:35:00Z,2026-07-23T16:56:00Z,ADVERSE_FIRST,2026-07-23T17:36:00Z,2026-07-23T16:56:00Z,ADVERSE_FIRST,2026-07-23T17:57:00Z,2026-07-23T16:56:00Z,ADVERSE_FIRST,2026-07-23T18:01:00Z,2026-07-23T16:56:00Z,ADVERSE_FIRST,2026-07-23T17:36:00Z,2026-07-23T16:56:00Z,ADVERSE_FIRST,2026-07-23T17:57:00Z,2026-07-23T16:56:00Z,ADVERSE_FIRST,2026-07-23T18:01:00Z,2026-07-23T16:56:00Z,ADVERSE_FIRST,2026-07-23T19:11:00Z,2026-07-23T16:56:00Z,ADVERSE_FIRST,2026-07-23T19:46:00Z,2026-07-23T16:56:00Z
SPY:2026-07-23:SHORT:2026-07-23T17:31:00+00:00:v1,2026-07-23,SHORT,738.090000000000,737.620000000000,-0.470000000000,0.470000000000,5,WORSE,2.370000000000,1.900000000000,0.560000000000,1.030000000000,-0.150000000000,-0.620000000000,0.470000000000,-0.470000000000,True,,,2026-07-23T17:35:00Z,,FAVORABLE_FIRST,2026-07-23T17:36:00Z,2026-07-23T19:58:00Z,FAVORABLE_FIRST,2026-07-23T17:36:00Z,2026-07-23T19:58:00Z,FAVORABLE_FIRST,2026-07-23T17:40:00Z,2026-07-23T19:58:00Z,FAVORABLE_FIRST,2026-07-23T18:00:00Z,2026-07-23T19:58:00Z,FAVORABLE_FIRST,2026-07-23T17:36:00Z,2026-07-23T19:58:00Z,FAVORABLE_FIRST,2026-07-23T17:40:00Z,2026-07-23T19:58:00Z,FAVORABLE_FIRST,2026-07-23T18:00:00Z,2026-07-23T19:58:00Z,FAVORABLE_FIRST,2026-07-23T19:10:00Z,2026-07-23T19:58:00Z,FAVORABLE_FIRST,2026-07-23T19:46:00Z,2026-07-23T19:58:00Z,2026-07-23T17:40:00Z,,FAVORABLE_FIRST,2026-07-23T17:41:00Z,2026-07-23T17:45:00Z,ADVERSE_FIRST,2026-07-23T18:00:00Z,2026-07-23T17:45:00Z,ADVERSE_FIRST,2026-07-23T18:05:00Z,2026-07-23T17:45:00Z,ADVERSE_FIRST,2026-07-23T18:42:00Z,2026-07-23T17:45:00Z,ADVERSE_FIRST,2026-07-23T18:00:00Z,2026-07-23T17:45:00Z,ADVERSE_FIRST,2026-07-23T18:05:00Z,2026-07-23T17:45:00Z,ADVERSE_FIRST,2026-07-23T18:42:00Z,2026-07-23T17:45:00Z,ADVERSE_FIRST,2026-07-23T19:46:00Z,2026-07-23T17:45:00Z,ADVERSE_FIRST,,2026-07-23T17:45:00Z
SPY:2026-07-24:SHORT:2026-07-24T13:51:00+00:00:v1,2026-07-24,SHORT,737.840000000000,737.530000000000,-0.310000000000,0.310000000000,5,WORSE,0.550000000000,0.240000000000,5.880000000000,6.190000000000,-1.010000000000,-1.320000000000,0.310000000000,-0.310000000000,True,15,10,2026-07-24T13:55:00Z,2026-07-24T14:10:00Z,FAVORABLE_FIRST,2026-07-24T13:56:00Z,2026-07-24T13:58:00Z,ADVERSE_FIRST,2026-07-24T14:00:00Z,2026-07-24T13:58:00Z,ADVERSE_FIRST,,2026-07-24T13:58:00Z,ADVERSE_FIRST,,2026-07-24T13:58:00Z,ADVERSE_FIRST,2026-07-24T14:00:00Z,2026-07-24T13:58:00Z,ADVERSE_FIRST,,2026-07-24T13:58:00Z,ADVERSE_FIRST,,2026-07-24T13:58:00Z,ADVERSE_FIRST,,2026-07-24T13:58:00Z,ADVERSE_FIRST,,2026-07-24T13:58:00Z,2026-07-24T14:00:00Z,2026-07-24T14:10:00Z,ADVERSE_FIRST,,2026-07-24T14:01:00Z,ADVERSE_FIRST,,2026-07-24T14:01:00Z,ADVERSE_FIRST,,2026-07-24T14:01:00Z,ADVERSE_FIRST,,2026-07-24T14:01:00Z,ADVERSE_FIRST,,2026-07-24T14:01:00Z,ADVERSE_FIRST,,2026-07-24T14:01:00Z,ADVERSE_FIRST,,2026-07-24T14:01:00Z,ADVERSE_FIRST,,2026-07-24T14:01:00Z,ADVERSE_FIRST,,2026-07-24T14:01:00Z
SPY:2026-07-24:SHORT:2026-07-24T14:34:00+00:00:v1,2026-07-24,SHORT,738.335000000000,738.060000000000,-0.275000000000,0.275000000000,5,WORSE,1.045000000000,0.770000000000,5.385000000000,5.660000000000,-0.515000000000,-0.790000000000,0.275000000000,-0.275000000000,True,15,10,2026-07-24T14:35:00Z,2026-07-24T14:50:00Z,ADVERSE_FIRST,2026-07-24T14:39:00Z,2026-07-24T14:36:00Z,ADVERSE_FIRST,2026-07-24T14:45:00Z,2026-07-24T14:36:00Z,ADVERSE_FIRST,2026-07-24T14:45:00Z,2026-07-24T14:36:00Z,ADVERSE_FIRST,2026-07-24T19:24:00Z,2026-07-24T14:36:00Z,ADVERSE_FIRST,2026-07-24T14:45:00Z,2026-07-24T14:36:00Z,ADVERSE_FIRST,2026-07-24T14:45:00Z,2026-07-24T14:36:00Z,ADVERSE_FIRST,2026-07-24T19:24:00Z,2026-07-24T14:36:00Z,ADVERSE_FIRST,,2026-07-24T14:36:00Z,ADVERSE_FIRST,,2026-07-24T14:36:00Z,2026-07-24T14:40:00Z,2026-07-24T14:50:00Z,ADVERSE_FIRST,2026-07-24T14:45:00Z,2026-07-24T14:41:00Z,ADVERSE_FIRST,2026-07-24T14:45:00Z,2026-07-24T14:41:00Z,ADVERSE_FIRST,2026-07-24T19:24:00Z,2026-07-24T14:41:00Z,ADVERSE_FIRST,,2026-07-24T14:41:00Z,FAVORABLE_FIRST,2026-07-24T14:45:00Z,2026-07-24T14:49:00Z,ADVERSE_FIRST,2026-07-24T19:24:00Z,2026-07-24T14:49:00Z,ADVERSE_FIRST,,2026-07-24T14:49:00Z,ADVERSE_FIRST,,2026-07-24T14:49:00Z,ADVERSE_FIRST,,2026-07-24T14:49:00Z
SPY:2026-07-24:LONG:2026-07-24T14:56:00+00:00:v1,2026-07-24,LONG,740.590000000000,740.240000000000,-0.350000000000,-0.350000000000,5,BETTER,3.130000000000,3.480000000000,3.300000000000,2.950000000000,-1.740000000000,-1.390000000000,-0.350000000000,0.350000000000,True,210,205,2026-07-24T15:00:00Z,2026-07-24T18:30:00Z,FAVORABLE_FIRST,2026-07-24T15:01:00Z,2026-07-24T15:02:00Z,ADVERSE_FIRST,2026-07-24T15:11:00Z,2026-07-24T15:02:00Z,ADVERSE_FIRST,2026-07-24T15:11:00Z,2026-07-24T15:02:00Z,ADVERSE_FIRST,2026-07-24T15:11:00Z,2026-07-24T15:02:00Z,ADVERSE_FIRST,2026-07-24T15:11:00Z,2026-07-24T15:02:00Z,ADVERSE_FIRST,2026-07-24T15:11:00Z,2026-07-24T15:02:00Z,ADVERSE_FIRST,2026-07-24T15:11:00Z,2026-07-24T15:02:00Z,ADVERSE_FIRST,2026-07-24T15:14:00Z,2026-07-24T15:02:00Z,ADVERSE_FIRST,2026-07-24T15:15:00Z,2026-07-24T15:02:00Z,2026-07-24T15:05:00Z,2026-07-24T18:30:00Z,FAVORABLE_FIRST,2026-07-24T15:06:00Z,2026-07-24T15:07:00Z,ADVERSE_FIRST,2026-07-24T15:10:00Z,2026-07-24T15:07:00Z,ADVERSE_FIRST,2026-07-24T15:11:00Z,2026-07-24T15:07:00Z,ADVERSE_FIRST,2026-07-24T15:11:00Z,2026-07-24T15:07:00Z,ADVERSE_FIRST,2026-07-24T15:10:00Z,2026-07-24T15:07:00Z,ADVERSE_FIRST,2026-07-24T15:11:00Z,2026-07-24T15:07:00Z,ADVERSE_FIRST,2026-07-24T15:11:00Z,2026-07-24T15:07:00Z,ADVERSE_FIRST,2026-07-24T15:11:00Z,2026-07-24T15:07:00Z,ADVERSE_FIRST,2026-07-24T15:15:00Z,2026-07-24T15:07:00Z
SPY:2026-07-24:SHORT:2026-07-24T18:33:00+00:00:v1,2026-07-24,SHORT,738.173800000000,738.270000000000,0.096200000000,-0.096200000000,5,BETTER,0.883800000000,0.980000000000,0.926200000000,0.830000000000,-0.676200000000,-0.580000000000,-0.096200000000,0.096200000000,True,80,75,2026-07-24T18:35:00Z,2026-07-24T19:55:00Z,ADVERSE_FIRST,2026-07-24T18:40:00Z,2026-07-24T18:36:00Z,ADVERSE_FIRST,2026-07-24T18:42:00Z,2026-07-24T18:36:00Z,ADVERSE_FIRST,2026-07-24T19:16:00Z,2026-07-24T18:36:00Z,ADVERSE_FIRST,,2026-07-24T18:36:00Z,ADVERSE_FIRST,2026-07-24T18:42:00Z,2026-07-24T18:36:00Z,ADVERSE_FIRST,2026-07-24T19:16:00Z,2026-07-24T18:36:00Z,ADVERSE_FIRST,,2026-07-24T18:36:00Z,ADVERSE_FIRST,,2026-07-24T18:36:00Z,ADVERSE_FIRST,,2026-07-24T18:36:00Z,2026-07-24T18:40:00Z,2026-07-24T19:55:00Z,FAVORABLE_FIRST,2026-07-24T18:41:00Z,2026-07-24T18:46:00Z,FAVORABLE_FIRST,2026-07-24T18:41:00Z,2026-07-24T18:46:00Z,ADVERSE_FIRST,2026-07-24T19:10:00Z,2026-07-24T18:46:00Z,ADVERSE_FIRST,,2026-07-24T18:46:00Z,FAVORABLE_FIRST,2026-07-24T18:41:00Z,2026-07-24T18:46:00Z,ADVERSE_FIRST,2026-07-24T19:10:00Z,2026-07-24T18:46:00Z,ADVERSE_FIRST,,2026-07-24T18:46:00Z,ADVERSE_FIRST,,2026-07-24T18:46:00Z,ADVERSE_FIRST,,2026-07-24T18:46:00Z
SPY:2026-07-27:SHORT:2026-07-27T13:42:00+00:00:v1,2026-07-27,SHORT,743.450000000000,743.800000000000,0.350000000000,-0.350000000000,5,BETTER,7.580000000000,7.930000000000,0.720000000000,0.370000000000,4.430000000000,4.780000000000,-0.350000000000,0.350000000000,True,,,2026-07-27T13:45:00Z,,ADVERSE_FIRST,2026-07-27T13:47:00Z,2026-07-27T13:46:00Z,ADVERSE_FIRST,2026-07-27T13:56:00Z,2026-07-27T13:46:00Z,ADVERSE_FIRST,2026-07-27T13:57:00Z,2026-07-27T13:46:00Z,ADVERSE_FIRST,2026-07-27T13:57:00Z,2026-07-27T13:46:00Z,ADVERSE_FIRST,2026-07-27T13:56:00Z,2026-07-27T13:46:00Z,ADVERSE_FIRST,2026-07-27T13:57:00Z,2026-07-27T13:46:00Z,ADVERSE_FIRST,2026-07-27T13:57:00Z,2026-07-27T13:46:00Z,ADVERSE_FIRST,2026-07-27T13:58:00Z,2026-07-27T13:46:00Z,ADVERSE_FIRST,2026-07-27T14:00:00Z,2026-07-27T13:46:00Z,2026-07-27T13:50:00Z,,ADVERSE_FIRST,2026-07-27T13:53:00Z,2026-07-27T13:51:00Z,ADVERSE_FIRST,2026-07-27T13:55:00Z,2026-07-27T13:51:00Z,ADVERSE_FIRST,2026-07-27T13:56:00Z,2026-07-27T13:51:00Z,ADVERSE_FIRST,2026-07-27T13:56:00Z,2026-07-27T13:51:00Z,ADVERSE_FIRST,2026-07-27T13:55:00Z,2026-07-27T13:52:00Z,ADVERSE_FIRST,2026-07-27T13:56:00Z,2026-07-27T13:52:00Z,ADVERSE_FIRST,2026-07-27T13:56:00Z,2026-07-27T13:52:00Z,ADVERSE_FIRST,2026-07-27T13:58:00Z,2026-07-27T13:52:00Z,ADVERSE_FIRST,2026-07-27T13:59:00Z,2026-07-27T13:52:00Z
SPY:2026-07-28:SHORT:2026-07-28T13:38:00+00:00:v1,2026-07-28,SHORT,737.790000000000,737.050000000000,-0.740000000000,0.740000000000,5,WORSE,1.810000000000,1.070000000000,5.000100000000,5.740100000000,-2.970000000000,-3.710000000000,0.740000000000,-0.740000000000,True,65,60,2026-07-28T13:40:00Z,2026-07-28T14:45:00Z,ADVERSE_FIRST,2026-07-28T13:42:00Z,2026-07-28T13:41:00Z,ADVERSE_FIRST,2026-07-28T13:42:00Z,2026-07-28T13:41:00Z,ADVERSE_FIRST,2026-07-28T13:43:00Z,2026-07-28T13:41:00Z,ADVERSE_FIRST,2026-07-28T13:43:00Z,2026-07-28T13:41:00Z,ADVERSE_FIRST,2026-07-28T13:42:00Z,2026-07-28T13:41:00Z,ADVERSE_FIRST,2026-07-28T13:43:00Z,2026-07-28T13:41:00Z,ADVERSE_FIRST,2026-07-28T13:43:00Z,2026-07-28T13:41:00Z,ADVERSE_FIRST,2026-07-28T13:46:00Z,2026-07-28T13:41:00Z,ADVERSE_FIRST,,2026-07-28T13:41:00Z,2026-07-28T13:45:00Z,2026-07-28T14:45:00Z,FAVORABLE_FIRST,2026-07-28T13:46:00Z,2026-07-28T13:49:00Z,FAVORABLE_FIRST,2026-07-28T13:46:00Z,2026-07-28T13:49:00Z,FAVORABLE_FIRST,2026-07-28T13:46:00Z,2026-07-28T13:49:00Z,FAVORABLE_FIRST,2026-07-28T13:47:00Z,2026-07-28T13:49:00Z,FAVORABLE_FIRST,2026-07-28T13:46:00Z,2026-07-28T13:49:00Z,FAVORABLE_FIRST,2026-07-28T13:46:00Z,2026-07-28T13:49:00Z,FAVORABLE_FIRST,2026-07-28T13:47:00Z,2026-07-28T13:49:00Z,ADVERSE_FIRST,,2026-07-28T13:49:00Z,ADVERSE_FIRST,,2026-07-28T13:49:00Z
SPY:2026-07-28:LONG:2026-07-28T15:15:00+00:00:v1,2026-07-28,LONG,740.570000000000,741.380000000000,0.810000000000,0.810000000000,5,WORSE,2.220100000000,1.410100000000,0.150000000000,0.960000000000,0.190000000000,-0.620000000000,0.810000000000,-0.810000000000,True,,,2026-07-28T15:20:00Z,,FAVORABLE_FIRST,2026-07-28T15:21:00Z,,FAVORABLE_FIRST,2026-07-28T15:21:00Z,,FAVORABLE_FIRST,2026-07-28T15:24:00Z,,FAVORABLE_FIRST,2026-07-28T15:26:00Z,,FAVORABLE_FIRST,2026-07-28T15:21:00Z,,FAVORABLE_FIRST,2026-07-28T15:24:00Z,,FAVORABLE_FIRST,2026-07-28T15:26:00Z,,FAVORABLE_FIRST,2026-07-28T15:44:00Z,,FAVORABLE_FIRST,2026-07-28T16:53:00Z,,2026-07-28T15:25:00Z,,FAVORABLE_FIRST,2026-07-28T15:26:00Z,2026-07-28T15:28:00Z,FAVORABLE_FIRST,2026-07-28T15:26:00Z,2026-07-28T15:28:00Z,ADVERSE_FIRST,2026-07-28T15:45:00Z,2026-07-28T15:28:00Z,ADVERSE_FIRST,2026-07-28T15:48:00Z,2026-07-28T15:28:00Z,FAVORABLE_FIRST,2026-07-28T15:26:00Z,2026-07-28T15:29:00Z,ADVERSE_FIRST,2026-07-28T15:45:00Z,2026-07-28T15:29:00Z,ADVERSE_FIRST,2026-07-28T15:48:00Z,2026-07-28T15:29:00Z,ADVERSE_FIRST,,2026-07-28T15:29:00Z,ADVERSE_FIRST,,2026-07-28T15:29:00Z
SPY:2026-07-29:SHORT:2026-07-29T13:50:00+00:00:v1,2026-07-29,SHORT,737.810000000000,737.360000000000,-0.450000000000,0.450000000000,5,WORSE,8.710000000000,8.260000000000,4.870000000000,5.320000000000,8.300000000000,7.850000000000,0.450000000000,-0.450000000000,True,285,280,2026-07-29T13:55:00Z,2026-07-29T18:40:00Z,FAVORABLE_FIRST,2026-07-29T13:56:00Z,2026-07-29T14:02:00Z,FAVORABLE_FIRST,2026-07-29T13:56:00Z,2026-07-29T14:02:00Z,FAVORABLE_FIRST,2026-07-29T13:56:00Z,2026-07-29T14:02:00Z,FAVORABLE_FIRST,2026-07-29T13:57:00Z,2026-07-29T14:02:00Z,FAVORABLE_FIRST,2026-07-29T13:56:00Z,2026-07-29T14:05:00Z,FAVORABLE_FIRST,2026-07-29T13:56:00Z,2026-07-29T14:05:00Z,FAVORABLE_FIRST,2026-07-29T13:57:00Z,2026-07-29T14:05:00Z,ADVERSE_FIRST,2026-07-29T14:12:00Z,2026-07-29T14:05:00Z,ADVERSE_FIRST,2026-07-29T14:12:00Z,2026-07-29T14:05:00Z,2026-07-29T14:00:00Z,2026-07-29T18:40:00Z,ADVERSE_FIRST,2026-07-29T14:07:00Z,2026-07-29T14:01:00Z,ADVERSE_FIRST,2026-07-29T14:08:00Z,2026-07-29T14:01:00Z,ADVERSE_FIRST,2026-07-29T14:10:00Z,2026-07-29T14:01:00Z,ADVERSE_FIRST,2026-07-29T14:12:00Z,2026-07-29T14:01:00Z,ADVERSE_FIRST,2026-07-29T14:08:00Z,2026-07-29T14:01:00Z,ADVERSE_FIRST,2026-07-29T14:10:00Z,2026-07-29T14:01:00Z,ADVERSE_FIRST,2026-07-29T14:12:00Z,2026-07-29T14:01:00Z,ADVERSE_FIRST,2026-07-29T14:12:00Z,2026-07-29T14:01:00Z,ADVERSE_FIRST,2026-07-29T14:13:00Z,2026-07-29T14:01:00Z
SPY:2026-07-29:LONG:2026-07-29T18:43:00+00:00:v1,2026-07-29,LONG,740.720000000000,741.920000000000,1.200000000000,1.200000000000,5,WORSE,1.960000000000,0.760000000000,11.620000000000,12.820000000000,-11.210000000000,-12.410000000000,1.200000000000,-1.200000000000,True,25,20,2026-07-29T18:45:00Z,2026-07-29T19:10:00Z,FAVORABLE_FIRST,2026-07-29T18:46:00Z,2026-07-29T19:04:00Z,FAVORABLE_FIRST,2026-07-29T18:46:00Z,2026-07-29T19:04:00Z,FAVORABLE_FIRST,2026-07-29T18:47:00Z,2026-07-29T19:04:00Z,FAVORABLE_FIRST,2026-07-29T18:47:00Z,2026-07-29T19:04:00Z,FAVORABLE_FIRST,2026-07-29T18:46:00Z,2026-07-29T19:04:00Z,FAVORABLE_FIRST,2026-07-29T18:47:00Z,2026-07-29T19:04:00Z,FAVORABLE_FIRST,2026-07-29T18:47:00Z,2026-07-29T19:04:00Z,FAVORABLE_FIRST,2026-07-29T18:53:00Z,2026-07-29T19:04:00Z,ADVERSE_FIRST,,2026-07-29T19:04:00Z,2026-07-29T18:50:00Z,2026-07-29T19:10:00Z,ADVERSE_FIRST,2026-07-29T18:53:00Z,2026-07-29T18:51:00Z,ADVERSE_FIRST,2026-07-29T18:53:00Z,2026-07-29T18:51:00Z,ADVERSE_FIRST,2026-07-29T18:55:00Z,2026-07-29T18:51:00Z,ADVERSE_FIRST,,2026-07-29T18:51:00Z,ADVERSE_FIRST,2026-07-29T18:53:00Z,2026-07-29T18:51:00Z,ADVERSE_FIRST,2026-07-29T18:55:00Z,2026-07-29T18:51:00Z,ADVERSE_FIRST,,2026-07-29T18:51:00Z,ADVERSE_FIRST,,2026-07-29T18:51:00Z,ADVERSE_FIRST,,2026-07-29T18:51:00Z
SPY:2026-07-29:SHORT:2026-07-29T19:15:00+00:00:v1,2026-07-29,SHORT,737.589900000000,735.370000000000,-2.219900000000,2.219900000000,5,WORSE,8.489900000000,6.270000000000,0,0.370000000000,8.079900000000,5.860000000000,2.219900000000,-0.370000000000,True,,,2026-07-29T19:20:00Z,,FAVORABLE_FIRST,2026-07-29T19:21:00Z,,FAVORABLE_FIRST,2026-07-29T19:21:00Z,,FAVORABLE_FIRST,2026-07-29T19:21:00Z,,FAVORABLE_FIRST,2026-07-29T19:21:00Z,,FAVORABLE_FIRST,2026-07-29T19:21:00Z,,FAVORABLE_FIRST,2026-07-29T19:21:00Z,,FAVORABLE_FIRST,2026-07-29T19:21:00Z,,FAVORABLE_FIRST,2026-07-29T19:21:00Z,,FAVORABLE_FIRST,2026-07-29T19:22:00Z,,2026-07-29T19:25:00Z,,FAVORABLE_FIRST,2026-07-29T19:26:00Z,2026-07-29T19:31:00Z,FAVORABLE_FIRST,2026-07-29T19:26:00Z,2026-07-29T19:31:00Z,FAVORABLE_FIRST,2026-07-29T19:26:00Z,2026-07-29T19:31:00Z,FAVORABLE_FIRST,2026-07-29T19:26:00Z,2026-07-29T19:31:00Z,FAVORABLE_FIRST,2026-07-29T19:26:00Z,2026-07-29T19:31:00Z,FAVORABLE_FIRST,2026-07-29T19:26:00Z,2026-07-29T19:31:00Z,FAVORABLE_FIRST,2026-07-29T19:26:00Z,2026-07-29T19:31:00Z,ADVERSE_FIRST,2026-07-29T19:33:00Z,2026-07-29T19:31:00Z,ADVERSE_FIRST,2026-07-29T19:33:00Z,2026-07-29T19:31:00Z
SPY:2026-07-30:LONG:2026-07-30T13:43:00+00:00:v1,2026-07-30,LONG,736.395000000000,737.400000000000,1.005000000000,1.005000000000,5,WORSE,6.055000000000,5.050000000000,1.805000000000,2.810000000000,5.315000000000,4.310000000000,1.005000000000,-1.005000000000,True,70,65,2026-07-30T13:45:00Z,2026-07-30T14:55:00Z,FAVORABLE_FIRST,2026-07-30T13:46:00Z,2026-07-30T14:54:00Z,FAVORABLE_FIRST,2026-07-30T13:46:00Z,2026-07-30T14:54:00Z,FAVORABLE_FIRST,2026-07-30T13:46:00Z,2026-07-30T14:54:00Z,FAVORABLE_FIRST,2026-07-30T13:49:00Z,2026-07-30T14:54:00Z,FAVORABLE_FIRST,2026-07-30T13:46:00Z,2026-07-30T14:54:00Z,FAVORABLE_FIRST,2026-07-30T13:46:00Z,2026-07-30T14:54:00Z,FAVORABLE_FIRST,2026-07-30T13:49:00Z,2026-07-30T14:54:00Z,FAVORABLE_FIRST,2026-07-30T13:50:00Z,2026-07-30T14:54:00Z,FAVORABLE_FIRST,2026-07-30T13:59:00Z,2026-07-30T14:54:00Z,2026-07-30T13:50:00Z,2026-07-30T14:55:00Z,FAVORABLE_FIRST,2026-07-30T13:51:00Z,2026-07-30T14:48:00Z,FAVORABLE_FIRST,2026-07-30T13:51:00Z,2026-07-30T14:48:00Z,FAVORABLE_FIRST,2026-07-30T13:51:00Z,2026-07-30T14:48:00Z,FAVORABLE_FIRST,2026-07-30T13:59:00Z,2026-07-30T14:48:00Z,FAVORABLE_FIRST,2026-07-30T13:51:00Z,2026-07-30T14:48:00Z,FAVORABLE_FIRST,2026-07-30T13:51:00Z,2026-07-30T14:48:00Z,FAVORABLE_FIRST,2026-07-30T13:59:00Z,2026-07-30T14:48:00Z,FAVORABLE_FIRST,2026-07-30T14:02:00Z,2026-07-30T14:48:00Z,ADVERSE_FIRST,2026-07-30T17:00:00Z,2026-07-30T14:48:00Z
SPY:2026-07-30:LONG:2026-07-30T15:41:00+00:00:v1,2026-07-30,LONG,736.623000000000,737.075000000000,0.452000000000,0.452000000000,5,WORSE,5.827000000000,5.375000000000,0.243000000000,0.695000000000,5.087000000000,4.635000000000,0.452000000000,-0.452000000000,True,,,2026-07-30T15:45:00Z,,FAVORABLE_FIRST,2026-07-30T15:46:00Z,,FAVORABLE_FIRST,2026-07-30T15:46:00Z,,FAVORABLE_FIRST,2026-07-30T15:55:00Z,,FAVORABLE_FIRST,2026-07-30T15:56:00Z,,FAVORABLE_FIRST,2026-07-30T15:46:00Z,,FAVORABLE_FIRST,2026-07-30T15:55:00Z,,FAVORABLE_FIRST,2026-07-30T15:56:00Z,,FAVORABLE_FIRST,2026-07-30T16:04:00Z,,FAVORABLE_FIRST,2026-07-30T16:11:00Z,,2026-07-30T15:50:00Z,,ADVERSE_FIRST,2026-07-30T15:55:00Z,2026-07-30T15:51:00Z,ADVERSE_FIRST,2026-07-30T15:56:00Z,2026-07-30T15:51:00Z,ADVERSE_FIRST,2026-07-30T16:03:00Z,2026-07-30T15:51:00Z,ADVERSE_FIRST,2026-07-30T16:04:00Z,2026-07-30T15:51:00Z,ADVERSE_FIRST,2026-07-30T15:56:00Z,2026-07-30T15:51:00Z,ADVERSE_FIRST,2026-07-30T16:03:00Z,2026-07-30T15:51:00Z,ADVERSE_FIRST,2026-07-30T16:04:00Z,2026-07-30T15:51:00Z,ADVERSE_FIRST,2026-07-30T16:11:00Z,2026-07-30T15:51:00Z,ADVERSE_FIRST,2026-07-30T16:17:00Z,2026-07-30T15:51:00Z
SPY:2026-07-31:SHORT:2026-07-31T13:39:00+00:00:v1,2026-07-31,SHORT,744.122000000000,743.115000000000,-1.007000000000,1.007000000000,5,WORSE,6.442000000000,5.435000000000,4.773000000000,5.780000000000,-2.688000000000,-3.695000000000,1.007000000000,-1.007000000000,True,175,170,2026-07-31T13:40:00Z,2026-07-31T16:35:00Z,FAVORABLE_FIRST,2026-07-31T13:41:00Z,2026-07-31T16:24:00Z,FAVORABLE_FIRST,2026-07-31T13:41:00Z,2026-07-31T16:24:00Z,FAVORABLE_FIRST,2026-07-31T13:42:00Z,2026-07-31T16:24:00Z,FAVORABLE_FIRST,2026-07-31T13:42:00Z,2026-07-31T16:24:00Z,FAVORABLE_FIRST,2026-07-31T13:41:00Z,2026-07-31T16:24:00Z,FAVORABLE_FIRST,2026-07-31T13:42:00Z,2026-07-31T16:24:00Z,FAVORABLE_FIRST,2026-07-31T13:42:00Z,2026-07-31T16:24:00Z,FAVORABLE_FIRST,2026-07-31T13:46:00Z,2026-07-31T16:24:00Z,FAVORABLE_FIRST,2026-07-31T13:49:00Z,2026-07-31T16:24:00Z,2026-07-31T13:45:00Z,2026-07-31T16:35:00Z,FAVORABLE_FIRST,2026-07-31T13:46:00Z,2026-07-31T16:00:00Z,FAVORABLE_FIRST,2026-07-31T13:46:00Z,2026-07-31T16:00:00Z,FAVORABLE_FIRST,2026-07-31T13:48:00Z,2026-07-31T16:00:00Z,FAVORABLE_FIRST,2026-07-31T13:49:00Z,2026-07-31T16:00:00Z,FAVORABLE_FIRST,2026-07-31T13:46:00Z,2026-07-31T16:01:00Z,FAVORABLE_FIRST,2026-07-31T13:48:00Z,2026-07-31T16:01:00Z,FAVORABLE_FIRST,2026-07-31T13:49:00Z,2026-07-31T16:01:00Z,FAVORABLE_FIRST,2026-07-31T13:53:00Z,2026-07-31T16:01:00Z,FAVORABLE_FIRST,2026-07-31T14:01:00Z,2026-07-31T16:01:00Z
SPY:2026-07-31:SHORT:2026-07-31T16:36:00+00:00:v1,2026-07-31,SHORT,744.550000000000,744.170000000000,-0.380000000000,0.380000000000,5,WORSE,0.560000000000,0.090000000000,4.345000000000,4.725000000000,-2.260000000000,-2.640000000000,0.470000000000,-0.380000000000,True,15,10,2026-07-31T16:40:00Z,2026-07-31T16:55:00Z,FAVORABLE_FIRST,2026-07-31T16:41:00Z,2026-07-31T16:51:00Z,FAVORABLE_FIRST,2026-07-31T16:45:00Z,2026-07-31T16:51:00Z,ADVERSE_FIRST,,2026-07-31T16:51:00Z,ADVERSE_FIRST,,2026-07-31T16:51:00Z,FAVORABLE_FIRST,2026-07-31T16:45:00Z,2026-07-31T16:51:00Z,ADVERSE_FIRST,,2026-07-31T16:51:00Z,ADVERSE_FIRST,,2026-07-31T16:51:00Z,ADVERSE_FIRST,,2026-07-31T16:51:00Z,ADVERSE_FIRST,,2026-07-31T16:51:00Z,2026-07-31T16:45:00Z,2026-07-31T16:55:00Z,ADVERSE_FIRST,,2026-07-31T16:46:00Z,ADVERSE_FIRST,,2026-07-31T16:46:00Z,ADVERSE_FIRST,,2026-07-31T16:46:00Z,ADVERSE_FIRST,,2026-07-31T16:46:00Z,ADVERSE_FIRST,,2026-07-31T16:46:00Z,ADVERSE_FIRST,,2026-07-31T16:46:00Z,ADVERSE_FIRST,,2026-07-31T16:46:00Z,ADVERSE_FIRST,,2026-07-31T16:46:00Z,ADVERSE_FIRST,,2026-07-31T16:46:00Z
SPY:2026-07-31:LONG:2026-07-31T19:10:00+00:00:v1,2026-07-31,LONG,746.330000000000,747.520000000000,1.190000000000,1.190000000000,5,WORSE,2.565000000000,1.375000000000,0,1.180000000000,0.480000000000,-0.710000000000,1.190000000000,-1.180000000000,True,,,2026-07-31T19:15:00Z,,FAVORABLE_FIRST,2026-07-31T19:16:00Z,,FAVORABLE_FIRST,2026-07-31T19:17:00Z,,FAVORABLE_FIRST,2026-07-31T19:18:00Z,,FAVORABLE_FIRST,2026-07-31T19:19:00Z,,FAVORABLE_FIRST,2026-07-31T19:17:00Z,,FAVORABLE_FIRST,2026-07-31T19:18:00Z,,FAVORABLE_FIRST,2026-07-31T19:19:00Z,,FAVORABLE_FIRST,2026-07-31T19:22:00Z,,FAVORABLE_FIRST,2026-07-31T19:45:00Z,,2026-07-31T19:20:00Z,,FAVORABLE_FIRST,2026-07-31T19:22:00Z,2026-07-31T19:30:00Z,ADVERSE_FIRST,2026-07-31T19:44:00Z,2026-07-31T19:30:00Z,ADVERSE_FIRST,2026-07-31T19:45:00Z,2026-07-31T19:30:00Z,ADVERSE_FIRST,2026-07-31T19:50:00Z,2026-07-31T19:30:00Z,ADVERSE_FIRST,2026-07-31T19:44:00Z,2026-07-31T19:30:00Z,ADVERSE_FIRST,2026-07-31T19:45:00Z,2026-07-31T19:30:00Z,ADVERSE_FIRST,2026-07-31T19:50:00Z,2026-07-31T19:30:00Z,ADVERSE_FIRST,,2026-07-31T19:30:00Z,ADVERSE_FIRST,,2026-07-31T19:30:00Z
SPY:2026-08-03:LONG:2026-08-03T13:35:00+00:00:v1,2026-08-03,LONG,751.720000000000,751.580000000000,-0.140000000000,-0.140000000000,5,BETTER,6.860000000000,7.000000000000,0.750000000000,0.210000000000,5.950000000000,6.090000000000,-0.140000000000,0.540000000000,True,,,2026-08-03T13:40:00Z,,ADVERSE_FIRST,2026-08-03T13:47:00Z,2026-08-03T13:41:00Z,ADVERSE_FIRST,2026-08-03T13:48:00Z,2026-08-03T13:41:00Z,ADVERSE_FIRST,2026-08-03T13:51:00Z,2026-08-03T13:41:00Z,ADVERSE_FIRST,2026-08-03T13:53:00Z,2026-08-03T13:41:00Z,ADVERSE_FIRST,2026-08-03T13:48:00Z,2026-08-03T13:41:00Z,ADVERSE_FIRST,2026-08-03T13:51:00Z,2026-08-03T13:41:00Z,ADVERSE_FIRST,2026-08-03T13:53:00Z,2026-08-03T13:41:00Z,ADVERSE_FIRST,2026-08-03T13:57:00Z,2026-08-03T13:41:00Z,ADVERSE_FIRST,2026-08-03T14:02:00Z,2026-08-03T13:41:00Z,2026-08-03T13:45:00Z,,FAVORABLE_FIRST,2026-08-03T13:47:00Z,,FAVORABLE_FIRST,2026-08-03T13:48:00Z,,FAVORABLE_FIRST,2026-08-03T13:48:00Z,,FAVORABLE_FIRST,2026-08-03T13:53:00Z,,FAVORABLE_FIRST,2026-08-03T13:48:00Z,,FAVORABLE_FIRST,2026-08-03T13:48:00Z,,FAVORABLE_FIRST,2026-08-03T13:53:00Z,,FAVORABLE_FIRST,2026-08-03T13:55:00Z,,FAVORABLE_FIRST,2026-08-03T13:59:00Z,
SPY:2026-08-04:LONG:2026-08-04T13:45:00+00:00:v1,2026-08-04,LONG,762.530000000000,763.420000000000,0.890000000000,0.890000000000,5,WORSE,10.880000000000,9.990000000000,0,0.754900000000,8.720000000000,7.830000000000,0.890000000000,-0.754900000000,True,,,2026-08-04T13:50:00Z,,FAVORABLE_FIRST,2026-08-04T13:51:00Z,,FAVORABLE_FIRST,2026-08-04T13:51:00Z,,FAVORABLE_FIRST,2026-08-04T13:54:00Z,,FAVORABLE_FIRST,2026-08-04T14:01:00Z,,FAVORABLE_FIRST,2026-08-04T13:51:00Z,,FAVORABLE_FIRST,2026-08-04T13:54:00Z,,FAVORABLE_FIRST,2026-08-04T14:01:00Z,,FAVORABLE_FIRST,2026-08-04T14:02:00Z,,FAVORABLE_FIRST,2026-08-04T14:08:00Z,,2026-08-04T13:55:00Z,,ADVERSE_FIRST,2026-08-04T14:01:00Z,2026-08-04T13:56:00Z,ADVERSE_FIRST,2026-08-04T14:02:00Z,2026-08-04T13:56:00Z,ADVERSE_FIRST,2026-08-04T14:05:00Z,2026-08-04T13:56:00Z,ADVERSE_FIRST,2026-08-04T14:06:00Z,2026-08-04T13:56:00Z,ADVERSE_FIRST,2026-08-04T14:02:00Z,2026-08-04T13:56:00Z,ADVERSE_FIRST,2026-08-04T14:05:00Z,2026-08-04T13:56:00Z,ADVERSE_FIRST,2026-08-04T14:06:00Z,2026-08-04T13:56:00Z,ADVERSE_FIRST,2026-08-04T14:15:00Z,2026-08-04T13:56:00Z,ADVERSE_FIRST,2026-08-04T14:38:00Z,2026-08-04T13:56:00Z
SPY:2026-08-05:SHORT:2026-08-05T14:28:00+00:00:v1,2026-08-05,SHORT,774.780900000000,774.600000000000,-0.180900000000,0.180900000000,5,WORSE,5.270900000000,5.090000000000,0.239200000000,0.240000000000,5.020900000000,4.840000000000,0.180900000000,-0.000800000000,True,,,2026-08-05T14:30:00Z,,FAVORABLE_FIRST,2026-08-05T14:31:00Z,,FAVORABLE_FIRST,2026-08-05T14:31:00Z,,FAVORABLE_FIRST,2026-08-05T14:37:00Z,,FAVORABLE_FIRST,2026-08-05T14:40:00Z,,FAVORABLE_FIRST,2026-08-05T14:31:00Z,,FAVORABLE_FIRST,2026-08-05T14:37:00Z,,FAVORABLE_FIRST,2026-08-05T14:40:00Z,,FAVORABLE_FIRST,2026-08-05T14:53:00Z,,FAVORABLE_FIRST,2026-08-05T14:53:00Z,,2026-08-05T14:35:00Z,,FAVORABLE_FIRST,2026-08-05T14:36:00Z,,FAVORABLE_FIRST,2026-08-05T14:36:00Z,,FAVORABLE_FIRST,2026-08-05T14:38:00Z,,FAVORABLE_FIRST,2026-08-05T14:52:00Z,,FAVORABLE_FIRST,2026-08-05T14:36:00Z,,FAVORABLE_FIRST,2026-08-05T14:38:00Z,,FAVORABLE_FIRST,2026-08-05T14:52:00Z,,FAVORABLE_FIRST,2026-08-05T14:53:00Z,,FAVORABLE_FIRST,2026-08-05T14:53:00Z,
SPY:2026-08-06:LONG:2026-08-06T13:45:00+00:00:v1,2026-08-06,LONG,771.310000000000,770.920000000000,-0.390000000000,-0.390000000000,5,BETTER,0.510000000000,0.900000000000,3.850000000000,3.460000000000,-2.780000000000,-2.390000000000,-0.390000000000,0.390000000000,True,40,35,2026-08-06T13:50:00Z,2026-08-06T14:30:00Z,ADVERSE_FIRST,2026-08-06T14:10:00Z,2026-08-06T13:51:00Z,ADVERSE_FIRST,2026-08-06T14:19:00Z,2026-08-06T13:51:00Z,ADVERSE_FIRST,,2026-08-06T13:51:00Z,ADVERSE_FIRST,,2026-08-06T13:51:00Z,ADVERSE_FIRST,2026-08-06T14:19:00Z,2026-08-06T13:54:00Z,ADVERSE_FIRST,,2026-08-06T13:54:00Z,ADVERSE_FIRST,,2026-08-06T13:54:00Z,ADVERSE_FIRST,,2026-08-06T13:54:00Z,ADVERSE_FIRST,,2026-08-06T13:54:00Z,2026-08-06T13:55:00Z,2026-08-06T14:30:00Z,AMBIGUOUS_SAME_BAR,2026-08-06T13:56:00Z,2026-08-06T13:56:00Z,ADVERSE_FIRST,2026-08-06T14:07:00Z,2026-08-06T13:56:00Z,ADVERSE_FIRST,2026-08-06T14:11:00Z,2026-08-06T13:56:00Z,ADVERSE_FIRST,,2026-08-06T13:56:00Z,ADVERSE_FIRST,2026-08-06T14:07:00Z,2026-08-06T13:59:00Z,ADVERSE_FIRST,2026-08-06T14:11:00Z,2026-08-06T13:59:00Z,ADVERSE_FIRST,,2026-08-06T13:59:00Z,ADVERSE_FIRST,,2026-08-06T13:59:00Z,ADVERSE_FIRST,,2026-08-06T13:59:00Z
SPY:2026-08-06:SHORT:2026-08-06T15:19:00+00:00:v1,2026-08-06,SHORT,768.960000000000,768.930000000000,-0.030000000000,0.030000000000,5,WORSE,1.500000000000,1.470000000000,0.830000000000,0.860000000000,0.430000000000,0.400000000000,0.030000000000,-0.030000000000,True,10,5,2026-08-06T15:20:00Z,2026-08-06T15:30:00Z,AMBIGUOUS_SAME_BAR,2026-08-06T15:23:00Z,2026-08-06T15:23:00Z,ADVERSE_FIRST,2026-08-06T15:35:00Z,2026-08-06T15:23:00Z,ADVERSE_FIRST,2026-08-06T15:54:00Z,2026-08-06T15:23:00Z,ADVERSE_FIRST,2026-08-06T15:55:00Z,2026-08-06T15:23:00Z,ADVERSE_FIRST,2026-08-06T15:35:00Z,2026-08-06T15:27:00Z,ADVERSE_FIRST,2026-08-06T15:54:00Z,2026-08-06T15:27:00Z,ADVERSE_FIRST,2026-08-06T15:55:00Z,2026-08-06T15:27:00Z,ADVERSE_FIRST,2026-08-06T16:16:00Z,2026-08-06T15:27:00Z,ADVERSE_FIRST,,2026-08-06T15:27:00Z,2026-08-06T15:25:00Z,2026-08-06T15:30:00Z,ADVERSE_FIRST,2026-08-06T15:33:00Z,2026-08-06T15:26:00Z,ADVERSE_FIRST,2026-08-06T15:35:00Z,2026-08-06T15:26:00Z,ADVERSE_FIRST,2026-08-06T15:54:00Z,2026-08-06T15:26:00Z,ADVERSE_FIRST,2026-08-06T16:01:00Z,2026-08-06T15:26:00Z,ADVERSE_FIRST,2026-08-06T15:35:00Z,2026-08-06T15:26:00Z,ADVERSE_FIRST,2026-08-06T15:54:00Z,2026-08-06T15:26:00Z,ADVERSE_FIRST,2026-08-06T16:01:00Z,2026-08-06T15:26:00Z,ADVERSE_FIRST,,2026-08-06T15:26:00Z,ADVERSE_FIRST,,2026-08-06T15:26:00Z
SPY:2026-08-06:SHORT:2026-08-06T15:31:00+00:00:v1,2026-08-06,SHORT,768.530000000000,768.700000000000,0.170000000000,-0.170000000000,5,BETTER,1.070000000000,1.240000000000,1.260000000000,1.090000000000,-0E-12,0.170000000000,-0.170000000000,0.170000000000,True,15,10,2026-08-06T15:35:00Z,2026-08-06T15:50:00Z,ADVERSE_FIRST,2026-08-06T15:54:00Z,2026-08-06T15:36:00Z,ADVERSE_FIRST,2026-08-06T15:55:00Z,2026-08-06T15:36:00Z,ADVERSE_FIRST,2026-08-06T16:01:00Z,2026-08-06T15:36:00Z,ADVERSE_FIRST,2026-08-06T16:16:00Z,2026-08-06T15:36:00Z,ADVERSE_FIRST,2026-08-06T15:55:00Z,2026-08-06T15:39:00Z,ADVERSE_FIRST,2026-08-06T16:01:00Z,2026-08-06T15:39:00Z,ADVERSE_FIRST,2026-08-06T16:16:00Z,2026-08-06T15:39:00Z,ADVERSE_FIRST,,2026-08-06T15:39:00Z,ADVERSE_FIRST,,2026-08-06T15:39:00Z,2026-08-06T15:40:00Z,2026-08-06T15:50:00Z,ADVERSE_FIRST,2026-08-06T15:43:00Z,2026-08-06T15:41:00Z,ADVERSE_FIRST,2026-08-06T15:54:00Z,2026-08-06T15:41:00Z,ADVERSE_FIRST,2026-08-06T15:55:00Z,2026-08-06T15:41:00Z,ADVERSE_FIRST,2026-08-06T16:16:00Z,2026-08-06T15:41:00Z,ADVERSE_FIRST,2026-08-06T15:54:00Z,2026-08-06T15:46:00Z,ADVERSE_FIRST,2026-08-06T15:55:00Z,2026-08-06T15:46:00Z,ADVERSE_FIRST,2026-08-06T16:16:00Z,2026-08-06T15:46:00Z,ADVERSE_FIRST,,2026-08-06T15:46:00Z,ADVERSE_FIRST,,2026-08-06T15:46:00Z
SPY:2026-08-06:SHORT:2026-08-06T15:51:00+00:00:v1,2026-08-06,SHORT,768.125000000000,768.125000000000,0E-12,-0E-12,5,UNCHANGED_WITHIN_ONE_CENT,0.665000000000,0.665000000000,1.665000000000,1.665000000000,-0.405000000000,-0.405000000000,0E-12,0E-12,True,140,135,2026-08-06T15:55:00Z,2026-08-06T18:15:00Z,ADVERSE_FIRST,2026-08-06T16:01:00Z,2026-08-06T15:56:00Z,ADVERSE_FIRST,2026-08-06T16:16:00Z,2026-08-06T15:56:00Z,ADVERSE_FIRST,,2026-08-06T15:56:00Z,ADVERSE_FIRST,,2026-08-06T15:56:00Z,ADVERSE_FIRST,2026-08-06T16:16:00Z,2026-08-06T15:56:00Z,ADVERSE_FIRST,,2026-08-06T15:56:00Z,ADVERSE_FIRST,,2026-08-06T15:56:00Z,ADVERSE_FIRST,,2026-08-06T15:56:00Z,ADVERSE_FIRST,,2026-08-06T15:56:00Z,2026-08-06T16:00:00Z,2026-08-06T18:15:00Z,FAVORABLE_FIRST,2026-08-06T16:01:00Z,2026-08-06T16:08:00Z,ADVERSE_FIRST,2026-08-06T16:16:00Z,2026-08-06T16:08:00Z,ADVERSE_FIRST,,2026-08-06T16:08:00Z,ADVERSE_FIRST,,2026-08-06T16:08:00Z,ADVERSE_FIRST,2026-08-06T16:16:00Z,2026-08-06T16:08:00Z,ADVERSE_FIRST,,2026-08-06T16:08:00Z,ADVERSE_FIRST,,2026-08-06T16:08:00Z,ADVERSE_FIRST,,2026-08-06T16:08:00Z,ADVERSE_FIRST,,2026-08-06T16:08:00Z
SPY:2026-08-06:SHORT:2026-08-06T18:37:00+00:00:v1,2026-08-06,SHORT,768.830000000000,768.780000000000,-0.050000000000,0.050000000000,5,WORSE,1.130000000000,1.080000000000,0.960000000000,1.010000000000,0.300000000000,0.250000000000,0.050000000000,-0.050000000000,True,25,20,2026-08-06T18:40:00Z,2026-08-06T19:05:00Z,FAVORABLE_FIRST,2026-08-06T18:42:00Z,2026-08-06T18:48:00Z,ADVERSE_FIRST,2026-08-06T19:41:00Z,2026-08-06T18:48:00Z,ADVERSE_FIRST,2026-08-06T19:46:00Z,2026-08-06T18:48:00Z,ADVERSE_FIRST,2026-08-06T19:50:00Z,2026-08-06T18:48:00Z,ADVERSE_FIRST,2026-08-06T19:41:00Z,2026-08-06T18:48:00Z,ADVERSE_FIRST,2026-08-06T19:46:00Z,2026-08-06T18:48:00Z,ADVERSE_FIRST,2026-08-06T19:50:00Z,2026-08-06T18:48:00Z,ADVERSE_FIRST,,2026-08-06T18:48:00Z,ADVERSE_FIRST,,2026-08-06T18:48:00Z,2026-08-06T18:45:00Z,2026-08-06T19:05:00Z,ADVERSE_FIRST,2026-08-06T19:30:00Z,2026-08-06T18:46:00Z,ADVERSE_FIRST,2026-08-06T19:41:00Z,2026-08-06T18:46:00Z,ADVERSE_FIRST,2026-08-06T19:47:00Z,2026-08-06T18:46:00Z,ADVERSE_FIRST,2026-08-06T19:50:00Z,2026-08-06T18:46:00Z,ADVERSE_FIRST,2026-08-06T19:41:00Z,2026-08-06T18:48:00Z,ADVERSE_FIRST,2026-08-06T19:47:00Z,2026-08-06T18:48:00Z,ADVERSE_FIRST,2026-08-06T19:50:00Z,2026-08-06T18:48:00Z,ADVERSE_FIRST,,2026-08-06T18:48:00Z,ADVERSE_FIRST,,2026-08-06T18:48:00Z
SPY:2026-08-06:SHORT:2026-08-06T19:24:00+00:00:v1,2026-08-06,SHORT,768.820000000000,768.660000000000,-0.160000000000,0.160000000000,5,WORSE,1.120000000000,0.960000000000,0.180000000000,0.340000000000,0.290000000000,0.130000000000,0.160000000000,-0.160000000000,True,,,2026-08-06T19:25:00Z,,FAVORABLE_FIRST,2026-08-06T19:30:00Z,,FAVORABLE_FIRST,2026-08-06T19:41:00Z,,FAVORABLE_FIRST,2026-08-06T19:47:00Z,,FAVORABLE_FIRST,2026-08-06T19:50:00Z,,FAVORABLE_FIRST,2026-08-06T19:41:00Z,,FAVORABLE_FIRST,2026-08-06T19:47:00Z,,FAVORABLE_FIRST,2026-08-06T19:50:00Z,,NEITHER,,,NEITHER,,,2026-08-06T19:30:00Z,,ADVERSE_FIRST,2026-08-06T19:41:00Z,2026-08-06T19:32:00Z,ADVERSE_FIRST,2026-08-06T19:42:00Z,2026-08-06T19:32:00Z,ADVERSE_FIRST,2026-08-06T19:50:00Z,2026-08-06T19:32:00Z,ADVERSE_FIRST,,2026-08-06T19:32:00Z,ADVERSE_FIRST,2026-08-06T19:42:00Z,2026-08-06T19:32:00Z,ADVERSE_FIRST,2026-08-06T19:50:00Z,2026-08-06T19:32:00Z,ADVERSE_FIRST,,2026-08-06T19:32:00Z,ADVERSE_FIRST,,2026-08-06T19:32:00Z,ADVERSE_FIRST,,2026-08-06T19:32:00Z
SPY:2026-08-07:LONG:2026-08-07T13:41:00+00:00:v1,2026-08-07,LONG,771.990000000000,771.730100000000,-0.259900000000,-0.259900000000,5,BETTER,1.925000000000,2.184900000000,2.380000000000,2.120100000000,1.210000000000,1.469900000000,-0.259900000000,0.259900000000,True,15,10,2026-08-07T13:45:00Z,2026-08-07T14:00:00Z,ADVERSE_FIRST,2026-08-07T14:23:00Z,2026-08-07T13:46:00Z,ADVERSE_FIRST,2026-08-07T14:25:00Z,2026-08-07T13:46:00Z,ADVERSE_FIRST,2026-08-07T14:26:00Z,2026-08-07T13:46:00Z,ADVERSE_FIRST,2026-08-07T14:28:00Z,2026-08-07T13:46:00Z,ADVERSE_FIRST,2026-08-07T14:25:00Z,2026-08-07T13:46:00Z,ADVERSE_FIRST,2026-08-07T14:26:00Z,2026-08-07T13:46:00Z,ADVERSE_FIRST,2026-08-07T14:28:00Z,2026-08-07T13:46:00Z,ADVERSE_FIRST,2026-08-07T15:23:00Z,2026-08-07T13:46:00Z,ADVERSE_FIRST,,2026-08-07T13:46:00Z,2026-08-07T13:50:00Z,2026-08-07T14:00:00Z,FAVORABLE_FIRST,2026-08-07T13:51:00Z,2026-08-07T13:56:00Z,FAVORABLE_FIRST,2026-08-07T13:52:00Z,2026-08-07T13:56:00Z,ADVERSE_FIRST,2026-08-07T14:25:00Z,2026-08-07T13:56:00Z,ADVERSE_FIRST,2026-08-07T14:26:00Z,2026-08-07T13:56:00Z,FAVORABLE_FIRST,2026-08-07T13:52:00Z,2026-08-07T13:56:00Z,ADVERSE_FIRST,2026-08-07T14:25:00Z,2026-08-07T13:56:00Z,ADVERSE_FIRST,2026-08-07T14:26:00Z,2026-08-07T13:56:00Z,ADVERSE_FIRST,2026-08-07T14:28:00Z,2026-08-07T13:56:00Z,ADVERSE_FIRST,2026-08-07T15:25:00Z,2026-08-07T13:56:00Z
SPY:2026-08-07:SHORT:2026-08-07T14:04:00+00:00:v1,2026-08-07,SHORT,770.435000000000,770.495000000000,0.060000000000,-0.060000000000,5,BETTER,0.825000000000,0.885000000000,3.480000000000,3.420000000000,-2.765000000000,-2.705000000000,-0.060000000000,0.060000000000,True,15,10,2026-08-07T14:05:00Z,2026-08-07T14:20:00Z,ADVERSE_FIRST,2026-08-07T14:11:00Z,2026-08-07T14:06:00Z,ADVERSE_FIRST,2026-08-07T14:12:00Z,2026-08-07T14:06:00Z,ADVERSE_FIRST,2026-08-07T14:12:00Z,2026-08-07T14:06:00Z,ADVERSE_FIRST,,2026-08-07T14:06:00Z,ADVERSE_FIRST,2026-08-07T14:12:00Z,2026-08-07T14:06:00Z,ADVERSE_FIRST,2026-08-07T14:12:00Z,2026-08-07T14:06:00Z,ADVERSE_FIRST,,2026-08-07T14:06:00Z,ADVERSE_FIRST,,2026-08-07T14:06:00Z,ADVERSE_FIRST,,2026-08-07T14:06:00Z,2026-08-07T14:10:00Z,2026-08-07T14:20:00Z,AMBIGUOUS_SAME_BAR,2026-08-07T14:11:00Z,2026-08-07T14:11:00Z,ADVERSE_FIRST,2026-08-07T14:12:00Z,2026-08-07T14:11:00Z,ADVERSE_FIRST,2026-08-07T14:12:00Z,2026-08-07T14:11:00Z,ADVERSE_FIRST,,2026-08-07T14:11:00Z,FAVORABLE_FIRST,2026-08-07T14:12:00Z,2026-08-07T14:17:00Z,FAVORABLE_FIRST,2026-08-07T14:12:00Z,2026-08-07T14:17:00Z,ADVERSE_FIRST,,2026-08-07T14:17:00Z,ADVERSE_FIRST,,2026-08-07T14:17:00Z,ADVERSE_FIRST,,2026-08-07T14:17:00Z
SPY:2026-08-07:LONG:2026-08-07T14:19:00+00:00:v1,2026-08-07,LONG,771.820000000000,772.040000000000,0.220000000000,0.220000000000,5,WORSE,2.095000000000,1.875000000000,0.930000000000,1.150000000000,1.380000000000,1.160000000000,0.220000000000,-0.220000000000,True,235,230,2026-08-07T14:20:00Z,2026-08-07T18:15:00Z,ADVERSE_FIRST,2026-08-07T14:23:00Z,2026-08-07T14:22:00Z,ADVERSE_FIRST,2026-08-07T14:25:00Z,2026-08-07T14:22:00Z,ADVERSE_FIRST,2026-08-07T14:25:00Z,2026-08-07T14:22:00Z,ADVERSE_FIRST,2026-08-07T14:26:00Z,2026-08-07T14:22:00Z,FAVORABLE_FIRST,2026-08-07T14:25:00Z,2026-08-07T16:26:00Z,FAVORABLE_FIRST,2026-08-07T14:25:00Z,2026-08-07T16:26:00Z,FAVORABLE_FIRST,2026-08-07T14:26:00Z,2026-08-07T16:26:00Z,FAVORABLE_FIRST,2026-08-07T14:30:00Z,2026-08-07T16:26:00Z,FAVORABLE_FIRST,2026-08-07T15:26:00Z,2026-08-07T16:26:00Z,2026-08-07T14:25:00Z,2026-08-07T18:15:00Z,FAVORABLE_FIRST,2026-08-07T14:26:00Z,2026-08-07T14:39:00Z,FAVORABLE_FIRST,2026-08-07T14:26:00Z,2026-08-07T14:39:00Z,FAVORABLE_FIRST,2026-08-07T14:26:00Z,2026-08-07T14:39:00Z,FAVORABLE_FIRST,2026-08-07T14:28:00Z,2026-08-07T14:39:00Z,FAVORABLE_FIRST,2026-08-07T14:26:00Z,2026-08-07T14:39:00Z,FAVORABLE_FIRST,2026-08-07T14:26:00Z,2026-08-07T14:39:00Z,FAVORABLE_FIRST,2026-08-07T14:28:00Z,2026-08-07T14:39:00Z,ADVERSE_FIRST,2026-08-07T15:24:00Z,2026-08-07T14:39:00Z,ADVERSE_FIRST,,2026-08-07T14:39:00Z
SPY:2026-08-07:LONG:2026-08-07T18:16:00+00:00:v1,2026-08-07,LONG,771.730000000000,771.660000000000,-0.070000000000,-0.070000000000,5,BETTER,2.100000000000,2.170000000000,0.840000000000,0.770000000000,1.470000000000,1.540000000000,-0.070000000000,0.070000000000,True,10,5,2026-08-07T18:20:00Z,2026-08-07T18:30:00Z,ADVERSE_FIRST,2026-08-07T19:01:00Z,2026-08-07T18:29:00Z,ADVERSE_FIRST,2026-08-07T19:01:00Z,2026-08-07T18:29:00Z,ADVERSE_FIRST,2026-08-07T19:06:00Z,2026-08-07T18:29:00Z,ADVERSE_FIRST,2026-08-07T19:10:00Z,2026-08-07T18:29:00Z,ADVERSE_FIRST,2026-08-07T19:01:00Z,2026-08-07T18:30:00Z,ADVERSE_FIRST,2026-08-07T19:06:00Z,2026-08-07T18:30:00Z,ADVERSE_FIRST,2026-08-07T19:10:00Z,2026-08-07T18:30:00Z,ADVERSE_FIRST,2026-08-07T19:15:00Z,2026-08-07T18:30:00Z,ADVERSE_FIRST,2026-08-07T19:59:00Z,2026-08-07T18:30:00Z,2026-08-07T18:25:00Z,2026-08-07T18:30:00Z,ADVERSE_FIRST,2026-08-07T19:00:00Z,2026-08-07T18:30:00Z,ADVERSE_FIRST,2026-08-07T19:01:00Z,2026-08-07T18:30:00Z,ADVERSE_FIRST,2026-08-07T19:01:00Z,2026-08-07T18:30:00Z,ADVERSE_FIRST,2026-08-07T19:09:00Z,2026-08-07T18:30:00Z,ADVERSE_FIRST,2026-08-07T19:01:00Z,2026-08-07T18:31:00Z,ADVERSE_FIRST,2026-08-07T19:01:00Z,2026-08-07T18:31:00Z,ADVERSE_FIRST,2026-08-07T19:09:00Z,2026-08-07T18:31:00Z,ADVERSE_FIRST,2026-08-07T19:15:00Z,2026-08-07T18:31:00Z,ADVERSE_FIRST,2026-08-07T19:59:00Z,2026-08-07T18:31:00Z
SPY:2026-08-07:LONG:2026-08-07T18:59:00+00:00:v1,2026-08-07,LONG,771.710000000000,772.050000000000,0.340000000000,0.340000000000,5,WORSE,2.120000000000,1.780000000000,0,0,1.490000000000,1.150000000000,0.340000000000,0,True,,,2026-08-07T19:00:00Z,,FAVORABLE_FIRST,2026-08-07T19:01:00Z,,FAVORABLE_FIRST,2026-08-07T19:01:00Z,,FAVORABLE_FIRST,2026-08-07T19:01:00Z,,FAVORABLE_FIRST,2026-08-07T19:10:00Z,,FAVORABLE_FIRST,2026-08-07T19:01:00Z,,FAVORABLE_FIRST,2026-08-07T19:01:00Z,,FAVORABLE_FIRST,2026-08-07T19:10:00Z,,FAVORABLE_FIRST,2026-08-07T19:15:00Z,,FAVORABLE_FIRST,2026-08-07T19:59:00Z,,2026-08-07T19:05:00Z,,FAVORABLE_FIRST,2026-08-07T19:06:00Z,,FAVORABLE_FIRST,2026-08-07T19:07:00Z,,FAVORABLE_FIRST,2026-08-07T19:10:00Z,,FAVORABLE_FIRST,2026-08-07T19:10:00Z,,FAVORABLE_FIRST,2026-08-07T19:07:00Z,,FAVORABLE_FIRST,2026-08-07T19:10:00Z,,FAVORABLE_FIRST,2026-08-07T19:10:00Z,,FAVORABLE_FIRST,2026-08-07T19:58:00Z,,NEITHER,,
SPY:2026-08-10:LONG:2026-08-10T14:00:00+00:00:v1,2026-08-10,LONG,773.720000000000,774.025000000000,0.305000000000,0.305000000000,5,WORSE,1.330000000000,1.025000000000,2.100000000000,2.405000000000,-0.660000000000,-0.965000000000,0.305000000000,-0.305000000000,True,55,50,2026-08-10T14:05:00Z,2026-08-10T15:00:00Z,FAVORABLE_FIRST,2026-08-10T14:09:00Z,2026-08-10T15:00:00Z,FAVORABLE_FIRST,2026-08-10T14:13:00Z,2026-08-10T15:00:00Z,FAVORABLE_FIRST,2026-08-10T14:30:00Z,2026-08-10T15:00:00Z,FAVORABLE_FIRST,2026-08-10T14:45:00Z,2026-08-10T15:00:00Z,FAVORABLE_FIRST,2026-08-10T14:13:00Z,2026-08-10T15:00:00Z,FAVORABLE_FIRST,2026-08-10T14:30:00Z,2026-08-10T15:00:00Z,FAVORABLE_FIRST,2026-08-10T14:45:00Z,2026-08-10T15:00:00Z,ADVERSE_FIRST,,2026-08-10T15:00:00Z,ADVERSE_FIRST,,2026-08-10T15:00:00Z,2026-08-10T14:10:00Z,2026-08-10T15:00:00Z,FAVORABLE_FIRST,2026-08-10T14:15:00Z,2026-08-10T14:25:00Z,ADVERSE_FIRST,2026-08-10T14:31:00Z,2026-08-10T14:25:00Z,ADVERSE_FIRST,2026-08-10T14:45:00Z,2026-08-10T14:25:00Z,ADVERSE_FIRST,2026-08-10T14:47:00Z,2026-08-10T14:25:00Z,FAVORABLE_FIRST,2026-08-10T14:31:00Z,2026-08-10T14:59:00Z,FAVORABLE_FIRST,2026-08-10T14:45:00Z,2026-08-10T14:59:00Z,FAVORABLE_FIRST,2026-08-10T14:47:00Z,2026-08-10T14:59:00Z,ADVERSE_FIRST,,2026-08-10T14:59:00Z,ADVERSE_FIRST,,2026-08-10T14:59:00Z
SPY:2026-08-10:LONG:2026-08-10T15:10:00+00:00:v1,2026-08-10,LONG,773.820000000000,773.920000000000,0.100000000000,0.100000000000,5,WORSE,0.615000000000,0.515000000000,2.200000000000,2.300000000000,-0.760000000000,-0.860000000000,0.100000000000,-0.100000000000,True,20,15,2026-08-10T15:15:00Z,2026-08-10T15:35:00Z,FAVORABLE_FIRST,2026-08-10T15:16:00Z,2026-08-10T15:25:00Z,ADVERSE_FIRST,2026-08-10T15:54:00Z,2026-08-10T15:25:00Z,ADVERSE_FIRST,,2026-08-10T15:25:00Z,ADVERSE_FIRST,,2026-08-10T15:25:00Z,ADVERSE_FIRST,2026-08-10T15:54:00Z,2026-08-10T15:25:00Z,ADVERSE_FIRST,,2026-08-10T15:25:00Z,ADVERSE_FIRST,,2026-08-10T15:25:00Z,ADVERSE_FIRST,,2026-08-10T15:25:00Z,ADVERSE_FIRST,,2026-08-10T15:25:00Z,2026-08-10T15:20:00Z,2026-08-10T15:35:00Z,ADVERSE_FIRST,2026-08-10T15:53:00Z,2026-08-10T15:25:00Z,ADVERSE_FIRST,2026-08-10T16:00:00Z,2026-08-10T15:25:00Z,ADVERSE_FIRST,,2026-08-10T15:25:00Z,ADVERSE_FIRST,,2026-08-10T15:25:00Z,ADVERSE_FIRST,2026-08-10T16:00:00Z,2026-08-10T15:25:00Z,ADVERSE_FIRST,,2026-08-10T15:25:00Z,ADVERSE_FIRST,,2026-08-10T15:25:00Z,ADVERSE_FIRST,,2026-08-10T15:25:00Z,ADVERSE_FIRST,,2026-08-10T15:25:00Z
SPY:2026-08-10:LONG:2026-08-10T15:50:00+00:00:v1,2026-08-10,LONG,774.210000000000,774.310000000000,0.100000000000,0.100000000000,5,WORSE,0.225000000000,0.070000000000,2.590000000000,2.690000000000,-1.150000000000,-1.250000000000,0.155000000000,-0.100000000000,True,35,30,2026-08-10T15:55:00Z,2026-08-10T16:30:00Z,ADVERSE_FIRST,,2026-08-10T16:08:00Z,ADVERSE_FIRST,,2026-08-10T16:08:00Z,ADVERSE_FIRST,,2026-08-10T16:08:00Z,ADVERSE_FIRST,,2026-08-10T16:08:00Z,ADVERSE_FIRST,,2026-08-10T16:08:00Z,ADVERSE_FIRST,,2026-08-10T16:08:00Z,ADVERSE_FIRST,,2026-08-10T16:08:00Z,ADVERSE_FIRST,,2026-08-10T16:08:00Z,ADVERSE_FIRST,,2026-08-10T16:08:00Z,2026-08-10T16:00:00Z,2026-08-10T16:30:00Z,ADVERSE_FIRST,,2026-08-10T16:04:00Z,ADVERSE_FIRST,,2026-08-10T16:04:00Z,ADVERSE_FIRST,,2026-08-10T16:04:00Z,ADVERSE_FIRST,,2026-08-10T16:04:00Z,ADVERSE_FIRST,,2026-08-10T16:06:00Z,ADVERSE_FIRST,,2026-08-10T16:06:00Z,ADVERSE_FIRST,,2026-08-10T16:06:00Z,ADVERSE_FIRST,,2026-08-10T16:06:00Z,ADVERSE_FIRST,,2026-08-10T16:06:00Z
SPY:2026-08-10:SHORT:2026-08-10T18:25:00+00:00:v1,2026-08-10,SHORT,772.530000000000,772.545000000000,0.015000000000,-0.015000000000,5,BETTER,0.215000000000,0.230000000000,0.910000000000,0.895000000000,-0.530000000000,-0.515000000000,-0.015000000000,0.015000000000,True,10,5,2026-08-10T18:30:00Z,2026-08-10T18:40:00Z,ADVERSE_FIRST,,2026-08-10T18:41:00Z,ADVERSE_FIRST,,2026-08-10T18:41:00Z,ADVERSE_FIRST,,2026-08-10T18:41:00Z,ADVERSE_FIRST,,2026-08-10T18:41:00Z,ADVERSE_FIRST,,2026-08-10T18:42:00Z,ADVERSE_FIRST,,2026-08-10T18:42:00Z,ADVERSE_FIRST,,2026-08-10T18:42:00Z,ADVERSE_FIRST,,2026-08-10T18:42:00Z,ADVERSE_FIRST,,2026-08-10T18:42:00Z,2026-08-10T18:35:00Z,2026-08-10T18:40:00Z,ADVERSE_FIRST,,2026-08-10T18:42:00Z,ADVERSE_FIRST,,2026-08-10T18:42:00Z,ADVERSE_FIRST,,2026-08-10T18:42:00Z,ADVERSE_FIRST,,2026-08-10T18:42:00Z,ADVERSE_FIRST,,2026-08-10T18:42:00Z,ADVERSE_FIRST,,2026-08-10T18:42:00Z,ADVERSE_FIRST,,2026-08-10T18:42:00Z,ADVERSE_FIRST,,2026-08-10T18:42:00Z,ADVERSE_FIRST,,2026-08-10T18:42:00Z
SPY:2026-08-11:SHORT:2026-08-11T13:45:00+00:00:v1,2026-08-11,SHORT,772.840000000000,772.920000000000,0.080000000000,-0.080000000000,5,BETTER,3.640000000000,3.720000000000,1.240000000000,1.160000000000,2.420000000000,2.500000000000,-0.080000000000,0.080000000000,True,10,5,2026-08-11T13:50:00Z,2026-08-11T14:00:00Z,FAVORABLE_FIRST,2026-08-11T13:51:00Z,2026-08-11T13:53:00Z,ADVERSE_FIRST,2026-08-11T15:18:00Z,2026-08-11T13:53:00Z,ADVERSE_FIRST,2026-08-11T15:34:00Z,2026-08-11T13:53:00Z,ADVERSE_FIRST,2026-08-11T15:34:00Z,2026-08-11T13:53:00Z,ADVERSE_FIRST,2026-08-11T15:18:00Z,2026-08-11T13:53:00Z,ADVERSE_FIRST,2026-08-11T15:34:00Z,2026-08-11T13:53:00Z,ADVERSE_FIRST,2026-08-11T15:34:00Z,2026-08-11T13:53:00Z,ADVERSE_FIRST,2026-08-11T16:46:00Z,2026-08-11T13:53:00Z,ADVERSE_FIRST,2026-08-11T17:02:00Z,2026-08-11T13:53:00Z,2026-08-11T13:55:00Z,2026-08-11T14:00:00Z,ADVERSE_FIRST,2026-08-11T15:11:00Z,2026-08-11T13:56:00Z,ADVERSE_FIRST,2026-08-11T15:18:00Z,2026-08-11T13:56:00Z,ADVERSE_FIRST,2026-08-11T15:34:00Z,2026-08-11T13:56:00Z,ADVERSE_FIRST,2026-08-11T15:34:00Z,2026-08-11T13:56:00Z,ADVERSE_FIRST,2026-08-11T15:18:00Z,2026-08-11T13:56:00Z,ADVERSE_FIRST,2026-08-11T15:34:00Z,2026-08-11T13:56:00Z,ADVERSE_FIRST,2026-08-11T15:34:00Z,2026-08-11T13:56:00Z,ADVERSE_FIRST,2026-08-11T16:25:00Z,2026-08-11T13:56:00Z,ADVERSE_FIRST,2026-08-11T17:02:00Z,2026-08-11T13:56:00Z
SPY:2026-08-11:SHORT:2026-08-11T15:06:00+00:00:v1,2026-08-11,SHORT,772.805000000000,772.660000000000,-0.145000000000,0.145000000000,5,WORSE,3.605000000000,3.460000000000,0.140000000000,0.180000000000,2.385000000000,2.240000000000,0.145000000000,-0.040000000000,True,,,2026-08-11T15:10:00Z,,FAVORABLE_FIRST,2026-08-11T15:11:00Z,,FAVORABLE_FIRST,2026-08-11T15:18:00Z,,FAVORABLE_FIRST,2026-08-11T15:34:00Z,,FAVORABLE_FIRST,2026-08-11T15:34:00Z,,FAVORABLE_FIRST,2026-08-11T15:18:00Z,,FAVORABLE_FIRST,2026-08-11T15:34:00Z,,FAVORABLE_FIRST,2026-08-11T15:34:00Z,,FAVORABLE_FIRST,2026-08-11T16:46:00Z,,FAVORABLE_FIRST,2026-08-11T17:02:00Z,,2026-08-11T15:15:00Z,,FAVORABLE_FIRST,2026-08-11T15:18:00Z,,FAVORABLE_FIRST,2026-08-11T15:34:00Z,,FAVORABLE_FIRST,2026-08-11T15:34:00Z,,FAVORABLE_FIRST,2026-08-11T16:24:00Z,,FAVORABLE_FIRST,2026-08-11T15:34:00Z,,FAVORABLE_FIRST,2026-08-11T15:34:00Z,,FAVORABLE_FIRST,2026-08-11T16:24:00Z,,FAVORABLE_FIRST,2026-08-11T16:56:00Z,,FAVORABLE_FIRST,2026-08-11T17:11:00Z,
SPY:2026-08-12:SHORT:2026-08-12T13:52:00+00:00:v1,2026-08-12,SHORT,772.615000000000,772.590000000000,-0.025000000000,0.025000000000,5,WORSE,1.335000000000,1.310000000000,1.015000000000,1.040000000000,0.095000000000,0.070000000000,0.025000000000,-0.025000000000,True,30,25,2026-08-12T13:55:00Z,2026-08-12T14:25:00Z,FAVORABLE_FIRST,2026-08-12T13:56:00Z,2026-08-12T14:18:00Z,FAVORABLE_FIRST,2026-08-12T13:56:00Z,2026-08-12T14:18:00Z,ADVERSE_FIRST,2026-08-12T14:31:00Z,2026-08-12T14:18:00Z,ADVERSE_FIRST,2026-08-12T14:31:00Z,2026-08-12T14:18:00Z,FAVORABLE_FIRST,2026-08-12T13:56:00Z,2026-08-12T14:18:00Z,ADVERSE_FIRST,2026-08-12T14:31:00Z,2026-08-12T14:18:00Z,ADVERSE_FIRST,2026-08-12T14:31:00Z,2026-08-12T14:18:00Z,ADVERSE_FIRST,,2026-08-12T14:18:00Z,ADVERSE_FIRST,,2026-08-12T14:18:00Z,2026-08-12T14:00:00Z,2026-08-12T14:25:00Z,FAVORABLE_FIRST,2026-08-12T14:02:00Z,2026-08-12T14:18:00Z,FAVORABLE_FIRST,2026-08-12T14:04:00Z,2026-08-12T14:18:00Z,ADVERSE_FIRST,2026-08-12T14:31:00Z,2026-08-12T14:18:00Z,ADVERSE_FIRST,2026-08-12T14:31:00Z,2026-08-12T14:18:00Z,FAVORABLE_FIRST,2026-08-12T14:04:00Z,2026-08-12T14:18:00Z,ADVERSE_FIRST,2026-08-12T14:31:00Z,2026-08-12T14:18:00Z,ADVERSE_FIRST,2026-08-12T14:31:00Z,2026-08-12T14:18:00Z,ADVERSE_FIRST,,2026-08-12T14:18:00Z,ADVERSE_FIRST,,2026-08-12T14:18:00Z
SPY:2026-08-12:SHORT:2026-08-12T14:47:00+00:00:v1,2026-08-12,SHORT,772.680000000000,772.060000000000,-0.620000000000,0.620000000000,5,WORSE,1.120000000000,0.500000000000,0.950000000000,1.570000000000,0.160000000000,-0.460000000000,0.620000000000,-0.620000000000,True,110,105,2026-08-12T14:50:00Z,2026-08-12T16:40:00Z,FAVORABLE_FIRST,2026-08-12T14:51:00Z,2026-08-12T16:50:00Z,FAVORABLE_FIRST,2026-08-12T14:51:00Z,2026-08-12T16:50:00Z,FAVORABLE_FIRST,2026-08-12T14:55:00Z,2026-08-12T16:50:00Z,FAVORABLE_FIRST,2026-08-12T15:34:00Z,2026-08-12T16:50:00Z,FAVORABLE_FIRST,2026-08-12T14:51:00Z,2026-08-12T16:50:00Z,FAVORABLE_FIRST,2026-08-12T14:55:00Z,2026-08-12T16:50:00Z,FAVORABLE_FIRST,2026-08-12T15:34:00Z,2026-08-12T16:50:00Z,ADVERSE_FIRST,,2026-08-12T16:50:00Z,ADVERSE_FIRST,,2026-08-12T16:50:00Z,2026-08-12T14:55:00Z,2026-08-12T16:40:00Z,ADVERSE_FIRST,2026-08-12T15:03:00Z,2026-08-12T14:58:00Z,ADVERSE_FIRST,2026-08-12T15:41:00Z,2026-08-12T14:58:00Z,ADVERSE_FIRST,,2026-08-12T14:58:00Z,ADVERSE_FIRST,,2026-08-12T14:58:00Z,ADVERSE_FIRST,2026-08-12T15:41:00Z,2026-08-12T15:13:00Z,ADVERSE_FIRST,,2026-08-12T15:13:00Z,ADVERSE_FIRST,,2026-08-12T15:13:00Z,ADVERSE_FIRST,,2026-08-12T15:13:00Z,ADVERSE_FIRST,,2026-08-12T15:13:00Z
SPY:2026-08-12:SHORT:2026-08-12T19:50:00+00:00:v1,2026-08-12,SHORT,772.240000000000,772.520000000000,0.280000000000,-0.280000000000,5,BETTER,0.220000000000,,0.480000000000,,-0.280000000000,,,,False,,,2026-08-12T19:55:00Z,,ADVERSE_FIRST,,2026-08-12T19:59:00Z,ADVERSE_FIRST,,2026-08-12T19:59:00Z,ADVERSE_FIRST,,2026-08-12T19:59:00Z,ADVERSE_FIRST,,2026-08-12T19:59:00Z,ADVERSE_FIRST,,2026-08-12T19:59:00Z,ADVERSE_FIRST,,2026-08-12T19:59:00Z,ADVERSE_FIRST,,2026-08-12T19:59:00Z,ADVERSE_FIRST,,2026-08-12T19:59:00Z,ADVERSE_FIRST,,2026-08-12T19:59:00Z,2026-08-12T20:00:00Z,,NO_FUTURE_DATA,,,NO_FUTURE_DATA,,,NO_FUTURE_DATA,,,NO_FUTURE_DATA,,,NO_FUTURE_DATA,,,NO_FUTURE_DATA,,,NO_FUTURE_DATA,,,NO_FUTURE_DATA,,,NO_FUTURE_DATA,,
SPY:2026-08-13:LONG:2026-08-13T13:35:00+00:00:v1,2026-08-13,LONG,776.440000000000,775.710000000000,-0.730000000000,-0.730000000000,5,BETTER,2.930000000000,3.660000000000,1.060000000000,0.330000000000,1.360000000000,2.090000000000,-0.730000000000,0.730000000000,True,140,135,2026-08-13T13:40:00Z,2026-08-13T16:00:00Z,ADVERSE_FIRST,2026-08-13T13:47:00Z,2026-08-13T13:41:00Z,ADVERSE_FIRST,2026-08-13T13:48:00Z,2026-08-13T13:41:00Z,ADVERSE_FIRST,2026-08-13T13:56:00Z,2026-08-13T13:41:00Z,ADVERSE_FIRST,2026-08-13T13:57:00Z,2026-08-13T13:41:00Z,ADVERSE_FIRST,2026-08-13T13:48:00Z,2026-08-13T13:41:00Z,ADVERSE_FIRST,2026-08-13T13:56:00Z,2026-08-13T13:41:00Z,ADVERSE_FIRST,2026-08-13T13:57:00Z,2026-08-13T13:41:00Z,ADVERSE_FIRST,2026-08-13T14:00:00Z,2026-08-13T13:41:00Z,ADVERSE_FIRST,2026-08-13T14:11:00Z,2026-08-13T13:41:00Z,2026-08-13T13:45:00Z,2026-08-13T16:00:00Z,FAVORABLE_FIRST,2026-08-13T13:46:00Z,2026-08-13T15:59:00Z,FAVORABLE_FIRST,2026-08-13T13:46:00Z,2026-08-13T15:59:00Z,FAVORABLE_FIRST,2026-08-13T13:46:00Z,2026-08-13T15:59:00Z,FAVORABLE_FIRST,2026-08-13T13:47:00Z,2026-08-13T15:59:00Z,FAVORABLE_FIRST,2026-08-13T13:46:00Z,2026-08-13T15:59:00Z,FAVORABLE_FIRST,2026-08-13T13:46:00Z,2026-08-13T15:59:00Z,FAVORABLE_FIRST,2026-08-13T13:47:00Z,2026-08-13T15:59:00Z,FAVORABLE_FIRST,2026-08-13T13:56:00Z,2026-08-13T15:59:00Z,FAVORABLE_FIRST,2026-08-13T14:00:00Z,2026-08-13T15:59:00Z
SPY:2026-08-13:LONG:2026-08-13T16:00:00+00:00:v1,2026-08-13,LONG,775.899900000000,775.965000000000,0.065100000000,0.065100000000,5,WORSE,2.530100000000,2.465000000000,0.299900000000,0.365000000000,1.900100000000,1.835000000000,0.065100000000,-0.065100000000,True,,,2026-08-13T16:05:00Z,,FAVORABLE_FIRST,2026-08-13T16:06:00Z,2026-08-13T16:16:00Z,ADVERSE_FIRST,2026-08-13T16:27:00Z,2026-08-13T16:16:00Z,ADVERSE_FIRST,2026-08-13T16:31:00Z,2026-08-13T16:16:00Z,ADVERSE_FIRST,2026-08-13T17:00:00Z,2026-08-13T16:16:00Z,FAVORABLE_FIRST,2026-08-13T16:27:00Z,,FAVORABLE_FIRST,2026-08-13T16:31:00Z,,FAVORABLE_FIRST,2026-08-13T17:00:00Z,,FAVORABLE_FIRST,2026-08-13T17:19:00Z,,FAVORABLE_FIRST,2026-08-13T18:54:00Z,,2026-08-13T16:10:00Z,,ADVERSE_FIRST,2026-08-13T16:25:00Z,2026-08-13T16:14:00Z,ADVERSE_FIRST,2026-08-13T16:27:00Z,2026-08-13T16:14:00Z,ADVERSE_FIRST,2026-08-13T16:51:00Z,2026-08-13T16:14:00Z,ADVERSE_FIRST,2026-08-13T17:01:00Z,2026-08-13T16:14:00Z,ADVERSE_FIRST,2026-08-13T16:27:00Z,2026-08-13T16:16:00Z,ADVERSE_FIRST,2026-08-13T16:51:00Z,2026-08-13T16:16:00Z,ADVERSE_FIRST,2026-08-13T17:01:00Z,2026-08-13T16:16:00Z,ADVERSE_FIRST,2026-08-13T17:20:00Z,2026-08-13T16:16:00Z,ADVERSE_FIRST,2026-08-13T19:06:00Z,2026-08-13T16:16:00Z
SPY:2026-08-14:SHORT:2026-08-14T14:18:00+00:00:v1,2026-08-14,SHORT,777.810100000000,777.530000000000,-0.280100000000,0.280100000000,5,WORSE,2.380000000000,2.099900000000,0.009900000000,0,1.510100000000,1.230000000000,0.280100000000,0.009900000000,True,,,2026-08-14T14:20:00Z,,FAVORABLE_FIRST,2026-08-14T14:21:00Z,,FAVORABLE_FIRST,2026-08-14T14:26:00Z,,FAVORABLE_FIRST,2026-08-14T14:30:00Z,,FAVORABLE_FIRST,2026-08-14T14:59:00Z,,FAVORABLE_FIRST,2026-08-14T14:26:00Z,,FAVORABLE_FIRST,2026-08-14T14:30:00Z,,FAVORABLE_FIRST,2026-08-14T14:59:00Z,,FAVORABLE_FIRST,2026-08-14T15:22:00Z,,FAVORABLE_FIRST,2026-08-14T15:51:00Z,,2026-08-14T14:25:00Z,,FAVORABLE_FIRST,2026-08-14T14:27:00Z,,FAVORABLE_FIRST,2026-08-14T14:30:00Z,,FAVORABLE_FIRST,2026-08-14T14:59:00Z,,FAVORABLE_FIRST,2026-08-14T15:14:00Z,,FAVORABLE_FIRST,2026-08-14T14:30:00Z,,FAVORABLE_FIRST,2026-08-14T14:59:00Z,,FAVORABLE_FIRST,2026-08-14T15:14:00Z,,FAVORABLE_FIRST,2026-08-14T15:24:00Z,,FAVORABLE_FIRST,2026-08-14T17:37:00Z,
SPY:2026-08-17:SHORT:2026-08-17T13:56:00+00:00:v1,2026-08-17,SHORT,775.290500000000,775.410000000000,0.119500000000,-0.119500000000,5,BETTER,2.780500000000,2.900000000000,0.569500000000,0.450000000000,2.610500000000,2.730000000000,-0.119500000000,0.119500000000,True,15,10,2026-08-17T14:00:00Z,2026-08-17T14:15:00Z,FAVORABLE_FIRST,2026-08-17T14:01:00Z,2026-08-17T14:02:00Z,ADVERSE_FIRST,2026-08-17T15:41:00Z,2026-08-17T14:02:00Z,ADVERSE_FIRST,2026-08-17T17:05:00Z,2026-08-17T14:02:00Z,ADVERSE_FIRST,2026-08-17T17:15:00Z,2026-08-17T14:02:00Z,ADVERSE_FIRST,2026-08-17T15:41:00Z,2026-08-17T14:02:00Z,ADVERSE_FIRST,2026-08-17T17:05:00Z,2026-08-17T14:02:00Z,ADVERSE_FIRST,2026-08-17T17:15:00Z,2026-08-17T14:02:00Z,ADVERSE_FIRST,2026-08-17T17:23:00Z,2026-08-17T14:02:00Z,ADVERSE_FIRST,2026-08-17T17:38:00Z,2026-08-17T14:02:00Z,2026-08-17T14:05:00Z,2026-08-17T14:15:00Z,FAVORABLE_FIRST,2026-08-17T14:08:00Z,2026-08-17T14:10:00Z,ADVERSE_FIRST,2026-08-17T14:54:00Z,2026-08-17T14:10:00Z,ADVERSE_FIRST,2026-08-17T16:54:00Z,2026-08-17T14:10:00Z,ADVERSE_FIRST,2026-08-17T17:14:00Z,2026-08-17T14:10:00Z,ADVERSE_FIRST,2026-08-17T14:54:00Z,2026-08-17T14:14:00Z,ADVERSE_FIRST,2026-08-17T16:54:00Z,2026-08-17T14:14:00Z,ADVERSE_FIRST,2026-08-17T17:14:00Z,2026-08-17T14:14:00Z,ADVERSE_FIRST,2026-08-17T17:23:00Z,2026-08-17T14:14:00Z,ADVERSE_FIRST,2026-08-17T17:35:00Z,2026-08-17T14:14:00Z
SPY:2026-08-17:SHORT:2026-08-17T14:15:00+00:00:v1,2026-08-17,SHORT,775.330000000000,775.250000000000,-0.080000000000,0.080000000000,5,WORSE,2.820000000000,2.740000000000,0.530000000000,0.610000000000,2.650000000000,2.570000000000,0.080000000000,-0.080000000000,True,15,10,2026-08-17T14:20:00Z,2026-08-17T14:35:00Z,FAVORABLE_FIRST,2026-08-17T14:22:00Z,2026-08-17T14:32:00Z,ADVERSE_FIRST,2026-08-17T15:41:00Z,2026-08-17T14:32:00Z,ADVERSE_FIRST,2026-08-17T17:00:00Z,2026-08-17T14:32:00Z,ADVERSE_FIRST,2026-08-17T17:14:00Z,2026-08-17T14:32:00Z,ADVERSE_FIRST,2026-08-17T15:41:00Z,2026-08-17T15:16:00Z,ADVERSE_FIRST,2026-08-17T17:00:00Z,2026-08-17T15:16:00Z,ADVERSE_FIRST,2026-08-17T17:14:00Z,2026-08-17T15:16:00Z,ADVERSE_FIRST,2026-08-17T17:23:00Z,2026-08-17T15:16:00Z,ADVERSE_FIRST,2026-08-17T17:36:00Z,2026-08-17T15:16:00Z,2026-08-17T14:25:00Z,2026-08-17T14:35:00Z,FAVORABLE_FIRST,2026-08-17T14:28:00Z,2026-08-17T14:30:00Z,ADVERSE_FIRST,2026-08-17T15:41:00Z,2026-08-17T14:30:00Z,ADVERSE_FIRST,2026-08-17T17:08:00Z,2026-08-17T14:30:00Z,ADVERSE_FIRST,2026-08-17T17:16:00Z,2026-08-17T14:30:00Z,ADVERSE_FIRST,2026-08-17T15:41:00Z,2026-08-17T14:31:00Z,ADVERSE_FIRST,2026-08-17T17:08:00Z,2026-08-17T14:31:00Z,ADVERSE_FIRST,2026-08-17T17:16:00Z,2026-08-17T14:31:00Z,ADVERSE_FIRST,2026-08-17T17:24:00Z,2026-08-17T14:31:00Z,ADVERSE_FIRST,2026-08-17T17:38:00Z,2026-08-17T14:31:00Z
SPY:2026-08-17:SHORT:2026-08-17T14:35:00+00:00:v1,2026-08-17,SHORT,775.060000000000,775.121200000000,0.061200000000,-0.061200000000,5,BETTER,2.550000000000,2.611200000000,0.800000000000,0.738800000000,2.380000000000,2.441200000000,-0.061200000000,0.061200000000,True,25,20,2026-08-17T14:40:00Z,2026-08-17T15:05:00Z,ADVERSE_FIRST,2026-08-17T15:41:00Z,2026-08-17T14:43:00Z,ADVERSE_FIRST,2026-08-17T17:00:00Z,2026-08-17T14:43:00Z,ADVERSE_FIRST,2026-08-17T17:14:00Z,2026-08-17T14:43:00Z,ADVERSE_FIRST,2026-08-17T17:22:00Z,2026-08-17T14:43:00Z,ADVERSE_FIRST,2026-08-17T17:00:00Z,2026-08-17T14:48:00Z,ADVERSE_FIRST,2026-08-17T17:14:00Z,2026-08-17T14:48:00Z,ADVERSE_FIRST,2026-08-17T17:22:00Z,2026-08-17T14:48:00Z,ADVERSE_FIRST,2026-08-17T17:26:00Z,2026-08-17T14:48:00Z,ADVERSE_FIRST,2026-08-17T19:30:00Z,2026-08-17T14:48:00Z,2026-08-17T14:45:00Z,2026-08-17T15:05:00Z,ADVERSE_FIRST,2026-08-17T15:40:00Z,2026-08-17T14:51:00Z,ADVERSE_FIRST,2026-08-17T16:58:00Z,2026-08-17T14:51:00Z,ADVERSE_FIRST,2026-08-17T17:14:00Z,2026-08-17T14:51:00Z,ADVERSE_FIRST,2026-08-17T17:17:00Z,2026-08-17T14:51:00Z,ADVERSE_FIRST,2026-08-17T16:58:00Z,2026-08-17T14:51:00Z,ADVERSE_FIRST,2026-08-17T17:14:00Z,2026-08-17T14:51:00Z,ADVERSE_FIRST,2026-08-17T17:17:00Z,2026-08-17T14:51:00Z,ADVERSE_FIRST,2026-08-17T17:25:00Z,2026-08-17T14:51:00Z,ADVERSE_FIRST,2026-08-17T17:40:00Z,2026-08-17T14:51:00Z
SPY:2026-08-17:SHORT:2026-08-17T15:05:00+00:00:v1,2026-08-17,SHORT,775.380000000000,775.330000000000,-0.050000000000,0.050000000000,5,WORSE,2.870000000000,2.820000000000,0.480000000000,0.530000000000,2.700000000000,2.650000000000,0.050000000000,-0.050000000000,True,10,5,2026-08-17T15:10:00Z,2026-08-17T15:20:00Z,ADVERSE_FIRST,2026-08-17T15:36:00Z,2026-08-17T15:16:00Z,ADVERSE_FIRST,2026-08-17T15:40:00Z,2026-08-17T15:16:00Z,ADVERSE_FIRST,2026-08-17T16:58:00Z,2026-08-17T15:16:00Z,ADVERSE_FIRST,2026-08-17T17:14:00Z,2026-08-17T15:16:00Z,ADVERSE_FIRST,2026-08-17T15:40:00Z,2026-08-17T15:19:00Z,ADVERSE_FIRST,2026-08-17T16:58:00Z,2026-08-17T15:19:00Z,ADVERSE_FIRST,2026-08-17T17:14:00Z,2026-08-17T15:19:00Z,ADVERSE_FIRST,2026-08-17T17:23:00Z,2026-08-17T15:19:00Z,ADVERSE_FIRST,2026-08-17T17:35:00Z,2026-08-17T15:19:00Z,2026-08-17T15:15:00Z,2026-08-17T15:20:00Z,ADVERSE_FIRST,2026-08-17T15:38:00Z,2026-08-17T15:16:00Z,ADVERSE_FIRST,2026-08-17T15:41:00Z,2026-08-17T15:16:00Z,ADVERSE_FIRST,2026-08-17T17:00:00Z,2026-08-17T15:16:00Z,ADVERSE_FIRST,2026-08-17T17:14:00Z,2026-08-17T15:16:00Z,ADVERSE_FIRST,2026-08-17T15:41:00Z,2026-08-17T15:16:00Z,ADVERSE_FIRST,2026-08-17T17:00:00Z,2026-08-17T15:16:00Z,ADVERSE_FIRST,2026-08-17T17:14:00Z,2026-08-17T15:16:00Z,ADVERSE_FIRST,2026-08-17T17:23:00Z,2026-08-17T15:16:00Z,ADVERSE_FIRST,2026-08-17T17:36:00Z,2026-08-17T15:16:00Z
SPY:2026-08-17:SHORT:2026-08-17T15:32:00+00:00:v1,2026-08-17,SHORT,775.221000000000,775.020000000000,-0.201000000000,0.201000000000,5,WORSE,2.711000000000,2.510000000000,0.389000000000,0.590000000000,2.541000000000,2.340000000000,0.201000000000,-0.201000000000,True,45,40,2026-08-17T15:35:00Z,2026-08-17T16:20:00Z,FAVORABLE_FIRST,2026-08-17T15:39:00Z,2026-08-17T16:15:00Z,FAVORABLE_FIRST,2026-08-17T15:41:00Z,2026-08-17T16:15:00Z,ADVERSE_FIRST,2026-08-17T17:11:00Z,2026-08-17T16:15:00Z,ADVERSE_FIRST,2026-08-17T17:17:00Z,2026-08-17T16:15:00Z,FAVORABLE_FIRST,2026-08-17T15:41:00Z,2026-08-17T16:16:00Z,ADVERSE_FIRST,2026-08-17T17:11:00Z,2026-08-17T16:16:00Z,ADVERSE_FIRST,2026-08-17T17:17:00Z,2026-08-17T16:16:00Z,ADVERSE_FIRST,2026-08-17T17:24:00Z,2026-08-17T16:16:00Z,ADVERSE_FIRST,2026-08-17T17:39:00Z,2026-08-17T16:16:00Z,2026-08-17T15:40:00Z,2026-08-17T16:20:00Z,FAVORABLE_FIRST,2026-08-17T15:41:00Z,2026-08-17T15:51:00Z,ADVERSE_FIRST,2026-08-17T17:05:00Z,2026-08-17T15:51:00Z,ADVERSE_FIRST,2026-08-17T17:15:00Z,2026-08-17T15:51:00Z,ADVERSE_FIRST,2026-08-17T17:22:00Z,2026-08-17T15:51:00Z,ADVERSE_FIRST,2026-08-17T17:05:00Z,2026-08-17T15:53:00Z,ADVERSE_FIRST,2026-08-17T17:15:00Z,2026-08-17T15:53:00Z,ADVERSE_FIRST,2026-08-17T17:22:00Z,2026-08-17T15:53:00Z,ADVERSE_FIRST,2026-08-17T17:27:00Z,2026-08-17T15:53:00Z,ADVERSE_FIRST,2026-08-17T19:30:00Z,2026-08-17T15:53:00Z
SPY:2026-08-17:SHORT:2026-08-17T16:20:00+00:00:v1,2026-08-17,SHORT,775.420000000000,775.290000000000,-0.130000000000,0.130000000000,5,WORSE,2.910000000000,2.780000000000,0,0.040000000000,2.740000000000,2.610000000000,0.130000000000,-0.040000000000,True,,,2026-08-17T16:25:00Z,,FAVORABLE_FIRST,2026-08-17T16:32:00Z,,FAVORABLE_FIRST,2026-08-17T16:45:00Z,,FAVORABLE_FIRST,2026-08-17T16:54:00Z,,FAVORABLE_FIRST,2026-08-17T17:14:00Z,,FAVORABLE_FIRST,2026-08-17T16:45:00Z,,FAVORABLE_FIRST,2026-08-17T16:54:00Z,,FAVORABLE_FIRST,2026-08-17T17:14:00Z,,FAVORABLE_FIRST,2026-08-17T17:23:00Z,,FAVORABLE_FIRST,2026-08-17T17:34:00Z,,2026-08-17T16:30:00Z,,FAVORABLE_FIRST,2026-08-17T16:41:00Z,,FAVORABLE_FIRST,2026-08-17T16:53:00Z,,FAVORABLE_FIRST,2026-08-17T17:05:00Z,,FAVORABLE_FIRST,2026-08-17T17:15:00Z,,FAVORABLE_FIRST,2026-08-17T16:53:00Z,,FAVORABLE_FIRST,2026-08-17T17:05:00Z,,FAVORABLE_FIRST,2026-08-17T17:15:00Z,,FAVORABLE_FIRST,2026-08-17T17:23:00Z,,FAVORABLE_FIRST,2026-08-17T17:38:00Z,
SPY:2026-08-18:SHORT:2026-08-18T15:09:00+00:00:v1,2026-08-18,SHORT,767.770000000000,767.720000000000,-0.050000000000,0.050000000000,5,WORSE,0.850000000000,0.800000000000,1.100000000000,1.150000000000,0.360000000000,0.310000000000,0.050000000000,-0.050000000000,True,35,30,2026-08-18T15:10:00Z,2026-08-18T15:45:00Z,FAVORABLE_FIRST,2026-08-18T15:19:00Z,2026-08-18T15:29:00Z,ADVERSE_FIRST,2026-08-18T19:54:00Z,2026-08-18T15:29:00Z,ADVERSE_FIRST,2026-08-18T19:59:00Z,2026-08-18T15:29:00Z,ADVERSE_FIRST,,2026-08-18T15:29:00Z,ADVERSE_FIRST,2026-08-18T19:54:00Z,2026-08-18T15:30:00Z,ADVERSE_FIRST,2026-08-18T19:59:00Z,2026-08-18T15:30:00Z,ADVERSE_FIRST,,2026-08-18T15:30:00Z,ADVERSE_FIRST,,2026-08-18T15:30:00Z,ADVERSE_FIRST,,2026-08-18T15:30:00Z,2026-08-18T15:15:00Z,2026-08-18T15:45:00Z,FAVORABLE_FIRST,2026-08-18T15:19:00Z,2026-08-18T15:29:00Z,ADVERSE_FIRST,2026-08-18T19:58:00Z,2026-08-18T15:29:00Z,ADVERSE_FIRST,2026-08-18T19:59:00Z,2026-08-18T15:29:00Z,ADVERSE_FIRST,,2026-08-18T15:29:00Z,ADVERSE_FIRST,2026-08-18T19:58:00Z,2026-08-18T15:29:00Z,ADVERSE_FIRST,2026-08-18T19:59:00Z,2026-08-18T15:29:00Z,ADVERSE_FIRST,,2026-08-18T15:29:00Z,ADVERSE_FIRST,,2026-08-18T15:29:00Z,ADVERSE_FIRST,,2026-08-18T15:29:00Z
SPY:2026-08-18:SHORT:2026-08-18T17:56:00+00:00:v1,2026-08-18,SHORT,767.620000000000,767.635000000000,0.015000000000,-0.015000000000,5,BETTER,0.700000000000,0.715000000000,0.945000000000,0.930000000000,0.210000000000,0.225000000000,-0.015000000000,0.015000000000,True,15,10,2026-08-18T18:00:00Z,2026-08-18T18:15:00Z,ADVERSE_FIRST,2026-08-18T19:54:00Z,2026-08-18T18:13:00Z,ADVERSE_FIRST,2026-08-18T19:58:00Z,2026-08-18T18:13:00Z,ADVERSE_FIRST,,2026-08-18T18:13:00Z,ADVERSE_FIRST,,2026-08-18T18:13:00Z,ADVERSE_FIRST,2026-08-18T19:58:00Z,2026-08-18T18:13:00Z,ADVERSE_FIRST,,2026-08-18T18:13:00Z,ADVERSE_FIRST,,2026-08-18T18:13:00Z,ADVERSE_FIRST,,2026-08-18T18:13:00Z,ADVERSE_FIRST,,2026-08-18T18:13:00Z,2026-08-18T18:05:00Z,2026-08-18T18:15:00Z,ADVERSE_FIRST,2026-08-18T19:54:00Z,2026-08-18T18:13:00Z,ADVERSE_FIRST,2026-08-18T19:58:00Z,2026-08-18T18:13:00Z,ADVERSE_FIRST,,2026-08-18T18:13:00Z,ADVERSE_FIRST,,2026-08-18T18:13:00Z,ADVERSE_FIRST,2026-08-18T19:58:00Z,2026-08-18T18:13:00Z,ADVERSE_FIRST,,2026-08-18T18:13:00Z,ADVERSE_FIRST,,2026-08-18T18:13:00Z,ADVERSE_FIRST,,2026-08-18T18:13:00Z,ADVERSE_FIRST,,2026-08-18T18:13:00Z
SPY:2026-08-18:SHORT:2026-08-18T18:52:00+00:00:v1,2026-08-18,SHORT,767.810000000000,767.700000000000,-0.110000000000,0.110000000000,5,WORSE,0.890000000000,0.780000000000,0.410000000000,0.520000000000,0.400000000000,0.290000000000,0.110000000000,-0.110000000000,True,30,25,2026-08-18T18:55:00Z,2026-08-18T19:25:00Z,FAVORABLE_FIRST,2026-08-18T19:14:00Z,2026-08-18T19:24:00Z,ADVERSE_FIRST,2026-08-18T19:54:00Z,2026-08-18T19:24:00Z,ADVERSE_FIRST,2026-08-18T19:59:00Z,2026-08-18T19:24:00Z,ADVERSE_FIRST,,2026-08-18T19:24:00Z,ADVERSE_FIRST,2026-08-18T19:54:00Z,2026-08-18T19:24:00Z,ADVERSE_FIRST,2026-08-18T19:59:00Z,2026-08-18T19:24:00Z,ADVERSE_FIRST,,2026-08-18T19:24:00Z,ADVERSE_FIRST,,2026-08-18T19:24:00Z,ADVERSE_FIRST,,2026-08-18T19:24:00Z,2026-08-18T19:00:00Z,2026-08-18T19:25:00Z,ADVERSE_FIRST,2026-08-18T19:54:00Z,2026-08-18T19:09:00Z,ADVERSE_FIRST,2026-08-18T19:58:00Z,2026-08-18T19:09:00Z,ADVERSE_FIRST,2026-08-18T19:59:00Z,2026-08-18T19:09:00Z,ADVERSE_FIRST,,2026-08-18T19:09:00Z,ADVERSE_FIRST,2026-08-18T19:58:00Z,2026-08-18T19:22:00Z,ADVERSE_FIRST,2026-08-18T19:59:00Z,2026-08-18T19:22:00Z,ADVERSE_FIRST,,2026-08-18T19:22:00Z,ADVERSE_FIRST,,2026-08-18T19:22:00Z,ADVERSE_FIRST,,2026-08-18T19:22:00Z
SPY:2026-08-18:SHORT:2026-08-18T19:40:00+00:00:v1,2026-08-18,SHORT,767.895000000000,767.890000000000,-0.005000000000,0.005000000000,5,UNCHANGED_WITHIN_ONE_CENT,0.975000000000,0.970000000000,0.055000000000,0,0.485000000000,0.480000000000,0.005000000000,0.055000000000,True,,,2026-08-18T19:45:00Z,,FAVORABLE_FIRST,2026-08-18T19:53:00Z,,FAVORABLE_FIRST,2026-08-18T19:54:00Z,,FAVORABLE_FIRST,2026-08-18T19:58:00Z,,NEITHER,,,FAVORABLE_FIRST,2026-08-18T19:54:00Z,,FAVORABLE_FIRST,2026-08-18T19:58:00Z,,NEITHER,,,NEITHER,,,NEITHER,,,2026-08-18T19:50:00Z,,FAVORABLE_FIRST,2026-08-18T19:53:00Z,,FAVORABLE_FIRST,2026-08-18T19:54:00Z,,FAVORABLE_FIRST,2026-08-18T19:58:00Z,,NEITHER,,,FAVORABLE_FIRST,2026-08-18T19:54:00Z,,FAVORABLE_FIRST,2026-08-18T19:58:00Z,,NEITHER,,,NEITHER,,,NEITHER,,
SPY:2026-08-19:SHORT:2026-08-19T13:47:00+00:00:v1,2026-08-19,SHORT,768.543700000000,769.675000000000,1.131300000000,-1.131300000000,5,BETTER,0.443700000000,1.475000000000,3.926300000000,2.795000000000,-0.516300000000,0.615000000000,-1.031300000000,1.131300000000,True,10,5,2026-08-19T13:50:00Z,2026-08-19T14:00:00Z,AMBIGUOUS_SAME_BAR,2026-08-19T13:51:00Z,2026-08-19T13:51:00Z,ADVERSE_FIRST,,2026-08-19T13:51:00Z,ADVERSE_FIRST,,2026-08-19T13:51:00Z,ADVERSE_FIRST,,2026-08-19T13:51:00Z,ADVERSE_FIRST,,2026-08-19T13:52:00Z,ADVERSE_FIRST,,2026-08-19T13:52:00Z,ADVERSE_FIRST,,2026-08-19T13:52:00Z,ADVERSE_FIRST,,2026-08-19T13:52:00Z,ADVERSE_FIRST,,2026-08-19T13:52:00Z,2026-08-19T13:55:00Z,2026-08-19T14:00:00Z,ADVERSE_FIRST,2026-08-19T14:10:00Z,2026-08-19T13:56:00Z,ADVERSE_FIRST,2026-08-19T14:11:00Z,2026-08-19T13:56:00Z,ADVERSE_FIRST,2026-08-19T14:14:00Z,2026-08-19T13:56:00Z,ADVERSE_FIRST,2026-08-19T19:47:00Z,2026-08-19T13:56:00Z,ADVERSE_FIRST,2026-08-19T14:11:00Z,2026-08-19T13:56:00Z,ADVERSE_FIRST,2026-08-19T14:14:00Z,2026-08-19T13:56:00Z,ADVERSE_FIRST,2026-08-19T19:47:00Z,2026-08-19T13:56:00Z,ADVERSE_FIRST,,2026-08-19T13:56:00Z,ADVERSE_FIRST,,2026-08-19T13:56:00Z
SPY:2026-08-19:SHORT:2026-08-19T14:00:00+00:00:v1,2026-08-19,SHORT,769.645000000000,769.786700000000,0.141700000000,-0.141700000000,5,BETTER,1.445000000000,1.586700000000,2.825000000000,2.683300000000,0.585000000000,0.726700000000,-0.141700000000,0.141700000000,True,25,20,2026-08-19T14:05:00Z,2026-08-19T14:30:00Z,ADVERSE_FIRST,2026-08-19T14:11:00Z,2026-08-19T14:06:00Z,ADVERSE_FIRST,2026-08-19T14:11:00Z,2026-08-19T14:06:00Z,ADVERSE_FIRST,2026-08-19T14:14:00Z,2026-08-19T14:06:00Z,ADVERSE_FIRST,2026-08-19T19:47:00Z,2026-08-19T14:06:00Z,ADVERSE_FIRST,2026-08-19T14:11:00Z,2026-08-19T14:10:00Z,ADVERSE_FIRST,2026-08-19T14:14:00Z,2026-08-19T14:10:00Z,ADVERSE_FIRST,2026-08-19T19:47:00Z,2026-08-19T14:10:00Z,ADVERSE_FIRST,,2026-08-19T14:10:00Z,ADVERSE_FIRST,,2026-08-19T14:10:00Z,2026-08-19T14:10:00Z,2026-08-19T14:30:00Z,FAVORABLE_FIRST,2026-08-19T14:11:00Z,2026-08-19T14:18:00Z,FAVORABLE_FIRST,2026-08-19T14:11:00Z,2026-08-19T14:18:00Z,FAVORABLE_FIRST,2026-08-19T14:12:00Z,2026-08-19T14:18:00Z,FAVORABLE_FIRST,2026-08-19T14:14:00Z,2026-08-19T14:18:00Z,FAVORABLE_FIRST,2026-08-19T14:11:00Z,2026-08-19T14:18:00Z,FAVORABLE_FIRST,2026-08-19T14:12:00Z,2026-08-19T14:18:00Z,FAVORABLE_FIRST,2026-08-19T14:14:00Z,2026-08-19T14:18:00Z,ADVERSE_FIRST,2026-08-19T19:55:00Z,2026-08-19T14:18:00Z,ADVERSE_FIRST,,2026-08-19T14:18:00Z
SPY:2026-08-19:LONG:2026-08-19T14:37:00+00:00:v1,2026-08-19,LONG,771.140000000000,771.059500000000,-0.080500000000,-0.080500000000,5,BETTER,1.330000000000,1.410500000000,2.940000000000,2.859500000000,-2.080000000000,-1.999500000000,-0.080500000000,0.080500000000,True,60,55,2026-08-19T14:40:00Z,2026-08-19T15:40:00Z,ADVERSE_FIRST,2026-08-19T14:53:00Z,2026-08-19T14:42:00Z,ADVERSE_FIRST,2026-08-19T14:56:00Z,2026-08-19T14:42:00Z,ADVERSE_FIRST,2026-08-19T14:58:00Z,2026-08-19T14:42:00Z,ADVERSE_FIRST,2026-08-19T14:59:00Z,2026-08-19T14:42:00Z,ADVERSE_FIRST,2026-08-19T14:56:00Z,2026-08-19T14:42:00Z,ADVERSE_FIRST,2026-08-19T14:58:00Z,2026-08-19T14:42:00Z,ADVERSE_FIRST,2026-08-19T14:59:00Z,2026-08-19T14:42:00Z,ADVERSE_FIRST,,2026-08-19T14:42:00Z,ADVERSE_FIRST,,2026-08-19T14:42:00Z,2026-08-19T14:45:00Z,2026-08-19T15:40:00Z,ADVERSE_FIRST,2026-08-19T14:53:00Z,2026-08-19T14:49:00Z,ADVERSE_FIRST,2026-08-19T14:54:00Z,2026-08-19T14:49:00Z,ADVERSE_FIRST,2026-08-19T14:57:00Z,2026-08-19T14:49:00Z,ADVERSE_FIRST,2026-08-19T14:58:00Z,2026-08-19T14:49:00Z,ADVERSE_FIRST,2026-08-19T14:54:00Z,2026-08-19T14:49:00Z,ADVERSE_FIRST,2026-08-19T14:57:00Z,2026-08-19T14:49:00Z,ADVERSE_FIRST,2026-08-19T14:58:00Z,2026-08-19T14:49:00Z,ADVERSE_FIRST,,2026-08-19T14:49:00Z,ADVERSE_FIRST,,2026-08-19T14:49:00Z
SPY:2026-08-19:LONG:2026-08-19T16:00:00+00:00:v1,2026-08-19,LONG,771.300000000000,771.520000000000,0.220000000000,0.220000000000,5,WORSE,0.690000000000,0.470000000000,3.100000000000,3.320000000000,-2.240000000000,-2.460000000000,0.220000000000,-0.220000000000,True,35,30,2026-08-19T16:05:00Z,2026-08-19T16:40:00Z,FAVORABLE_FIRST,2026-08-19T16:08:00Z,2026-08-19T16:27:00Z,FAVORABLE_FIRST,2026-08-19T16:16:00Z,2026-08-19T16:27:00Z,ADVERSE_FIRST,,2026-08-19T16:27:00Z,ADVERSE_FIRST,,2026-08-19T16:27:00Z,FAVORABLE_FIRST,2026-08-19T16:16:00Z,2026-08-19T16:27:00Z,ADVERSE_FIRST,,2026-08-19T16:27:00Z,ADVERSE_FIRST,,2026-08-19T16:27:00Z,ADVERSE_FIRST,,2026-08-19T16:27:00Z,ADVERSE_FIRST,,2026-08-19T16:27:00Z,2026-08-19T16:10:00Z,2026-08-19T16:40:00Z,FAVORABLE_FIRST,2026-08-19T16:15:00Z,2026-08-19T16:25:00Z,ADVERSE_FIRST,,2026-08-19T16:25:00Z,ADVERSE_FIRST,,2026-08-19T16:25:00Z,ADVERSE_FIRST,,2026-08-19T16:25:00Z,ADVERSE_FIRST,,2026-08-19T16:25:00Z,ADVERSE_FIRST,,2026-08-19T16:25:00Z,ADVERSE_FIRST,,2026-08-19T16:25:00Z,ADVERSE_FIRST,,2026-08-19T16:25:00Z,ADVERSE_FIRST,,2026-08-19T16:25:00Z
SPY:2026-08-19:SHORT:2026-08-19T17:07:00+00:00:v1,2026-08-19,SHORT,769.490000000000,769.825000000000,0.335000000000,-0.335000000000,5,BETTER,1.290000000000,1.625000000000,1.060000000000,0.725000000000,0.430000000000,0.765000000000,-0.335000000000,0.335000000000,True,55,50,2026-08-19T17:10:00Z,2026-08-19T18:05:00Z,ADVERSE_FIRST,2026-08-19T17:21:00Z,2026-08-19T17:11:00Z,ADVERSE_FIRST,2026-08-19T18:09:00Z,2026-08-19T17:11:00Z,ADVERSE_FIRST,2026-08-19T19:46:00Z,2026-08-19T17:11:00Z,ADVERSE_FIRST,2026-08-19T19:50:00Z,2026-08-19T17:11:00Z,ADVERSE_FIRST,2026-08-19T18:09:00Z,2026-08-19T17:12:00Z,ADVERSE_FIRST,2026-08-19T19:46:00Z,2026-08-19T17:12:00Z,ADVERSE_FIRST,2026-08-19T19:50:00Z,2026-08-19T17:12:00Z,ADVERSE_FIRST,,2026-08-19T17:12:00Z,ADVERSE_FIRST,,2026-08-19T17:12:00Z,2026-08-19T17:15:00Z,2026-08-19T18:05:00Z,FAVORABLE_FIRST,2026-08-19T17:18:00Z,2026-08-19T18:01:00Z,FAVORABLE_FIRST,2026-08-19T17:20:00Z,2026-08-19T18:01:00Z,FAVORABLE_FIRST,2026-08-19T17:22:00Z,2026-08-19T18:01:00Z,ADVERSE_FIRST,2026-08-19T19:46:00Z,2026-08-19T18:01:00Z,FAVORABLE_FIRST,2026-08-19T17:20:00Z,2026-08-19T18:01:00Z,FAVORABLE_FIRST,2026-08-19T17:22:00Z,2026-08-19T18:01:00Z,ADVERSE_FIRST,2026-08-19T19:46:00Z,2026-08-19T18:01:00Z,ADVERSE_FIRST,2026-08-19T19:50:00Z,2026-08-19T18:01:00Z,ADVERSE_FIRST,,2026-08-19T18:01:00Z
SPY:2026-08-19:SHORT:2026-08-19T18:05:00+00:00:v1,2026-08-19,SHORT,769.001000000000,769.430000000000,0.429000000000,-0.429000000000,5,BETTER,0.801000000000,1.230000000000,1.379000000000,0.950000000000,-0.059000000000,0.370000000000,-0.429000000000,0.429000000000,True,25,20,2026-08-19T18:10:00Z,2026-08-19T18:35:00Z,ADVERSE_FIRST,2026-08-19T19:46:00Z,2026-08-19T18:11:00Z,ADVERSE_FIRST,2026-08-19T19:50:00Z,2026-08-19T18:11:00Z,ADVERSE_FIRST,2026-08-19T19:55:00Z,2026-08-19T18:11:00Z,ADVERSE_FIRST,,2026-08-19T18:11:00Z,ADVERSE_FIRST,2026-08-19T19:50:00Z,2026-08-19T18:11:00Z,ADVERSE_FIRST,2026-08-19T19:55:00Z,2026-08-19T18:11:00Z,ADVERSE_FIRST,,2026-08-19T18:11:00Z,ADVERSE_FIRST,,2026-08-19T18:11:00Z,ADVERSE_FIRST,,2026-08-19T18:11:00Z,2026-08-19T18:15:00Z,2026-08-19T18:35:00Z,FAVORABLE_FIRST,2026-08-19T18:16:00Z,2026-08-19T18:30:00Z,ADVERSE_FIRST,2026-08-19T19:45:00Z,2026-08-19T18:30:00Z,ADVERSE_FIRST,2026-08-19T19:47:00Z,2026-08-19T18:30:00Z,ADVERSE_FIRST,2026-08-19T19:50:00Z,2026-08-19T18:30:00Z,ADVERSE_FIRST,2026-08-19T19:45:00Z,2026-08-19T18:30:00Z,ADVERSE_FIRST,2026-08-19T19:47:00Z,2026-08-19T18:30:00Z,ADVERSE_FIRST,2026-08-19T19:50:00Z,2026-08-19T18:30:00Z,ADVERSE_FIRST,,2026-08-19T18:30:00Z,ADVERSE_FIRST,,2026-08-19T18:30:00Z
SPY:2026-08-19:SHORT:2026-08-19T18:35:00+00:00:v1,2026-08-19,SHORT,769.790000000000,769.810000000000,0.020000000000,-0.020000000000,5,BETTER,1.590000000000,1.610000000000,0.590000000000,0.570000000000,0.730000000000,0.750000000000,-0.020000000000,0.020000000000,True,30,25,2026-08-19T18:40:00Z,2026-08-19T19:10:00Z,ADVERSE_FIRST,2026-08-19T18:53:00Z,2026-08-19T18:41:00Z,ADVERSE_FIRST,2026-08-19T19:37:00Z,2026-08-19T18:41:00Z,ADVERSE_FIRST,2026-08-19T19:43:00Z,2026-08-19T18:41:00Z,ADVERSE_FIRST,2026-08-19T19:46:00Z,2026-08-19T18:41:00Z,ADVERSE_FIRST,2026-08-19T19:37:00Z,2026-08-19T18:41:00Z,ADVERSE_FIRST,2026-08-19T19:43:00Z,2026-08-19T18:41:00Z,ADVERSE_FIRST,2026-08-19T19:46:00Z,2026-08-19T18:41:00Z,ADVERSE_FIRST,2026-08-19T19:50:00Z,2026-08-19T18:41:00Z,ADVERSE_FIRST,,2026-08-19T18:41:00Z,2026-08-19T18:45:00Z,2026-08-19T19:10:00Z,FAVORABLE_FIRST,2026-08-19T18:52:00Z,2026-08-19T19:32:00Z,ADVERSE_FIRST,2026-08-19T19:37:00Z,2026-08-19T19:32:00Z,ADVERSE_FIRST,2026-08-19T19:43:00Z,2026-08-19T19:32:00Z,ADVERSE_FIRST,2026-08-19T19:46:00Z,2026-08-19T19:32:00Z,ADVERSE_FIRST,2026-08-19T19:37:00Z,2026-08-19T19:32:00Z,ADVERSE_FIRST,2026-08-19T19:43:00Z,2026-08-19T19:32:00Z,ADVERSE_FIRST,2026-08-19T19:46:00Z,2026-08-19T19:32:00Z,ADVERSE_FIRST,2026-08-19T19:50:00Z,2026-08-19T19:32:00Z,ADVERSE_FIRST,,2026-08-19T19:32:00Z
SPY:2026-08-19:SHORT:2026-08-19T19:35:00+00:00:v1,2026-08-19,SHORT,769.175000000000,769.000000000000,-0.175000000000,0.175000000000,5,WORSE,0.975000000000,0.800000000000,0.085000000000,0.100000000000,0.115000000000,-0.060000000000,0.175000000000,-0.015000000000,True,,,2026-08-19T19:40:00Z,,FAVORABLE_FIRST,2026-08-19T19:45:00Z,,FAVORABLE_FIRST,2026-08-19T19:47:00Z,,FAVORABLE_FIRST,2026-08-19T19:50:00Z,,NEITHER,,,FAVORABLE_FIRST,2026-08-19T19:47:00Z,,FAVORABLE_FIRST,2026-08-19T19:50:00Z,,NEITHER,,,NEITHER,,,NEITHER,,,2026-08-19T19:45:00Z,,FAVORABLE_FIRST,2026-08-19T19:46:00Z,,FAVORABLE_FIRST,2026-08-19T19:50:00Z,,FAVORABLE_FIRST,2026-08-19T19:55:00Z,,NEITHER,,,FAVORABLE_FIRST,2026-08-19T19:50:00Z,,FAVORABLE_FIRST,2026-08-19T19:55:00Z,,NEITHER,,,NEITHER,,,NEITHER,,
SPY:2026-08-20:LONG:2026-08-20T13:35:00+00:00:v1,2026-08-20,LONG,767.300000000000,767.365000000000,0.065000000000,0.065000000000,5,WORSE,0.850000000000,0.785000000000,5.260000000000,5.325000000000,-4.680000000000,-4.745000000000,0.065000000000,-0.065000000000,True,15,10,2026-08-20T13:40:00Z,2026-08-20T13:55:00Z,ADVERSE_FIRST,2026-08-20T13:42:00Z,2026-08-20T13:41:00Z,ADVERSE_FIRST,2026-08-20T15:01:00Z,2026-08-20T13:41:00Z,ADVERSE_FIRST,2026-08-20T15:02:00Z,2026-08-20T13:41:00Z,ADVERSE_FIRST,,2026-08-20T13:41:00Z,ADVERSE_FIRST,2026-08-20T15:01:00Z,2026-08-20T13:41:00Z,ADVERSE_FIRST,2026-08-20T15:02:00Z,2026-08-20T13:41:00Z,ADVERSE_FIRST,,2026-08-20T13:41:00Z,ADVERSE_FIRST,,2026-08-20T13:41:00Z,ADVERSE_FIRST,,2026-08-20T13:41:00Z,2026-08-20T13:45:00Z,2026-08-20T13:55:00Z,ADVERSE_FIRST,2026-08-20T15:01:00Z,2026-08-20T13:46:00Z,ADVERSE_FIRST,2026-08-20T15:01:00Z,2026-08-20T13:46:00Z,ADVERSE_FIRST,2026-08-20T15:02:00Z,2026-08-20T13:46:00Z,ADVERSE_FIRST,,2026-08-20T13:46:00Z,ADVERSE_FIRST,2026-08-20T15:01:00Z,2026-08-20T13:47:00Z,ADVERSE_FIRST,2026-08-20T15:02:00Z,2026-08-20T13:47:00Z,ADVERSE_FIRST,,2026-08-20T13:47:00Z,ADVERSE_FIRST,,2026-08-20T13:47:00Z,ADVERSE_FIRST,,2026-08-20T13:47:00Z
SPY:2026-08-20:LONG:2026-08-20T14:59:00+00:00:v1,2026-08-20,LONG,767.150000000000,767.920000000000,0.770000000000,0.770000000000,5,WORSE,1.000000000000,0,5.110000000000,5.880000000000,-4.530000000000,-5.300000000000,1.000000000000,-0.770000000000,True,10,5,2026-08-20T15:00:00Z,2026-08-20T15:10:00Z,FAVORABLE_FIRST,2026-08-20T15:01:00Z,2026-08-20T15:08:00Z,FAVORABLE_FIRST,2026-08-20T15:01:00Z,2026-08-20T15:08:00Z,FAVORABLE_FIRST,2026-08-20T15:01:00Z,2026-08-20T15:08:00Z,FAVORABLE_FIRST,2026-08-20T15:04:00Z,2026-08-20T15:08:00Z,FAVORABLE_FIRST,2026-08-20T15:01:00Z,2026-08-20T15:08:00Z,FAVORABLE_FIRST,2026-08-20T15:01:00Z,2026-08-20T15:08:00Z,FAVORABLE_FIRST,2026-08-20T15:04:00Z,2026-08-20T15:08:00Z,ADVERSE_FIRST,,2026-08-20T15:08:00Z,ADVERSE_FIRST,,2026-08-20T15:08:00Z,2026-08-20T15:05:00Z,2026-08-20T15:10:00Z,ADVERSE_FIRST,,2026-08-20T15:06:00Z,ADVERSE_FIRST,,2026-08-20T15:06:00Z,ADVERSE_FIRST,,2026-08-20T15:06:00Z,ADVERSE_FIRST,,2026-08-20T15:06:00Z,ADVERSE_FIRST,,2026-08-20T15:06:00Z,ADVERSE_FIRST,,2026-08-20T15:06:00Z,ADVERSE_FIRST,,2026-08-20T15:06:00Z,ADVERSE_FIRST,,2026-08-20T15:06:00Z,ADVERSE_FIRST,,2026-08-20T15:06:00Z
SPY:2026-08-20:SHORT:2026-08-20T15:35:00+00:00:v1,2026-08-20,SHORT,765.555000000000,765.360000000000,-0.195000000000,0.195000000000,5,WORSE,3.515000000000,3.320000000000,1.085000000000,1.280000000000,2.935000000000,2.740000000000,0.195000000000,-0.195000000000,True,30,25,2026-08-20T15:40:00Z,2026-08-20T16:10:00Z,ADVERSE_FIRST,2026-08-20T15:46:00Z,2026-08-20T15:42:00Z,ADVERSE_FIRST,2026-08-20T17:17:00Z,2026-08-20T15:42:00Z,ADVERSE_FIRST,2026-08-20T17:20:00Z,2026-08-20T15:42:00Z,ADVERSE_FIRST,2026-08-20T17:36:00Z,2026-08-20T15:42:00Z,ADVERSE_FIRST,2026-08-20T17:17:00Z,2026-08-20T15:51:00Z,ADVERSE_FIRST,2026-08-20T17:20:00Z,2026-08-20T15:51:00Z,ADVERSE_FIRST,2026-08-20T17:36:00Z,2026-08-20T15:51:00Z,ADVERSE_FIRST,2026-08-20T18:02:00Z,2026-08-20T15:51:00Z,ADVERSE_FIRST,2026-08-20T18:10:00Z,2026-08-20T15:51:00Z,2026-08-20T15:45:00Z,2026-08-20T16:10:00Z,ADVERSE_FIRST,2026-08-20T17:16:00Z,2026-08-20T15:47:00Z,ADVERSE_FIRST,2026-08-20T17:19:00Z,2026-08-20T15:47:00Z,ADVERSE_FIRST,2026-08-20T17:34:00Z,2026-08-20T15:47:00Z,ADVERSE_FIRST,2026-08-20T17:37:00Z,2026-08-20T15:47:00Z,ADVERSE_FIRST,2026-08-20T17:19:00Z,2026-08-20T15:48:00Z,ADVERSE_FIRST,2026-08-20T17:34:00Z,2026-08-20T15:48:00Z,ADVERSE_FIRST,2026-08-20T17:37:00Z,2026-08-20T15:48:00Z,ADVERSE_FIRST,2026-08-20T18:05:00Z,2026-08-20T15:48:00Z,ADVERSE_FIRST,2026-08-20T18:10:00Z,2026-08-20T15:48:00Z
SPY:2026-08-20:SHORT:2026-08-20T16:10:00+00:00:v1,2026-08-20,SHORT,765.515000000000,765.610000000000,0.095000000000,-0.095000000000,5,BETTER,3.475000000000,3.570000000000,1.125000000000,1.030000000000,2.895000000000,2.990000000000,-0.095000000000,0.095000000000,True,10,5,2026-08-20T16:15:00Z,2026-08-20T16:25:00Z,ADVERSE_FIRST,2026-08-20T17:16:00Z,2026-08-20T16:23:00Z,ADVERSE_FIRST,2026-08-20T17:17:00Z,2026-08-20T16:23:00Z,ADVERSE_FIRST,2026-08-20T17:27:00Z,2026-08-20T16:23:00Z,ADVERSE_FIRST,2026-08-20T17:36:00Z,2026-08-20T16:23:00Z,ADVERSE_FIRST,2026-08-20T17:17:00Z,2026-08-20T16:23:00Z,ADVERSE_FIRST,2026-08-20T17:27:00Z,2026-08-20T16:23:00Z,ADVERSE_FIRST,2026-08-20T17:36:00Z,2026-08-20T16:23:00Z,ADVERSE_FIRST,2026-08-20T18:05:00Z,2026-08-20T16:23:00Z,ADVERSE_FIRST,2026-08-20T18:10:00Z,2026-08-20T16:23:00Z,2026-08-20T16:20:00Z,2026-08-20T16:25:00Z,ADVERSE_FIRST,2026-08-20T16:31:00Z,2026-08-20T16:23:00Z,ADVERSE_FIRST,2026-08-20T17:16:00Z,2026-08-20T16:23:00Z,ADVERSE_FIRST,2026-08-20T17:19:00Z,2026-08-20T16:23:00Z,ADVERSE_FIRST,2026-08-20T17:34:00Z,2026-08-20T16:23:00Z,ADVERSE_FIRST,2026-08-20T17:16:00Z,2026-08-20T16:23:00Z,ADVERSE_FIRST,2026-08-20T17:19:00Z,2026-08-20T16:23:00Z,ADVERSE_FIRST,2026-08-20T17:34:00Z,2026-08-20T16:23:00Z,ADVERSE_FIRST,2026-08-20T18:02:00Z,2026-08-20T16:23:00Z,ADVERSE_FIRST,2026-08-20T18:08:00Z,2026-08-20T16:23:00Z
SPY:2026-08-20:SHORT:2026-08-20T17:06:00+00:00:v1,2026-08-20,SHORT,765.680000000000,765.520000000000,-0.160000000000,0.160000000000,5,WORSE,3.640000000000,3.480000000000,0.150000000000,0,3.060000000000,2.900000000000,0.160000000000,0.150000000000,True,,,2026-08-20T17:10:00Z,,FAVORABLE_FIRST,2026-08-20T17:15:00Z,,FAVORABLE_FIRST,2026-08-20T17:16:00Z,,FAVORABLE_FIRST,2026-08-20T17:19:00Z,,FAVORABLE_FIRST,2026-08-20T17:30:00Z,,FAVORABLE_FIRST,2026-08-20T17:16:00Z,,FAVORABLE_FIRST,2026-08-20T17:19:00Z,,FAVORABLE_FIRST,2026-08-20T17:30:00Z,,FAVORABLE_FIRST,2026-08-20T18:02:00Z,,FAVORABLE_FIRST,2026-08-20T18:07:00Z,,2026-08-20T17:15:00Z,,FAVORABLE_FIRST,2026-08-20T17:16:00Z,,FAVORABLE_FIRST,2026-08-20T17:17:00Z,,FAVORABLE_FIRST,2026-08-20T17:27:00Z,,FAVORABLE_FIRST,2026-08-20T17:36:00Z,,FAVORABLE_FIRST,2026-08-20T17:17:00Z,,FAVORABLE_FIRST,2026-08-20T17:27:00Z,,FAVORABLE_FIRST,2026-08-20T17:36:00Z,,FAVORABLE_FIRST,2026-08-20T18:02:00Z,,FAVORABLE_FIRST,2026-08-20T18:10:00Z,
SPY:2026-08-21:SHORT:2026-08-21T13:51:00+00:00:v1,2026-08-21,SHORT,764.420000000000,764.512400000000,0.092400000000,-0.092400000000,5,BETTER,0.205000000000,0.297400000000,3.430000000000,3.337600000000,-1.270000000000,-1.177600000000,-0.092400000000,0.092400000000,True,10,5,2026-08-21T13:55:00Z,2026-08-21T14:05:00Z,ADVERSE_FIRST,,2026-08-21T13:56:00Z,ADVERSE_FIRST,,2026-08-21T13:56:00Z,ADVERSE_FIRST,,2026-08-21T13:56:00Z,ADVERSE_FIRST,,2026-08-21T13:56:00Z,ADVERSE_FIRST,,2026-08-21T13:56:00Z,ADVERSE_FIRST,,2026-08-21T13:56:00Z,ADVERSE_FIRST,,2026-08-21T13:56:00Z,ADVERSE_FIRST,,2026-08-21T13:56:00Z,ADVERSE_FIRST,,2026-08-21T13:56:00Z,2026-08-21T14:00:00Z,2026-08-21T14:05:00Z,ADVERSE_FIRST,2026-08-21T14:37:00Z,2026-08-21T14:01:00Z,ADVERSE_FIRST,,2026-08-21T14:01:00Z,ADVERSE_FIRST,,2026-08-21T14:01:00Z,ADVERSE_FIRST,,2026-08-21T14:01:00Z,ADVERSE_FIRST,,2026-08-21T14:01:00Z,ADVERSE_FIRST,,2026-08-21T14:01:00Z,ADVERSE_FIRST,,2026-08-21T14:01:00Z,ADVERSE_FIRST,,2026-08-21T14:01:00Z,ADVERSE_FIRST,,2026-08-21T14:01:00Z
SPY:2026-08-21:SHORT:2026-08-21T14:13:00+00:00:v1,2026-08-21,SHORT,764.710000000000,764.630000000000,-0.080000000000,0.080000000000,5,WORSE,0.495000000000,0.415000000000,3.140000000000,3.220000000000,-0.980000000000,-1.060000000000,0.080000000000,-0.080000000000,True,35,30,2026-08-21T14:15:00Z,2026-08-21T14:50:00Z,ADVERSE_FIRST,2026-08-21T14:21:00Z,2026-08-21T14:16:00Z,ADVERSE_FIRST,,2026-08-21T14:16:00Z,ADVERSE_FIRST,,2026-08-21T14:16:00Z,ADVERSE_FIRST,,2026-08-21T14:16:00Z,ADVERSE_FIRST,,2026-08-21T14:16:00Z,ADVERSE_FIRST,,2026-08-21T14:16:00Z,ADVERSE_FIRST,,2026-08-21T14:16:00Z,ADVERSE_FIRST,,2026-08-21T14:16:00Z,ADVERSE_FIRST,,2026-08-21T14:16:00Z,2026-08-21T14:20:00Z,2026-08-21T14:50:00Z,ADVERSE_FIRST,2026-08-21T14:35:00Z,2026-08-21T14:22:00Z,ADVERSE_FIRST,,2026-08-21T14:22:00Z,ADVERSE_FIRST,,2026-08-21T14:22:00Z,ADVERSE_FIRST,,2026-08-21T14:22:00Z,ADVERSE_FIRST,,2026-08-21T14:22:00Z,ADVERSE_FIRST,,2026-08-21T14:22:00Z,ADVERSE_FIRST,,2026-08-21T14:22:00Z,ADVERSE_FIRST,,2026-08-21T14:22:00Z,ADVERSE_FIRST,,2026-08-21T14:22:00Z
SPY:2026-08-21:LONG:2026-08-21T15:32:00+00:00:v1,2026-08-21,LONG,766.490000000000,767.058400000000,0.568400000000,0.568400000000,5,WORSE,1.360000000000,0.791600000000,1.430000000000,1.998400000000,-0.800000000000,-1.368400000000,0.568400000000,-0.568400000000,True,45,40,2026-08-21T15:35:00Z,2026-08-21T16:20:00Z,FAVORABLE_FIRST,2026-08-21T15:36:00Z,2026-08-21T16:14:00Z,FAVORABLE_FIRST,2026-08-21T15:39:00Z,2026-08-21T16:14:00Z,FAVORABLE_FIRST,2026-08-21T15:40:00Z,2026-08-21T16:14:00Z,FAVORABLE_FIRST,2026-08-21T15:51:00Z,2026-08-21T16:14:00Z,FAVORABLE_FIRST,2026-08-21T15:39:00Z,2026-08-21T16:15:00Z,FAVORABLE_FIRST,2026-08-21T15:40:00Z,2026-08-21T16:15:00Z,FAVORABLE_FIRST,2026-08-21T15:51:00Z,2026-08-21T16:15:00Z,ADVERSE_FIRST,,2026-08-21T16:15:00Z,ADVERSE_FIRST,,2026-08-21T16:15:00Z,2026-08-21T15:40:00Z,2026-08-21T16:20:00Z,FAVORABLE_FIRST,2026-08-21T15:41:00Z,2026-08-21T16:04:00Z,FAVORABLE_FIRST,2026-08-21T15:51:00Z,2026-08-21T16:04:00Z,FAVORABLE_FIRST,2026-08-21T15:53:00Z,2026-08-21T16:04:00Z,ADVERSE_FIRST,,2026-08-21T16:04:00Z,FAVORABLE_FIRST,2026-08-21T15:51:00Z,2026-08-21T16:04:00Z,FAVORABLE_FIRST,2026-08-21T15:53:00Z,2026-08-21T16:04:00Z,ADVERSE_FIRST,,2026-08-21T16:04:00Z,ADVERSE_FIRST,,2026-08-21T16:04:00Z,ADVERSE_FIRST,,2026-08-21T16:04:00Z
SPY:2026-08-21:LONG:2026-08-21T16:21:00+00:00:v1,2026-08-21,LONG,766.195000000000,766.515000000000,0.320000000000,0.320000000000,5,WORSE,0.605000000000,0.285000000000,1.135000000000,1.455000000000,-0.505000000000,-0.825000000000,0.320000000000,-0.320000000000,True,10,5,2026-08-21T16:25:00Z,2026-08-21T16:35:00Z,FAVORABLE_FIRST,2026-08-21T16:28:00Z,2026-08-21T16:50:00Z,ADVERSE_FIRST,2026-08-21T19:47:00Z,2026-08-21T16:50:00Z,ADVERSE_FIRST,,2026-08-21T16:50:00Z,ADVERSE_FIRST,,2026-08-21T16:50:00Z,ADVERSE_FIRST,2026-08-21T19:47:00Z,2026-08-21T16:50:00Z,ADVERSE_FIRST,,2026-08-21T16:50:00Z,ADVERSE_FIRST,,2026-08-21T16:50:00Z,ADVERSE_FIRST,,2026-08-21T16:50:00Z,ADVERSE_FIRST,,2026-08-21T16:50:00Z,2026-08-21T16:30:00Z,2026-08-21T16:35:00Z,ADVERSE_FIRST,2026-08-21T19:48:00Z,2026-08-21T16:31:00Z,ADVERSE_FIRST,,2026-08-21T16:31:00Z,ADVERSE_FIRST,,2026-08-21T16:31:00Z,ADVERSE_FIRST,,2026-08-21T16:31:00Z,ADVERSE_FIRST,,2026-08-21T16:31:00Z,ADVERSE_FIRST,,2026-08-21T16:31:00Z,ADVERSE_FIRST,,2026-08-21T16:31:00Z,ADVERSE_FIRST,,2026-08-21T16:31:00Z,ADVERSE_FIRST,,2026-08-21T16:31:00Z
SPY:2026-08-21:LONG:2026-08-21T16:36:00+00:00:v1,2026-08-21,LONG,766.550000000000,766.375000000000,-0.175000000000,-0.175000000000,5,BETTER,0.250000000000,0.425000000000,1.490000000000,1.315000000000,-0.860000000000,-0.685000000000,-0.175000000000,0.175000000000,True,15,10,2026-08-21T16:40:00Z,2026-08-21T16:55:00Z,ADVERSE_FIRST,2026-08-21T19:49:00Z,2026-08-21T16:43:00Z,ADVERSE_FIRST,,2026-08-21T16:43:00Z,ADVERSE_FIRST,,2026-08-21T16:43:00Z,ADVERSE_FIRST,,2026-08-21T16:43:00Z,ADVERSE_FIRST,,2026-08-21T16:45:00Z,ADVERSE_FIRST,,2026-08-21T16:45:00Z,ADVERSE_FIRST,,2026-08-21T16:45:00Z,ADVERSE_FIRST,,2026-08-21T16:45:00Z,ADVERSE_FIRST,,2026-08-21T16:45:00Z,2026-08-21T16:45:00Z,2026-08-21T16:55:00Z,ADVERSE_FIRST,2026-08-21T19:47:00Z,2026-08-21T16:50:00Z,ADVERSE_FIRST,,2026-08-21T16:50:00Z,ADVERSE_FIRST,,2026-08-21T16:50:00Z,ADVERSE_FIRST,,2026-08-21T16:50:00Z,ADVERSE_FIRST,,2026-08-21T16:50:00Z,ADVERSE_FIRST,,2026-08-21T16:50:00Z,ADVERSE_FIRST,,2026-08-21T16:50:00Z,ADVERSE_FIRST,,2026-08-21T16:50:00Z,ADVERSE_FIRST,,2026-08-21T16:50:00Z
SPY:2026-08-21:LONG:2026-08-21T16:57:00+00:00:v1,2026-08-21,LONG,766.390000000000,766.270000000000,-0.120000000000,-0.120000000000,5,BETTER,0.410000000000,0.530000000000,1.330000000000,1.210000000000,-0.700000000000,-0.580000000000,-0.120000000000,0.120000000000,True,25,20,2026-08-21T17:00:00Z,2026-08-21T17:25:00Z,ADVERSE_FIRST,2026-08-21T19:47:00Z,2026-08-21T17:11:00Z,ADVERSE_FIRST,,2026-08-21T17:11:00Z,ADVERSE_FIRST,,2026-08-21T17:11:00Z,ADVERSE_FIRST,,2026-08-21T17:11:00Z,ADVERSE_FIRST,,2026-08-21T17:19:00Z,ADVERSE_FIRST,,2026-08-21T17:19:00Z,ADVERSE_FIRST,,2026-08-21T17:19:00Z,ADVERSE_FIRST,,2026-08-21T17:19:00Z,ADVERSE_FIRST,,2026-08-21T17:19:00Z,2026-08-21T17:05:00Z,2026-08-21T17:25:00Z,FAVORABLE_FIRST,2026-08-21T17:09:00Z,2026-08-21T17:20:00Z,ADVERSE_FIRST,2026-08-21T19:48:00Z,2026-08-21T17:20:00Z,ADVERSE_FIRST,,2026-08-21T17:20:00Z,ADVERSE_FIRST,,2026-08-21T17:20:00Z,ADVERSE_FIRST,2026-08-21T19:48:00Z,2026-08-21T17:20:00Z,ADVERSE_FIRST,,2026-08-21T17:20:00Z,ADVERSE_FIRST,,2026-08-21T17:20:00Z,ADVERSE_FIRST,,2026-08-21T17:20:00Z,ADVERSE_FIRST,,2026-08-21T17:20:00Z
SPY:2026-08-21:LONG:2026-08-21T19:35:00+00:00:v1,2026-08-21,LONG,766.275000000000,766.470000000000,0.195000000000,0.195000000000,5,WORSE,0.525000000000,0.330000000000,0.935000000000,1.130000000000,-0.585000000000,-0.780000000000,0.195000000000,-0.195000000000,True,15,10,2026-08-21T19:40:00Z,2026-08-21T19:55:00Z,FAVORABLE_FIRST,2026-08-21T19:45:00Z,2026-08-21T19:52:00Z,FAVORABLE_FIRST,2026-08-21T19:48:00Z,2026-08-21T19:52:00Z,ADVERSE_FIRST,,2026-08-21T19:52:00Z,ADVERSE_FIRST,,2026-08-21T19:52:00Z,FAVORABLE_FIRST,2026-08-21T19:48:00Z,2026-08-21T19:53:00Z,ADVERSE_FIRST,,2026-08-21T19:53:00Z,ADVERSE_FIRST,,2026-08-21T19:53:00Z,ADVERSE_FIRST,,2026-08-21T19:53:00Z,ADVERSE_FIRST,,2026-08-21T19:53:00Z,2026-08-21T19:45:00Z,2026-08-21T19:55:00Z,FAVORABLE_FIRST,2026-08-21T19:48:00Z,2026-08-21T19:50:00Z,ADVERSE_FIRST,,2026-08-21T19:50:00Z,ADVERSE_FIRST,,2026-08-21T19:50:00Z,ADVERSE_FIRST,,2026-08-21T19:50:00Z,ADVERSE_FIRST,,2026-08-21T19:50:00Z,ADVERSE_FIRST,,2026-08-21T19:50:00Z,ADVERSE_FIRST,,2026-08-21T19:50:00Z,ADVERSE_FIRST,,2026-08-21T19:50:00Z,ADVERSE_FIRST,,2026-08-21T19:50:00Z
SPY:2026-08-24:SHORT:2026-08-24T13:40:00+00:00:v1,2026-08-24,SHORT,762.190000000000,763.105000000000,0.915000000000,-0.915000000000,5,BETTER,0,0.735000000000,3.030000000000,2.115000000000,-1.270000000000,-0.355000000000,-0.735000000000,0.915000000000,True,10,5,2026-08-24T13:45:00Z,2026-08-24T13:55:00Z,ADVERSE_FIRST,,2026-08-24T13:46:00Z,ADVERSE_FIRST,,2026-08-24T13:46:00Z,ADVERSE_FIRST,,2026-08-24T13:46:00Z,ADVERSE_FIRST,,2026-08-24T13:46:00Z,ADVERSE_FIRST,,2026-08-24T13:46:00Z,ADVERSE_FIRST,,2026-08-24T13:46:00Z,ADVERSE_FIRST,,2026-08-24T13:46:00Z,ADVERSE_FIRST,,2026-08-24T13:46:00Z,ADVERSE_FIRST,,2026-08-24T13:46:00Z,2026-08-24T13:50:00Z,2026-08-24T13:55:00Z,FAVORABLE_FIRST,2026-08-24T13:52:00Z,2026-08-24T13:54:00Z,ADVERSE_FIRST,2026-08-24T14:12:00Z,2026-08-24T13:54:00Z,ADVERSE_FIRST,,2026-08-24T13:54:00Z,ADVERSE_FIRST,,2026-08-24T13:54:00Z,ADVERSE_FIRST,2026-08-24T14:12:00Z,2026-08-24T13:54:00Z,ADVERSE_FIRST,,2026-08-24T13:54:00Z,ADVERSE_FIRST,,2026-08-24T13:54:00Z,ADVERSE_FIRST,,2026-08-24T13:54:00Z,ADVERSE_FIRST,,2026-08-24T13:54:00Z
SPY:2026-08-24:SHORT:2026-08-24T14:02:00+00:00:v1,2026-08-24,SHORT,762.970000000000,762.890000000000,-0.080000000000,0.080000000000,5,WORSE,0.600000000000,0.520000000000,2.250000000000,2.330000000000,-0.490000000000,-0.570000000000,0.080000000000,-0.080000000000,True,30,25,2026-08-24T14:05:00Z,2026-08-24T14:35:00Z,FAVORABLE_FIRST,2026-08-24T14:08:00Z,2026-08-24T14:21:00Z,ADVERSE_FIRST,2026-08-24T15:20:00Z,2026-08-24T14:21:00Z,ADVERSE_FIRST,,2026-08-24T14:21:00Z,ADVERSE_FIRST,,2026-08-24T14:21:00Z,ADVERSE_FIRST,2026-08-24T15:20:00Z,2026-08-24T14:21:00Z,ADVERSE_FIRST,,2026-08-24T14:21:00Z,ADVERSE_FIRST,,2026-08-24T14:21:00Z,ADVERSE_FIRST,,2026-08-24T14:21:00Z,ADVERSE_FIRST,,2026-08-24T14:21:00Z,2026-08-24T14:10:00Z,2026-08-24T14:35:00Z,FAVORABLE_FIRST,2026-08-24T14:11:00Z,2026-08-24T14:20:00Z,ADVERSE_FIRST,2026-08-24T15:21:00Z,2026-08-24T14:20:00Z,ADVERSE_FIRST,,2026-08-24T14:20:00Z,ADVERSE_FIRST,,2026-08-24T14:20:00Z,ADVERSE_FIRST,2026-08-24T15:21:00Z,2026-08-24T14:21:00Z,ADVERSE_FIRST,,2026-08-24T14:21:00Z,ADVERSE_FIRST,,2026-08-24T14:21:00Z,ADVERSE_FIRST,,2026-08-24T14:21:00Z,ADVERSE_FIRST,,2026-08-24T14:21:00Z
SPY:2026-08-24:SHORT:2026-08-24T15:03:00+00:00:v1,2026-08-24,SHORT,763.060000000000,762.990000000000,-0.070000000000,0.070000000000,5,WORSE,0.690000000000,0.620000000000,2.160000000000,2.230000000000,-0.400000000000,-0.470000000000,0.070000000000,-0.070000000000,True,25,20,2026-08-24T15:05:00Z,2026-08-24T15:30:00Z,FAVORABLE_FIRST,2026-08-24T15:06:00Z,2026-08-24T15:25:00Z,FAVORABLE_FIRST,2026-08-24T15:20:00Z,2026-08-24T15:25:00Z,ADVERSE_FIRST,,2026-08-24T15:25:00Z,ADVERSE_FIRST,,2026-08-24T15:25:00Z,FAVORABLE_FIRST,2026-08-24T15:20:00Z,2026-08-24T15:28:00Z,ADVERSE_FIRST,,2026-08-24T15:28:00Z,ADVERSE_FIRST,,2026-08-24T15:28:00Z,ADVERSE_FIRST,,2026-08-24T15:28:00Z,ADVERSE_FIRST,,2026-08-24T15:28:00Z,2026-08-24T15:10:00Z,2026-08-24T15:30:00Z,FAVORABLE_FIRST,2026-08-24T15:14:00Z,2026-08-24T15:25:00Z,FAVORABLE_FIRST,2026-08-24T15:20:00Z,2026-08-24T15:25:00Z,ADVERSE_FIRST,,2026-08-24T15:25:00Z,ADVERSE_FIRST,,2026-08-24T15:25:00Z,FAVORABLE_FIRST,2026-08-24T15:20:00Z,2026-08-24T15:25:00Z,ADVERSE_FIRST,,2026-08-24T15:25:00Z,ADVERSE_FIRST,,2026-08-24T15:25:00Z,ADVERSE_FIRST,,2026-08-24T15:25:00Z,ADVERSE_FIRST,,2026-08-24T15:25:00Z
SPY:2026-08-24:LONG:2026-08-24T16:15:00+00:00:v1,2026-08-24,LONG,765.050000000000,764.870000000000,-0.180000000000,-0.180000000000,5,BETTER,0.170000000000,0.240000000000,2.000000000000,1.820000000000,-1.590000000000,-1.410000000000,-0.070000000000,0.180000000000,True,15,10,2026-08-24T16:20:00Z,2026-08-24T16:35:00Z,ADVERSE_FIRST,,2026-08-24T16:24:00Z,ADVERSE_FIRST,,2026-08-24T16:24:00Z,ADVERSE_FIRST,,2026-08-24T16:24:00Z,ADVERSE_FIRST,,2026-08-24T16:24:00Z,ADVERSE_FIRST,,2026-08-24T16:30:00Z,ADVERSE_FIRST,,2026-08-24T16:30:00Z,ADVERSE_FIRST,,2026-08-24T16:30:00Z,ADVERSE_FIRST,,2026-08-24T16:30:00Z,ADVERSE_FIRST,,2026-08-24T16:30:00Z,2026-08-24T16:25:00Z,2026-08-24T16:35:00Z,ADVERSE_FIRST,,2026-08-24T16:31:00Z,ADVERSE_FIRST,,2026-08-24T16:31:00Z,ADVERSE_FIRST,,2026-08-24T16:31:00Z,ADVERSE_FIRST,,2026-08-24T16:31:00Z,ADVERSE_FIRST,,2026-08-24T16:32:00Z,ADVERSE_FIRST,,2026-08-24T16:32:00Z,ADVERSE_FIRST,,2026-08-24T16:32:00Z,ADVERSE_FIRST,,2026-08-24T16:32:00Z,ADVERSE_FIRST,,2026-08-24T16:32:00Z
SPY:2026-08-25:SHORT:2026-08-25T13:55:00+00:00:v1,2026-08-25,SHORT,765.690000000000,765.455000000000,-0.235000000000,0.235000000000,5,WORSE,2.639900000000,2.404900000000,0.530000000000,0.765000000000,-0.140000000000,-0.375000000000,0.235000000000,-0.235000000000,True,355,350,2026-08-25T14:00:00Z,2026-08-25T19:55:00Z,FAVORABLE_FIRST,2026-08-25T14:02:00Z,2026-08-25T16:39:00Z,FAVORABLE_FIRST,2026-08-25T14:07:00Z,2026-08-25T16:39:00Z,FAVORABLE_FIRST,2026-08-25T14:23:00Z,2026-08-25T16:39:00Z,FAVORABLE_FIRST,2026-08-25T14:29:00Z,2026-08-25T16:39:00Z,FAVORABLE_FIRST,2026-08-25T14:07:00Z,2026-08-25T19:54:00Z,FAVORABLE_FIRST,2026-08-25T14:23:00Z,2026-08-25T19:54:00Z,FAVORABLE_FIRST,2026-08-25T14:29:00Z,2026-08-25T19:54:00Z,FAVORABLE_FIRST,2026-08-25T14:30:00Z,2026-08-25T19:54:00Z,FAVORABLE_FIRST,2026-08-25T14:30:00Z,2026-08-25T19:54:00Z,2026-08-25T14:05:00Z,2026-08-25T19:55:00Z,FAVORABLE_FIRST,2026-08-25T14:07:00Z,2026-08-25T15:33:00Z,FAVORABLE_FIRST,2026-08-25T14:23:00Z,2026-08-25T15:33:00Z,FAVORABLE_FIRST,2026-08-25T14:29:00Z,2026-08-25T15:33:00Z,FAVORABLE_FIRST,2026-08-25T14:30:00Z,2026-08-25T15:33:00Z,FAVORABLE_FIRST,2026-08-25T14:23:00Z,2026-08-25T15:33:00Z,FAVORABLE_FIRST,2026-08-25T14:29:00Z,2026-08-25T15:33:00Z,FAVORABLE_FIRST,2026-08-25T14:30:00Z,2026-08-25T15:33:00Z,FAVORABLE_FIRST,2026-08-25T14:30:00Z,2026-08-25T15:33:00Z,FAVORABLE_FIRST,2026-08-25T14:30:00Z,2026-08-25T15:33:00Z
SPY:2026-08-26:LONG:2026-08-26T13:40:00+00:00:v1,2026-08-26,LONG,766.300000000000,765.920000000000,-0.380000000000,-0.380000000000,5,BETTER,1.050000000000,1.430000000000,2.370000000000,1.990000000000,-0.290000000000,0.090000000000,-0.380000000000,0.380000000000,True,40,35,2026-08-26T13:45:00Z,2026-08-26T14:25:00Z,FAVORABLE_FIRST,2026-08-26T13:46:00Z,2026-08-26T13:49:00Z,ADVERSE_FIRST,2026-08-26T13:56:00Z,2026-08-26T13:49:00Z,ADVERSE_FIRST,2026-08-26T19:01:00Z,2026-08-26T13:49:00Z,ADVERSE_FIRST,2026-08-26T19:04:00Z,2026-08-26T13:49:00Z,ADVERSE_FIRST,2026-08-26T13:56:00Z,2026-08-26T13:49:00Z,ADVERSE_FIRST,2026-08-26T19:01:00Z,2026-08-26T13:49:00Z,ADVERSE_FIRST,2026-08-26T19:04:00Z,2026-08-26T13:49:00Z,ADVERSE_FIRST,,2026-08-26T13:49:00Z,ADVERSE_FIRST,,2026-08-26T13:49:00Z,2026-08-26T13:50:00Z,2026-08-26T14:25:00Z,ADVERSE_FIRST,2026-08-26T13:53:00Z,2026-08-26T13:51:00Z,ADVERSE_FIRST,2026-08-26T13:53:00Z,2026-08-26T13:51:00Z,ADVERSE_FIRST,2026-08-26T13:55:00Z,2026-08-26T13:51:00Z,ADVERSE_FIRST,2026-08-26T14:04:00Z,2026-08-26T13:51:00Z,FAVORABLE_FIRST,2026-08-26T13:53:00Z,2026-08-26T14:22:00Z,FAVORABLE_FIRST,2026-08-26T13:55:00Z,2026-08-26T14:22:00Z,FAVORABLE_FIRST,2026-08-26T14:04:00Z,2026-08-26T14:22:00Z,ADVERSE_FIRST,,2026-08-26T14:22:00Z,ADVERSE_FIRST,,2026-08-26T14:22:00Z
SPY:2026-08-26:LONG:2026-08-26T14:56:00+00:00:v1,2026-08-26,LONG,765.850000000000,766.190000000000,0.340000000000,0.340000000000,5,WORSE,1.500000000000,1.160000000000,1.920000000000,2.260000000000,0.160000000000,-0.180000000000,0.340000000000,-0.340000000000,True,20,15,2026-08-26T15:00:00Z,2026-08-26T15:20:00Z,FAVORABLE_FIRST,2026-08-26T15:01:00Z,2026-08-26T15:17:00Z,FAVORABLE_FIRST,2026-08-26T15:02:00Z,2026-08-26T15:17:00Z,ADVERSE_FIRST,2026-08-26T18:58:00Z,2026-08-26T15:17:00Z,ADVERSE_FIRST,2026-08-26T19:00:00Z,2026-08-26T15:17:00Z,FAVORABLE_FIRST,2026-08-26T15:02:00Z,2026-08-26T15:32:00Z,ADVERSE_FIRST,2026-08-26T18:58:00Z,2026-08-26T15:32:00Z,ADVERSE_FIRST,2026-08-26T19:00:00Z,2026-08-26T15:32:00Z,ADVERSE_FIRST,2026-08-26T19:04:00Z,2026-08-26T15:32:00Z,ADVERSE_FIRST,,2026-08-26T15:32:00Z,2026-08-26T15:05:00Z,2026-08-26T15:20:00Z,FAVORABLE_FIRST,2026-08-26T15:07:00Z,2026-08-26T15:16:00Z,ADVERSE_FIRST,2026-08-26T19:00:00Z,2026-08-26T15:16:00Z,ADVERSE_FIRST,2026-08-26T19:00:00Z,2026-08-26T15:16:00Z,ADVERSE_FIRST,2026-08-26T19:02:00Z,2026-08-26T15:16:00Z,ADVERSE_FIRST,2026-08-26T19:00:00Z,2026-08-26T15:16:00Z,ADVERSE_FIRST,2026-08-26T19:00:00Z,2026-08-26T15:16:00Z,ADVERSE_FIRST,2026-08-26T19:02:00Z,2026-08-26T15:16:00Z,ADVERSE_FIRST,,2026-08-26T15:16:00Z,ADVERSE_FIRST,,2026-08-26T15:16:00Z
SPY:2026-08-26:LONG:2026-08-26T15:42:00+00:00:v1,2026-08-26,LONG,766.070000000000,766.230000000000,0.160000000000,0.160000000000,5,WORSE,1.280000000000,1.120000000000,2.140000000000,2.300000000000,-0.060000000000,-0.220000000000,0.160000000000,-0.160000000000,True,10,5,2026-08-26T15:45:00Z,2026-08-26T15:55:00Z,ADVERSE_FIRST,2026-08-26T18:47:00Z,2026-08-26T15:51:00Z,ADVERSE_FIRST,2026-08-26T18:53:00Z,2026-08-26T15:51:00Z,ADVERSE_FIRST,2026-08-26T19:00:00Z,2026-08-26T15:51:00Z,ADVERSE_FIRST,2026-08-26T19:02:00Z,2026-08-26T15:51:00Z,ADVERSE_FIRST,2026-08-26T18:53:00Z,2026-08-26T15:51:00Z,ADVERSE_FIRST,2026-08-26T19:00:00Z,2026-08-26T15:51:00Z,ADVERSE_FIRST,2026-08-26T19:02:00Z,2026-08-26T15:51:00Z,ADVERSE_FIRST,,2026-08-26T15:51:00Z,ADVERSE_FIRST,,2026-08-26T15:51:00Z,2026-08-26T15:50:00Z,2026-08-26T15:55:00Z,ADVERSE_FIRST,2026-08-26T18:53:00Z,2026-08-26T15:51:00Z,ADVERSE_FIRST,2026-08-26T19:00:00Z,2026-08-26T15:51:00Z,ADVERSE_FIRST,2026-08-26T19:01:00Z,2026-08-26T15:51:00Z,ADVERSE_FIRST,2026-08-26T19:04:00Z,2026-08-26T15:51:00Z,ADVERSE_FIRST,2026-08-26T19:00:00Z,2026-08-26T15:51:00Z,ADVERSE_FIRST,2026-08-26T19:01:00Z,2026-08-26T15:51:00Z,ADVERSE_FIRST,2026-08-26T19:04:00Z,2026-08-26T15:51:00Z,ADVERSE_FIRST,,2026-08-26T15:51:00Z,ADVERSE_FIRST,,2026-08-26T15:51:00Z
SPY:2026-08-26:SHORT:2026-08-26T16:37:00+00:00:v1,2026-08-26,SHORT,764.160000000000,764.012000000000,-0.148000000000,0.148000000000,5,WORSE,0.230000000000,0.062000000000,3.190000000000,3.338000000000,-1.850000000000,-1.998000000000,0.168000000000,-0.148000000000,True,20,15,2026-08-26T16:40:00Z,2026-08-26T17:00:00Z,ADVERSE_FIRST,,2026-08-26T16:56:00Z,ADVERSE_FIRST,,2026-08-26T16:56:00Z,ADVERSE_FIRST,,2026-08-26T16:56:00Z,ADVERSE_FIRST,,2026-08-26T16:56:00Z,ADVERSE_FIRST,,2026-08-26T16:56:00Z,ADVERSE_FIRST,,2026-08-26T16:56:00Z,ADVERSE_FIRST,,2026-08-26T16:56:00Z,ADVERSE_FIRST,,2026-08-26T16:56:00Z,ADVERSE_FIRST,,2026-08-26T16:56:00Z,2026-08-26T16:45:00Z,2026-08-26T17:00:00Z,ADVERSE_FIRST,,2026-08-26T16:47:00Z,ADVERSE_FIRST,,2026-08-26T16:47:00Z,ADVERSE_FIRST,,2026-08-26T16:47:00Z,ADVERSE_FIRST,,2026-08-26T16:47:00Z,ADVERSE_FIRST,,2026-08-26T16:47:00Z,ADVERSE_FIRST,,2026-08-26T16:47:00Z,ADVERSE_FIRST,,2026-08-26T16:47:00Z,ADVERSE_FIRST,,2026-08-26T16:47:00Z,ADVERSE_FIRST,,2026-08-26T16:47:00Z
SPY:2026-08-26:LONG:2026-08-26T18:41:00+00:00:v1,2026-08-26,LONG,765.860000000000,766.320000000000,0.460000000000,0.460000000000,5,WORSE,1.490000000000,1.030000000000,0.370000000000,0.830000000000,0.150000000000,-0.310000000000,0.460000000000,-0.460000000000,True,,,2026-08-26T18:45:00Z,,FAVORABLE_FIRST,2026-08-26T18:46:00Z,2026-08-26T19:59:00Z,FAVORABLE_FIRST,2026-08-26T18:47:00Z,2026-08-26T19:59:00Z,FAVORABLE_FIRST,2026-08-26T18:58:00Z,2026-08-26T19:59:00Z,FAVORABLE_FIRST,2026-08-26T19:00:00Z,2026-08-26T19:59:00Z,FAVORABLE_FIRST,2026-08-26T18:47:00Z,2026-08-26T19:59:00Z,FAVORABLE_FIRST,2026-08-26T18:58:00Z,2026-08-26T19:59:00Z,FAVORABLE_FIRST,2026-08-26T19:00:00Z,2026-08-26T19:59:00Z,ADVERSE_FIRST,,2026-08-26T19:59:00Z,ADVERSE_FIRST,,2026-08-26T19:59:00Z,2026-08-26T18:50:00Z,,FAVORABLE_FIRST,2026-08-26T18:53:00Z,2026-08-26T19:54:00Z,FAVORABLE_FIRST,2026-08-26T19:00:00Z,2026-08-26T19:54:00Z,FAVORABLE_FIRST,2026-08-26T19:02:00Z,2026-08-26T19:54:00Z,FAVORABLE_FIRST,2026-08-26T19:04:00Z,2026-08-26T19:54:00Z,FAVORABLE_FIRST,2026-08-26T19:00:00Z,2026-08-26T19:54:00Z,FAVORABLE_FIRST,2026-08-26T19:02:00Z,2026-08-26T19:54:00Z,FAVORABLE_FIRST,2026-08-26T19:04:00Z,2026-08-26T19:54:00Z,ADVERSE_FIRST,,2026-08-26T19:54:00Z,ADVERSE_FIRST,,2026-08-26T19:54:00Z
SPY:2026-08-27:LONG:2026-08-27T14:15:00+00:00:v1,2026-08-27,LONG,769.160000000000,769.460000000000,0.300000000000,0.300000000000,5,WORSE,3.195000000000,2.895000000000,0.110000000000,0.400000000000,1.910000000000,1.610000000000,0.300000000000,-0.290000000000,True,,,2026-08-27T14:20:00Z,,FAVORABLE_FIRST,2026-08-27T14:21:00Z,,FAVORABLE_FIRST,2026-08-27T14:27:00Z,,FAVORABLE_FIRST,2026-08-27T14:37:00Z,,FAVORABLE_FIRST,2026-08-27T14:49:00Z,,FAVORABLE_FIRST,2026-08-27T14:27:00Z,,FAVORABLE_FIRST,2026-08-27T14:37:00Z,,FAVORABLE_FIRST,2026-08-27T14:49:00Z,,FAVORABLE_FIRST,2026-08-27T15:01:00Z,,FAVORABLE_FIRST,2026-08-27T16:34:00Z,,2026-08-27T14:25:00Z,,FAVORABLE_FIRST,2026-08-27T14:27:00Z,2026-08-27T14:30:00Z,ADVERSE_FIRST,2026-08-27T14:37:00Z,2026-08-27T14:30:00Z,ADVERSE_FIRST,2026-08-27T14:49:00Z,2026-08-27T14:30:00Z,ADVERSE_FIRST,2026-08-27T15:00:00Z,2026-08-27T14:30:00Z,ADVERSE_FIRST,2026-08-27T14:37:00Z,2026-08-27T14:30:00Z,ADVERSE_FIRST,2026-08-27T14:49:00Z,2026-08-27T14:30:00Z,ADVERSE_FIRST,2026-08-27T15:00:00Z,2026-08-27T14:30:00Z,ADVERSE_FIRST,2026-08-27T15:15:00Z,2026-08-27T14:30:00Z,ADVERSE_FIRST,2026-08-27T16:39:00Z,2026-08-27T14:30:00Z
SPY:2026-08-28:LONG:2026-08-28T13:35:00+00:00:v1,2026-08-28,LONG,772.240000000000,772.580000000000,0.340000000000,0.340000000000,5,WORSE,3.060000000000,2.720000000000,3.932400000000,4.272400000000,-2.900000000000,-3.240000000000,0.340000000000,-0.340000000000,True,15,10,2026-08-28T13:40:00Z,2026-08-28T13:55:00Z,FAVORABLE_FIRST,2026-08-28T13:41:00Z,2026-08-28T13:49:00Z,FAVORABLE_FIRST,2026-08-28T13:41:00Z,2026-08-28T13:49:00Z,ADVERSE_FIRST,2026-08-28T14:00:00Z,2026-08-28T13:49:00Z,ADVERSE_FIRST,2026-08-28T14:44:00Z,2026-08-28T13:49:00Z,FAVORABLE_FIRST,2026-08-28T13:41:00Z,2026-08-28T13:50:00Z,ADVERSE_FIRST,2026-08-28T14:00:00Z,2026-08-28T13:50:00Z,ADVERSE_FIRST,2026-08-28T14:44:00Z,2026-08-28T13:50:00Z,ADVERSE_FIRST,2026-08-28T14:48:00Z,2026-08-28T13:50:00Z,ADVERSE_FIRST,2026-08-28T14:53:00Z,2026-08-28T13:50:00Z,2026-08-28T13:45:00Z,2026-08-28T13:55:00Z,ADVERSE_FIRST,2026-08-28T13:48:00Z,2026-08-28T13:46:00Z,ADVERSE_FIRST,2026-08-28T14:00:00Z,2026-08-28T13:46:00Z,ADVERSE_FIRST,2026-08-28T14:44:00Z,2026-08-28T13:46:00Z,ADVERSE_FIRST,2026-08-28T14:46:00Z,2026-08-28T13:46:00Z,ADVERSE_FIRST,2026-08-28T14:00:00Z,2026-08-28T13:47:00Z,ADVERSE_FIRST,2026-08-28T14:44:00Z,2026-08-28T13:47:00Z,ADVERSE_FIRST,2026-08-28T14:46:00Z,2026-08-28T13:47:00Z,ADVERSE_FIRST,2026-08-28T14:50:00Z,2026-08-28T13:47:00Z,ADVERSE_FIRST,2026-08-28T14:54:00Z,2026-08-28T13:47:00Z
SPY:2026-08-28:SHORT:2026-08-28T14:05:00+00:00:v1,2026-08-28,SHORT,771.000000000000,770.280000000000,-0.720000000000,0.720000000000,5,WORSE,2.692400000000,1.972400000000,4.300000000000,5.020000000000,1.660000000000,0.940000000000,0.720000000000,-0.720000000000,True,15,10,2026-08-28T14:10:00Z,2026-08-28T14:25:00Z,FAVORABLE_FIRST,2026-08-28T14:11:00Z,2026-08-28T14:18:00Z,FAVORABLE_FIRST,2026-08-28T14:11:00Z,2026-08-28T14:18:00Z,FAVORABLE_FIRST,2026-08-28T14:13:00Z,2026-08-28T14:18:00Z,FAVORABLE_FIRST,2026-08-28T14:13:00Z,2026-08-28T14:18:00Z,FAVORABLE_FIRST,2026-08-28T14:11:00Z,2026-08-28T14:18:00Z,FAVORABLE_FIRST,2026-08-28T14:13:00Z,2026-08-28T14:18:00Z,FAVORABLE_FIRST,2026-08-28T14:13:00Z,2026-08-28T14:18:00Z,ADVERSE_FIRST,2026-08-28T16:24:00Z,2026-08-28T14:18:00Z,ADVERSE_FIRST,2026-08-28T17:00:00Z,2026-08-28T14:18:00Z,2026-08-28T14:15:00Z,2026-08-28T14:25:00Z,ADVERSE_FIRST,2026-08-28T16:18:00Z,2026-08-28T14:16:00Z,ADVERSE_FIRST,2026-08-28T16:18:00Z,2026-08-28T14:16:00Z,ADVERSE_FIRST,2026-08-28T16:24:00Z,2026-08-28T14:16:00Z,ADVERSE_FIRST,2026-08-28T16:24:00Z,2026-08-28T14:16:00Z,ADVERSE_FIRST,2026-08-28T16:18:00Z,2026-08-28T14:16:00Z,ADVERSE_FIRST,2026-08-28T16:24:00Z,2026-08-28T14:16:00Z,ADVERSE_FIRST,2026-08-28T16:24:00Z,2026-08-28T14:16:00Z,ADVERSE_FIRST,2026-08-28T17:01:00Z,2026-08-28T14:16:00Z,ADVERSE_FIRST,,2026-08-28T14:16:00Z
SPY:2026-08-28:LONG:2026-08-28T14:34:00+00:00:v1,2026-08-28,LONG,772.140000000000,772.330000000000,0.190000000000,0.190000000000,5,WORSE,3.160000000000,2.970000000000,3.832400000000,4.022400000000,-2.800000000000,-2.990000000000,0.190000000000,-0.190000000000,True,85,80,2026-08-28T14:35:00Z,2026-08-28T16:00:00Z,FAVORABLE_FIRST,2026-08-28T14:36:00Z,2026-08-28T15:51:00Z,FAVORABLE_FIRST,2026-08-28T14:38:00Z,2026-08-28T15:51:00Z,FAVORABLE_FIRST,2026-08-28T14:42:00Z,2026-08-28T15:51:00Z,FAVORABLE_FIRST,2026-08-28T14:44:00Z,2026-08-28T15:51:00Z,FAVORABLE_FIRST,2026-08-28T14:38:00Z,2026-08-28T15:51:00Z,FAVORABLE_FIRST,2026-08-28T14:42:00Z,2026-08-28T15:51:00Z,FAVORABLE_FIRST,2026-08-28T14:44:00Z,2026-08-28T15:51:00Z,FAVORABLE_FIRST,2026-08-28T14:46:00Z,2026-08-28T15:51:00Z,FAVORABLE_FIRST,2026-08-28T14:50:00Z,2026-08-28T15:51:00Z,2026-08-28T14:40:00Z,2026-08-28T16:00:00Z,FAVORABLE_FIRST,2026-08-28T14:41:00Z,2026-08-28T15:51:00Z,FAVORABLE_FIRST,2026-08-28T14:41:00Z,2026-08-28T15:51:00Z,FAVORABLE_FIRST,2026-08-28T14:43:00Z,2026-08-28T15:51:00Z,FAVORABLE_FIRST,2026-08-28T14:44:00Z,2026-08-28T15:51:00Z,FAVORABLE_FIRST,2026-08-28T14:41:00Z,2026-08-28T15:51:00Z,FAVORABLE_FIRST,2026-08-28T14:43:00Z,2026-08-28T15:51:00Z,FAVORABLE_FIRST,2026-08-28T14:44:00Z,2026-08-28T15:51:00Z,FAVORABLE_FIRST,2026-08-28T14:49:00Z,2026-08-28T15:51:00Z,FAVORABLE_FIRST,2026-08-28T14:53:00Z,2026-08-28T15:51:00Z
SPY:2026-08-28:SHORT:2026-08-28T15:56:00+00:00:v1,2026-08-28,SHORT,771.070000000000,770.810000000000,-0.260000000000,0.260000000000,5,WORSE,2.762400000000,2.502400000000,0.580000000000,0.840000000000,1.730000000000,1.470000000000,0.260000000000,-0.260000000000,True,10,5,2026-08-28T16:00:00Z,2026-08-28T16:10:00Z,FAVORABLE_FIRST,2026-08-28T16:01:00Z,2026-08-28T16:07:00Z,FAVORABLE_FIRST,2026-08-28T16:01:00Z,2026-08-28T16:07:00Z,ADVERSE_FIRST,2026-08-28T16:17:00Z,2026-08-28T16:07:00Z,ADVERSE_FIRST,2026-08-28T16:18:00Z,2026-08-28T16:07:00Z,FAVORABLE_FIRST,2026-08-28T16:01:00Z,2026-08-28T16:07:00Z,ADVERSE_FIRST,2026-08-28T16:17:00Z,2026-08-28T16:07:00Z,ADVERSE_FIRST,2026-08-28T16:18:00Z,2026-08-28T16:07:00Z,ADVERSE_FIRST,2026-08-28T16:24:00Z,2026-08-28T16:07:00Z,ADVERSE_FIRST,2026-08-28T17:00:00Z,2026-08-28T16:07:00Z,2026-08-28T16:05:00Z,2026-08-28T16:10:00Z,ADVERSE_FIRST,2026-08-28T16:16:00Z,2026-08-28T16:06:00Z,ADVERSE_FIRST,2026-08-28T16:18:00Z,2026-08-28T16:06:00Z,ADVERSE_FIRST,2026-08-28T16:18:00Z,2026-08-28T16:06:00Z,ADVERSE_FIRST,2026-08-28T16:18:00Z,2026-08-28T16:06:00Z,ADVERSE_FIRST,2026-08-28T16:18:00Z,2026-08-28T16:06:00Z,ADVERSE_FIRST,2026-08-28T16:18:00Z,2026-08-28T16:06:00Z,ADVERSE_FIRST,2026-08-28T16:18:00Z,2026-08-28T16:06:00Z,ADVERSE_FIRST,2026-08-28T16:24:00Z,2026-08-28T16:06:00Z,ADVERSE_FIRST,2026-08-28T17:01:00Z,2026-08-28T16:06:00Z
SPY:2026-08-28:SHORT:2026-08-28T16:10:00+00:00:v1,2026-08-28,SHORT,770.980000000000,770.180000000000,-0.800000000000,0.800000000000,5,WORSE,2.672400000000,1.872400000000,0,0.520000000000,1.640000000000,0.840000000000,0.800000000000,-0.520000000000,True,,,2026-08-28T16:15:00Z,,FAVORABLE_FIRST,2026-08-28T16:16:00Z,,FAVORABLE_FIRST,2026-08-28T16:16:00Z,,FAVORABLE_FIRST,2026-08-28T16:18:00Z,,FAVORABLE_FIRST,2026-08-28T16:18:00Z,,FAVORABLE_FIRST,2026-08-28T16:16:00Z,,FAVORABLE_FIRST,2026-08-28T16:18:00Z,,FAVORABLE_FIRST,2026-08-28T16:18:00Z,,FAVORABLE_FIRST,2026-08-28T16:24:00Z,,FAVORABLE_FIRST,2026-08-28T17:00:00Z,,2026-08-28T16:20:00Z,,FAVORABLE_FIRST,2026-08-28T16:21:00Z,2026-08-28T16:32:00Z,FAVORABLE_FIRST,2026-08-28T16:21:00Z,2026-08-28T16:32:00Z,FAVORABLE_FIRST,2026-08-28T16:24:00Z,2026-08-28T16:32:00Z,FAVORABLE_FIRST,2026-08-28T16:24:00Z,2026-08-28T16:32:00Z,FAVORABLE_FIRST,2026-08-28T16:21:00Z,2026-08-28T16:32:00Z,FAVORABLE_FIRST,2026-08-28T16:24:00Z,2026-08-28T16:32:00Z,FAVORABLE_FIRST,2026-08-28T16:24:00Z,2026-08-28T16:32:00Z,ADVERSE_FIRST,2026-08-28T17:02:00Z,2026-08-28T16:32:00Z,ADVERSE_FIRST,,2026-08-28T16:32:00Z
SPY:2026-08-31:SHORT:2026-08-31T13:35:00+00:00:v1,2026-08-31,SHORT,766.275000000000,765.805000000000,-0.470000000000,0.470000000000,5,WORSE,1.560000000000,1.090000000000,1.720000000000,2.190000000000,-0.675000000000,-1.145000000000,0.470000000000,-0.470000000000,True,15,10,2026-08-31T13:40:00Z,2026-08-31T13:55:00Z,FAVORABLE_FIRST,2026-08-31T13:43:00Z,2026-08-31T13:47:00Z,FAVORABLE_FIRST,2026-08-31T13:45:00Z,2026-08-31T13:47:00Z,AMBIGUOUS_SAME_BAR,2026-08-31T13:47:00Z,2026-08-31T13:47:00Z,ADVERSE_FIRST,2026-08-31T14:23:00Z,2026-08-31T13:47:00Z,FAVORABLE_FIRST,2026-08-31T13:45:00Z,2026-08-31T13:47:00Z,AMBIGUOUS_SAME_BAR,2026-08-31T13:47:00Z,2026-08-31T13:47:00Z,ADVERSE_FIRST,2026-08-31T14:23:00Z,2026-08-31T13:47:00Z,ADVERSE_FIRST,2026-08-31T14:25:00Z,2026-08-31T13:47:00Z,ADVERSE_FIRST,,2026-08-31T13:47:00Z,2026-08-31T13:45:00Z,2026-08-31T13:55:00Z,ADVERSE_FIRST,2026-08-31T13:47:00Z,2026-08-31T13:46:00Z,ADVERSE_FIRST,2026-08-31T14:23:00Z,2026-08-31T13:46:00Z,ADVERSE_FIRST,2026-08-31T14:24:00Z,2026-08-31T13:46:00Z,ADVERSE_FIRST,2026-08-31T14:25:00Z,2026-08-31T13:46:00Z,ADVERSE_FIRST,2026-08-31T14:23:00Z,2026-08-31T13:46:00Z,ADVERSE_FIRST,2026-08-31T14:24:00Z,2026-08-31T13:46:00Z,ADVERSE_FIRST,2026-08-31T14:25:00Z,2026-08-31T13:46:00Z,ADVERSE_FIRST,,2026-08-31T13:46:00Z,ADVERSE_FIRST,,2026-08-31T13:46:00Z
SPY:2026-08-31:SHORT:2026-08-31T13:57:00+00:00:v1,2026-08-31,SHORT,766.180000000000,765.800000000000,-0.380000000000,0.380000000000,5,WORSE,1.465000000000,1.085000000000,1.815000000000,2.195000000000,-0.770000000000,-1.150000000000,0.380000000000,-0.380000000000,True,230,225,2026-08-31T14:00:00Z,2026-08-31T17:50:00Z,FAVORABLE_FIRST,2026-08-31T14:02:00Z,2026-08-31T15:00:00Z,FAVORABLE_FIRST,2026-08-31T14:06:00Z,2026-08-31T15:00:00Z,FAVORABLE_FIRST,2026-08-31T14:10:00Z,2026-08-31T15:00:00Z,FAVORABLE_FIRST,2026-08-31T14:24:00Z,2026-08-31T15:00:00Z,FAVORABLE_FIRST,2026-08-31T14:06:00Z,2026-08-31T17:50:00Z,FAVORABLE_FIRST,2026-08-31T14:10:00Z,2026-08-31T17:50:00Z,FAVORABLE_FIRST,2026-08-31T14:24:00Z,2026-08-31T17:50:00Z,ADVERSE_FIRST,,2026-08-31T17:50:00Z,ADVERSE_FIRST,,2026-08-31T17:50:00Z,2026-08-31T14:05:00Z,2026-08-31T17:50:00Z,FAVORABLE_FIRST,2026-08-31T14:06:00Z,2026-08-31T14:42:00Z,FAVORABLE_FIRST,2026-08-31T14:23:00Z,2026-08-31T14:42:00Z,FAVORABLE_FIRST,2026-08-31T14:24:00Z,2026-08-31T14:42:00Z,FAVORABLE_FIRST,2026-08-31T14:25:00Z,2026-08-31T14:42:00Z,FAVORABLE_FIRST,2026-08-31T14:23:00Z,2026-08-31T14:56:00Z,FAVORABLE_FIRST,2026-08-31T14:24:00Z,2026-08-31T14:56:00Z,FAVORABLE_FIRST,2026-08-31T14:25:00Z,2026-08-31T14:56:00Z,ADVERSE_FIRST,,2026-08-31T14:56:00Z,ADVERSE_FIRST,,2026-08-31T14:56:00Z
SPY:2026-08-31:SHORT:2026-08-31T18:26:00+00:00:v1,2026-08-31,SHORT,766.300000000000,766.030000000000,-0.270000000000,0.270000000000,5,WORSE,1.250000000000,0.980000000000,1.695000000000,1.965000000000,-0.650000000000,-0.920000000000,0.270000000000,-0.270000000000,True,55,50,2026-08-31T18:30:00Z,2026-08-31T19:25:00Z,FAVORABLE_FIRST,2026-08-31T18:34:00Z,2026-08-31T19:27:00Z,FAVORABLE_FIRST,2026-08-31T18:35:00Z,2026-08-31T19:27:00Z,FAVORABLE_FIRST,2026-08-31T18:38:00Z,2026-08-31T19:27:00Z,FAVORABLE_FIRST,2026-08-31T18:38:00Z,2026-08-31T19:27:00Z,FAVORABLE_FIRST,2026-08-31T18:35:00Z,2026-08-31T19:27:00Z,FAVORABLE_FIRST,2026-08-31T18:38:00Z,2026-08-31T19:27:00Z,FAVORABLE_FIRST,2026-08-31T18:38:00Z,2026-08-31T19:27:00Z,ADVERSE_FIRST,,2026-08-31T19:27:00Z,ADVERSE_FIRST,,2026-08-31T19:27:00Z,2026-08-31T18:35:00Z,2026-08-31T19:25:00Z,FAVORABLE_FIRST,2026-08-31T18:36:00Z,2026-08-31T19:23:00Z,FAVORABLE_FIRST,2026-08-31T18:38:00Z,2026-08-31T19:23:00Z,FAVORABLE_FIRST,2026-08-31T18:38:00Z,2026-08-31T19:23:00Z,ADVERSE_FIRST,,2026-08-31T19:23:00Z,FAVORABLE_FIRST,2026-08-31T18:38:00Z,2026-08-31T19:23:00Z,FAVORABLE_FIRST,2026-08-31T18:38:00Z,2026-08-31T19:23:00Z,ADVERSE_FIRST,,2026-08-31T19:23:00Z,ADVERSE_FIRST,,2026-08-31T19:23:00Z,ADVERSE_FIRST,,2026-08-31T19:23:00Z
SPY:2026-09-01:LONG:2026-09-01T14:00:00+00:00:v1,2026-09-01,LONG,762.170000000000,762.900000000000,0.730000000000,0.730000000000,5,WORSE,2.500000000000,1.770000000000,2.690000000000,3.420000000000,-0.510000000000,-1.240000000000,0.730000000000,-0.730000000000,True,150,145,2026-09-01T14:05:00Z,2026-09-01T16:35:00Z,FAVORABLE_FIRST,2026-09-01T14:06:00Z,2026-09-01T16:31:00Z,FAVORABLE_FIRST,2026-09-01T14:06:00Z,2026-09-01T16:31:00Z,FAVORABLE_FIRST,2026-09-01T14:09:00Z,2026-09-01T16:31:00Z,FAVORABLE_FIRST,2026-09-01T14:15:00Z,2026-09-01T16:31:00Z,FAVORABLE_FIRST,2026-09-01T14:06:00Z,2026-09-01T16:31:00Z,FAVORABLE_FIRST,2026-09-01T14:09:00Z,2026-09-01T16:31:00Z,FAVORABLE_FIRST,2026-09-01T14:15:00Z,2026-09-01T16:31:00Z,FAVORABLE_FIRST,2026-09-01T14:22:00Z,2026-09-01T16:31:00Z,FAVORABLE_FIRST,2026-09-01T14:30:00Z,2026-09-01T16:31:00Z,2026-09-01T14:10:00Z,2026-09-01T16:35:00Z,ADVERSE_FIRST,2026-09-01T14:15:00Z,2026-09-01T14:11:00Z,ADVERSE_FIRST,2026-09-01T14:16:00Z,2026-09-01T14:11:00Z,ADVERSE_FIRST,2026-09-01T14:22:00Z,2026-09-01T14:11:00Z,ADVERSE_FIRST,2026-09-01T14:22:00Z,2026-09-01T14:11:00Z,ADVERSE_FIRST,2026-09-01T14:16:00Z,2026-09-01T14:12:00Z,ADVERSE_FIRST,2026-09-01T14:22:00Z,2026-09-01T14:12:00Z,ADVERSE_FIRST,2026-09-01T14:22:00Z,2026-09-01T14:12:00Z,ADVERSE_FIRST,2026-09-01T14:33:00Z,2026-09-01T14:12:00Z,ADVERSE_FIRST,,2026-09-01T14:12:00Z
SPY:2026-09-01:SHORT:2026-09-01T18:30:00+00:00:v1,2026-09-01,SHORT,760.750000000000,760.540000000000,-0.210000000000,0.210000000000,5,WORSE,1.270000000000,1.060000000000,1.010000000000,1.220000000000,-0.910000000000,-1.120000000000,0.210000000000,-0.210000000000,True,40,35,2026-09-01T18:35:00Z,2026-09-01T19:15:00Z,FAVORABLE_FIRST,2026-09-01T18:39:00Z,2026-09-01T19:00:00Z,FAVORABLE_FIRST,2026-09-01T18:42:00Z,2026-09-01T19:00:00Z,FAVORABLE_FIRST,2026-09-01T18:43:00Z,2026-09-01T19:00:00Z,FAVORABLE_FIRST,2026-09-01T18:44:00Z,2026-09-01T19:00:00Z,FAVORABLE_FIRST,2026-09-01T18:42:00Z,2026-09-01T19:04:00Z,FAVORABLE_FIRST,2026-09-01T18:43:00Z,2026-09-01T19:04:00Z,FAVORABLE_FIRST,2026-09-01T18:44:00Z,2026-09-01T19:04:00Z,ADVERSE_FIRST,,2026-09-01T19:04:00Z,ADVERSE_FIRST,,2026-09-01T19:04:00Z,2026-09-01T18:40:00Z,2026-09-01T19:15:00Z,FAVORABLE_FIRST,2026-09-01T18:42:00Z,2026-09-01T18:58:00Z,FAVORABLE_FIRST,2026-09-01T18:42:00Z,2026-09-01T18:58:00Z,FAVORABLE_FIRST,2026-09-01T18:44:00Z,2026-09-01T18:58:00Z,FAVORABLE_FIRST,2026-09-01T18:45:00Z,2026-09-01T18:58:00Z,FAVORABLE_FIRST,2026-09-01T18:42:00Z,2026-09-01T18:58:00Z,FAVORABLE_FIRST,2026-09-01T18:44:00Z,2026-09-01T18:58:00Z,FAVORABLE_FIRST,2026-09-01T18:45:00Z,2026-09-01T18:58:00Z,ADVERSE_FIRST,,2026-09-01T18:58:00Z,ADVERSE_FIRST,,2026-09-01T18:58:00Z
SPY:2026-09-01:SHORT:2026-09-01T19:30:00+00:00:v1,2026-09-01,SHORT,761.140000000000,760.850000000000,-0.290000000000,0.290000000000,5,WORSE,0.560000000000,0.270000000000,0.620000000000,0.910000000000,-0.520000000000,-0.810000000000,0.290000000000,-0.290000000000,True,15,10,2026-09-01T19:35:00Z,2026-09-01T19:50:00Z,FAVORABLE_FIRST,2026-09-01T19:36:00Z,2026-09-01T19:48:00Z,ADVERSE_FIRST,2026-09-01T19:53:00Z,2026-09-01T19:48:00Z,ADVERSE_FIRST,,2026-09-01T19:48:00Z,ADVERSE_FIRST,,2026-09-01T19:48:00Z,ADVERSE_FIRST,2026-09-01T19:53:00Z,2026-09-01T19:48:00Z,ADVERSE_FIRST,,2026-09-01T19:48:00Z,ADVERSE_FIRST,,2026-09-01T19:48:00Z,ADVERSE_FIRST,,2026-09-01T19:48:00Z,ADVERSE_FIRST,,2026-09-01T19:48:00Z,2026-09-01T19:40:00Z,2026-09-01T19:50:00Z,ADVERSE_FIRST,2026-09-01T19:53:00Z,2026-09-01T19:41:00Z,ADVERSE_FIRST,,2026-09-01T19:41:00Z,ADVERSE_FIRST,,2026-09-01T19:41:00Z,ADVERSE_FIRST,,2026-09-01T19:41:00Z,ADVERSE_FIRST,,2026-09-01T19:41:00Z,ADVERSE_FIRST,,2026-09-01T19:41:00Z,ADVERSE_FIRST,,2026-09-01T19:41:00Z,ADVERSE_FIRST,,2026-09-01T19:41:00Z,ADVERSE_FIRST,,2026-09-01T19:41:00Z
SPY:2026-09-02:LONG:2026-09-02T13:56:00+00:00:v1,2026-09-02,LONG,763.065000000000,763.740000000000,0.675000000000,0.675000000000,5,WORSE,3.365000000000,2.690000000000,0,0.110000000000,2.075000000000,1.400000000000,0.675000000000,-0.110000000000,True,,,2026-09-02T14:00:00Z,,FAVORABLE_FIRST,2026-09-02T14:01:00Z,,FAVORABLE_FIRST,2026-09-02T14:01:00Z,,FAVORABLE_FIRST,2026-09-02T14:05:00Z,,FAVORABLE_FIRST,2026-09-02T14:07:00Z,,FAVORABLE_FIRST,2026-09-02T14:01:00Z,,FAVORABLE_FIRST,2026-09-02T14:05:00Z,,FAVORABLE_FIRST,2026-09-02T14:07:00Z,,FAVORABLE_FIRST,2026-09-02T14:17:00Z,,FAVORABLE_FIRST,2026-09-02T14:21:00Z,,2026-09-02T14:05:00Z,,FAVORABLE_FIRST,2026-09-02T14:06:00Z,,FAVORABLE_FIRST,2026-09-02T14:14:00Z,,FAVORABLE_FIRST,2026-09-02T14:17:00Z,,FAVORABLE_FIRST,2026-09-02T14:19:00Z,,FAVORABLE_FIRST,2026-09-02T14:14:00Z,,FAVORABLE_FIRST,2026-09-02T14:17:00Z,,FAVORABLE_FIRST,2026-09-02T14:19:00Z,,FAVORABLE_FIRST,2026-09-02T14:21:00Z,,FAVORABLE_FIRST,2026-09-02T14:35:00Z,
SPY:2026-09-03:LONG:2026-09-03T13:37:00+00:00:v1,2026-09-03,LONG,769.730000000000,769.790000000000,0.060000000000,0.060000000000,5,WORSE,4.300000000000,4.240000000000,2.280000000000,2.340000000000,3.430000000000,3.370000000000,0.060000000000,-0.060000000000,True,25,20,2026-09-03T13:40:00Z,2026-09-03T14:05:00Z,ADVERSE_FIRST,2026-09-03T13:50:00Z,2026-09-03T13:41:00Z,ADVERSE_FIRST,2026-09-03T15:04:00Z,2026-09-03T13:41:00Z,ADVERSE_FIRST,2026-09-03T15:04:00Z,2026-09-03T13:41:00Z,ADVERSE_FIRST,2026-09-03T15:08:00Z,2026-09-03T13:41:00Z,ADVERSE_FIRST,2026-09-03T15:04:00Z,2026-09-03T13:41:00Z,ADVERSE_FIRST,2026-09-03T15:04:00Z,2026-09-03T13:41:00Z,ADVERSE_FIRST,2026-09-03T15:08:00Z,2026-09-03T13:41:00Z,ADVERSE_FIRST,2026-09-03T15:11:00Z,2026-09-03T13:41:00Z,ADVERSE_FIRST,2026-09-03T15:15:00Z,2026-09-03T13:41:00Z,2026-09-03T13:45:00Z,2026-09-03T14:05:00Z,ADVERSE_FIRST,2026-09-03T13:52:00Z,2026-09-03T13:49:00Z,ADVERSE_FIRST,2026-09-03T15:04:00Z,2026-09-03T13:49:00Z,ADVERSE_FIRST,2026-09-03T15:05:00Z,2026-09-03T13:49:00Z,ADVERSE_FIRST,2026-09-03T15:08:00Z,2026-09-03T13:49:00Z,ADVERSE_FIRST,2026-09-03T15:04:00Z,2026-09-03T13:49:00Z,ADVERSE_FIRST,2026-09-03T15:05:00Z,2026-09-03T13:49:00Z,ADVERSE_FIRST,2026-09-03T15:08:00Z,2026-09-03T13:49:00Z,ADVERSE_FIRST,2026-09-03T15:13:00Z,2026-09-03T13:49:00Z,ADVERSE_FIRST,2026-09-03T15:16:00Z,2026-09-03T13:49:00Z
SPY:2026-09-03:LONG:2026-09-03T14:59:00+00:00:v1,2026-09-03,LONG,769.280000000000,770.445000000000,1.165000000000,1.165000000000,5,WORSE,4.750000000000,3.585000000000,0,0.015000000000,3.880000000000,2.715000000000,1.165000000000,-0.015000000000,True,,,2026-09-03T15:00:00Z,,FAVORABLE_FIRST,2026-09-03T15:01:00Z,,FAVORABLE_FIRST,2026-09-03T15:02:00Z,,FAVORABLE_FIRST,2026-09-03T15:03:00Z,,FAVORABLE_FIRST,2026-09-03T15:04:00Z,,FAVORABLE_FIRST,2026-09-03T15:02:00Z,,FAVORABLE_FIRST,2026-09-03T15:03:00Z,,FAVORABLE_FIRST,2026-09-03T15:04:00Z,,FAVORABLE_FIRST,2026-09-03T15:08:00Z,,FAVORABLE_FIRST,2026-09-03T15:12:00Z,,2026-09-03T15:05:00Z,,FAVORABLE_FIRST,2026-09-03T15:07:00Z,,FAVORABLE_FIRST,2026-09-03T15:10:00Z,,FAVORABLE_FIRST,2026-09-03T15:11:00Z,,FAVORABLE_FIRST,2026-09-03T15:14:00Z,,FAVORABLE_FIRST,2026-09-03T15:10:00Z,,FAVORABLE_FIRST,2026-09-03T15:11:00Z,,FAVORABLE_FIRST,2026-09-03T15:14:00Z,,FAVORABLE_FIRST,2026-09-03T15:19:00Z,,FAVORABLE_FIRST,2026-09-03T15:26:00Z,
SPY:2026-09-04:SHORT:2026-09-04T14:07:00+00:00:v1,2026-09-04,SHORT,771.525000000000,771.630000000000,0.105000000000,-0.105000000000,5,BETTER,2.525000000000,2.630000000000,0.164300000000,0,1.295000000000,1.400000000000,-0.105000000000,0.164300000000,True,,,2026-09-04T14:10:00Z,,FAVORABLE_FIRST,2026-09-04T14:11:00Z,,FAVORABLE_FIRST,2026-09-04T14:12:00Z,,FAVORABLE_FIRST,2026-09-04T14:26:00Z,,FAVORABLE_FIRST,2026-09-04T14:42:00Z,,FAVORABLE_FIRST,2026-09-04T14:12:00Z,,FAVORABLE_FIRST,2026-09-04T14:26:00Z,,FAVORABLE_FIRST,2026-09-04T14:42:00Z,,FAVORABLE_FIRST,2026-09-04T14:48:00Z,,FAVORABLE_FIRST,2026-09-04T14:55:00Z,,2026-09-04T14:15:00Z,,FAVORABLE_FIRST,2026-09-04T14:16:00Z,,FAVORABLE_FIRST,2026-09-04T14:18:00Z,,FAVORABLE_FIRST,2026-09-04T14:20:00Z,,FAVORABLE_FIRST,2026-09-04T14:42:00Z,,FAVORABLE_FIRST,2026-09-04T14:18:00Z,,FAVORABLE_FIRST,2026-09-04T14:20:00Z,,FAVORABLE_FIRST,2026-09-04T14:42:00Z,,FAVORABLE_FIRST,2026-09-04T14:47:00Z,,FAVORABLE_FIRST,2026-09-04T14:54:00Z,

