event_id,session_date,direction,first_price,strong_price,entry_disadvantage,first_entry_timestamp,strong_entry_timestamp,delay_minutes,entry_comparison,first_mfe,strong_mfe,first_mae,strong_mae,first_eod_move,strong_eod_move,mfe_lost,mae_improvement,same_pair_excursions_available,first_minutes_to_reclaim,strong_minutes_to_reclaim,first_entry_status,strong_entry_status,first_signal_known_at,strong_signal_known_at,first_outcome.0.25/0.25,first_outcome.0.25/0.25.favorable_hit,first_outcome.0.25/0.25.adverse_hit,first_outcome.0.50/0.25,first_outcome.0.50/0.25.favorable_hit,first_outcome.0.50/0.25.adverse_hit,first_outcome.0.75/0.25,first_outcome.0.75/0.25.favorable_hit,first_outcome.0.75/0.25.adverse_hit,first_outcome.1.00/0.25,first_outcome.1.00/0.25.favorable_hit,first_outcome.1.00/0.25.adverse_hit,first_outcome.0.50/0.30,first_outcome.0.50/0.30.favorable_hit,first_outcome.0.50/0.30.adverse_hit,first_outcome.0.75/0.30,first_outcome.0.75/0.30.favorable_hit,first_outcome.0.75/0.30.adverse_hit,first_outcome.1.00/0.30,first_outcome.1.00/0.30.favorable_hit,first_outcome.1.00/0.30.adverse_hit,first_outcome.1.50/0.30,first_outcome.1.50/0.30.favorable_hit,first_outcome.1.50/0.30.adverse_hit,first_outcome.2.00/0.30,first_outcome.2.00/0.30.favorable_hit,first_outcome.2.00/0.30.adverse_hit,strong_outcome.0.25/0.25,strong_outcome.0.25/0.25.favorable_hit,strong_outcome.0.25/0.25.adverse_hit,strong_outcome.0.50/0.25,strong_outcome.0.50/0.25.favorable_hit,strong_outcome.0.50/0.25.adverse_hit,strong_outcome.0.75/0.25,strong_outcome.0.75/0.25.favorable_hit,strong_outcome.0.75/0.25.adverse_hit,strong_outcome.1.00/0.25,strong_outcome.1.00/0.25.favorable_hit,strong_outcome.1.00/0.25.adverse_hit,strong_outcome.0.50/0.30,strong_outcome.0.50/0.30.favorable_hit,strong_outcome.0.50/0.30.adverse_hit,strong_outcome.0.75/0.30,strong_outcome.0.75/0.30.favorable_hit,strong_outcome.0.75/0.30.adverse_hit,strong_outcome.1.00/0.30,strong_outcome.1.00/0.30.favorable_hit,strong_outcome.1.00/0.30.adverse_hit,strong_outcome.1.50/0.30,strong_outcome.1.50/0.30.favorable_hit,strong_outcome.1.50/0.30.adverse_hit,strong_outcome.2.00/0.30,strong_outcome.2.00/0.30.favorable_hit,strong_outcome.2.00/0.30.adverse_hit
SPY:2026-01-02:LONG:2026-01-02T14:50:00+00:00:v1,2026-01-02,LONG,686.210000000000,686.210000000000,0E-12,2026-01-02T14:55:00Z,2026-01-02T15:00:00Z,5,UNCHANGED_WITHIN_ONE_CENT,0.660000000000,0.660000000000,6.390000000000,6.390000000000,-3.040000000000,-3.040000000000,0E-12,0E-12,True,15,10,AVAILABLE,AVAILABLE,2026-01-02T14:55:00Z,2026-01-02T15:00:00Z,FAVORABLE_FIRST,2026-01-02T14:56:00Z,2026-01-02T14:58:00Z,ADVERSE_FIRST,2026-01-02T15:01:00Z,2026-01-02T14:58:00Z,ADVERSE_FIRST,,2026-01-02T14:58:00Z,ADVERSE_FIRST,,2026-01-02T14:58:00Z,FAVORABLE_FIRST,2026-01-02T15:01:00Z,2026-01-02T15:08:00Z,ADVERSE_FIRST,,2026-01-02T15:08:00Z,ADVERSE_FIRST,,2026-01-02T15:08:00Z,ADVERSE_FIRST,,2026-01-02T15:08:00Z,ADVERSE_FIRST,,2026-01-02T15:08:00Z,FAVORABLE_FIRST,2026-01-02T15:00:00Z,2026-01-02T15:07:00Z,FAVORABLE_FIRST,2026-01-02T15:01:00Z,2026-01-02T15:07:00Z,ADVERSE_FIRST,,2026-01-02T15:07:00Z,ADVERSE_FIRST,,2026-01-02T15:07:00Z,FAVORABLE_FIRST,2026-01-02T15:01:00Z,2026-01-02T15:08:00Z,ADVERSE_FIRST,,2026-01-02T15:08:00Z,ADVERSE_FIRST,,2026-01-02T15:08:00Z,ADVERSE_FIRST,,2026-01-02T15:08:00Z,ADVERSE_FIRST,,2026-01-02T15:08:00Z
SPY:2026-01-02:SHORT:2026-01-02T15:14:00+00:00:v1,2026-01-02,SHORT,684.340000000000,683.860000000000,0.480000000000,2026-01-02T15:15:00Z,2026-01-02T15:20:00Z,5,WORSE,4.520000000000,4.040000000000,0.250000000000,0.730000000000,1.170000000000,0.690000000000,0.480000000000,-0.480000000000,True,,,AVAILABLE,AVAILABLE,2026-01-02T15:15:00Z,2026-01-02T15:20:00Z,FAVORABLE_FIRST,2026-01-02T15:15:00Z,2026-01-02T15:43:00Z,FAVORABLE_FIRST,2026-01-02T15:16:00Z,2026-01-02T15:43:00Z,FAVORABLE_FIRST,2026-01-02T15:17:00Z,2026-01-02T15:43:00Z,FAVORABLE_FIRST,2026-01-02T15:20:00Z,2026-01-02T15:43:00Z,FAVORABLE_FIRST,2026-01-02T15:16:00Z,,FAVORABLE_FIRST,2026-01-02T15:17:00Z,,FAVORABLE_FIRST,2026-01-02T15:20:00Z,,FAVORABLE_FIRST,2026-01-02T15:21:00Z,,FAVORABLE_FIRST,2026-01-02T15:22:00Z,,FAVORABLE_FIRST,2026-01-02T15:20:00Z,2026-01-02T15:42:00Z,FAVORABLE_FIRST,2026-01-02T15:20:00Z,2026-01-02T15:42:00Z,FAVORABLE_FIRST,2026-01-02T15:20:00Z,2026-01-02T15:42:00Z,FAVORABLE_FIRST,2026-01-02T15:21:00Z,2026-01-02T15:42:00Z,FAVORABLE_FIRST,2026-01-02T15:20:00Z,2026-01-02T15:42:00Z,FAVORABLE_FIRST,2026-01-02T15:20:00Z,2026-01-02T15:42:00Z,FAVORABLE_FIRST,2026-01-02T15:21:00Z,2026-01-02T15:42:00Z,FAVORABLE_FIRST,2026-01-02T15:22:00Z,2026-01-02T15:42:00Z,FAVORABLE_FIRST,2026-01-02T15:25:00Z,2026-01-02T15:42:00Z
SPY:2026-01-05:LONG:2026-01-05T15:03:00+00:00:v1,2026-01-05,LONG,687.660000000000,687.690000000000,0.030000000000,2026-01-05T15:05:00Z,2026-01-05T15:10:00Z,5,WORSE,1.770000000000,1.740000000000,0.500000000000,0.530000000000,0.070000000000,0.040000000000,0.030000000000,-0.030000000000,True,10,5,AVAILABLE,AVAILABLE,2026-01-05T15:05:00Z,2026-01-05T15:10:00Z,FAVORABLE_FIRST,2026-01-05T15:05:00Z,2026-01-05T15:06:00Z,ADVERSE_FIRST,2026-01-05T15:27:00Z,2026-01-05T15:06:00Z,ADVERSE_FIRST,2026-01-05T15:27:00Z,2026-01-05T15:06:00Z,ADVERSE_FIRST,2026-01-05T15:30:00Z,2026-01-05T15:06:00Z,ADVERSE_FIRST,2026-01-05T15:27:00Z,2026-01-05T15:06:00Z,ADVERSE_FIRST,2026-01-05T15:27:00Z,2026-01-05T15:06:00Z,ADVERSE_FIRST,2026-01-05T15:30:00Z,2026-01-05T15:06:00Z,ADVERSE_FIRST,2026-01-05T16:49:00Z,2026-01-05T15:06:00Z,ADVERSE_FIRST,,2026-01-05T15:06:00Z,ADVERSE_FIRST,2026-01-05T15:20:00Z,2026-01-05T15:10:00Z,ADVERSE_FIRST,2026-01-05T15:27:00Z,2026-01-05T15:10:00Z,ADVERSE_FIRST,2026-01-05T15:28:00Z,2026-01-05T15:10:00Z,ADVERSE_FIRST,2026-01-05T15:30:00Z,2026-01-05T15:10:00Z,ADVERSE_FIRST,2026-01-05T15:27:00Z,2026-01-05T15:10:00Z,ADVERSE_FIRST,2026-01-05T15:28:00Z,2026-01-05T15:10:00Z,ADVERSE_FIRST,2026-01-05T15:30:00Z,2026-01-05T15:10:00Z,ADVERSE_FIRST,2026-01-05T16:49:00Z,2026-01-05T15:10:00Z,ADVERSE_FIRST,,2026-01-05T15:10:00Z
SPY:2026-01-05:LONG:2026-01-05T15:15:00+00:00:v1,2026-01-05,LONG,687.918600000000,688.080000000000,0.161400000000,2026-01-05T15:20:00Z,2026-01-05T15:25:00Z,5,WORSE,1.511400000000,1.350000000000,0.758600000000,0.920000000000,-0.188600000000,-0.350000000000,0.161400000000,-0.161400000000,True,275,270,AVAILABLE,AVAILABLE,2026-01-05T15:20:00Z,2026-01-05T15:25:00Z,FAVORABLE_FIRST,2026-01-05T15:27:00Z,2026-01-05T18:19:00Z,FAVORABLE_FIRST,2026-01-05T15:27:00Z,2026-01-05T18:19:00Z,FAVORABLE_FIRST,2026-01-05T15:30:00Z,2026-01-05T18:19:00Z,FAVORABLE_FIRST,2026-01-05T16:38:00Z,2026-01-05T18:19:00Z,FAVORABLE_FIRST,2026-01-05T15:27:00Z,2026-01-05T19:40:00Z,FAVORABLE_FIRST,2026-01-05T15:30:00Z,2026-01-05T19:40:00Z,FAVORABLE_FIRST,2026-01-05T16:38:00Z,2026-01-05T19:40:00Z,FAVORABLE_FIRST,2026-01-05T16:51:00Z,2026-01-05T19:40:00Z,ADVERSE_FIRST,,2026-01-05T19:40:00Z,ADVERSE_FIRST,2026-01-05T15:27:00Z,2026-01-05T15:25:00Z,ADVERSE_FIRST,2026-01-05T15:28:00Z,2026-01-05T15:25:00Z,ADVERSE_FIRST,2026-01-05T16:25:00Z,2026-01-05T15:25:00Z,ADVERSE_FIRST,2026-01-05T16:48:00Z,2026-01-05T15:25:00Z,ADVERSE_FIRST,2026-01-05T15:28:00Z,2026-01-05T15:25:00Z,ADVERSE_FIRST,2026-01-05T16:25:00Z,2026-01-05T15:25:00Z,ADVERSE_FIRST,2026-01-05T16:48:00Z,2026-01-05T15:25:00Z,ADVERSE_FIRST,,2026-01-05T15:25:00Z,ADVERSE_FIRST,,2026-01-05T15:25:00Z
SPY:2026-01-05:LONG:2026-01-05T20:05:00+00:00:v1,2026-01-05,LONG,687.960000000000,688.130000000000,0.170000000000,2026-01-05T20:10:00Z,2026-01-05T20:15:00Z,5,WORSE,0.280000000000,0.095000000000,0.800000000000,0.970000000000,-0.230000000000,-0.400000000000,0.185000000000,-0.170000000000,True,45,40,AVAILABLE,AVAILABLE,2026-01-05T20:10:00Z,2026-01-05T20:15:00Z,FAVORABLE_FIRST,2026-01-05T20:12:00Z,2026-01-05T20:51:00Z,ADVERSE_FIRST,,2026-01-05T20:51:00Z,ADVERSE_FIRST,,2026-01-05T20:51:00Z,ADVERSE_FIRST,,2026-01-05T20:51:00Z,ADVERSE_FIRST,,2026-01-05T20:52:00Z,ADVERSE_FIRST,,2026-01-05T20:52:00Z,ADVERSE_FIRST,,2026-01-05T20:52:00Z,ADVERSE_FIRST,,2026-01-05T20:52:00Z,ADVERSE_FIRST,,2026-01-05T20:52:00Z,ADVERSE_FIRST,,2026-01-05T20:20:00Z,ADVERSE_FIRST,,2026-01-05T20:20:00Z,ADVERSE_FIRST,,2026-01-05T20:20:00Z,ADVERSE_FIRST,,2026-01-05T20:20:00Z,ADVERSE_FIRST,,2026-01-05T20:20:00Z,ADVERSE_FIRST,,2026-01-05T20:20:00Z,ADVERSE_FIRST,,2026-01-05T20:20:00Z,ADVERSE_FIRST,,2026-01-05T20:20:00Z,ADVERSE_FIRST,,2026-01-05T20:20:00Z
SPY:2026-01-06:LONG:2026-01-06T14:45:00+00:00:v1,2026-01-06,LONG,689.230100000000,689.720000000000,0.489900000000,2026-01-06T14:50:00Z,2026-01-06T14:55:00Z,5,WORSE,3.084900000000,2.595000000000,0.930100000000,1.420000000000,2.569900000000,2.080000000000,0.489900000000,-0.489900000000,True,75,70,AVAILABLE,AVAILABLE,2026-01-06T14:50:00Z,2026-01-06T14:55:00Z,FAVORABLE_FIRST,2026-01-06T14:50:00Z,2026-01-06T15:55:00Z,FAVORABLE_FIRST,2026-01-06T14:51:00Z,2026-01-06T15:55:00Z,FAVORABLE_FIRST,2026-01-06T14:57:00Z,2026-01-06T15:55:00Z,FAVORABLE_FIRST,2026-01-06T15:00:00Z,2026-01-06T15:55:00Z,FAVORABLE_FIRST,2026-01-06T14:51:00Z,2026-01-06T15:55:00Z,FAVORABLE_FIRST,2026-01-06T14:57:00Z,2026-01-06T15:55:00Z,FAVORABLE_FIRST,2026-01-06T15:00:00Z,2026-01-06T15:55:00Z,FAVORABLE_FIRST,2026-01-06T15:25:00Z,2026-01-06T15:55:00Z,ADVERSE_FIRST,2026-01-06T18:43:00Z,2026-01-06T15:55:00Z,FAVORABLE_FIRST,2026-01-06T14:57:00Z,2026-01-06T15:52:00Z,FAVORABLE_FIRST,2026-01-06T15:00:00Z,2026-01-06T15:52:00Z,FAVORABLE_FIRST,2026-01-06T15:06:00Z,2026-01-06T15:52:00Z,FAVORABLE_FIRST,2026-01-06T15:25:00Z,2026-01-06T15:52:00Z,FAVORABLE_FIRST,2026-01-06T15:00:00Z,2026-01-06T15:52:00Z,FAVORABLE_FIRST,2026-01-06T15:06:00Z,2026-01-06T15:52:00Z,FAVORABLE_FIRST,2026-01-06T15:25:00Z,2026-01-06T15:52:00Z,ADVERSE_FIRST,2026-01-06T18:43:00Z,2026-01-06T15:52:00Z,ADVERSE_FIRST,2026-01-06T18:59:00Z,2026-01-06T15:52:00Z
SPY:2026-01-06:LONG:2026-01-06T16:05:00+00:00:v1,2026-01-06,LONG,688.860000000000,688.865000000000,0.005000000000,2026-01-06T16:10:00Z,2026-01-06T16:15:00Z,5,UNCHANGED_WITHIN_ONE_CENT,3.455000000000,3.450000000000,0.240000000000,0.245000000000,2.940000000000,2.935000000000,0.005000000000,-0.005000000000,True,,,AVAILABLE,AVAILABLE,2026-01-06T16:10:00Z,2026-01-06T16:15:00Z,FAVORABLE_FIRST,2026-01-06T16:12:00Z,,FAVORABLE_FIRST,2026-01-06T16:24:00Z,,FAVORABLE_FIRST,2026-01-06T17:05:00Z,,FAVORABLE_FIRST,2026-01-06T17:08:00Z,,FAVORABLE_FIRST,2026-01-06T16:24:00Z,,FAVORABLE_FIRST,2026-01-06T17:05:00Z,,FAVORABLE_FIRST,2026-01-06T17:08:00Z,,FAVORABLE_FIRST,2026-01-06T17:22:00Z,,FAVORABLE_FIRST,2026-01-06T17:38:00Z,,FAVORABLE_FIRST,2026-01-06T16:22:00Z,,FAVORABLE_FIRST,2026-01-06T16:24:00Z,,FAVORABLE_FIRST,2026-01-06T17:05:00Z,,FAVORABLE_FIRST,2026-01-06T17:08:00Z,,FAVORABLE_FIRST,2026-01-06T16:24:00Z,,FAVORABLE_FIRST,2026-01-06T17:05:00Z,,FAVORABLE_FIRST,2026-01-06T17:08:00Z,,FAVORABLE_FIRST,2026-01-06T17:22:00Z,,FAVORABLE_FIRST,2026-01-06T17:38:00Z,
SPY:2026-01-07:LONG:2026-01-07T14:40:00+00:00:v1,2026-01-07,LONG,692.742100000000,692.690000000000,-0.052100000000,2026-01-07T14:45:00Z,2026-01-07T14:50:00Z,5,BETTER,1.217900000000,1.270000000000,3.422100000000,3.370000000000,-3.152100000000,-3.100000000000,-0.052100000000,0.052100000000,True,20,15,AVAILABLE,AVAILABLE,2026-01-07T14:45:00Z,2026-01-07T14:50:00Z,FAVORABLE_FIRST,2026-01-07T14:46:00Z,2026-01-07T14:51:00Z,ADVERSE_FIRST,2026-01-07T16:44:00Z,2026-01-07T14:51:00Z,ADVERSE_FIRST,2026-01-07T16:57:00Z,2026-01-07T14:51:00Z,ADVERSE_FIRST,2026-01-07T17:05:00Z,2026-01-07T14:51:00Z,ADVERSE_FIRST,2026-01-07T16:44:00Z,2026-01-07T14:51:00Z,ADVERSE_FIRST,2026-01-07T16:57:00Z,2026-01-07T14:51:00Z,ADVERSE_FIRST,2026-01-07T17:05:00Z,2026-01-07T14:51:00Z,ADVERSE_FIRST,,2026-01-07T14:51:00Z,ADVERSE_FIRST,,2026-01-07T14:51:00Z,ADVERSE_FIRST,2026-01-07T16:43:00Z,2026-01-07T14:51:00Z,ADVERSE_FIRST,2026-01-07T16:43:00Z,2026-01-07T14:51:00Z,ADVERSE_FIRST,2026-01-07T16:55:00Z,2026-01-07T14:51:00Z,ADVERSE_FIRST,2026-01-07T17:04:00Z,2026-01-07T14:51:00Z,ADVERSE_FIRST,2026-01-07T16:43:00Z,2026-01-07T14:51:00Z,ADVERSE_FIRST,2026-01-07T16:55:00Z,2026-01-07T14:51:00Z,ADVERSE_FIRST,2026-01-07T17:04:00Z,2026-01-07T14:51:00Z,ADVERSE_FIRST,,2026-01-07T14:51:00Z,ADVERSE_FIRST,,2026-01-07T14:51:00Z
SPY:2026-01-07:SHORT:2026-01-07T15:11:00+00:00:v1,2026-01-07,SHORT,691.620000000000,691.240000000000,0.380000000000,2026-01-07T15:15:00Z,2026-01-07T15:20:00Z,5,WORSE,2.300000000000,1.920000000000,2.340000000000,2.720000000000,2.030000000000,1.650000000000,0.380000000000,-0.380000000000,True,20,15,AVAILABLE,AVAILABLE,2026-01-07T15:15:00Z,2026-01-07T15:20:00Z,FAVORABLE_FIRST,2026-01-07T15:15:00Z,2026-01-07T15:28:00Z,FAVORABLE_FIRST,2026-01-07T15:17:00Z,2026-01-07T15:28:00Z,ADVERSE_FIRST,2026-01-07T20:13:00Z,2026-01-07T15:28:00Z,ADVERSE_FIRST,2026-01-07T20:15:00Z,2026-01-07T15:28:00Z,FAVORABLE_FIRST,2026-01-07T15:17:00Z,2026-01-07T15:28:00Z,ADVERSE_FIRST,2026-01-07T20:13:00Z,2026-01-07T15:28:00Z,ADVERSE_FIRST,2026-01-07T20:15:00Z,2026-01-07T15:28:00Z,ADVERSE_FIRST,2026-01-07T20:28:00Z,2026-01-07T15:28:00Z,ADVERSE_FIRST,2026-01-07T20:35:00Z,2026-01-07T15:28:00Z,ADVERSE_FIRST,2026-01-07T15:39:00Z,2026-01-07T15:21:00Z,ADVERSE_FIRST,2026-01-07T20:14:00Z,2026-01-07T15:21:00Z,ADVERSE_FIRST,2026-01-07T20:15:00Z,2026-01-07T15:21:00Z,ADVERSE_FIRST,2026-01-07T20:27:00Z,2026-01-07T15:21:00Z,ADVERSE_FIRST,2026-01-07T20:14:00Z,2026-01-07T15:21:00Z,ADVERSE_FIRST,2026-01-07T20:15:00Z,2026-01-07T15:21:00Z,ADVERSE_FIRST,2026-01-07T20:27:00Z,2026-01-07T15:21:00Z,ADVERSE_FIRST,2026-01-07T20:34:00Z,2026-01-07T15:21:00Z,ADVERSE_FIRST,,2026-01-07T15:21:00Z
SPY:2026-01-07:LONG:2026-01-07T15:55:00+00:00:v1,2026-01-07,LONG,692.510000000000,692.720000000000,0.210000000000,2026-01-07T16:00:00Z,2026-01-07T16:05:00Z,5,WORSE,1.450000000000,1.240000000000,3.190000000000,3.400000000000,-2.920000000000,-3.130000000000,0.210000000000,-0.210000000000,True,25,20,AVAILABLE,AVAILABLE,2026-01-07T16:00:00Z,2026-01-07T16:05:00Z,FAVORABLE_FIRST,2026-01-07T16:03:00Z,2026-01-07T16:25:00Z,ADVERSE_FIRST,2026-01-07T16:43:00Z,2026-01-07T16:25:00Z,ADVERSE_FIRST,2026-01-07T16:45:00Z,2026-01-07T16:25:00Z,ADVERSE_FIRST,2026-01-07T16:57:00Z,2026-01-07T16:25:00Z,ADVERSE_FIRST,2026-01-07T16:43:00Z,2026-01-07T16:25:00Z,ADVERSE_FIRST,2026-01-07T16:45:00Z,2026-01-07T16:25:00Z,ADVERSE_FIRST,2026-01-07T16:57:00Z,2026-01-07T16:25:00Z,ADVERSE_FIRST,,2026-01-07T16:25:00Z,ADVERSE_FIRST,,2026-01-07T16:25:00Z,ADVERSE_FIRST,2026-01-07T16:43:00Z,2026-01-07T16:11:00Z,ADVERSE_FIRST,2026-01-07T16:44:00Z,2026-01-07T16:11:00Z,ADVERSE_FIRST,2026-01-07T16:56:00Z,2026-01-07T16:11:00Z,ADVERSE_FIRST,2026-01-07T17:04:00Z,2026-01-07T16:11:00Z,ADVERSE_FIRST,2026-01-07T16:44:00Z,2026-01-07T16:11:00Z,ADVERSE_FIRST,2026-01-07T16:56:00Z,2026-01-07T16:11:00Z,ADVERSE_FIRST,2026-01-07T17:04:00Z,2026-01-07T16:11:00Z,ADVERSE_FIRST,,2026-01-07T16:11:00Z,ADVERSE_FIRST,,2026-01-07T16:11:00Z
SPY:2026-01-07:LONG:2026-01-07T16:40:00+00:00:v1,2026-01-07,LONG,693.210000000000,693.175000000000,-0.035000000000,2026-01-07T16:45:00Z,2026-01-07T16:50:00Z,5,BETTER,0.750000000000,0.785000000000,3.890000000000,3.855000000000,-3.620000000000,-3.585000000000,-0.035000000000,0.035000000000,True,95,90,AVAILABLE,AVAILABLE,2026-01-07T16:45:00Z,2026-01-07T16:50:00Z,FAVORABLE_FIRST,2026-01-07T16:56:00Z,2026-01-07T17:51:00Z,FAVORABLE_FIRST,2026-01-07T17:04:00Z,2026-01-07T17:51:00Z,FAVORABLE_FIRST,2026-01-07T17:08:00Z,2026-01-07T17:51:00Z,ADVERSE_FIRST,,2026-01-07T17:51:00Z,FAVORABLE_FIRST,2026-01-07T17:04:00Z,2026-01-07T17:52:00Z,FAVORABLE_FIRST,2026-01-07T17:08:00Z,2026-01-07T17:52:00Z,ADVERSE_FIRST,,2026-01-07T17:52:00Z,ADVERSE_FIRST,,2026-01-07T17:52:00Z,ADVERSE_FIRST,,2026-01-07T17:52:00Z,FAVORABLE_FIRST,2026-01-07T16:55:00Z,2026-01-07T17:52:00Z,FAVORABLE_FIRST,2026-01-07T17:04:00Z,2026-01-07T17:52:00Z,FAVORABLE_FIRST,2026-01-07T17:07:00Z,2026-01-07T17:52:00Z,ADVERSE_FIRST,,2026-01-07T17:52:00Z,FAVORABLE_FIRST,2026-01-07T17:04:00Z,2026-01-07T17:52:00Z,FAVORABLE_FIRST,2026-01-07T17:07:00Z,2026-01-07T17:52:00Z,ADVERSE_FIRST,,2026-01-07T17:52:00Z,ADVERSE_FIRST,,2026-01-07T17:52:00Z,ADVERSE_FIRST,,2026-01-07T17:52:00Z
SPY:2026-01-07:LONG:2026-01-07T18:31:00+00:00:v1,2026-01-07,LONG,692.575000000000,692.510000000000,-0.065000000000,2026-01-07T18:35:00Z,2026-01-07T18:40:00Z,5,BETTER,0.570000000000,0.635000000000,3.255000000000,3.190000000000,-2.985000000000,-2.920000000000,-0.065000000000,0.065000000000,True,35,30,AVAILABLE,AVAILABLE,2026-01-07T18:35:00Z,2026-01-07T18:40:00Z,FAVORABLE_FIRST,2026-01-07T18:42:00Z,2026-01-07T19:09:00Z,FAVORABLE_FIRST,2026-01-07T18:52:00Z,2026-01-07T19:09:00Z,ADVERSE_FIRST,,2026-01-07T19:09:00Z,ADVERSE_FIRST,,2026-01-07T19:09:00Z,FAVORABLE_FIRST,2026-01-07T18:52:00Z,2026-01-07T19:10:00Z,ADVERSE_FIRST,,2026-01-07T19:10:00Z,ADVERSE_FIRST,,2026-01-07T19:10:00Z,ADVERSE_FIRST,,2026-01-07T19:10:00Z,ADVERSE_FIRST,,2026-01-07T19:10:00Z,FAVORABLE_FIRST,2026-01-07T18:41:00Z,2026-01-07T19:10:00Z,FAVORABLE_FIRST,2026-01-07T18:50:00Z,2026-01-07T19:10:00Z,ADVERSE_FIRST,,2026-01-07T19:10:00Z,ADVERSE_FIRST,,2026-01-07T19:10:00Z,FAVORABLE_FIRST,2026-01-07T18:50:00Z,2026-01-07T19:10:00Z,ADVERSE_FIRST,,2026-01-07T19:10:00Z,ADVERSE_FIRST,,2026-01-07T19:10:00Z,ADVERSE_FIRST,,2026-01-07T19:10:00Z,ADVERSE_FIRST,,2026-01-07T19:10:00Z
SPY:2026-01-07:SHORT:2026-01-07T19:21:00+00:00:v1,2026-01-07,SHORT,691.700000000000,691.680000000000,0.020000000000,2026-01-07T19:25:00Z,2026-01-07T19:30:00Z,5,WORSE,2.380000000000,2.360000000000,0.460000000000,0.480000000000,2.110000000000,2.090000000000,0.020000000000,-0.020000000000,True,10,5,AVAILABLE,AVAILABLE,2026-01-07T19:25:00Z,2026-01-07T19:30:00Z,ADVERSE_FIRST,2026-01-07T20:08:00Z,2026-01-07T19:32:00Z,ADVERSE_FIRST,2026-01-07T20:12:00Z,2026-01-07T19:32:00Z,ADVERSE_FIRST,2026-01-07T20:13:00Z,2026-01-07T19:32:00Z,ADVERSE_FIRST,2026-01-07T20:14:00Z,2026-01-07T19:32:00Z,ADVERSE_FIRST,2026-01-07T20:12:00Z,2026-01-07T19:32:00Z,ADVERSE_FIRST,2026-01-07T20:13:00Z,2026-01-07T19:32:00Z,ADVERSE_FIRST,2026-01-07T20:14:00Z,2026-01-07T19:32:00Z,ADVERSE_FIRST,2026-01-07T20:27:00Z,2026-01-07T19:32:00Z,ADVERSE_FIRST,2026-01-07T20:35:00Z,2026-01-07T19:32:00Z,ADVERSE_FIRST,2026-01-07T20:08:00Z,2026-01-07T19:31:00Z,ADVERSE_FIRST,2026-01-07T20:12:00Z,2026-01-07T19:31:00Z,ADVERSE_FIRST,2026-01-07T20:13:00Z,2026-01-07T19:31:00Z,ADVERSE_FIRST,2026-01-07T20:15:00Z,2026-01-07T19:31:00Z,ADVERSE_FIRST,2026-01-07T20:12:00Z,2026-01-07T19:32:00Z,ADVERSE_FIRST,2026-01-07T20:13:00Z,2026-01-07T19:32:00Z,ADVERSE_FIRST,2026-01-07T20:15:00Z,2026-01-07T19:32:00Z,ADVERSE_FIRST,2026-01-07T20:27:00Z,2026-01-07T19:32:00Z,ADVERSE_FIRST,2026-01-07T20:35:00Z,2026-01-07T19:32:00Z
SPY:2026-01-07:SHORT:2026-01-07T20:05:00+00:00:v1,2026-01-07,SHORT,691.430000000000,690.780000000000,0.650000000000,2026-01-07T20:10:00Z,2026-01-07T20:15:00Z,5,WORSE,2.110000000000,1.460000000000,0.010000000000,0.340000000000,1.840000000000,1.190000000000,0.650000000000,-0.330000000000,True,,,AVAILABLE,AVAILABLE,2026-01-07T20:10:00Z,2026-01-07T20:15:00Z,FAVORABLE_FIRST,2026-01-07T20:12:00Z,,FAVORABLE_FIRST,2026-01-07T20:13:00Z,,FAVORABLE_FIRST,2026-01-07T20:15:00Z,,FAVORABLE_FIRST,2026-01-07T20:25:00Z,,FAVORABLE_FIRST,2026-01-07T20:13:00Z,,FAVORABLE_FIRST,2026-01-07T20:15:00Z,,FAVORABLE_FIRST,2026-01-07T20:25:00Z,,FAVORABLE_FIRST,2026-01-07T20:31:00Z,,FAVORABLE_FIRST,2026-01-07T20:37:00Z,,FAVORABLE_FIRST,2026-01-07T20:15:00Z,2026-01-07T20:19:00Z,ADVERSE_FIRST,2026-01-07T20:26:00Z,2026-01-07T20:19:00Z,ADVERSE_FIRST,2026-01-07T20:31:00Z,2026-01-07T20:19:00Z,ADVERSE_FIRST,2026-01-07T20:34:00Z,2026-01-07T20:19:00Z,ADVERSE_FIRST,2026-01-07T20:26:00Z,2026-01-07T20:19:00Z,ADVERSE_FIRST,2026-01-07T20:31:00Z,2026-01-07T20:19:00Z,ADVERSE_FIRST,2026-01-07T20:34:00Z,2026-01-07T20:19:00Z,ADVERSE_FIRST,,2026-01-07T20:19:00Z,ADVERSE_FIRST,,2026-01-07T20:19:00Z
SPY:2026-01-08:LONG:2026-01-08T15:06:00+00:00:v1,2026-01-08,LONG,689.800000000000,689.680000000000,-0.120000000000,2026-01-08T15:10:00Z,2026-01-08T15:15:00Z,5,BETTER,0.815000000000,0.935000000000,1.520000000000,1.400000000000,-0.360000000000,-0.240000000000,-0.120000000000,0.120000000000,True,40,35,AVAILABLE,AVAILABLE,2026-01-08T15:10:00Z,2026-01-08T15:15:00Z,ADVERSE_FIRST,2026-01-08T16:46:00Z,2026-01-08T15:11:00Z,ADVERSE_FIRST,2026-01-08T17:50:00Z,2026-01-08T15:11:00Z,ADVERSE_FIRST,2026-01-08T17:52:00Z,2026-01-08T15:11:00Z,ADVERSE_FIRST,,2026-01-08T15:11:00Z,ADVERSE_FIRST,2026-01-08T17:50:00Z,2026-01-08T15:11:00Z,ADVERSE_FIRST,2026-01-08T17:52:00Z,2026-01-08T15:11:00Z,ADVERSE_FIRST,,2026-01-08T15:11:00Z,ADVERSE_FIRST,,2026-01-08T15:11:00Z,ADVERSE_FIRST,,2026-01-08T15:11:00Z,FAVORABLE_FIRST,2026-01-08T15:16:00Z,2026-01-08T15:27:00Z,ADVERSE_FIRST,2026-01-08T17:42:00Z,2026-01-08T15:27:00Z,ADVERSE_FIRST,2026-01-08T17:51:00Z,2026-01-08T15:27:00Z,ADVERSE_FIRST,,2026-01-08T15:27:00Z,ADVERSE_FIRST,2026-01-08T17:42:00Z,2026-01-08T15:30:00Z,ADVERSE_FIRST,2026-01-08T17:51:00Z,2026-01-08T15:30:00Z,ADVERSE_FIRST,,2026-01-08T15:30:00Z,ADVERSE_FIRST,,2026-01-08T15:30:00Z,ADVERSE_FIRST,,2026-01-08T15:30:00Z
SPY:2026-01-08:LONG:2026-01-08T15:58:00+00:00:v1,2026-01-08,LONG,689.850000000000,689.895000000000,0.045000000000,2026-01-08T16:00:00Z,2026-01-08T16:05:00Z,5,WORSE,0.765000000000,0.720000000000,1.570000000000,1.615000000000,-0.410000000000,-0.455000000000,0.045000000000,-0.045000000000,True,10,5,AVAILABLE,AVAILABLE,2026-01-08T16:00:00Z,2026-01-08T16:05:00Z,ADVERSE_FIRST,2026-01-08T17:41:00Z,2026-01-08T16:05:00Z,ADVERSE_FIRST,2026-01-08T17:50:00Z,2026-01-08T16:05:00Z,ADVERSE_FIRST,2026-01-08T17:52:00Z,2026-01-08T16:05:00Z,ADVERSE_FIRST,,2026-01-08T16:05:00Z,ADVERSE_FIRST,2026-01-08T17:50:00Z,2026-01-08T16:05:00Z,ADVERSE_FIRST,2026-01-08T17:52:00Z,2026-01-08T16:05:00Z,ADVERSE_FIRST,,2026-01-08T16:05:00Z,ADVERSE_FIRST,,2026-01-08T16:05:00Z,ADVERSE_FIRST,,2026-01-08T16:05:00Z,ADVERSE_FIRST,2026-01-08T17:41:00Z,2026-01-08T16:05:00Z,ADVERSE_FIRST,2026-01-08T17:51:00Z,2026-01-08T16:05:00Z,ADVERSE_FIRST,,2026-01-08T16:05:00Z,ADVERSE_FIRST,,2026-01-08T16:05:00Z,ADVERSE_FIRST,2026-01-08T17:51:00Z,2026-01-08T16:05:00Z,ADVERSE_FIRST,,2026-01-08T16:05:00Z,ADVERSE_FIRST,,2026-01-08T16:05:00Z,ADVERSE_FIRST,,2026-01-08T16:05:00Z,ADVERSE_FIRST,,2026-01-08T16:05:00Z
SPY:2026-01-08:LONG:2026-01-08T16:40:00+00:00:v1,2026-01-08,LONG,689.610000000000,689.840000000000,0.230000000000,2026-01-08T16:45:00Z,2026-01-08T16:50:00Z,5,WORSE,1.005000000000,0.775000000000,1.330000000000,1.560000000000,-0.170000000000,-0.400000000000,0.230000000000,-0.230000000000,True,10,5,AVAILABLE,AVAILABLE,2026-01-08T16:45:00Z,2026-01-08T16:50:00Z,FAVORABLE_FIRST,2026-01-08T16:46:00Z,2026-01-08T16:52:00Z,ADVERSE_FIRST,2026-01-08T17:41:00Z,2026-01-08T16:52:00Z,ADVERSE_FIRST,2026-01-08T17:50:00Z,2026-01-08T16:52:00Z,ADVERSE_FIRST,2026-01-08T17:54:00Z,2026-01-08T16:52:00Z,ADVERSE_FIRST,2026-01-08T17:41:00Z,2026-01-08T16:52:00Z,ADVERSE_FIRST,2026-01-08T17:50:00Z,2026-01-08T16:52:00Z,ADVERSE_FIRST,2026-01-08T17:54:00Z,2026-01-08T16:52:00Z,ADVERSE_FIRST,,2026-01-08T16:52:00Z,ADVERSE_FIRST,,2026-01-08T16:52:00Z,ADVERSE_FIRST,2026-01-08T17:41:00Z,2026-01-08T16:51:00Z,ADVERSE_FIRST,2026-01-08T17:50:00Z,2026-01-08T16:51:00Z,ADVERSE_FIRST,2026-01-08T17:52:00Z,2026-01-08T16:51:00Z,ADVERSE_FIRST,,2026-01-08T16:51:00Z,ADVERSE_FIRST,2026-01-08T17:50:00Z,2026-01-08T16:51:00Z,ADVERSE_FIRST,2026-01-08T17:52:00Z,2026-01-08T16:51:00Z,ADVERSE_FIRST,,2026-01-08T16:51:00Z,ADVERSE_FIRST,,2026-01-08T16:51:00Z,ADVERSE_FIRST,,2026-01-08T16:51:00Z
SPY:2026-01-08:LONG:2026-01-08T16:55:00+00:00:v1,2026-01-08,LONG,689.890000000000,689.585000000000,-0.305000000000,2026-01-08T17:00:00Z,2026-01-08T17:05:00Z,5,BETTER,0.725000000000,1.030000000000,1.610000000000,1.305000000000,-0.450000000000,-0.145000000000,-0.305000000000,0.305000000000,True,75,70,AVAILABLE,AVAILABLE,2026-01-08T17:00:00Z,2026-01-08T17:05:00Z,ADVERSE_FIRST,2026-01-08T17:41:00Z,2026-01-08T17:01:00Z,ADVERSE_FIRST,2026-01-08T17:51:00Z,2026-01-08T17:01:00Z,ADVERSE_FIRST,,2026-01-08T17:01:00Z,ADVERSE_FIRST,,2026-01-08T17:01:00Z,ADVERSE_FIRST,2026-01-08T17:51:00Z,2026-01-08T17:02:00Z,ADVERSE_FIRST,,2026-01-08T17:02:00Z,ADVERSE_FIRST,,2026-01-08T17:02:00Z,ADVERSE_FIRST,,2026-01-08T17:02:00Z,ADVERSE_FIRST,,2026-01-08T17:02:00Z,ADVERSE_FIRST,2026-01-08T17:19:00Z,2026-01-08T17:12:00Z,ADVERSE_FIRST,2026-01-08T17:41:00Z,2026-01-08T17:12:00Z,ADVERSE_FIRST,2026-01-08T17:50:00Z,2026-01-08T17:12:00Z,ADVERSE_FIRST,2026-01-08T17:52:00Z,2026-01-08T17:12:00Z,ADVERSE_FIRST,2026-01-08T17:41:00Z,2026-01-08T17:12:00Z,ADVERSE_FIRST,2026-01-08T17:50:00Z,2026-01-08T17:12:00Z,ADVERSE_FIRST,2026-01-08T17:52:00Z,2026-01-08T17:12:00Z,ADVERSE_FIRST,,2026-01-08T17:12:00Z,ADVERSE_FIRST,,2026-01-08T17:12:00Z
SPY:2026-01-08:LONG:2026-01-08T18:17:00+00:00:v1,2026-01-08,LONG,689.650000000000,689.410000000000,-0.240000000000,2026-01-08T18:20:00Z,2026-01-08T18:25:00Z,5,BETTER,0.405000000000,0.645000000000,1.370000000000,1.130000000000,-0.210000000000,0.030000000000,-0.240000000000,0.240000000000,True,15,10,AVAILABLE,AVAILABLE,2026-01-08T18:20:00Z,2026-01-08T18:25:00Z,ADVERSE_FIRST,2026-01-08T20:35:00Z,2026-01-08T18:22:00Z,ADVERSE_FIRST,,2026-01-08T18:22:00Z,ADVERSE_FIRST,,2026-01-08T18:22:00Z,ADVERSE_FIRST,,2026-01-08T18:22:00Z,ADVERSE_FIRST,,2026-01-08T18:22:00Z,ADVERSE_FIRST,,2026-01-08T18:22:00Z,ADVERSE_FIRST,,2026-01-08T18:22:00Z,ADVERSE_FIRST,,2026-01-08T18:22:00Z,ADVERSE_FIRST,,2026-01-08T18:22:00Z,FAVORABLE_FIRST,2026-01-08T18:46:00Z,2026-01-08T18:53:00Z,ADVERSE_FIRST,2026-01-08T20:35:00Z,2026-01-08T18:53:00Z,ADVERSE_FIRST,,2026-01-08T18:53:00Z,ADVERSE_FIRST,,2026-01-08T18:53:00Z,ADVERSE_FIRST,2026-01-08T20:35:00Z,2026-01-08T18:54:00Z,ADVERSE_FIRST,,2026-01-08T18:54:00Z,ADVERSE_FIRST,,2026-01-08T18:54:00Z,ADVERSE_FIRST,,2026-01-08T18:54:00Z,ADVERSE_FIRST,,2026-01-08T18:54:00Z
SPY:2026-01-08:LONG:2026-01-08T18:40:00+00:00:v1,2026-01-08,LONG,689.410000000000,689.640000000000,0.230000000000,2026-01-08T18:45:00Z,2026-01-08T18:50:00Z,5,WORSE,0.645000000000,0.415000000000,1.130000000000,1.360000000000,0.030000000000,-0.200000000000,0.230000000000,-0.230000000000,True,10,5,AVAILABLE,AVAILABLE,2026-01-08T18:45:00Z,2026-01-08T18:50:00Z,FAVORABLE_FIRST,2026-01-08T18:46:00Z,2026-01-08T18:53:00Z,ADVERSE_FIRST,2026-01-08T20:35:00Z,2026-01-08T18:53:00Z,ADVERSE_FIRST,,2026-01-08T18:53:00Z,ADVERSE_FIRST,,2026-01-08T18:53:00Z,ADVERSE_FIRST,2026-01-08T20:35:00Z,2026-01-08T18:54:00Z,ADVERSE_FIRST,,2026-01-08T18:54:00Z,ADVERSE_FIRST,,2026-01-08T18:54:00Z,ADVERSE_FIRST,,2026-01-08T18:54:00Z,ADVERSE_FIRST,,2026-01-08T18:54:00Z,ADVERSE_FIRST,2026-01-08T20:35:00Z,2026-01-08T18:51:00Z,ADVERSE_FIRST,,2026-01-08T18:51:00Z,ADVERSE_FIRST,,2026-01-08T18:51:00Z,ADVERSE_FIRST,,2026-01-08T18:51:00Z,ADVERSE_FIRST,,2026-01-08T18:51:00Z,ADVERSE_FIRST,,2026-01-08T18:51:00Z,ADVERSE_FIRST,,2026-01-08T18:51:00Z,ADVERSE_FIRST,,2026-01-08T18:51:00Z,ADVERSE_FIRST,,2026-01-08T18:51:00Z
SPY:2026-01-08:LONG:2026-01-08T20:26:00+00:00:v1,2026-01-08,LONG,689.570000000000,689.880000000000,0.310000000000,2026-01-08T20:30:00Z,2026-01-08T20:35:00Z,5,WORSE,0.485000000000,0.175000000000,0.315000000000,0.625000000000,-0.130000000000,-0.440000000000,0.310000000000,-0.310000000000,True,,,AVAILABLE,AVAILABLE,2026-01-08T20:30:00Z,2026-01-08T20:35:00Z,FAVORABLE_FIRST,2026-01-08T20:30:00Z,2026-01-08T20:43:00Z,ADVERSE_FIRST,,2026-01-08T20:43:00Z,ADVERSE_FIRST,,2026-01-08T20:43:00Z,ADVERSE_FIRST,,2026-01-08T20:43:00Z,ADVERSE_FIRST,,2026-01-08T20:43:00Z,ADVERSE_FIRST,,2026-01-08T20:43:00Z,ADVERSE_FIRST,,2026-01-08T20:43:00Z,ADVERSE_FIRST,,2026-01-08T20:43:00Z,ADVERSE_FIRST,,2026-01-08T20:43:00Z,ADVERSE_FIRST,,2026-01-08T20:39:00Z,ADVERSE_FIRST,,2026-01-08T20:39:00Z,ADVERSE_FIRST,,2026-01-08T20:39:00Z,ADVERSE_FIRST,,2026-01-08T20:39:00Z,ADVERSE_FIRST,,2026-01-08T20:39:00Z,ADVERSE_FIRST,,2026-01-08T20:39:00Z,ADVERSE_FIRST,,2026-01-08T20:39:00Z,ADVERSE_FIRST,,2026-01-08T20:39:00Z,ADVERSE_FIRST,,2026-01-08T20:39:00Z
SPY:2026-01-09:LONG:2026-01-09T14:35:00+00:00:v1,2026-01-09,LONG,691.960000000000,691.370000000000,-0.590000000000,2026-01-09T14:40:00Z,2026-01-09T14:45:00Z,5,BETTER,3.350000000000,3.940000000000,2.780000000000,2.190000000000,2.030000000000,2.620000000000,-0.590000000000,0.590000000000,True,10,5,AVAILABLE,AVAILABLE,2026-01-09T14:40:00Z,2026-01-09T14:45:00Z,ADVERSE_FIRST,2026-01-09T15:22:00Z,2026-01-09T14:40:00Z,ADVERSE_FIRST,2026-01-09T15:22:00Z,2026-01-09T14:40:00Z,ADVERSE_FIRST,2026-01-09T15:26:00Z,2026-01-09T14:40:00Z,ADVERSE_FIRST,2026-01-09T15:27:00Z,2026-01-09T14:40:00Z,ADVERSE_FIRST,2026-01-09T15:22:00Z,2026-01-09T14:40:00Z,ADVERSE_FIRST,2026-01-09T15:26:00Z,2026-01-09T14:40:00Z,ADVERSE_FIRST,2026-01-09T15:27:00Z,2026-01-09T14:40:00Z,ADVERSE_FIRST,2026-01-09T16:13:00Z,2026-01-09T14:40:00Z,ADVERSE_FIRST,2026-01-09T16:52:00Z,2026-01-09T14:40:00Z,ADVERSE_FIRST,2026-01-09T14:47:00Z,2026-01-09T14:45:00Z,ADVERSE_FIRST,2026-01-09T14:47:00Z,2026-01-09T14:45:00Z,ADVERSE_FIRST,2026-01-09T15:22:00Z,2026-01-09T14:45:00Z,ADVERSE_FIRST,2026-01-09T15:22:00Z,2026-01-09T14:45:00Z,ADVERSE_FIRST,2026-01-09T14:47:00Z,2026-01-09T14:45:00Z,ADVERSE_FIRST,2026-01-09T15:22:00Z,2026-01-09T14:45:00Z,ADVERSE_FIRST,2026-01-09T15:22:00Z,2026-01-09T14:45:00Z,ADVERSE_FIRST,2026-01-09T15:26:00Z,2026-01-09T14:45:00Z,ADVERSE_FIRST,2026-01-09T15:32:00Z,2026-01-09T14:45:00Z
SPY:2026-01-09:LONG:2026-01-09T14:53:00+00:00:v1,2026-01-09,LONG,691.410000000000,691.560000000000,0.150000000000,2026-01-09T14:55:00Z,2026-01-09T15:00:00Z,5,WORSE,3.900000000000,3.750000000000,2.230000000000,2.380000000000,2.580000000000,2.430000000000,0.150000000000,-0.150000000000,True,10,5,AVAILABLE,AVAILABLE,2026-01-09T14:55:00Z,2026-01-09T15:00:00Z,ADVERSE_FIRST,2026-01-09T15:00:00Z,2026-01-09T14:55:00Z,ADVERSE_FIRST,2026-01-09T15:00:00Z,2026-01-09T14:55:00Z,ADVERSE_FIRST,2026-01-09T15:22:00Z,2026-01-09T14:55:00Z,ADVERSE_FIRST,2026-01-09T15:22:00Z,2026-01-09T14:55:00Z,ADVERSE_FIRST,2026-01-09T15:00:00Z,2026-01-09T14:55:00Z,ADVERSE_FIRST,2026-01-09T15:22:00Z,2026-01-09T14:55:00Z,ADVERSE_FIRST,2026-01-09T15:22:00Z,2026-01-09T14:55:00Z,ADVERSE_FIRST,2026-01-09T15:26:00Z,2026-01-09T14:55:00Z,ADVERSE_FIRST,2026-01-09T15:34:00Z,2026-01-09T14:55:00Z,AMBIGUOUS_SAME_BAR,2026-01-09T15:00:00Z,2026-01-09T15:00:00Z,ADVERSE_FIRST,2026-01-09T15:22:00Z,2026-01-09T15:00:00Z,ADVERSE_FIRST,2026-01-09T15:22:00Z,2026-01-09T15:00:00Z,ADVERSE_FIRST,2026-01-09T15:25:00Z,2026-01-09T15:00:00Z,ADVERSE_FIRST,2026-01-09T15:22:00Z,2026-01-09T15:00:00Z,ADVERSE_FIRST,2026-01-09T15:22:00Z,2026-01-09T15:00:00Z,ADVERSE_FIRST,2026-01-09T15:25:00Z,2026-01-09T15:00:00Z,ADVERSE_FIRST,2026-01-09T15:27:00Z,2026-01-09T15:00:00Z,ADVERSE_FIRST,2026-01-09T16:13:00Z,2026-01-09T15:00:00Z
SPY:2026-01-09:LONG:2026-01-09T15:14:00+00:00:v1,2026-01-09,LONG,691.280000000000,691.550000000000,0.270000000000,2026-01-09T15:15:00Z,2026-01-09T15:20:00Z,5,WORSE,4.030000000000,3.760000000000,0.390000000000,0.320000000000,2.710000000000,2.440000000000,0.270000000000,0.070000000000,True,,,AVAILABLE,AVAILABLE,2026-01-09T15:15:00Z,2026-01-09T15:20:00Z,FAVORABLE_FIRST,2026-01-09T15:16:00Z,2026-01-09T15:17:00Z,ADVERSE_FIRST,2026-01-09T15:22:00Z,2026-01-09T15:17:00Z,ADVERSE_FIRST,2026-01-09T15:22:00Z,2026-01-09T15:17:00Z,ADVERSE_FIRST,2026-01-09T15:22:00Z,2026-01-09T15:17:00Z,ADVERSE_FIRST,2026-01-09T15:22:00Z,2026-01-09T15:17:00Z,ADVERSE_FIRST,2026-01-09T15:22:00Z,2026-01-09T15:17:00Z,ADVERSE_FIRST,2026-01-09T15:22:00Z,2026-01-09T15:17:00Z,ADVERSE_FIRST,2026-01-09T15:26:00Z,2026-01-09T15:17:00Z,ADVERSE_FIRST,2026-01-09T15:28:00Z,2026-01-09T15:17:00Z,ADVERSE_FIRST,2026-01-09T15:22:00Z,2026-01-09T15:21:00Z,ADVERSE_FIRST,2026-01-09T15:22:00Z,2026-01-09T15:21:00Z,ADVERSE_FIRST,2026-01-09T15:22:00Z,2026-01-09T15:21:00Z,ADVERSE_FIRST,2026-01-09T15:24:00Z,2026-01-09T15:21:00Z,ADVERSE_FIRST,2026-01-09T15:22:00Z,2026-01-09T15:21:00Z,ADVERSE_FIRST,2026-01-09T15:22:00Z,2026-01-09T15:21:00Z,ADVERSE_FIRST,2026-01-09T15:24:00Z,2026-01-09T15:21:00Z,ADVERSE_FIRST,2026-01-09T15:27:00Z,2026-01-09T15:21:00Z,ADVERSE_FIRST,2026-01-09T16:13:00Z,2026-01-09T15:21:00Z
SPY:2026-01-12:LONG:2026-01-12T14:36:00+00:00:v1,2026-01-12,LONG,692.680000000000,692.760000000000,0.080000000000,2026-01-12T14:40:00Z,2026-01-12T14:45:00Z,5,WORSE,3.410000000000,3.330000000000,0.279900000000,0.220000000000,2.480000000000,2.400000000000,0.080000000000,0.059900000000,True,,,AVAILABLE,AVAILABLE,2026-01-12T14:40:00Z,2026-01-12T14:45:00Z,ADVERSE_FIRST,2026-01-12T14:41:00Z,2026-01-12T14:40:00Z,ADVERSE_FIRST,2026-01-12T14:43:00Z,2026-01-12T14:40:00Z,ADVERSE_FIRST,2026-01-12T14:50:00Z,2026-01-12T14:40:00Z,ADVERSE_FIRST,2026-01-12T14:51:00Z,2026-01-12T14:40:00Z,FAVORABLE_FIRST,2026-01-12T14:43:00Z,,FAVORABLE_FIRST,2026-01-12T14:50:00Z,,FAVORABLE_FIRST,2026-01-12T14:51:00Z,,FAVORABLE_FIRST,2026-01-12T16:10:00Z,,FAVORABLE_FIRST,2026-01-12T16:16:00Z,,FAVORABLE_FIRST,2026-01-12T14:45:00Z,,FAVORABLE_FIRST,2026-01-12T14:50:00Z,,FAVORABLE_FIRST,2026-01-12T14:51:00Z,,FAVORABLE_FIRST,2026-01-12T14:56:00Z,,FAVORABLE_FIRST,2026-01-12T14:50:00Z,,FAVORABLE_FIRST,2026-01-12T14:51:00Z,,FAVORABLE_FIRST,2026-01-12T14:56:00Z,,FAVORABLE_FIRST,2026-01-12T16:12:00Z,,FAVORABLE_FIRST,2026-01-12T16:55:00Z,
SPY:2026-01-13:SHORT:2026-01-13T14:43:00+00:00:v1,2026-01-13,SHORT,695.140000000000,694.820000000000,0.320000000000,2026-01-13T14:45:00Z,2026-01-13T14:50:00Z,5,WORSE,3.790000000000,3.470000000000,0.065000000000,0.380000000000,1.390000000000,1.070000000000,0.320000000000,-0.315000000000,True,,,AVAILABLE,AVAILABLE,2026-01-13T14:45:00Z,2026-01-13T14:50:00Z,FAVORABLE_FIRST,2026-01-13T14:46:00Z,,FAVORABLE_FIRST,2026-01-13T14:48:00Z,,FAVORABLE_FIRST,2026-01-13T14:51:00Z,,FAVORABLE_FIRST,2026-01-13T15:00:00Z,,FAVORABLE_FIRST,2026-01-13T14:48:00Z,,FAVORABLE_FIRST,2026-01-13T14:51:00Z,,FAVORABLE_FIRST,2026-01-13T15:00:00Z,,FAVORABLE_FIRST,2026-01-13T15:02:00Z,,FAVORABLE_FIRST,2026-01-13T15:15:00Z,,ADVERSE_FIRST,2026-01-13T14:51:00Z,2026-01-13T14:50:00Z,ADVERSE_FIRST,2026-01-13T14:51:00Z,2026-01-13T14:50:00Z,ADVERSE_FIRST,2026-01-13T15:01:00Z,2026-01-13T14:50:00Z,ADVERSE_FIRST,2026-01-13T15:02:00Z,2026-01-13T14:50:00Z,FAVORABLE_FIRST,2026-01-13T14:51:00Z,2026-01-13T16:52:00Z,FAVORABLE_FIRST,2026-01-13T15:01:00Z,2026-01-13T16:52:00Z,FAVORABLE_FIRST,2026-01-13T15:02:00Z,2026-01-13T16:52:00Z,FAVORABLE_FIRST,2026-01-13T15:03:00Z,2026-01-13T16:52:00Z,FAVORABLE_FIRST,2026-01-13T15:18:00Z,2026-01-13T16:52:00Z
SPY:2026-01-14:SHORT:2026-01-14T14:50:00+00:00:v1,2026-01-14,SHORT,689.710500000000,688.720000000000,0.990500000000,2026-01-14T14:55:00Z,2026-01-14T15:00:00Z,5,WORSE,3.670500000000,2.680000000000,1.139500000000,2.130000000000,-0.729500000000,-1.720000000000,0.990500000000,-0.990500000000,True,20,15,AVAILABLE,AVAILABLE,2026-01-14T14:55:00Z,2026-01-14T15:00:00Z,FAVORABLE_FIRST,2026-01-14T14:55:00Z,2026-01-14T15:11:00Z,FAVORABLE_FIRST,2026-01-14T14:55:00Z,2026-01-14T15:11:00Z,FAVORABLE_FIRST,2026-01-14T14:59:00Z,2026-01-14T15:11:00Z,FAVORABLE_FIRST,2026-01-14T14:59:00Z,2026-01-14T15:11:00Z,FAVORABLE_FIRST,2026-01-14T14:55:00Z,2026-01-14T15:12:00Z,FAVORABLE_FIRST,2026-01-14T14:59:00Z,2026-01-14T15:12:00Z,FAVORABLE_FIRST,2026-01-14T14:59:00Z,2026-01-14T15:12:00Z,FAVORABLE_FIRST,2026-01-14T15:00:00Z,2026-01-14T15:12:00Z,FAVORABLE_FIRST,2026-01-14T15:00:00Z,2026-01-14T15:12:00Z,FAVORABLE_FIRST,2026-01-14T15:00:00Z,2026-01-14T15:11:00Z,FAVORABLE_FIRST,2026-01-14T15:00:00Z,2026-01-14T15:11:00Z,FAVORABLE_FIRST,2026-01-14T15:00:00Z,2026-01-14T15:11:00Z,FAVORABLE_FIRST,2026-01-14T15:00:00Z,2026-01-14T15:11:00Z,FAVORABLE_FIRST,2026-01-14T15:00:00Z,2026-01-14T15:11:00Z,FAVORABLE_FIRST,2026-01-14T15:00:00Z,2026-01-14T15:11:00Z,FAVORABLE_FIRST,2026-01-14T15:00:00Z,2026-01-14T15:11:00Z,ADVERSE_FIRST,2026-01-14T15:47:00Z,2026-01-14T15:11:00Z,ADVERSE_FIRST,2026-01-14T15:49:00Z,2026-01-14T15:11:00Z
SPY:2026-01-14:SHORT:2026-01-14T15:20:00+00:00:v1,2026-01-14,SHORT,689.870000000000,688.750000000000,1.120000000000,2026-01-14T15:25:00Z,2026-01-14T15:30:00Z,5,WORSE,3.830000000000,2.710000000000,0.770000000000,1.890000000000,-0.570000000000,-1.690000000000,1.120000000000,-1.120000000000,True,310,305,AVAILABLE,AVAILABLE,2026-01-14T15:25:00Z,2026-01-14T15:30:00Z,FAVORABLE_FIRST,2026-01-14T15:27:00Z,2026-01-14T20:33:00Z,FAVORABLE_FIRST,2026-01-14T15:28:00Z,2026-01-14T20:33:00Z,FAVORABLE_FIRST,2026-01-14T15:28:00Z,2026-01-14T20:33:00Z,FAVORABLE_FIRST,2026-01-14T15:29:00Z,2026-01-14T20:33:00Z,FAVORABLE_FIRST,2026-01-14T15:28:00Z,2026-01-14T20:33:00Z,FAVORABLE_FIRST,2026-01-14T15:28:00Z,2026-01-14T20:33:00Z,FAVORABLE_FIRST,2026-01-14T15:29:00Z,2026-01-14T20:33:00Z,FAVORABLE_FIRST,2026-01-14T15:30:00Z,2026-01-14T20:33:00Z,FAVORABLE_FIRST,2026-01-14T15:43:00Z,2026-01-14T20:33:00Z,FAVORABLE_FIRST,2026-01-14T15:30:00Z,2026-01-14T15:40:00Z,FAVORABLE_FIRST,2026-01-14T15:30:00Z,2026-01-14T15:40:00Z,FAVORABLE_FIRST,2026-01-14T15:33:00Z,2026-01-14T15:40:00Z,ADVERSE_FIRST,2026-01-14T15:44:00Z,2026-01-14T15:40:00Z,FAVORABLE_FIRST,2026-01-14T15:30:00Z,2026-01-14T16:27:00Z,FAVORABLE_FIRST,2026-01-14T15:33:00Z,2026-01-14T16:27:00Z,FAVORABLE_FIRST,2026-01-14T15:44:00Z,2026-01-14T16:27:00Z,FAVORABLE_FIRST,2026-01-14T15:46:00Z,2026-01-14T16:27:00Z,FAVORABLE_FIRST,2026-01-14T15:48:00Z,2026-01-14T16:27:00Z
SPY:2026-01-14:SHORT:2026-01-14T20:42:00+00:00:v1,2026-01-14,SHORT,689.155000000000,688.680000000000,0.475000000000,2026-01-14T20:45:00Z,2026-01-14T20:50:00Z,5,WORSE,0.535000000000,0.030000000000,1.485000000000,1.960000000000,-1.285000000000,-1.760000000000,0.505000000000,-0.475000000000,True,15,10,AVAILABLE,AVAILABLE,2026-01-14T20:45:00Z,2026-01-14T20:50:00Z,FAVORABLE_FIRST,2026-01-14T20:45:00Z,2026-01-14T20:50:00Z,FAVORABLE_FIRST,2026-01-14T20:48:00Z,2026-01-14T20:50:00Z,ADVERSE_FIRST,,2026-01-14T20:50:00Z,ADVERSE_FIRST,,2026-01-14T20:50:00Z,FAVORABLE_FIRST,2026-01-14T20:48:00Z,2026-01-14T20:53:00Z,ADVERSE_FIRST,,2026-01-14T20:53:00Z,ADVERSE_FIRST,,2026-01-14T20:53:00Z,ADVERSE_FIRST,,2026-01-14T20:53:00Z,ADVERSE_FIRST,,2026-01-14T20:53:00Z,ADVERSE_FIRST,,2026-01-14T20:50:00Z,ADVERSE_FIRST,,2026-01-14T20:50:00Z,ADVERSE_FIRST,,2026-01-14T20:50:00Z,ADVERSE_FIRST,,2026-01-14T20:50:00Z,ADVERSE_FIRST,,2026-01-14T20:50:00Z,ADVERSE_FIRST,,2026-01-14T20:50:00Z,ADVERSE_FIRST,,2026-01-14T20:50:00Z,ADVERSE_FIRST,,2026-01-14T20:50:00Z,ADVERSE_FIRST,,2026-01-14T20:50:00Z
SPY:2026-01-15:SHORT:2026-01-15T14:56:00+00:00:v1,2026-01-15,SHORT,693.610000000000,693.660000000000,-0.050000000000,2026-01-15T15:00:00Z,2026-01-15T15:05:00Z,5,BETTER,2.360000000000,2.410000000000,1.840000000000,1.790000000000,1.430000000000,1.480000000000,-0.050000000000,0.050000000000,True,15,10,AVAILABLE,AVAILABLE,2026-01-15T15:00:00Z,2026-01-15T15:05:00Z,ADVERSE_FIRST,2026-01-15T15:07:00Z,2026-01-15T15:00:00Z,ADVERSE_FIRST,2026-01-15T15:52:00Z,2026-01-15T15:00:00Z,ADVERSE_FIRST,2026-01-15T19:31:00Z,2026-01-15T15:00:00Z,ADVERSE_FIRST,2026-01-15T19:56:00Z,2026-01-15T15:00:00Z,ADVERSE_FIRST,2026-01-15T15:52:00Z,2026-01-15T15:00:00Z,ADVERSE_FIRST,2026-01-15T19:31:00Z,2026-01-15T15:00:00Z,ADVERSE_FIRST,2026-01-15T19:56:00Z,2026-01-15T15:00:00Z,ADVERSE_FIRST,2026-01-15T20:17:00Z,2026-01-15T15:00:00Z,ADVERSE_FIRST,2026-01-15T20:20:00Z,2026-01-15T15:00:00Z,FAVORABLE_FIRST,2026-01-15T15:06:00Z,2026-01-15T15:09:00Z,ADVERSE_FIRST,2026-01-15T15:50:00Z,2026-01-15T15:09:00Z,ADVERSE_FIRST,2026-01-15T19:31:00Z,2026-01-15T15:09:00Z,ADVERSE_FIRST,2026-01-15T19:31:00Z,2026-01-15T15:09:00Z,ADVERSE_FIRST,2026-01-15T15:50:00Z,2026-01-15T15:10:00Z,ADVERSE_FIRST,2026-01-15T19:31:00Z,2026-01-15T15:10:00Z,ADVERSE_FIRST,2026-01-15T19:31:00Z,2026-01-15T15:10:00Z,ADVERSE_FIRST,2026-01-15T20:17:00Z,2026-01-15T15:10:00Z,ADVERSE_FIRST,2026-01-15T20:19:00Z,2026-01-15T15:10:00Z
SPY:2026-01-15:SHORT:2026-01-15T15:44:00+00:00:v1,2026-01-15,SHORT,693.910000000000,693.280000000000,0.630000000000,2026-01-15T15:45:00Z,2026-01-15T15:50:00Z,5,WORSE,2.660000000000,2.030000000000,1.540000000000,2.170000000000,1.730000000000,1.100000000000,0.630000000000,-0.630000000000,True,15,10,AVAILABLE,AVAILABLE,2026-01-15T15:45:00Z,2026-01-15T15:50:00Z,FAVORABLE_FIRST,2026-01-15T15:46:00Z,2026-01-15T15:57:00Z,FAVORABLE_FIRST,2026-01-15T15:46:00Z,2026-01-15T15:57:00Z,FAVORABLE_FIRST,2026-01-15T15:50:00Z,2026-01-15T15:57:00Z,ADVERSE_FIRST,2026-01-15T19:31:00Z,2026-01-15T15:57:00Z,FAVORABLE_FIRST,2026-01-15T15:46:00Z,2026-01-15T15:57:00Z,FAVORABLE_FIRST,2026-01-15T15:50:00Z,2026-01-15T15:57:00Z,ADVERSE_FIRST,2026-01-15T19:31:00Z,2026-01-15T15:57:00Z,ADVERSE_FIRST,2026-01-15T20:00:00Z,2026-01-15T15:57:00Z,ADVERSE_FIRST,2026-01-15T20:19:00Z,2026-01-15T15:57:00Z,ADVERSE_FIRST,2026-01-15T15:52:00Z,2026-01-15T15:50:00Z,ADVERSE_FIRST,2026-01-15T19:31:00Z,2026-01-15T15:50:00Z,ADVERSE_FIRST,2026-01-15T20:00:00Z,2026-01-15T15:50:00Z,ADVERSE_FIRST,2026-01-15T20:15:00Z,2026-01-15T15:50:00Z,ADVERSE_FIRST,2026-01-15T19:31:00Z,2026-01-15T15:50:00Z,ADVERSE_FIRST,2026-01-15T20:00:00Z,2026-01-15T15:50:00Z,ADVERSE_FIRST,2026-01-15T20:15:00Z,2026-01-15T15:50:00Z,ADVERSE_FIRST,2026-01-15T20:19:00Z,2026-01-15T15:50:00Z,ADVERSE_FIRST,2026-01-15T20:50:00Z,2026-01-15T15:50:00Z
SPY:2026-01-15:LONG:2026-01-15T16:17:00+00:00:v1,2026-01-15,LONG,694.870000000000,695.050000000000,0.180000000000,2026-01-15T16:20:00Z,2026-01-15T16:25:00Z,5,WORSE,0.580000000000,0.400000000000,3.620000000000,3.800000000000,-2.690000000000,-2.870000000000,0.180000000000,-0.180000000000,True,15,10,AVAILABLE,AVAILABLE,2026-01-15T16:20:00Z,2026-01-15T16:25:00Z,FAVORABLE_FIRST,2026-01-15T16:23:00Z,2026-01-15T16:28:00Z,ADVERSE_FIRST,2026-01-15T17:03:00Z,2026-01-15T16:28:00Z,ADVERSE_FIRST,,2026-01-15T16:28:00Z,ADVERSE_FIRST,,2026-01-15T16:28:00Z,ADVERSE_FIRST,2026-01-15T17:03:00Z,2026-01-15T16:28:00Z,ADVERSE_FIRST,,2026-01-15T16:28:00Z,ADVERSE_FIRST,,2026-01-15T16:28:00Z,ADVERSE_FIRST,,2026-01-15T16:28:00Z,ADVERSE_FIRST,,2026-01-15T16:28:00Z,ADVERSE_FIRST,2026-01-15T16:51:00Z,2026-01-15T16:26:00Z,ADVERSE_FIRST,,2026-01-15T16:26:00Z,ADVERSE_FIRST,,2026-01-15T16:26:00Z,ADVERSE_FIRST,,2026-01-15T16:26:00Z,ADVERSE_FIRST,,2026-01-15T16:26:00Z,ADVERSE_FIRST,,2026-01-15T16:26:00Z,ADVERSE_FIRST,,2026-01-15T16:26:00Z,ADVERSE_FIRST,,2026-01-15T16:26:00Z,ADVERSE_FIRST,,2026-01-15T16:26:00Z
SPY:2026-01-15:LONG:2026-01-15T16:35:00+00:00:v1,2026-01-15,LONG,694.890000000000,694.960000000000,0.070000000000,2026-01-15T16:40:00Z,2026-01-15T16:45:00Z,5,WORSE,0.560000000000,0.490000000000,3.640000000000,3.710000000000,-2.710000000000,-2.780000000000,0.070000000000,-0.070000000000,True,50,45,AVAILABLE,AVAILABLE,2026-01-15T16:40:00Z,2026-01-15T16:45:00Z,FAVORABLE_FIRST,2026-01-15T16:49:00Z,2026-01-15T17:26:00Z,FAVORABLE_FIRST,2026-01-15T17:03:00Z,2026-01-15T17:26:00Z,ADVERSE_FIRST,,2026-01-15T17:26:00Z,ADVERSE_FIRST,,2026-01-15T17:26:00Z,FAVORABLE_FIRST,2026-01-15T17:03:00Z,2026-01-15T17:26:00Z,ADVERSE_FIRST,,2026-01-15T17:26:00Z,ADVERSE_FIRST,,2026-01-15T17:26:00Z,ADVERSE_FIRST,,2026-01-15T17:26:00Z,ADVERSE_FIRST,,2026-01-15T17:26:00Z,FAVORABLE_FIRST,2026-01-15T16:50:00Z,2026-01-15T17:18:00Z,ADVERSE_FIRST,,2026-01-15T17:18:00Z,ADVERSE_FIRST,,2026-01-15T17:18:00Z,ADVERSE_FIRST,,2026-01-15T17:18:00Z,ADVERSE_FIRST,,2026-01-15T17:26:00Z,ADVERSE_FIRST,,2026-01-15T17:26:00Z,ADVERSE_FIRST,,2026-01-15T17:26:00Z,ADVERSE_FIRST,,2026-01-15T17:26:00Z,ADVERSE_FIRST,,2026-01-15T17:26:00Z
SPY:2026-01-15:LONG:2026-01-15T18:20:00+00:00:v1,2026-01-15,LONG,694.730000000000,694.880000000000,0.150000000000,2026-01-15T18:25:00Z,2026-01-15T18:30:00Z,5,WORSE,0.520000000000,0.370000000000,3.480000000000,3.630000000000,-2.550000000000,-2.700000000000,0.150000000000,-0.150000000000,True,40,35,AVAILABLE,AVAILABLE,2026-01-15T18:25:00Z,2026-01-15T18:30:00Z,FAVORABLE_FIRST,2026-01-15T18:31:00Z,2026-01-15T19:00:00Z,FAVORABLE_FIRST,2026-01-15T18:35:00Z,2026-01-15T19:00:00Z,ADVERSE_FIRST,,2026-01-15T19:00:00Z,ADVERSE_FIRST,,2026-01-15T19:00:00Z,FAVORABLE_FIRST,2026-01-15T18:35:00Z,2026-01-15T19:02:00Z,ADVERSE_FIRST,,2026-01-15T19:02:00Z,ADVERSE_FIRST,,2026-01-15T19:02:00Z,ADVERSE_FIRST,,2026-01-15T19:02:00Z,ADVERSE_FIRST,,2026-01-15T19:02:00Z,FAVORABLE_FIRST,2026-01-15T18:31:00Z,2026-01-15T18:51:00Z,ADVERSE_FIRST,,2026-01-15T18:51:00Z,ADVERSE_FIRST,,2026-01-15T18:51:00Z,ADVERSE_FIRST,,2026-01-15T18:51:00Z,ADVERSE_FIRST,,2026-01-15T19:00:00Z,ADVERSE_FIRST,,2026-01-15T19:00:00Z,ADVERSE_FIRST,,2026-01-15T19:00:00Z,ADVERSE_FIRST,,2026-01-15T19:00:00Z,ADVERSE_FIRST,,2026-01-15T19:00:00Z
SPY:2026-01-15:SHORT:2026-01-15T19:26:00+00:00:v1,2026-01-15,SHORT,693.610000000000,693.220000000000,0.390000000000,2026-01-15T19:30:00Z,2026-01-15T19:35:00Z,5,WORSE,2.360000000000,1.970000000000,0.127600000000,0.517600000000,1.430000000000,1.040000000000,0.390000000000,-0.390000000000,True,,,AVAILABLE,AVAILABLE,2026-01-15T19:30:00Z,2026-01-15T19:35:00Z,FAVORABLE_FIRST,2026-01-15T19:30:00Z,,FAVORABLE_FIRST,2026-01-15T19:30:00Z,,FAVORABLE_FIRST,2026-01-15T19:31:00Z,,FAVORABLE_FIRST,2026-01-15T19:56:00Z,,FAVORABLE_FIRST,2026-01-15T19:30:00Z,,FAVORABLE_FIRST,2026-01-15T19:31:00Z,,FAVORABLE_FIRST,2026-01-15T19:56:00Z,,FAVORABLE_FIRST,2026-01-15T20:17:00Z,,FAVORABLE_FIRST,2026-01-15T20:20:00Z,,FAVORABLE_FIRST,2026-01-15T19:35:00Z,2026-01-15T19:38:00Z,ADVERSE_FIRST,2026-01-15T19:56:00Z,2026-01-15T19:38:00Z,ADVERSE_FIRST,2026-01-15T20:00:00Z,2026-01-15T19:38:00Z,ADVERSE_FIRST,2026-01-15T20:16:00Z,2026-01-15T19:38:00Z,ADVERSE_FIRST,2026-01-15T19:56:00Z,2026-01-15T19:40:00Z,ADVERSE_FIRST,2026-01-15T20:00:00Z,2026-01-15T19:40:00Z,ADVERSE_FIRST,2026-01-15T20:16:00Z,2026-01-15T19:40:00Z,ADVERSE_FIRST,2026-01-15T20:19:00Z,2026-01-15T19:40:00Z,ADVERSE_FIRST,,2026-01-15T19:40:00Z
SPY:2026-01-16:SHORT:2026-01-16T14:50:00+00:00:v1,2026-01-16,SHORT,692.870000000000,691.960000000000,0.910000000000,2026-01-16T14:55:00Z,2026-01-16T15:00:00Z,5,WORSE,2.770000000000,1.860000000000,0.840000000000,1.750000000000,1.290000000000,0.380000000000,0.910000000000,-0.910000000000,True,250,245,AVAILABLE,AVAILABLE,2026-01-16T14:55:00Z,2026-01-16T15:00:00Z,FAVORABLE_FIRST,2026-01-16T14:55:00Z,2026-01-16T16:42:00Z,FAVORABLE_FIRST,2026-01-16T14:57:00Z,2026-01-16T16:42:00Z,FAVORABLE_FIRST,2026-01-16T14:59:00Z,2026-01-16T16:42:00Z,FAVORABLE_FIRST,2026-01-16T15:00:00Z,2026-01-16T16:42:00Z,FAVORABLE_FIRST,2026-01-16T14:57:00Z,2026-01-16T16:43:00Z,FAVORABLE_FIRST,2026-01-16T14:59:00Z,2026-01-16T16:43:00Z,FAVORABLE_FIRST,2026-01-16T15:00:00Z,2026-01-16T16:43:00Z,FAVORABLE_FIRST,2026-01-16T15:33:00Z,2026-01-16T16:43:00Z,FAVORABLE_FIRST,2026-01-16T15:35:00Z,2026-01-16T16:43:00Z,FAVORABLE_FIRST,2026-01-16T15:01:00Z,2026-01-16T15:03:00Z,ADVERSE_FIRST,2026-01-16T15:30:00Z,2026-01-16T15:03:00Z,ADVERSE_FIRST,2026-01-16T15:33:00Z,2026-01-16T15:03:00Z,ADVERSE_FIRST,2026-01-16T15:35:00Z,2026-01-16T15:03:00Z,ADVERSE_FIRST,2026-01-16T15:30:00Z,2026-01-16T15:03:00Z,ADVERSE_FIRST,2026-01-16T15:33:00Z,2026-01-16T15:03:00Z,ADVERSE_FIRST,2026-01-16T15:35:00Z,2026-01-16T15:03:00Z,ADVERSE_FIRST,2026-01-16T15:40:00Z,2026-01-16T15:03:00Z,ADVERSE_FIRST,,2026-01-16T15:03:00Z
SPY:2026-01-16:SHORT:2026-01-16T19:10:00+00:00:v1,2026-01-16,SHORT,692.535000000000,692.170000000000,0.365000000000,2026-01-16T19:15:00Z,2026-01-16T19:20:00Z,5,WORSE,1.065000000000,0.700000000000,0.465000000000,0.830000000000,0.955000000000,0.590000000000,0.365000000000,-0.365000000000,True,,,AVAILABLE,AVAILABLE,2026-01-16T19:15:00Z,2026-01-16T19:20:00Z,FAVORABLE_FIRST,2026-01-16T19:18:00Z,2026-01-16T19:39:00Z,FAVORABLE_FIRST,2026-01-16T19:26:00Z,2026-01-16T19:39:00Z,ADVERSE_FIRST,2026-01-16T20:46:00Z,2026-01-16T19:39:00Z,ADVERSE_FIRST,2026-01-16T20:59:00Z,2026-01-16T19:39:00Z,FAVORABLE_FIRST,2026-01-16T19:26:00Z,2026-01-16T19:39:00Z,ADVERSE_FIRST,2026-01-16T20:46:00Z,2026-01-16T19:39:00Z,ADVERSE_FIRST,2026-01-16T20:59:00Z,2026-01-16T19:39:00Z,ADVERSE_FIRST,,2026-01-16T19:39:00Z,ADVERSE_FIRST,,2026-01-16T19:39:00Z,ADVERSE_FIRST,2026-01-16T20:30:00Z,2026-01-16T19:23:00Z,ADVERSE_FIRST,2026-01-16T20:46:00Z,2026-01-16T19:23:00Z,ADVERSE_FIRST,,2026-01-16T19:23:00Z,ADVERSE_FIRST,,2026-01-16T19:23:00Z,ADVERSE_FIRST,2026-01-16T20:46:00Z,2026-01-16T19:33:00Z,ADVERSE_FIRST,,2026-01-16T19:33:00Z,ADVERSE_FIRST,,2026-01-16T19:33:00Z,ADVERSE_FIRST,,2026-01-16T19:33:00Z,ADVERSE_FIRST,,2026-01-16T19:33:00Z
SPY:2026-01-20:LONG:2026-01-20T15:21:00+00:00:v1,2026-01-20,LONG,683.040000000000,683.850000000000,0.810000000000,2026-01-20T15:25:00Z,2026-01-20T15:30:00Z,5,WORSE,1.730000000000,0.920000000000,6.470000000000,7.280000000000,-5.430000000000,-6.240000000000,0.810000000000,-0.810000000000,True,90,85,AVAILABLE,AVAILABLE,2026-01-20T15:25:00Z,2026-01-20T15:30:00Z,FAVORABLE_FIRST,2026-01-20T15:25:00Z,2026-01-20T16:25:00Z,FAVORABLE_FIRST,2026-01-20T15:25:00Z,2026-01-20T16:25:00Z,FAVORABLE_FIRST,2026-01-20T15:27:00Z,2026-01-20T16:25:00Z,FAVORABLE_FIRST,2026-01-20T15:31:00Z,2026-01-20T16:25:00Z,FAVORABLE_FIRST,2026-01-20T15:25:00Z,2026-01-20T16:25:00Z,FAVORABLE_FIRST,2026-01-20T15:27:00Z,2026-01-20T16:25:00Z,FAVORABLE_FIRST,2026-01-20T15:31:00Z,2026-01-20T16:25:00Z,FAVORABLE_FIRST,2026-01-20T15:34:00Z,2026-01-20T16:25:00Z,ADVERSE_FIRST,,2026-01-20T16:25:00Z,FAVORABLE_FIRST,2026-01-20T15:31:00Z,2026-01-20T15:49:00Z,FAVORABLE_FIRST,2026-01-20T15:33:00Z,2026-01-20T15:49:00Z,FAVORABLE_FIRST,2026-01-20T15:34:00Z,2026-01-20T15:49:00Z,ADVERSE_FIRST,,2026-01-20T15:49:00Z,FAVORABLE_FIRST,2026-01-20T15:33:00Z,2026-01-20T15:50:00Z,FAVORABLE_FIRST,2026-01-20T15:34:00Z,2026-01-20T15:50:00Z,ADVERSE_FIRST,,2026-01-20T15:50:00Z,ADVERSE_FIRST,,2026-01-20T15:50:00Z,ADVERSE_FIRST,,2026-01-20T15:50:00Z
SPY:2026-01-20:LONG:2026-01-20T16:55:00+00:00:v1,2026-01-20,LONG,683.670000000000,683.390000000000,-0.280000000000,2026-01-20T17:00:00Z,2026-01-20T17:05:00Z,5,BETTER,0.235000000000,0.280000000000,7.100000000000,6.820000000000,-6.060000000000,-5.780000000000,-0.045000000000,0.280000000000,True,25,20,AVAILABLE,AVAILABLE,2026-01-20T17:00:00Z,2026-01-20T17:05:00Z,ADVERSE_FIRST,,2026-01-20T17:00:00Z,ADVERSE_FIRST,,2026-01-20T17:00:00Z,ADVERSE_FIRST,,2026-01-20T17:00:00Z,ADVERSE_FIRST,,2026-01-20T17:00:00Z,ADVERSE_FIRST,,2026-01-20T17:00:00Z,ADVERSE_FIRST,,2026-01-20T17:00:00Z,ADVERSE_FIRST,,2026-01-20T17:00:00Z,ADVERSE_FIRST,,2026-01-20T17:00:00Z,ADVERSE_FIRST,,2026-01-20T17:00:00Z,AMBIGUOUS_SAME_BAR,2026-01-20T17:05:00Z,2026-01-20T17:05:00Z,ADVERSE_FIRST,,2026-01-20T17:05:00Z,ADVERSE_FIRST,,2026-01-20T17:05:00Z,ADVERSE_FIRST,,2026-01-20T17:05:00Z,ADVERSE_FIRST,,2026-01-20T17:08:00Z,ADVERSE_FIRST,,2026-01-20T17:08:00Z,ADVERSE_FIRST,,2026-01-20T17:08:00Z,ADVERSE_FIRST,,2026-01-20T17:08:00Z,ADVERSE_FIRST,,2026-01-20T17:08:00Z
SPY:2026-01-20:SHORT:2026-01-20T17:44:00+00:00:v1,2026-01-20,SHORT,681.340000000000,680.720000000000,0.620000000000,2026-01-20T17:45:00Z,2026-01-20T17:50:00Z,5,WORSE,4.770000000000,4.150000000000,0.140000000000,0.760000000000,3.730000000000,3.110000000000,0.620000000000,-0.620000000000,True,,,AVAILABLE,AVAILABLE,2026-01-20T17:45:00Z,2026-01-20T17:50:00Z,FAVORABLE_FIRST,2026-01-20T17:45:00Z,,FAVORABLE_FIRST,2026-01-20T17:45:00Z,,FAVORABLE_FIRST,2026-01-20T17:52:00Z,,FAVORABLE_FIRST,2026-01-20T18:25:00Z,,FAVORABLE_FIRST,2026-01-20T17:45:00Z,,FAVORABLE_FIRST,2026-01-20T17:52:00Z,,FAVORABLE_FIRST,2026-01-20T18:25:00Z,,FAVORABLE_FIRST,2026-01-20T18:33:00Z,,FAVORABLE_FIRST,2026-01-20T18:40:00Z,,FAVORABLE_FIRST,2026-01-20T17:52:00Z,2026-01-20T17:54:00Z,ADVERSE_FIRST,2026-01-20T18:30:00Z,2026-01-20T17:54:00Z,ADVERSE_FIRST,2026-01-20T18:33:00Z,2026-01-20T17:54:00Z,ADVERSE_FIRST,2026-01-20T18:36:00Z,2026-01-20T17:54:00Z,ADVERSE_FIRST,2026-01-20T18:30:00Z,2026-01-20T17:54:00Z,ADVERSE_FIRST,2026-01-20T18:33:00Z,2026-01-20T17:54:00Z,ADVERSE_FIRST,2026-01-20T18:36:00Z,2026-01-20T17:54:00Z,ADVERSE_FIRST,2026-01-20T18:40:00Z,2026-01-20T17:54:00Z,ADVERSE_FIRST,2026-01-20T18:50:00Z,2026-01-20T17:54:00Z
SPY:2026-01-21:LONG:2026-01-21T14:45:00+00:00:v1,2026-01-21,LONG,681.150000000000,681.600000000000,0.450000000000,2026-01-21T14:50:00Z,2026-01-21T14:55:00Z,5,WORSE,7.585000000000,7.135000000000,3.020000000000,3.470000000000,4.180000000000,3.730000000000,0.450000000000,-0.450000000000,True,130,125,AVAILABLE,AVAILABLE,2026-01-21T14:50:00Z,2026-01-21T14:55:00Z,ADVERSE_FIRST,2026-01-21T14:51:00Z,2026-01-21T14:50:00Z,ADVERSE_FIRST,2026-01-21T14:52:00Z,2026-01-21T14:50:00Z,ADVERSE_FIRST,2026-01-21T14:56:00Z,2026-01-21T14:50:00Z,ADVERSE_FIRST,2026-01-21T14:57:00Z,2026-01-21T14:50:00Z,FAVORABLE_FIRST,2026-01-21T14:52:00Z,2026-01-21T16:52:00Z,FAVORABLE_FIRST,2026-01-21T14:56:00Z,2026-01-21T16:52:00Z,FAVORABLE_FIRST,2026-01-21T14:57:00Z,2026-01-21T16:52:00Z,FAVORABLE_FIRST,2026-01-21T14:58:00Z,2026-01-21T16:52:00Z,FAVORABLE_FIRST,2026-01-21T15:16:00Z,2026-01-21T16:52:00Z,FAVORABLE_FIRST,2026-01-21T14:56:00Z,2026-01-21T16:42:00Z,FAVORABLE_FIRST,2026-01-21T14:57:00Z,2026-01-21T16:42:00Z,FAVORABLE_FIRST,2026-01-21T14:58:00Z,2026-01-21T16:42:00Z,FAVORABLE_FIRST,2026-01-21T14:58:00Z,2026-01-21T16:42:00Z,FAVORABLE_FIRST,2026-01-21T14:57:00Z,2026-01-21T16:44:00Z,FAVORABLE_FIRST,2026-01-21T14:58:00Z,2026-01-21T16:44:00Z,FAVORABLE_FIRST,2026-01-21T14:58:00Z,2026-01-21T16:44:00Z,FAVORABLE_FIRST,2026-01-21T15:16:00Z,2026-01-21T16:44:00Z,FAVORABLE_FIRST,2026-01-21T15:32:00Z,2026-01-21T16:44:00Z
SPY:2026-01-21:LONG:2026-01-21T17:54:00+00:00:v1,2026-01-21,LONG,680.560000000000,680.620000000000,0.060000000000,2026-01-21T17:55:00Z,2026-01-21T18:00:00Z,5,WORSE,8.175000000000,8.115000000000,1.930000000000,1.990000000000,4.770000000000,4.710000000000,0.060000000000,-0.060000000000,True,10,5,AVAILABLE,AVAILABLE,2026-01-21T17:55:00Z,2026-01-21T18:00:00Z,ADVERSE_FIRST,2026-01-21T17:58:00Z,2026-01-21T17:55:00Z,ADVERSE_FIRST,2026-01-21T18:48:00Z,2026-01-21T17:55:00Z,ADVERSE_FIRST,2026-01-21T18:51:00Z,2026-01-21T17:55:00Z,ADVERSE_FIRST,2026-01-21T19:27:00Z,2026-01-21T17:55:00Z,ADVERSE_FIRST,2026-01-21T18:48:00Z,2026-01-21T17:55:00Z,ADVERSE_FIRST,2026-01-21T18:51:00Z,2026-01-21T17:55:00Z,ADVERSE_FIRST,2026-01-21T19:27:00Z,2026-01-21T17:55:00Z,ADVERSE_FIRST,2026-01-21T19:27:00Z,2026-01-21T17:55:00Z,ADVERSE_FIRST,2026-01-21T19:27:00Z,2026-01-21T17:55:00Z,ADVERSE_FIRST,2026-01-21T18:48:00Z,2026-01-21T18:00:00Z,ADVERSE_FIRST,2026-01-21T18:49:00Z,2026-01-21T18:00:00Z,ADVERSE_FIRST,2026-01-21T18:51:00Z,2026-01-21T18:00:00Z,ADVERSE_FIRST,2026-01-21T19:27:00Z,2026-01-21T18:00:00Z,ADVERSE_FIRST,2026-01-21T18:49:00Z,2026-01-21T18:00:00Z,ADVERSE_FIRST,2026-01-21T18:51:00Z,2026-01-21T18:00:00Z,ADVERSE_FIRST,2026-01-21T19:27:00Z,2026-01-21T18:00:00Z,ADVERSE_FIRST,2026-01-21T19:27:00Z,2026-01-21T18:00:00Z,ADVERSE_FIRST,2026-01-21T19:27:00Z,2026-01-21T18:00:00Z
SPY:2026-01-21:LONG:2026-01-21T18:28:00+00:00:v1,2026-01-21,LONG,680.570000000000,680.660000000000,0.090000000000,2026-01-21T18:30:00Z,2026-01-21T18:35:00Z,5,WORSE,8.165000000000,8.075000000000,0.850000000000,0.940000000000,4.760000000000,4.670000000000,0.090000000000,-0.090000000000,True,10,5,AVAILABLE,AVAILABLE,2026-01-21T18:30:00Z,2026-01-21T18:35:00Z,FAVORABLE_FIRST,2026-01-21T18:33:00Z,2026-01-21T18:37:00Z,ADVERSE_FIRST,2026-01-21T18:48:00Z,2026-01-21T18:37:00Z,ADVERSE_FIRST,2026-01-21T18:51:00Z,2026-01-21T18:37:00Z,ADVERSE_FIRST,2026-01-21T19:27:00Z,2026-01-21T18:37:00Z,ADVERSE_FIRST,2026-01-21T18:48:00Z,2026-01-21T18:37:00Z,ADVERSE_FIRST,2026-01-21T18:51:00Z,2026-01-21T18:37:00Z,ADVERSE_FIRST,2026-01-21T19:27:00Z,2026-01-21T18:37:00Z,ADVERSE_FIRST,2026-01-21T19:27:00Z,2026-01-21T18:37:00Z,ADVERSE_FIRST,2026-01-21T19:27:00Z,2026-01-21T18:37:00Z,ADVERSE_FIRST,2026-01-21T18:48:00Z,2026-01-21T18:36:00Z,ADVERSE_FIRST,2026-01-21T18:49:00Z,2026-01-21T18:36:00Z,ADVERSE_FIRST,2026-01-21T18:51:00Z,2026-01-21T18:36:00Z,ADVERSE_FIRST,2026-01-21T19:27:00Z,2026-01-21T18:36:00Z,ADVERSE_FIRST,2026-01-21T18:49:00Z,2026-01-21T18:37:00Z,ADVERSE_FIRST,2026-01-21T18:51:00Z,2026-01-21T18:37:00Z,ADVERSE_FIRST,2026-01-21T19:27:00Z,2026-01-21T18:37:00Z,ADVERSE_FIRST,2026-01-21T19:27:00Z,2026-01-21T18:37:00Z,ADVERSE_FIRST,2026-01-21T19:27:00Z,2026-01-21T18:37:00Z
SPY:2026-01-21:LONG:2026-01-21T18:47:00+00:00:v1,2026-01-21,LONG,681.110000000000,681.080000000000,-0.030000000000,2026-01-21T18:50:00Z,2026-01-21T18:55:00Z,5,BETTER,7.625000000000,7.655000000000,1.240000000000,1.210000000000,4.220000000000,4.250000000000,-0.030000000000,0.030000000000,True,20,15,AVAILABLE,AVAILABLE,2026-01-21T18:50:00Z,2026-01-21T18:55:00Z,FAVORABLE_FIRST,2026-01-21T18:51:00Z,2026-01-21T18:55:00Z,ADVERSE_FIRST,2026-01-21T19:27:00Z,2026-01-21T18:55:00Z,ADVERSE_FIRST,2026-01-21T19:27:00Z,2026-01-21T18:55:00Z,ADVERSE_FIRST,2026-01-21T19:27:00Z,2026-01-21T18:55:00Z,ADVERSE_FIRST,2026-01-21T19:27:00Z,2026-01-21T18:55:00Z,ADVERSE_FIRST,2026-01-21T19:27:00Z,2026-01-21T18:55:00Z,ADVERSE_FIRST,2026-01-21T19:27:00Z,2026-01-21T18:55:00Z,ADVERSE_FIRST,2026-01-21T19:27:00Z,2026-01-21T18:55:00Z,ADVERSE_FIRST,2026-01-21T19:27:00Z,2026-01-21T18:55:00Z,ADVERSE_FIRST,2026-01-21T19:27:00Z,2026-01-21T18:55:00Z,ADVERSE_FIRST,2026-01-21T19:27:00Z,2026-01-21T18:55:00Z,ADVERSE_FIRST,2026-01-21T19:27:00Z,2026-01-21T18:55:00Z,ADVERSE_FIRST,2026-01-21T19:27:00Z,2026-01-21T18:55:00Z,ADVERSE_FIRST,2026-01-21T19:27:00Z,2026-01-21T18:55:00Z,ADVERSE_FIRST,2026-01-21T19:27:00Z,2026-01-21T18:55:00Z,ADVERSE_FIRST,2026-01-21T19:27:00Z,2026-01-21T18:55:00Z,ADVERSE_FIRST,2026-01-21T19:27:00Z,2026-01-21T18:55:00Z,ADVERSE_FIRST,2026-01-21T19:27:00Z,2026-01-21T18:55:00Z
SPY:2026-01-21:LONG:2026-01-21T19:20:00+00:00:v1,2026-01-21,LONG,680.820000000000,684.410000000000,3.590000000000,2026-01-21T19:25:00Z,2026-01-21T19:30:00Z,5,WORSE,7.915000000000,4.325000000000,0.440000000000,0.080000000000,4.510000000000,0.920000000000,3.590000000000,0.360000000000,True,,,AVAILABLE,AVAILABLE,2026-01-21T19:25:00Z,2026-01-21T19:30:00Z,ADVERSE_FIRST,2026-01-21T19:27:00Z,2026-01-21T19:25:00Z,ADVERSE_FIRST,2026-01-21T19:27:00Z,2026-01-21T19:25:00Z,ADVERSE_FIRST,2026-01-21T19:27:00Z,2026-01-21T19:25:00Z,ADVERSE_FIRST,2026-01-21T19:27:00Z,2026-01-21T19:25:00Z,ADVERSE_FIRST,2026-01-21T19:27:00Z,2026-01-21T19:25:00Z,ADVERSE_FIRST,2026-01-21T19:27:00Z,2026-01-21T19:25:00Z,ADVERSE_FIRST,2026-01-21T19:27:00Z,2026-01-21T19:25:00Z,ADVERSE_FIRST,2026-01-21T19:27:00Z,2026-01-21T19:25:00Z,ADVERSE_FIRST,2026-01-21T19:27:00Z,2026-01-21T19:25:00Z,FAVORABLE_FIRST,2026-01-21T19:30:00Z,,FAVORABLE_FIRST,2026-01-21T19:30:00Z,,FAVORABLE_FIRST,2026-01-21T19:30:00Z,,FAVORABLE_FIRST,2026-01-21T19:31:00Z,,FAVORABLE_FIRST,2026-01-21T19:30:00Z,,FAVORABLE_FIRST,2026-01-21T19:30:00Z,,FAVORABLE_FIRST,2026-01-21T19:31:00Z,,FAVORABLE_FIRST,2026-01-21T19:37:00Z,,FAVORABLE_FIRST,2026-01-21T19:38:00Z,
SPY:2026-01-22:SHORT:2026-01-22T14:43:00+00:00:v1,2026-01-22,SHORT,689.400000000000,687.876000000000,1.524000000000,2026-01-22T14:45:00Z,2026-01-22T14:50:00Z,5,WORSE,2.480000000000,0.956000000000,1.725000000000,3.249000000000,0.470000000000,-1.054000000000,1.524000000000,-1.524000000000,True,90,85,AVAILABLE,AVAILABLE,2026-01-22T14:45:00Z,2026-01-22T14:50:00Z,FAVORABLE_FIRST,2026-01-22T14:46:00Z,2026-01-22T16:12:00Z,FAVORABLE_FIRST,2026-01-22T14:46:00Z,2026-01-22T16:12:00Z,FAVORABLE_FIRST,2026-01-22T14:47:00Z,2026-01-22T16:12:00Z,FAVORABLE_FIRST,2026-01-22T14:48:00Z,2026-01-22T16:12:00Z,FAVORABLE_FIRST,2026-01-22T14:46:00Z,2026-01-22T16:12:00Z,FAVORABLE_FIRST,2026-01-22T14:47:00Z,2026-01-22T16:12:00Z,FAVORABLE_FIRST,2026-01-22T14:48:00Z,2026-01-22T16:12:00Z,FAVORABLE_FIRST,2026-01-22T14:48:00Z,2026-01-22T16:12:00Z,FAVORABLE_FIRST,2026-01-22T14:58:00Z,2026-01-22T16:12:00Z,FAVORABLE_FIRST,2026-01-22T14:50:00Z,2026-01-22T14:51:00Z,ADVERSE_FIRST,2026-01-22T15:00:00Z,2026-01-22T14:51:00Z,ADVERSE_FIRST,2026-01-22T15:02:00Z,2026-01-22T14:51:00Z,ADVERSE_FIRST,,2026-01-22T14:51:00Z,ADVERSE_FIRST,2026-01-22T15:00:00Z,2026-01-22T14:51:00Z,ADVERSE_FIRST,2026-01-22T15:02:00Z,2026-01-22T14:51:00Z,ADVERSE_FIRST,,2026-01-22T14:51:00Z,ADVERSE_FIRST,,2026-01-22T14:51:00Z,ADVERSE_FIRST,,2026-01-22T14:51:00Z
SPY:2026-01-22:LONG:2026-01-22T17:30:00+00:00:v1,2026-01-22,LONG,690.830000000000,690.610000000000,-0.220000000000,2026-01-22T17:35:00Z,2026-01-22T17:40:00Z,5,BETTER,0.295000000000,0.515000000000,3.235000000000,3.015000000000,-1.900000000000,-1.680000000000,-0.220000000000,0.220000000000,True,70,65,AVAILABLE,AVAILABLE,2026-01-22T17:35:00Z,2026-01-22T17:40:00Z,ADVERSE_FIRST,2026-01-22T17:52:00Z,2026-01-22T17:36:00Z,ADVERSE_FIRST,,2026-01-22T17:36:00Z,ADVERSE_FIRST,,2026-01-22T17:36:00Z,ADVERSE_FIRST,,2026-01-22T17:36:00Z,ADVERSE_FIRST,,2026-01-22T18:03:00Z,ADVERSE_FIRST,,2026-01-22T18:03:00Z,ADVERSE_FIRST,,2026-01-22T18:03:00Z,ADVERSE_FIRST,,2026-01-22T18:03:00Z,ADVERSE_FIRST,,2026-01-22T18:03:00Z,FAVORABLE_FIRST,2026-01-22T17:40:00Z,2026-01-22T18:17:00Z,FAVORABLE_FIRST,2026-01-22T18:05:00Z,2026-01-22T18:17:00Z,ADVERSE_FIRST,,2026-01-22T18:17:00Z,ADVERSE_FIRST,,2026-01-22T18:17:00Z,FAVORABLE_FIRST,2026-01-22T18:05:00Z,2026-01-22T18:17:00Z,ADVERSE_FIRST,,2026-01-22T18:17:00Z,ADVERSE_FIRST,,2026-01-22T18:17:00Z,ADVERSE_FIRST,,2026-01-22T18:17:00Z,ADVERSE_FIRST,,2026-01-22T18:17:00Z
SPY:2026-01-22:LONG:2026-01-22T19:02:00+00:00:v1,2026-01-22,LONG,690.585000000000,690.700000000000,0.115000000000,2026-01-22T19:05:00Z,2026-01-22T19:10:00Z,5,WORSE,0.375000000000,0.260000000000,2.990000000000,3.105000000000,-1.655000000000,-1.770000000000,0.115000000000,-0.115000000000,True,35,30,AVAILABLE,AVAILABLE,2026-01-22T19:05:00Z,2026-01-22T19:10:00Z,FAVORABLE_FIRST,2026-01-22T19:06:00Z,2026-01-22T19:35:00Z,ADVERSE_FIRST,,2026-01-22T19:35:00Z,ADVERSE_FIRST,,2026-01-22T19:35:00Z,ADVERSE_FIRST,,2026-01-22T19:35:00Z,ADVERSE_FIRST,,2026-01-22T19:36:00Z,ADVERSE_FIRST,,2026-01-22T19:36:00Z,ADVERSE_FIRST,,2026-01-22T19:36:00Z,ADVERSE_FIRST,,2026-01-22T19:36:00Z,ADVERSE_FIRST,,2026-01-22T19:36:00Z,FAVORABLE_FIRST,2026-01-22T19:13:00Z,2026-01-22T19:31:00Z,ADVERSE_FIRST,,2026-01-22T19:31:00Z,ADVERSE_FIRST,,2026-01-22T19:31:00Z,ADVERSE_FIRST,,2026-01-22T19:31:00Z,ADVERSE_FIRST,,2026-01-22T19:31:00Z,ADVERSE_FIRST,,2026-01-22T19:31:00Z,ADVERSE_FIRST,,2026-01-22T19:31:00Z,ADVERSE_FIRST,,2026-01-22T19:31:00Z,ADVERSE_FIRST,,2026-01-22T19:31:00Z
SPY:2026-01-22:SHORT:2026-01-22T19:54:00+00:00:v1,2026-01-22,SHORT,689.430000000000,688.760000000000,0.670000000000,2026-01-22T19:55:00Z,2026-01-22T20:00:00Z,5,WORSE,1.835000000000,1.165000000000,0.120000000000,0.750000000000,0.500000000000,-0.170000000000,0.670000000000,-0.630000000000,True,,,AVAILABLE,AVAILABLE,2026-01-22T19:55:00Z,2026-01-22T20:00:00Z,FAVORABLE_FIRST,2026-01-22T19:56:00Z,,FAVORABLE_FIRST,2026-01-22T19:56:00Z,,FAVORABLE_FIRST,2026-01-22T20:00:00Z,,FAVORABLE_FIRST,2026-01-22T20:26:00Z,,FAVORABLE_FIRST,2026-01-22T19:56:00Z,,FAVORABLE_FIRST,2026-01-22T20:00:00Z,,FAVORABLE_FIRST,2026-01-22T20:26:00Z,,FAVORABLE_FIRST,2026-01-22T20:31:00Z,,NEITHER,,,ADVERSE_FIRST,2026-01-22T20:26:00Z,2026-01-22T20:00:00Z,ADVERSE_FIRST,2026-01-22T20:29:00Z,2026-01-22T20:00:00Z,ADVERSE_FIRST,2026-01-22T20:30:00Z,2026-01-22T20:00:00Z,ADVERSE_FIRST,2026-01-22T20:31:00Z,2026-01-22T20:00:00Z,ADVERSE_FIRST,2026-01-22T20:29:00Z,2026-01-22T20:03:00Z,ADVERSE_FIRST,2026-01-22T20:30:00Z,2026-01-22T20:03:00Z,ADVERSE_FIRST,2026-01-22T20:31:00Z,2026-01-22T20:03:00Z,ADVERSE_FIRST,,2026-01-22T20:03:00Z,ADVERSE_FIRST,,2026-01-22T20:03:00Z
SPY:2026-01-23:LONG:2026-01-23T14:58:00+00:00:v1,2026-01-23,LONG,688.830000000000,689.290000000000,0.460000000000,2026-01-23T15:00:00Z,2026-01-23T15:05:00Z,5,WORSE,2.130000000000,1.670000000000,1.100000000000,1.560000000000,0.355000000000,-0.105000000000,0.460000000000,-0.460000000000,True,15,10,AVAILABLE,AVAILABLE,2026-01-23T15:00:00Z,2026-01-23T15:05:00Z,FAVORABLE_FIRST,2026-01-23T15:00:00Z,2026-01-23T15:13:00Z,FAVORABLE_FIRST,2026-01-23T15:04:00Z,2026-01-23T15:13:00Z,ADVERSE_FIRST,2026-01-23T15:22:00Z,2026-01-23T15:13:00Z,ADVERSE_FIRST,2026-01-23T15:25:00Z,2026-01-23T15:13:00Z,FAVORABLE_FIRST,2026-01-23T15:04:00Z,2026-01-23T15:14:00Z,ADVERSE_FIRST,2026-01-23T15:22:00Z,2026-01-23T15:14:00Z,ADVERSE_FIRST,2026-01-23T15:25:00Z,2026-01-23T15:14:00Z,ADVERSE_FIRST,2026-01-23T15:49:00Z,2026-01-23T15:14:00Z,ADVERSE_FIRST,2026-01-23T16:02:00Z,2026-01-23T15:14:00Z,ADVERSE_FIRST,2026-01-23T15:22:00Z,2026-01-23T15:05:00Z,ADVERSE_FIRST,2026-01-23T15:25:00Z,2026-01-23T15:05:00Z,ADVERSE_FIRST,2026-01-23T15:48:00Z,2026-01-23T15:05:00Z,ADVERSE_FIRST,2026-01-23T15:49:00Z,2026-01-23T15:05:00Z,ADVERSE_FIRST,2026-01-23T15:25:00Z,2026-01-23T15:07:00Z,ADVERSE_FIRST,2026-01-23T15:48:00Z,2026-01-23T15:07:00Z,ADVERSE_FIRST,2026-01-23T15:49:00Z,2026-01-23T15:07:00Z,ADVERSE_FIRST,2026-01-23T16:01:00Z,2026-01-23T15:07:00Z,ADVERSE_FIRST,,2026-01-23T15:07:00Z
SPY:2026-01-23:LONG:2026-01-23T15:20:00+00:00:v1,2026-01-23,LONG,689.550000000000,689.320000000000,-0.230000000000,2026-01-23T15:25:00Z,2026-01-23T15:30:00Z,5,BETTER,1.410000000000,1.640000000000,1.820000000000,1.590000000000,-0.365000000000,-0.135000000000,-0.230000000000,0.230000000000,True,150,145,AVAILABLE,AVAILABLE,2026-01-23T15:25:00Z,2026-01-23T15:30:00Z,FAVORABLE_FIRST,2026-01-23T15:25:00Z,2026-01-23T15:27:00Z,ADVERSE_FIRST,2026-01-23T15:48:00Z,2026-01-23T15:27:00Z,ADVERSE_FIRST,2026-01-23T15:49:00Z,2026-01-23T15:27:00Z,ADVERSE_FIRST,2026-01-23T15:55:00Z,2026-01-23T15:27:00Z,ADVERSE_FIRST,2026-01-23T15:48:00Z,2026-01-23T15:27:00Z,ADVERSE_FIRST,2026-01-23T15:49:00Z,2026-01-23T15:27:00Z,ADVERSE_FIRST,2026-01-23T15:55:00Z,2026-01-23T15:27:00Z,ADVERSE_FIRST,,2026-01-23T15:27:00Z,ADVERSE_FIRST,,2026-01-23T15:27:00Z,FAVORABLE_FIRST,2026-01-23T15:30:00Z,2026-01-23T17:42:00Z,FAVORABLE_FIRST,2026-01-23T15:37:00Z,2026-01-23T17:42:00Z,FAVORABLE_FIRST,2026-01-23T15:48:00Z,2026-01-23T17:42:00Z,FAVORABLE_FIRST,2026-01-23T15:49:00Z,2026-01-23T17:42:00Z,FAVORABLE_FIRST,2026-01-23T15:37:00Z,2026-01-23T17:42:00Z,FAVORABLE_FIRST,2026-01-23T15:48:00Z,2026-01-23T17:42:00Z,FAVORABLE_FIRST,2026-01-23T15:49:00Z,2026-01-23T17:42:00Z,FAVORABLE_FIRST,2026-01-23T16:02:00Z,2026-01-23T17:42:00Z,ADVERSE_FIRST,,2026-01-23T17:42:00Z
SPY:2026-01-23:LONG:2026-01-23T18:16:00+00:00:v1,2026-01-23,LONG,688.770000000000,688.790000000000,0.020000000000,2026-01-23T18:20:00Z,2026-01-23T18:25:00Z,5,WORSE,1.429500000000,1.409500000000,0.400000000000,0.420000000000,0.415000000000,0.395000000000,0.020000000000,-0.020000000000,True,15,10,AVAILABLE,AVAILABLE,2026-01-23T18:20:00Z,2026-01-23T18:25:00Z,ADVERSE_FIRST,2026-01-23T18:25:00Z,2026-01-23T18:20:00Z,ADVERSE_FIRST,2026-01-23T18:39:00Z,2026-01-23T18:20:00Z,ADVERSE_FIRST,2026-01-23T19:04:00Z,2026-01-23T18:20:00Z,ADVERSE_FIRST,2026-01-23T19:08:00Z,2026-01-23T18:20:00Z,ADVERSE_FIRST,2026-01-23T18:39:00Z,2026-01-23T18:20:00Z,ADVERSE_FIRST,2026-01-23T19:04:00Z,2026-01-23T18:20:00Z,ADVERSE_FIRST,2026-01-23T19:08:00Z,2026-01-23T18:20:00Z,ADVERSE_FIRST,,2026-01-23T18:20:00Z,ADVERSE_FIRST,,2026-01-23T18:20:00Z,FAVORABLE_FIRST,2026-01-23T18:25:00Z,2026-01-23T18:34:00Z,ADVERSE_FIRST,2026-01-23T19:00:00Z,2026-01-23T18:34:00Z,ADVERSE_FIRST,2026-01-23T19:04:00Z,2026-01-23T18:34:00Z,ADVERSE_FIRST,2026-01-23T19:08:00Z,2026-01-23T18:34:00Z,ADVERSE_FIRST,2026-01-23T19:00:00Z,2026-01-23T18:34:00Z,ADVERSE_FIRST,2026-01-23T19:04:00Z,2026-01-23T18:34:00Z,ADVERSE_FIRST,2026-01-23T19:08:00Z,2026-01-23T18:34:00Z,ADVERSE_FIRST,,2026-01-23T18:34:00Z,ADVERSE_FIRST,,2026-01-23T18:34:00Z
SPY:2026-01-23:LONG:2026-01-23T18:35:00+00:00:v1,2026-01-23,LONG,689.110000000000,688.740000000000,-0.370000000000,2026-01-23T18:40:00Z,2026-01-23T18:45:00Z,5,BETTER,1.089500000000,1.459500000000,0.740000000000,0.370000000000,0.075000000000,0.445000000000,-0.370000000000,0.370000000000,True,,,AVAILABLE,AVAILABLE,2026-01-23T18:40:00Z,2026-01-23T18:45:00Z,ADVERSE_FIRST,2026-01-23T19:03:00Z,2026-01-23T18:40:00Z,ADVERSE_FIRST,2026-01-23T19:06:00Z,2026-01-23T18:40:00Z,ADVERSE_FIRST,2026-01-23T19:20:00Z,2026-01-23T18:40:00Z,ADVERSE_FIRST,2026-01-23T19:21:00Z,2026-01-23T18:40:00Z,ADVERSE_FIRST,2026-01-23T19:06:00Z,2026-01-23T18:40:00Z,ADVERSE_FIRST,2026-01-23T19:20:00Z,2026-01-23T18:40:00Z,ADVERSE_FIRST,2026-01-23T19:21:00Z,2026-01-23T18:40:00Z,ADVERSE_FIRST,,2026-01-23T18:40:00Z,ADVERSE_FIRST,,2026-01-23T18:40:00Z,ADVERSE_FIRST,2026-01-23T18:50:00Z,2026-01-23T18:45:00Z,ADVERSE_FIRST,2026-01-23T19:00:00Z,2026-01-23T18:45:00Z,ADVERSE_FIRST,2026-01-23T19:04:00Z,2026-01-23T18:45:00Z,ADVERSE_FIRST,2026-01-23T19:08:00Z,2026-01-23T18:45:00Z,ADVERSE_FIRST,2026-01-23T19:00:00Z,2026-01-23T18:45:00Z,ADVERSE_FIRST,2026-01-23T19:04:00Z,2026-01-23T18:45:00Z,ADVERSE_FIRST,2026-01-23T19:08:00Z,2026-01-23T18:45:00Z,ADVERSE_FIRST,,2026-01-23T18:45:00Z,ADVERSE_FIRST,,2026-01-23T18:45:00Z
SPY:2026-01-26:LONG:2026-01-26T14:35:00+00:00:v1,2026-01-26,LONG,691.710000000000,692.190000000000,0.480000000000,2026-01-26T14:40:00Z,2026-01-26T14:45:00Z,5,WORSE,2.420000000000,1.940000000000,0.310000000000,0.440000000000,1.000000000000,0.520000000000,0.480000000000,-0.130000000000,True,,,AVAILABLE,AVAILABLE,2026-01-26T14:40:00Z,2026-01-26T14:45:00Z,FAVORABLE_FIRST,2026-01-26T14:41:00Z,2026-01-26T14:42:00Z,FAVORABLE_FIRST,2026-01-26T14:41:00Z,2026-01-26T14:42:00Z,ADVERSE_FIRST,2026-01-26T14:46:00Z,2026-01-26T14:42:00Z,ADVERSE_FIRST,2026-01-26T15:16:00Z,2026-01-26T14:42:00Z,FAVORABLE_FIRST,2026-01-26T14:41:00Z,2026-01-26T14:42:00Z,ADVERSE_FIRST,2026-01-26T14:46:00Z,2026-01-26T14:42:00Z,ADVERSE_FIRST,2026-01-26T15:16:00Z,2026-01-26T14:42:00Z,ADVERSE_FIRST,2026-01-26T15:20:00Z,2026-01-26T14:42:00Z,ADVERSE_FIRST,2026-01-26T18:24:00Z,2026-01-26T14:42:00Z,FAVORABLE_FIRST,2026-01-26T14:45:00Z,2026-01-26T15:09:00Z,ADVERSE_FIRST,2026-01-26T15:15:00Z,2026-01-26T15:09:00Z,ADVERSE_FIRST,2026-01-26T15:18:00Z,2026-01-26T15:09:00Z,ADVERSE_FIRST,2026-01-26T15:20:00Z,2026-01-26T15:09:00Z,ADVERSE_FIRST,2026-01-26T15:15:00Z,2026-01-26T15:10:00Z,ADVERSE_FIRST,2026-01-26T15:18:00Z,2026-01-26T15:10:00Z,ADVERSE_FIRST,2026-01-26T15:20:00Z,2026-01-26T15:10:00Z,ADVERSE_FIRST,2026-01-26T17:07:00Z,2026-01-26T15:10:00Z,ADVERSE_FIRST,,2026-01-26T15:10:00Z
SPY:2026-01-27:LONG:2026-01-27T14:45:00+00:00:v1,2026-01-27,LONG,694.480000000000,695.270000000000,0.790000000000,2026-01-27T14:50:00Z,2026-01-27T14:55:00Z,5,WORSE,2.050000000000,1.260000000000,0,0.760000000000,1.060000000000,0.270000000000,0.790000000000,-0.760000000000,True,,,AVAILABLE,AVAILABLE,2026-01-27T14:50:00Z,2026-01-27T14:55:00Z,FAVORABLE_FIRST,2026-01-27T14:50:00Z,,FAVORABLE_FIRST,2026-01-27T14:51:00Z,,FAVORABLE_FIRST,2026-01-27T14:53:00Z,,FAVORABLE_FIRST,2026-01-27T14:55:00Z,,FAVORABLE_FIRST,2026-01-27T14:51:00Z,,FAVORABLE_FIRST,2026-01-27T14:53:00Z,,FAVORABLE_FIRST,2026-01-27T14:55:00Z,,FAVORABLE_FIRST,2026-01-27T15:45:00Z,,FAVORABLE_FIRST,2026-01-27T16:20:00Z,,ADVERSE_FIRST,2026-01-27T15:36:00Z,2026-01-27T15:05:00Z,ADVERSE_FIRST,2026-01-27T15:44:00Z,2026-01-27T15:05:00Z,ADVERSE_FIRST,2026-01-27T15:45:00Z,2026-01-27T15:05:00Z,ADVERSE_FIRST,2026-01-27T16:12:00Z,2026-01-27T15:05:00Z,ADVERSE_FIRST,2026-01-27T15:44:00Z,2026-01-27T15:05:00Z,ADVERSE_FIRST,2026-01-27T15:45:00Z,2026-01-27T15:05:00Z,ADVERSE_FIRST,2026-01-27T16:12:00Z,2026-01-27T15:05:00Z,ADVERSE_FIRST,,2026-01-27T15:05:00Z,ADVERSE_FIRST,,2026-01-27T15:05:00Z
SPY:2026-01-28:SHORT:2026-01-28T15:05:00+00:00:v1,2026-01-28,SHORT,696.610000000000,696.120000000000,0.490000000000,2026-01-28T15:10:00Z,2026-01-28T15:15:00Z,5,WORSE,2.670000000000,2.180000000000,0.490000000000,0.980000000000,1.190000000000,0.700000000000,0.490000000000,-0.490000000000,True,,,AVAILABLE,AVAILABLE,2026-01-28T15:10:00Z,2026-01-28T15:15:00Z,FAVORABLE_FIRST,2026-01-28T15:10:00Z,2026-01-28T15:20:00Z,FAVORABLE_FIRST,2026-01-28T15:14:00Z,2026-01-28T15:20:00Z,ADVERSE_FIRST,2026-01-28T15:44:00Z,2026-01-28T15:20:00Z,ADVERSE_FIRST,2026-01-28T15:57:00Z,2026-01-28T15:20:00Z,FAVORABLE_FIRST,2026-01-28T15:14:00Z,2026-01-28T15:22:00Z,ADVERSE_FIRST,2026-01-28T15:44:00Z,2026-01-28T15:22:00Z,ADVERSE_FIRST,2026-01-28T15:57:00Z,2026-01-28T15:22:00Z,ADVERSE_FIRST,2026-01-28T16:42:00Z,2026-01-28T15:22:00Z,ADVERSE_FIRST,2026-01-28T16:51:00Z,2026-01-28T15:22:00Z,ADVERSE_FIRST,2026-01-28T15:44:00Z,2026-01-28T15:15:00Z,ADVERSE_FIRST,2026-01-28T15:51:00Z,2026-01-28T15:15:00Z,ADVERSE_FIRST,2026-01-28T16:31:00Z,2026-01-28T15:15:00Z,ADVERSE_FIRST,2026-01-28T16:42:00Z,2026-01-28T15:15:00Z,ADVERSE_FIRST,2026-01-28T15:51:00Z,2026-01-28T15:15:00Z,ADVERSE_FIRST,2026-01-28T16:31:00Z,2026-01-28T15:15:00Z,ADVERSE_FIRST,2026-01-28T16:42:00Z,2026-01-28T15:15:00Z,ADVERSE_FIRST,2026-01-28T16:51:00Z,2026-01-28T15:15:00Z,ADVERSE_FIRST,2026-01-28T19:02:00Z,2026-01-28T15:15:00Z
SPY:2026-01-29:SHORT:2026-01-29T14:35:00+00:00:v1,2026-01-29,SHORT,695.400000000000,693.210000000000,2.190000000000,2026-01-29T14:40:00Z,2026-01-29T14:45:00Z,5,WORSE,10.570000000000,8.380000000000,0.170000000000,1.580000000000,1.430000000000,-0.760000000000,2.190000000000,-1.410000000000,True,,,AVAILABLE,AVAILABLE,2026-01-29T14:40:00Z,2026-01-29T14:45:00Z,FAVORABLE_FIRST,2026-01-29T14:41:00Z,,FAVORABLE_FIRST,2026-01-29T14:41:00Z,,FAVORABLE_FIRST,2026-01-29T14:42:00Z,,FAVORABLE_FIRST,2026-01-29T14:42:00Z,,FAVORABLE_FIRST,2026-01-29T14:41:00Z,,FAVORABLE_FIRST,2026-01-29T14:42:00Z,,FAVORABLE_FIRST,2026-01-29T14:42:00Z,,FAVORABLE_FIRST,2026-01-29T14:43:00Z,,FAVORABLE_FIRST,2026-01-29T14:44:00Z,,FAVORABLE_FIRST,2026-01-29T14:45:00Z,2026-01-29T14:48:00Z,FAVORABLE_FIRST,2026-01-29T14:46:00Z,2026-01-29T14:48:00Z,FAVORABLE_FIRST,2026-01-29T14:46:00Z,2026-01-29T14:48:00Z,ADVERSE_FIRST,2026-01-29T14:53:00Z,2026-01-29T14:48:00Z,FAVORABLE_FIRST,2026-01-29T14:46:00Z,2026-01-29T14:48:00Z,FAVORABLE_FIRST,2026-01-29T14:46:00Z,2026-01-29T14:48:00Z,ADVERSE_FIRST,2026-01-29T14:53:00Z,2026-01-29T14:48:00Z,ADVERSE_FIRST,2026-01-29T14:59:00Z,2026-01-29T14:48:00Z,ADVERSE_FIRST,2026-01-29T15:00:00Z,2026-01-29T14:48:00Z
SPY:2026-01-30:LONG:2026-01-30T15:40:00+00:00:v1,2026-01-30,LONG,693.500000000000,693.525000000000,0.025000000000,2026-01-30T15:45:00Z,2026-01-30T15:50:00Z,5,WORSE,0.710000000000,0.125000000000,6.380000000000,6.405000000000,-1.650000000000,-1.675000000000,0.585000000000,-0.025000000000,True,10,5,AVAILABLE,AVAILABLE,2026-01-30T15:45:00Z,2026-01-30T15:50:00Z,FAVORABLE_FIRST,2026-01-30T15:46:00Z,2026-01-30T15:50:00Z,FAVORABLE_FIRST,2026-01-30T15:46:00Z,2026-01-30T15:50:00Z,ADVERSE_FIRST,,2026-01-30T15:50:00Z,ADVERSE_FIRST,,2026-01-30T15:50:00Z,FAVORABLE_FIRST,2026-01-30T15:46:00Z,2026-01-30T15:50:00Z,ADVERSE_FIRST,,2026-01-30T15:50:00Z,ADVERSE_FIRST,,2026-01-30T15:50:00Z,ADVERSE_FIRST,,2026-01-30T15:50:00Z,ADVERSE_FIRST,,2026-01-30T15:50:00Z,ADVERSE_FIRST,,2026-01-30T15:50:00Z,ADVERSE_FIRST,,2026-01-30T15:50:00Z,ADVERSE_FIRST,,2026-01-30T15:50:00Z,ADVERSE_FIRST,,2026-01-30T15:50:00Z,ADVERSE_FIRST,,2026-01-30T15:50:00Z,ADVERSE_FIRST,,2026-01-30T15:50:00Z,ADVERSE_FIRST,,2026-01-30T15:50:00Z,ADVERSE_FIRST,,2026-01-30T15:50:00Z,ADVERSE_FIRST,,2026-01-30T15:50:00Z
SPY:2026-01-30:SHORT:2026-01-30T16:18:00+00:00:v1,2026-01-30,SHORT,691.075000000000,690.500000000000,0.575000000000,2026-01-30T16:20:00Z,2026-01-30T16:25:00Z,5,WORSE,3.955000000000,3.380000000000,1.751200000000,2.326200000000,-0.775000000000,-1.350000000000,0.575000000000,-0.575000000000,True,25,20,AVAILABLE,AVAILABLE,2026-01-30T16:20:00Z,2026-01-30T16:25:00Z,FAVORABLE_FIRST,2026-01-30T16:20:00Z,2026-01-30T16:29:00Z,FAVORABLE_FIRST,2026-01-30T16:21:00Z,2026-01-30T16:29:00Z,FAVORABLE_FIRST,2026-01-30T16:24:00Z,2026-01-30T16:29:00Z,ADVERSE_FIRST,2026-01-30T17:02:00Z,2026-01-30T16:29:00Z,FAVORABLE_FIRST,2026-01-30T16:21:00Z,2026-01-30T16:29:00Z,FAVORABLE_FIRST,2026-01-30T16:24:00Z,2026-01-30T16:29:00Z,ADVERSE_FIRST,2026-01-30T17:02:00Z,2026-01-30T16:29:00Z,ADVERSE_FIRST,2026-01-30T17:05:00Z,2026-01-30T16:29:00Z,ADVERSE_FIRST,2026-01-30T17:07:00Z,2026-01-30T16:29:00Z,ADVERSE_FIRST,2026-01-30T17:02:00Z,2026-01-30T16:25:00Z,ADVERSE_FIRST,2026-01-30T17:02:00Z,2026-01-30T16:25:00Z,ADVERSE_FIRST,2026-01-30T17:04:00Z,2026-01-30T16:25:00Z,ADVERSE_FIRST,2026-01-30T17:05:00Z,2026-01-30T16:25:00Z,ADVERSE_FIRST,2026-01-30T17:02:00Z,2026-01-30T16:25:00Z,ADVERSE_FIRST,2026-01-30T17:04:00Z,2026-01-30T16:25:00Z,ADVERSE_FIRST,2026-01-30T17:05:00Z,2026-01-30T16:25:00Z,ADVERSE_FIRST,2026-01-30T17:07:00Z,2026-01-30T16:25:00Z,ADVERSE_FIRST,2026-01-30T18:16:00Z,2026-01-30T16:25:00Z
SPY:2026-01-30:SHORT:2026-01-30T16:55:00+00:00:v1,2026-01-30,SHORT,690.680000000000,689.640000000000,1.040000000000,2026-01-30T17:00:00Z,2026-01-30T17:05:00Z,5,WORSE,3.560000000000,2.520000000000,2.146200000000,3.186200000000,-1.170000000000,-2.210000000000,1.040000000000,-1.040000000000,True,120,115,AVAILABLE,AVAILABLE,2026-01-30T17:00:00Z,2026-01-30T17:05:00Z,FAVORABLE_FIRST,2026-01-30T17:00:00Z,2026-01-30T17:26:00Z,FAVORABLE_FIRST,2026-01-30T17:02:00Z,2026-01-30T17:26:00Z,FAVORABLE_FIRST,2026-01-30T17:04:00Z,2026-01-30T17:26:00Z,FAVORABLE_FIRST,2026-01-30T17:04:00Z,2026-01-30T17:26:00Z,FAVORABLE_FIRST,2026-01-30T17:02:00Z,2026-01-30T17:26:00Z,FAVORABLE_FIRST,2026-01-30T17:04:00Z,2026-01-30T17:26:00Z,FAVORABLE_FIRST,2026-01-30T17:04:00Z,2026-01-30T17:26:00Z,FAVORABLE_FIRST,2026-01-30T17:06:00Z,2026-01-30T17:26:00Z,ADVERSE_FIRST,2026-01-30T18:16:00Z,2026-01-30T17:26:00Z,FAVORABLE_FIRST,2026-01-30T17:05:00Z,2026-01-30T17:21:00Z,FAVORABLE_FIRST,2026-01-30T17:07:00Z,2026-01-30T17:21:00Z,FAVORABLE_FIRST,2026-01-30T17:08:00Z,2026-01-30T17:21:00Z,ADVERSE_FIRST,2026-01-30T18:16:00Z,2026-01-30T17:21:00Z,FAVORABLE_FIRST,2026-01-30T17:07:00Z,2026-01-30T17:21:00Z,FAVORABLE_FIRST,2026-01-30T17:08:00Z,2026-01-30T17:21:00Z,ADVERSE_FIRST,2026-01-30T18:16:00Z,2026-01-30T17:21:00Z,ADVERSE_FIRST,2026-01-30T18:19:00Z,2026-01-30T17:21:00Z,ADVERSE_FIRST,2026-01-30T18:21:00Z,2026-01-30T17:21:00Z
SPY:2026-01-30:SHORT:2026-01-30T19:44:00+00:00:v1,2026-01-30,SHORT,691.270000000000,690.840000000000,0.430000000000,2026-01-30T19:45:00Z,2026-01-30T19:50:00Z,5,WORSE,1.970000000000,1.540000000000,1.556200000000,1.986200000000,-0.580000000000,-1.010000000000,0.430000000000,-0.430000000000,True,10,5,AVAILABLE,AVAILABLE,2026-01-30T19:45:00Z,2026-01-30T19:50:00Z,FAVORABLE_FIRST,2026-01-30T19:45:00Z,2026-01-30T19:53:00Z,FAVORABLE_FIRST,2026-01-30T19:48:00Z,2026-01-30T19:53:00Z,ADVERSE_FIRST,2026-01-30T19:59:00Z,2026-01-30T19:53:00Z,ADVERSE_FIRST,2026-01-30T20:06:00Z,2026-01-30T19:53:00Z,FAVORABLE_FIRST,2026-01-30T19:48:00Z,2026-01-30T19:53:00Z,ADVERSE_FIRST,2026-01-30T19:59:00Z,2026-01-30T19:53:00Z,ADVERSE_FIRST,2026-01-30T20:06:00Z,2026-01-30T19:53:00Z,ADVERSE_FIRST,2026-01-30T20:15:00Z,2026-01-30T19:53:00Z,ADVERSE_FIRST,,2026-01-30T19:53:00Z,ADVERSE_FIRST,2026-01-30T19:59:00Z,2026-01-30T19:50:00Z,ADVERSE_FIRST,2026-01-30T20:06:00Z,2026-01-30T19:50:00Z,ADVERSE_FIRST,2026-01-30T20:07:00Z,2026-01-30T19:50:00Z,ADVERSE_FIRST,2026-01-30T20:15:00Z,2026-01-30T19:50:00Z,ADVERSE_FIRST,2026-01-30T20:06:00Z,2026-01-30T19:50:00Z,ADVERSE_FIRST,2026-01-30T20:07:00Z,2026-01-30T19:50:00Z,ADVERSE_FIRST,2026-01-30T20:15:00Z,2026-01-30T19:50:00Z,ADVERSE_FIRST,2026-01-30T20:22:00Z,2026-01-30T19:50:00Z,ADVERSE_FIRST,,2026-01-30T19:50:00Z
SPY:2026-01-30:SHORT:2026-01-30T19:58:00+00:00:v1,2026-01-30,SHORT,690.570000000000,690.800000000000,-0.230000000000,2026-01-30T20:00:00Z,2026-01-30T20:05:00Z,5,BETTER,1.270000000000,1.500000000000,2.256200000000,2.026200000000,-1.280000000000,-1.050000000000,-0.230000000000,0.230000000000,True,50,45,AVAILABLE,AVAILABLE,2026-01-30T20:00:00Z,2026-01-30T20:05:00Z,ADVERSE_FIRST,2026-01-30T20:06:00Z,2026-01-30T20:00:00Z,ADVERSE_FIRST,2026-01-30T20:07:00Z,2026-01-30T20:00:00Z,ADVERSE_FIRST,2026-01-30T20:15:00Z,2026-01-30T20:00:00Z,ADVERSE_FIRST,2026-01-30T20:15:00Z,2026-01-30T20:00:00Z,ADVERSE_FIRST,2026-01-30T20:07:00Z,2026-01-30T20:00:00Z,ADVERSE_FIRST,2026-01-30T20:15:00Z,2026-01-30T20:00:00Z,ADVERSE_FIRST,2026-01-30T20:15:00Z,2026-01-30T20:00:00Z,ADVERSE_FIRST,,2026-01-30T20:00:00Z,ADVERSE_FIRST,,2026-01-30T20:00:00Z,FAVORABLE_FIRST,2026-01-30T20:05:00Z,2026-01-30T20:44:00Z,FAVORABLE_FIRST,2026-01-30T20:06:00Z,2026-01-30T20:44:00Z,FAVORABLE_FIRST,2026-01-30T20:07:00Z,2026-01-30T20:44:00Z,FAVORABLE_FIRST,2026-01-30T20:15:00Z,2026-01-30T20:44:00Z,FAVORABLE_FIRST,2026-01-30T20:06:00Z,2026-01-30T20:44:00Z,FAVORABLE_FIRST,2026-01-30T20:07:00Z,2026-01-30T20:44:00Z,FAVORABLE_FIRST,2026-01-30T20:15:00Z,2026-01-30T20:44:00Z,FAVORABLE_FIRST,2026-01-30T20:22:00Z,2026-01-30T20:44:00Z,ADVERSE_FIRST,,2026-01-30T20:44:00Z
SPY:2026-02-02:LONG:2026-02-02T14:35:00+00:00:v1,2026-02-02,LONG,691.950000000000,692.590000000000,0.640000000000,2026-02-02T14:40:00Z,2026-02-02T14:45:00Z,5,WORSE,4.980000000000,4.340000000000,0.410000000000,0.490000000000,3.510000000000,2.870000000000,0.640000000000,-0.080000000000,True,,,AVAILABLE,AVAILABLE,2026-02-02T14:40:00Z,2026-02-02T14:45:00Z,ADVERSE_FIRST,2026-02-02T14:41:00Z,2026-02-02T14:40:00Z,ADVERSE_FIRST,2026-02-02T14:42:00Z,2026-02-02T14:40:00Z,ADVERSE_FIRST,2026-02-02T14:44:00Z,2026-02-02T14:40:00Z,ADVERSE_FIRST,2026-02-02T14:49:00Z,2026-02-02T14:40:00Z,ADVERSE_FIRST,2026-02-02T14:42:00Z,2026-02-02T14:40:00Z,ADVERSE_FIRST,2026-02-02T14:44:00Z,2026-02-02T14:40:00Z,ADVERSE_FIRST,2026-02-02T14:49:00Z,2026-02-02T14:40:00Z,ADVERSE_FIRST,2026-02-02T14:50:00Z,2026-02-02T14:40:00Z,ADVERSE_FIRST,2026-02-02T15:05:00Z,2026-02-02T14:40:00Z,FAVORABLE_FIRST,2026-02-02T14:46:00Z,2026-02-02T14:48:00Z,ADVERSE_FIRST,2026-02-02T14:50:00Z,2026-02-02T14:48:00Z,ADVERSE_FIRST,2026-02-02T14:50:00Z,2026-02-02T14:48:00Z,ADVERSE_FIRST,2026-02-02T14:50:00Z,2026-02-02T14:48:00Z,FAVORABLE_FIRST,2026-02-02T14:50:00Z,2026-02-02T14:58:00Z,FAVORABLE_FIRST,2026-02-02T14:50:00Z,2026-02-02T14:58:00Z,FAVORABLE_FIRST,2026-02-02T14:50:00Z,2026-02-02T14:58:00Z,ADVERSE_FIRST,2026-02-02T15:05:00Z,2026-02-02T14:58:00Z,ADVERSE_FIRST,2026-02-02T15:11:00Z,2026-02-02T14:58:00Z
SPY:2026-02-03:SHORT:2026-02-03T14:51:00+00:00:v1,2026-02-03,SHORT,694.940000000000,693.510000000000,1.430000000000,2026-02-03T14:55:00Z,2026-02-03T15:00:00Z,5,WORSE,10.910000000000,9.480000000000,0.130000000000,0.210000000000,5.470000000000,4.040000000000,1.430000000000,-0.080000000000,True,,,AVAILABLE,AVAILABLE,2026-02-03T14:55:00Z,2026-02-03T15:00:00Z,FAVORABLE_FIRST,2026-02-03T14:56:00Z,,FAVORABLE_FIRST,2026-02-03T14:56:00Z,,FAVORABLE_FIRST,2026-02-03T14:57:00Z,,FAVORABLE_FIRST,2026-02-03T14:57:00Z,,FAVORABLE_FIRST,2026-02-03T14:56:00Z,,FAVORABLE_FIRST,2026-02-03T14:57:00Z,,FAVORABLE_FIRST,2026-02-03T14:57:00Z,,FAVORABLE_FIRST,2026-02-03T14:59:00Z,,FAVORABLE_FIRST,2026-02-03T15:00:00Z,,FAVORABLE_FIRST,2026-02-03T15:00:00Z,,FAVORABLE_FIRST,2026-02-03T15:00:00Z,,FAVORABLE_FIRST,2026-02-03T15:01:00Z,,FAVORABLE_FIRST,2026-02-03T15:02:00Z,,FAVORABLE_FIRST,2026-02-03T15:00:00Z,,FAVORABLE_FIRST,2026-02-03T15:01:00Z,,FAVORABLE_FIRST,2026-02-03T15:02:00Z,,FAVORABLE_FIRST,2026-02-03T15:12:00Z,,FAVORABLE_FIRST,2026-02-03T15:24:00Z,
SPY:2026-02-04:LONG:2026-02-04T14:35:00+00:00:v1,2026-02-04,LONG,690.610000000000,690.660000000000,0.050000000000,2026-02-04T14:40:00Z,2026-02-04T14:45:00Z,5,WORSE,0.840000000000,0.790000000000,8.850000000000,8.900000000000,-4.490000000000,-4.540000000000,0.050000000000,-0.050000000000,True,15,10,AVAILABLE,AVAILABLE,2026-02-04T14:40:00Z,2026-02-04T14:45:00Z,ADVERSE_FIRST,2026-02-04T14:42:00Z,2026-02-04T14:40:00Z,ADVERSE_FIRST,2026-02-04T14:43:00Z,2026-02-04T14:40:00Z,ADVERSE_FIRST,2026-02-04T14:48:00Z,2026-02-04T14:40:00Z,ADVERSE_FIRST,,2026-02-04T14:40:00Z,ADVERSE_FIRST,2026-02-04T14:43:00Z,2026-02-04T14:40:00Z,ADVERSE_FIRST,2026-02-04T14:48:00Z,2026-02-04T14:40:00Z,ADVERSE_FIRST,,2026-02-04T14:40:00Z,ADVERSE_FIRST,,2026-02-04T14:40:00Z,ADVERSE_FIRST,,2026-02-04T14:40:00Z,ADVERSE_FIRST,2026-02-04T14:47:00Z,2026-02-04T14:45:00Z,ADVERSE_FIRST,2026-02-04T14:48:00Z,2026-02-04T14:45:00Z,ADVERSE_FIRST,2026-02-04T14:48:00Z,2026-02-04T14:45:00Z,ADVERSE_FIRST,,2026-02-04T14:45:00Z,ADVERSE_FIRST,2026-02-04T14:48:00Z,2026-02-04T14:45:00Z,ADVERSE_FIRST,2026-02-04T14:48:00Z,2026-02-04T14:45:00Z,ADVERSE_FIRST,,2026-02-04T14:45:00Z,ADVERSE_FIRST,,2026-02-04T14:45:00Z,ADVERSE_FIRST,,2026-02-04T14:45:00Z
SPY:2026-02-04:SHORT:2026-02-04T14:57:00+00:00:v1,2026-02-04,SHORT,688.170000000000,687.280000000000,0.890000000000,2026-02-04T15:00:00Z,2026-02-04T15:05:00Z,5,WORSE,6.410000000000,5.520000000000,2.680000000000,3.570000000000,2.050000000000,1.160000000000,0.890000000000,-0.890000000000,True,25,20,AVAILABLE,AVAILABLE,2026-02-04T15:00:00Z,2026-02-04T15:05:00Z,FAVORABLE_FIRST,2026-02-04T15:00:00Z,2026-02-04T15:07:00Z,FAVORABLE_FIRST,2026-02-04T15:00:00Z,2026-02-04T15:07:00Z,FAVORABLE_FIRST,2026-02-04T15:00:00Z,2026-02-04T15:07:00Z,FAVORABLE_FIRST,2026-02-04T15:01:00Z,2026-02-04T15:07:00Z,FAVORABLE_FIRST,2026-02-04T15:00:00Z,2026-02-04T15:07:00Z,FAVORABLE_FIRST,2026-02-04T15:00:00Z,2026-02-04T15:07:00Z,FAVORABLE_FIRST,2026-02-04T15:01:00Z,2026-02-04T15:07:00Z,FAVORABLE_FIRST,2026-02-04T15:02:00Z,2026-02-04T15:07:00Z,ADVERSE_FIRST,2026-02-04T16:40:00Z,2026-02-04T15:07:00Z,ADVERSE_FIRST,2026-02-04T16:05:00Z,2026-02-04T15:05:00Z,ADVERSE_FIRST,2026-02-04T16:09:00Z,2026-02-04T15:05:00Z,ADVERSE_FIRST,2026-02-04T16:19:00Z,2026-02-04T15:05:00Z,ADVERSE_FIRST,2026-02-04T16:40:00Z,2026-02-04T15:05:00Z,ADVERSE_FIRST,2026-02-04T16:09:00Z,2026-02-04T15:05:00Z,ADVERSE_FIRST,2026-02-04T16:19:00Z,2026-02-04T15:05:00Z,ADVERSE_FIRST,2026-02-04T16:40:00Z,2026-02-04T15:05:00Z,ADVERSE_FIRST,2026-02-04T16:43:00Z,2026-02-04T15:05:00Z,ADVERSE_FIRST,2026-02-04T16:45:00Z,2026-02-04T15:05:00Z
SPY:2026-02-04:SHORT:2026-02-04T15:31:00+00:00:v1,2026-02-04,SHORT,688.310000000000,688.880000000000,-0.570000000000,2026-02-04T15:35:00Z,2026-02-04T15:40:00Z,5,BETTER,6.550000000000,7.120000000000,1.960000000000,1.390000000000,2.190000000000,2.760000000000,-0.570000000000,0.570000000000,True,10,5,AVAILABLE,AVAILABLE,2026-02-04T15:35:00Z,2026-02-04T15:40:00Z,FAVORABLE_FIRST,2026-02-04T15:35:00Z,2026-02-04T15:38:00Z,FAVORABLE_FIRST,2026-02-04T15:36:00Z,2026-02-04T15:38:00Z,FAVORABLE_FIRST,2026-02-04T15:36:00Z,2026-02-04T15:38:00Z,ADVERSE_FIRST,2026-02-04T16:02:00Z,2026-02-04T15:38:00Z,FAVORABLE_FIRST,2026-02-04T15:36:00Z,2026-02-04T15:38:00Z,FAVORABLE_FIRST,2026-02-04T15:36:00Z,2026-02-04T15:38:00Z,ADVERSE_FIRST,2026-02-04T16:02:00Z,2026-02-04T15:38:00Z,ADVERSE_FIRST,2026-02-04T16:09:00Z,2026-02-04T15:38:00Z,ADVERSE_FIRST,2026-02-04T16:40:00Z,2026-02-04T15:38:00Z,AMBIGUOUS_SAME_BAR,2026-02-04T15:40:00Z,2026-02-04T15:40:00Z,ADVERSE_FIRST,2026-02-04T15:51:00Z,2026-02-04T15:40:00Z,ADVERSE_FIRST,2026-02-04T16:01:00Z,2026-02-04T15:40:00Z,ADVERSE_FIRST,2026-02-04T16:02:00Z,2026-02-04T15:40:00Z,ADVERSE_FIRST,2026-02-04T15:51:00Z,2026-02-04T15:40:00Z,ADVERSE_FIRST,2026-02-04T16:01:00Z,2026-02-04T15:40:00Z,ADVERSE_FIRST,2026-02-04T16:02:00Z,2026-02-04T15:40:00Z,ADVERSE_FIRST,2026-02-04T16:02:00Z,2026-02-04T15:40:00Z,ADVERSE_FIRST,2026-02-04T16:05:00Z,2026-02-04T15:40:00Z
SPY:2026-02-04:SHORT:2026-02-04T15:46:00+00:00:v1,2026-02-04,SHORT,688.670000000000,688.790000000000,-0.120000000000,2026-02-04T15:50:00Z,2026-02-04T15:55:00Z,5,BETTER,6.910000000000,7.030000000000,0.670000000000,0.550000000000,2.550000000000,2.670000000000,-0.120000000000,0.120000000000,True,,,AVAILABLE,AVAILABLE,2026-02-04T15:50:00Z,2026-02-04T15:55:00Z,ADVERSE_FIRST,2026-02-04T15:51:00Z,2026-02-04T15:50:00Z,ADVERSE_FIRST,2026-02-04T16:00:00Z,2026-02-04T15:50:00Z,ADVERSE_FIRST,2026-02-04T16:02:00Z,2026-02-04T15:50:00Z,ADVERSE_FIRST,2026-02-04T16:02:00Z,2026-02-04T15:50:00Z,ADVERSE_FIRST,2026-02-04T16:00:00Z,2026-02-04T15:50:00Z,ADVERSE_FIRST,2026-02-04T16:02:00Z,2026-02-04T15:50:00Z,ADVERSE_FIRST,2026-02-04T16:02:00Z,2026-02-04T15:50:00Z,ADVERSE_FIRST,2026-02-04T16:03:00Z,2026-02-04T15:50:00Z,ADVERSE_FIRST,2026-02-04T16:09:00Z,2026-02-04T15:50:00Z,ADVERSE_FIRST,2026-02-04T15:56:00Z,2026-02-04T15:55:00Z,ADVERSE_FIRST,2026-02-04T15:57:00Z,2026-02-04T15:55:00Z,ADVERSE_FIRST,2026-02-04T16:01:00Z,2026-02-04T15:55:00Z,ADVERSE_FIRST,2026-02-04T16:02:00Z,2026-02-04T15:55:00Z,ADVERSE_FIRST,2026-02-04T15:57:00Z,2026-02-04T15:55:00Z,ADVERSE_FIRST,2026-02-04T16:01:00Z,2026-02-04T15:55:00Z,ADVERSE_FIRST,2026-02-04T16:02:00Z,2026-02-04T15:55:00Z,ADVERSE_FIRST,2026-02-04T16:02:00Z,2026-02-04T15:55:00Z,ADVERSE_FIRST,2026-02-04T16:09:00Z,2026-02-04T15:55:00Z
SPY:2026-02-05:LONG:2026-02-05T14:35:00+00:00:v1,2026-02-05,LONG,682.490000000000,682.940000000000,0.450000000000,2026-02-05T14:40:00Z,2026-02-05T14:45:00Z,5,WORSE,1.200000000000,0.750000000000,6.700000000000,7.150000000000,-5.040000000000,-5.490000000000,0.450000000000,-0.450000000000,True,20,15,AVAILABLE,AVAILABLE,2026-02-05T14:40:00Z,2026-02-05T14:45:00Z,ADVERSE_FIRST,2026-02-05T14:43:00Z,2026-02-05T14:40:00Z,ADVERSE_FIRST,2026-02-05T14:43:00Z,2026-02-05T14:40:00Z,ADVERSE_FIRST,2026-02-05T14:44:00Z,2026-02-05T14:40:00Z,ADVERSE_FIRST,2026-02-05T14:50:00Z,2026-02-05T14:40:00Z,ADVERSE_FIRST,2026-02-05T14:43:00Z,2026-02-05T14:40:00Z,ADVERSE_FIRST,2026-02-05T14:44:00Z,2026-02-05T14:40:00Z,ADVERSE_FIRST,2026-02-05T14:50:00Z,2026-02-05T14:40:00Z,ADVERSE_FIRST,,2026-02-05T14:40:00Z,ADVERSE_FIRST,,2026-02-05T14:40:00Z,AMBIGUOUS_SAME_BAR,2026-02-05T14:45:00Z,2026-02-05T14:45:00Z,ADVERSE_FIRST,2026-02-05T14:50:00Z,2026-02-05T14:45:00Z,ADVERSE_FIRST,2026-02-05T14:50:00Z,2026-02-05T14:45:00Z,ADVERSE_FIRST,,2026-02-05T14:45:00Z,ADVERSE_FIRST,2026-02-05T14:50:00Z,2026-02-05T14:45:00Z,ADVERSE_FIRST,2026-02-05T14:50:00Z,2026-02-05T14:45:00Z,ADVERSE_FIRST,,2026-02-05T14:45:00Z,ADVERSE_FIRST,,2026-02-05T14:45:00Z,ADVERSE_FIRST,,2026-02-05T14:45:00Z
SPY:2026-02-05:SHORT:2026-02-05T15:10:00+00:00:v1,2026-02-05,SHORT,676.860000000000,678.120000000000,-1.260000000000,2026-02-05T15:15:00Z,2026-02-05T15:20:00Z,5,BETTER,1.070000000000,2.330000000000,5.755000000000,4.495000000000,-0.590000000000,0.670000000000,-1.260000000000,1.260000000000,True,70,65,AVAILABLE,AVAILABLE,2026-02-05T15:15:00Z,2026-02-05T15:20:00Z,ADVERSE_FIRST,2026-02-05T15:26:00Z,2026-02-05T15:15:00Z,ADVERSE_FIRST,2026-02-05T15:27:00Z,2026-02-05T15:15:00Z,ADVERSE_FIRST,2026-02-05T15:32:00Z,2026-02-05T15:15:00Z,ADVERSE_FIRST,2026-02-05T16:14:00Z,2026-02-05T15:15:00Z,ADVERSE_FIRST,2026-02-05T15:27:00Z,2026-02-05T15:15:00Z,ADVERSE_FIRST,2026-02-05T15:32:00Z,2026-02-05T15:15:00Z,ADVERSE_FIRST,2026-02-05T16:14:00Z,2026-02-05T15:15:00Z,ADVERSE_FIRST,,2026-02-05T15:15:00Z,ADVERSE_FIRST,,2026-02-05T15:15:00Z,FAVORABLE_FIRST,2026-02-05T15:20:00Z,2026-02-05T15:22:00Z,FAVORABLE_FIRST,2026-02-05T15:20:00Z,2026-02-05T15:22:00Z,FAVORABLE_FIRST,2026-02-05T15:21:00Z,2026-02-05T15:22:00Z,ADVERSE_FIRST,2026-02-05T15:23:00Z,2026-02-05T15:22:00Z,FAVORABLE_FIRST,2026-02-05T15:20:00Z,2026-02-05T15:42:00Z,FAVORABLE_FIRST,2026-02-05T15:21:00Z,2026-02-05T15:42:00Z,FAVORABLE_FIRST,2026-02-05T15:23:00Z,2026-02-05T15:42:00Z,FAVORABLE_FIRST,2026-02-05T15:26:00Z,2026-02-05T15:42:00Z,FAVORABLE_FIRST,2026-02-05T15:32:00Z,2026-02-05T15:42:00Z
SPY:2026-02-05:LONG:2026-02-05T16:51:00+00:00:v1,2026-02-05,LONG,681.050000000000,681.220000000000,0.170000000000,2026-02-05T16:55:00Z,2026-02-05T17:00:00Z,5,WORSE,1.565000000000,1.395000000000,4.864500000000,5.034500000000,-3.600000000000,-3.770000000000,0.170000000000,-0.170000000000,True,10,5,AVAILABLE,AVAILABLE,2026-02-05T16:55:00Z,2026-02-05T17:00:00Z,FAVORABLE_FIRST,2026-02-05T16:55:00Z,2026-02-05T16:56:00Z,ADVERSE_FIRST,2026-02-05T17:25:00Z,2026-02-05T16:56:00Z,ADVERSE_FIRST,2026-02-05T17:26:00Z,2026-02-05T16:56:00Z,ADVERSE_FIRST,2026-02-05T17:40:00Z,2026-02-05T16:56:00Z,ADVERSE_FIRST,2026-02-05T17:25:00Z,2026-02-05T16:56:00Z,ADVERSE_FIRST,2026-02-05T17:26:00Z,2026-02-05T16:56:00Z,ADVERSE_FIRST,2026-02-05T17:40:00Z,2026-02-05T16:56:00Z,ADVERSE_FIRST,2026-02-05T17:46:00Z,2026-02-05T16:56:00Z,ADVERSE_FIRST,,2026-02-05T16:56:00Z,ADVERSE_FIRST,2026-02-05T17:25:00Z,2026-02-05T17:00:00Z,ADVERSE_FIRST,2026-02-05T17:26:00Z,2026-02-05T17:00:00Z,ADVERSE_FIRST,2026-02-05T17:40:00Z,2026-02-05T17:00:00Z,ADVERSE_FIRST,2026-02-05T17:40:00Z,2026-02-05T17:00:00Z,ADVERSE_FIRST,2026-02-05T17:26:00Z,2026-02-05T17:00:00Z,ADVERSE_FIRST,2026-02-05T17:40:00Z,2026-02-05T17:00:00Z,ADVERSE_FIRST,2026-02-05T17:40:00Z,2026-02-05T17:00:00Z,ADVERSE_FIRST,,2026-02-05T17:00:00Z,ADVERSE_FIRST,,2026-02-05T17:00:00Z
SPY:2026-02-05:LONG:2026-02-05T17:24:00+00:00:v1,2026-02-05,LONG,681.100000000000,681.520000000000,0.420000000000,2026-02-05T17:25:00Z,2026-02-05T17:30:00Z,5,WORSE,1.515000000000,1.095000000000,4.914500000000,5.334500000000,-3.650000000000,-4.070000000000,0.420000000000,-0.420000000000,True,10,5,AVAILABLE,AVAILABLE,2026-02-05T17:25:00Z,2026-02-05T17:30:00Z,FAVORABLE_FIRST,2026-02-05T17:25:00Z,2026-02-05T17:31:00Z,FAVORABLE_FIRST,2026-02-05T17:26:00Z,2026-02-05T17:31:00Z,FAVORABLE_FIRST,2026-02-05T17:26:00Z,2026-02-05T17:31:00Z,ADVERSE_FIRST,2026-02-05T17:40:00Z,2026-02-05T17:31:00Z,FAVORABLE_FIRST,2026-02-05T17:26:00Z,2026-02-05T17:34:00Z,FAVORABLE_FIRST,2026-02-05T17:26:00Z,2026-02-05T17:34:00Z,ADVERSE_FIRST,2026-02-05T17:40:00Z,2026-02-05T17:34:00Z,ADVERSE_FIRST,2026-02-05T17:46:00Z,2026-02-05T17:34:00Z,ADVERSE_FIRST,,2026-02-05T17:34:00Z,FAVORABLE_FIRST,2026-02-05T17:30:00Z,2026-02-05T17:31:00Z,ADVERSE_FIRST,2026-02-05T17:40:00Z,2026-02-05T17:31:00Z,ADVERSE_FIRST,2026-02-05T17:41:00Z,2026-02-05T17:31:00Z,ADVERSE_FIRST,2026-02-05T17:46:00Z,2026-02-05T17:31:00Z,ADVERSE_FIRST,2026-02-05T17:40:00Z,2026-02-05T17:31:00Z,ADVERSE_FIRST,2026-02-05T17:41:00Z,2026-02-05T17:31:00Z,ADVERSE_FIRST,2026-02-05T17:46:00Z,2026-02-05T17:31:00Z,ADVERSE_FIRST,,2026-02-05T17:31:00Z,ADVERSE_FIRST,,2026-02-05T17:31:00Z
SPY:2026-02-05:LONG:2026-02-05T17:35:00+00:00:v1,2026-02-05,LONG,681.400000000000,681.720000000000,0.320000000000,2026-02-05T17:40:00Z,2026-02-05T17:45:00Z,5,WORSE,1.215000000000,0.895000000000,5.214500000000,5.534500000000,-3.950000000000,-4.270000000000,0.320000000000,-0.320000000000,True,15,10,AVAILABLE,AVAILABLE,2026-02-05T17:40:00Z,2026-02-05T17:45:00Z,FAVORABLE_FIRST,2026-02-05T17:40:00Z,2026-02-05T17:48:00Z,FAVORABLE_FIRST,2026-02-05T17:40:00Z,2026-02-05T17:48:00Z,FAVORABLE_FIRST,2026-02-05T17:40:00Z,2026-02-05T17:48:00Z,FAVORABLE_FIRST,2026-02-05T17:46:00Z,2026-02-05T17:48:00Z,FAVORABLE_FIRST,2026-02-05T17:40:00Z,2026-02-05T17:48:00Z,FAVORABLE_FIRST,2026-02-05T17:40:00Z,2026-02-05T17:48:00Z,FAVORABLE_FIRST,2026-02-05T17:46:00Z,2026-02-05T17:48:00Z,ADVERSE_FIRST,,2026-02-05T17:48:00Z,ADVERSE_FIRST,,2026-02-05T17:48:00Z,FAVORABLE_FIRST,2026-02-05T17:45:00Z,2026-02-05T17:48:00Z,FAVORABLE_FIRST,2026-02-05T17:45:00Z,2026-02-05T17:48:00Z,FAVORABLE_FIRST,2026-02-05T17:46:00Z,2026-02-05T17:48:00Z,ADVERSE_FIRST,,2026-02-05T17:48:00Z,FAVORABLE_FIRST,2026-02-05T17:45:00Z,2026-02-05T17:48:00Z,FAVORABLE_FIRST,2026-02-05T17:46:00Z,2026-02-05T17:48:00Z,ADVERSE_FIRST,,2026-02-05T17:48:00Z,ADVERSE_FIRST,,2026-02-05T17:48:00Z,ADVERSE_FIRST,,2026-02-05T17:48:00Z
SPY:2026-02-05:SHORT:2026-02-05T18:46:00+00:00:v1,2026-02-05,SHORT,678.500000000000,678.030000000000,0.470000000000,2026-02-05T18:50:00Z,2026-02-05T18:55:00Z,5,WORSE,2.314500000000,1.844500000000,2.970000000000,3.440000000000,1.050000000000,0.580000000000,0.470000000000,-0.470000000000,True,15,10,AVAILABLE,AVAILABLE,2026-02-05T18:50:00Z,2026-02-05T18:55:00Z,FAVORABLE_FIRST,2026-02-05T18:50:00Z,2026-02-05T19:03:00Z,FAVORABLE_FIRST,2026-02-05T18:51:00Z,2026-02-05T19:03:00Z,FAVORABLE_FIRST,2026-02-05T18:55:00Z,2026-02-05T19:03:00Z,ADVERSE_FIRST,2026-02-05T20:31:00Z,2026-02-05T19:03:00Z,FAVORABLE_FIRST,2026-02-05T18:51:00Z,2026-02-05T19:03:00Z,FAVORABLE_FIRST,2026-02-05T18:55:00Z,2026-02-05T19:03:00Z,ADVERSE_FIRST,2026-02-05T20:31:00Z,2026-02-05T19:03:00Z,ADVERSE_FIRST,2026-02-05T20:44:00Z,2026-02-05T19:03:00Z,ADVERSE_FIRST,2026-02-05T20:51:00Z,2026-02-05T19:03:00Z,FAVORABLE_FIRST,2026-02-05T18:55:00Z,2026-02-05T18:57:00Z,ADVERSE_FIRST,2026-02-05T20:31:00Z,2026-02-05T18:57:00Z,ADVERSE_FIRST,2026-02-05T20:32:00Z,2026-02-05T18:57:00Z,ADVERSE_FIRST,2026-02-05T20:44:00Z,2026-02-05T18:57:00Z,ADVERSE_FIRST,2026-02-05T20:31:00Z,2026-02-05T18:57:00Z,ADVERSE_FIRST,2026-02-05T20:32:00Z,2026-02-05T18:57:00Z,ADVERSE_FIRST,2026-02-05T20:44:00Z,2026-02-05T18:57:00Z,ADVERSE_FIRST,2026-02-05T20:48:00Z,2026-02-05T18:57:00Z,ADVERSE_FIRST,,2026-02-05T18:57:00Z
SPY:2026-02-05:LONG:2026-02-05T19:17:00+00:00:v1,2026-02-05,LONG,681.160000000000,681.210000000000,0.050000000000,2026-02-05T19:20:00Z,2026-02-05T19:25:00Z,5,WORSE,0.310000000000,0.020000000000,4.974500000000,5.024500000000,-3.710000000000,-3.760000000000,0.290000000000,-0.050000000000,True,10,5,AVAILABLE,AVAILABLE,2026-02-05T19:20:00Z,2026-02-05T19:25:00Z,FAVORABLE_FIRST,2026-02-05T19:21:00Z,2026-02-05T19:25:00Z,ADVERSE_FIRST,,2026-02-05T19:25:00Z,ADVERSE_FIRST,,2026-02-05T19:25:00Z,ADVERSE_FIRST,,2026-02-05T19:25:00Z,ADVERSE_FIRST,,2026-02-05T19:25:00Z,ADVERSE_FIRST,,2026-02-05T19:25:00Z,ADVERSE_FIRST,,2026-02-05T19:25:00Z,ADVERSE_FIRST,,2026-02-05T19:25:00Z,ADVERSE_FIRST,,2026-02-05T19:25:00Z,ADVERSE_FIRST,,2026-02-05T19:25:00Z,ADVERSE_FIRST,,2026-02-05T19:25:00Z,ADVERSE_FIRST,,2026-02-05T19:25:00Z,ADVERSE_FIRST,,2026-02-05T19:25:00Z,ADVERSE_FIRST,,2026-02-05T19:25:00Z,ADVERSE_FIRST,,2026-02-05T19:25:00Z,ADVERSE_FIRST,,2026-02-05T19:25:00Z,ADVERSE_FIRST,,2026-02-05T19:25:00Z,ADVERSE_FIRST,,2026-02-05T19:25:00Z
SPY:2026-02-05:SHORT:2026-02-05T20:20:00+00:00:v1,2026-02-05,SHORT,677.960000000000,677.790000000000,0.170000000000,2026-02-05T20:25:00Z,2026-02-05T20:30:00Z,5,WORSE,1.774500000000,1.604500000000,0.389900000000,0.559900000000,0.510000000000,0.340000000000,0.170000000000,-0.170000000000,True,,,AVAILABLE,AVAILABLE,2026-02-05T20:25:00Z,2026-02-05T20:30:00Z,FAVORABLE_FIRST,2026-02-05T20:25:00Z,2026-02-05T20:40:00Z,FAVORABLE_FIRST,2026-02-05T20:31:00Z,2026-02-05T20:40:00Z,FAVORABLE_FIRST,2026-02-05T20:35:00Z,2026-02-05T20:40:00Z,ADVERSE_FIRST,2026-02-05T20:44:00Z,2026-02-05T20:40:00Z,FAVORABLE_FIRST,2026-02-05T20:31:00Z,2026-02-05T20:40:00Z,FAVORABLE_FIRST,2026-02-05T20:35:00Z,2026-02-05T20:40:00Z,ADVERSE_FIRST,2026-02-05T20:44:00Z,2026-02-05T20:40:00Z,ADVERSE_FIRST,2026-02-05T20:51:00Z,2026-02-05T20:40:00Z,ADVERSE_FIRST,,2026-02-05T20:40:00Z,ADVERSE_FIRST,2026-02-05T20:31:00Z,2026-02-05T20:30:00Z,ADVERSE_FIRST,2026-02-05T20:32:00Z,2026-02-05T20:30:00Z,ADVERSE_FIRST,2026-02-05T20:44:00Z,2026-02-05T20:30:00Z,ADVERSE_FIRST,2026-02-05T20:47:00Z,2026-02-05T20:30:00Z,ADVERSE_FIRST,2026-02-05T20:32:00Z,2026-02-05T20:30:00Z,ADVERSE_FIRST,2026-02-05T20:44:00Z,2026-02-05T20:30:00Z,ADVERSE_FIRST,2026-02-05T20:47:00Z,2026-02-05T20:30:00Z,ADVERSE_FIRST,2026-02-05T20:52:00Z,2026-02-05T20:30:00Z,ADVERSE_FIRST,,2026-02-05T20:30:00Z
SPY:2026-02-06:LONG:2026-02-06T14:38:00+00:00:v1,2026-02-06,LONG,684.700000000000,685.560000000000,0.860000000000,2026-02-06T14:40:00Z,2026-02-06T14:45:00Z,5,WORSE,7.610000000000,6.750000000000,1.590000000000,2.450000000000,5.960000000000,5.100000000000,0.860000000000,-0.860000000000,True,25,20,AVAILABLE,AVAILABLE,2026-02-06T14:40:00Z,2026-02-06T14:45:00Z,AMBIGUOUS_SAME_BAR,2026-02-06T14:40:00Z,2026-02-06T14:40:00Z,AMBIGUOUS_SAME_BAR,2026-02-06T14:40:00Z,2026-02-06T14:40:00Z,ADVERSE_FIRST,2026-02-06T14:44:00Z,2026-02-06T14:40:00Z,ADVERSE_FIRST,2026-02-06T14:45:00Z,2026-02-06T14:40:00Z,AMBIGUOUS_SAME_BAR,2026-02-06T14:40:00Z,2026-02-06T14:40:00Z,ADVERSE_FIRST,2026-02-06T14:44:00Z,2026-02-06T14:40:00Z,ADVERSE_FIRST,2026-02-06T14:45:00Z,2026-02-06T14:40:00Z,ADVERSE_FIRST,2026-02-06T14:51:00Z,2026-02-06T14:40:00Z,ADVERSE_FIRST,2026-02-06T15:42:00Z,2026-02-06T14:40:00Z,FAVORABLE_FIRST,2026-02-06T14:45:00Z,2026-02-06T14:46:00Z,ADVERSE_FIRST,2026-02-06T14:51:00Z,2026-02-06T14:46:00Z,ADVERSE_FIRST,2026-02-06T14:51:00Z,2026-02-06T14:46:00Z,ADVERSE_FIRST,2026-02-06T15:42:00Z,2026-02-06T14:46:00Z,ADVERSE_FIRST,2026-02-06T14:51:00Z,2026-02-06T14:46:00Z,ADVERSE_FIRST,2026-02-06T14:51:00Z,2026-02-06T14:46:00Z,ADVERSE_FIRST,2026-02-06T15:42:00Z,2026-02-06T14:46:00Z,ADVERSE_FIRST,2026-02-06T16:07:00Z,2026-02-06T14:46:00Z,ADVERSE_FIRST,2026-02-06T16:21:00Z,2026-02-06T14:46:00Z
SPY:2026-02-06:LONG:2026-02-06T15:25:00+00:00:v1,2026-02-06,LONG,685.650000000000,686.160000000000,0.510000000000,2026-02-06T15:30:00Z,2026-02-06T15:35:00Z,5,WORSE,6.660000000000,6.150000000000,1.320000000000,1.830000000000,5.010000000000,4.500000000000,0.510000000000,-0.510000000000,True,,,AVAILABLE,AVAILABLE,2026-02-06T15:30:00Z,2026-02-06T15:35:00Z,ADVERSE_FIRST,2026-02-06T15:33:00Z,2026-02-06T15:30:00Z,ADVERSE_FIRST,2026-02-06T15:34:00Z,2026-02-06T15:30:00Z,ADVERSE_FIRST,2026-02-06T15:41:00Z,2026-02-06T15:30:00Z,ADVERSE_FIRST,2026-02-06T15:42:00Z,2026-02-06T15:30:00Z,ADVERSE_FIRST,2026-02-06T15:34:00Z,2026-02-06T15:30:00Z,ADVERSE_FIRST,2026-02-06T15:41:00Z,2026-02-06T15:30:00Z,ADVERSE_FIRST,2026-02-06T15:42:00Z,2026-02-06T15:30:00Z,ADVERSE_FIRST,2026-02-06T16:07:00Z,2026-02-06T15:30:00Z,ADVERSE_FIRST,2026-02-06T16:22:00Z,2026-02-06T15:30:00Z,ADVERSE_FIRST,2026-02-06T15:41:00Z,2026-02-06T15:35:00Z,ADVERSE_FIRST,2026-02-06T15:42:00Z,2026-02-06T15:35:00Z,ADVERSE_FIRST,2026-02-06T15:46:00Z,2026-02-06T15:35:00Z,ADVERSE_FIRST,2026-02-06T16:07:00Z,2026-02-06T15:35:00Z,ADVERSE_FIRST,2026-02-06T15:42:00Z,2026-02-06T15:36:00Z,ADVERSE_FIRST,2026-02-06T15:46:00Z,2026-02-06T15:36:00Z,ADVERSE_FIRST,2026-02-06T16:07:00Z,2026-02-06T15:36:00Z,ADVERSE_FIRST,2026-02-06T16:22:00Z,2026-02-06T15:36:00Z,ADVERSE_FIRST,2026-02-06T17:07:00Z,2026-02-06T15:36:00Z
SPY:2026-02-09:LONG:2026-02-09T14:37:00+00:00:v1,2026-02-09,LONG,691.140000000000,691.190000000000,0.050000000000,2026-02-09T14:40:00Z,2026-02-09T14:45:00Z,5,WORSE,4.730000000000,4.680000000000,1.360000000000,1.410000000000,2.780000000000,2.730000000000,0.050000000000,-0.050000000000,True,,,AVAILABLE,AVAILABLE,2026-02-09T14:40:00Z,2026-02-09T14:45:00Z,AMBIGUOUS_SAME_BAR,2026-02-09T14:41:00Z,2026-02-09T14:41:00Z,ADVERSE_FIRST,2026-02-09T15:06:00Z,2026-02-09T14:41:00Z,ADVERSE_FIRST,2026-02-09T15:07:00Z,2026-02-09T14:41:00Z,ADVERSE_FIRST,2026-02-09T15:15:00Z,2026-02-09T14:41:00Z,ADVERSE_FIRST,2026-02-09T15:06:00Z,2026-02-09T14:42:00Z,ADVERSE_FIRST,2026-02-09T15:07:00Z,2026-02-09T14:42:00Z,ADVERSE_FIRST,2026-02-09T15:15:00Z,2026-02-09T14:42:00Z,ADVERSE_FIRST,2026-02-09T15:19:00Z,2026-02-09T14:42:00Z,ADVERSE_FIRST,2026-02-09T15:34:00Z,2026-02-09T14:42:00Z,AMBIGUOUS_SAME_BAR,2026-02-09T14:45:00Z,2026-02-09T14:45:00Z,ADVERSE_FIRST,2026-02-09T15:06:00Z,2026-02-09T14:45:00Z,ADVERSE_FIRST,2026-02-09T15:07:00Z,2026-02-09T14:45:00Z,ADVERSE_FIRST,2026-02-09T15:15:00Z,2026-02-09T14:45:00Z,ADVERSE_FIRST,2026-02-09T15:06:00Z,2026-02-09T14:47:00Z,ADVERSE_FIRST,2026-02-09T15:07:00Z,2026-02-09T14:47:00Z,ADVERSE_FIRST,2026-02-09T15:15:00Z,2026-02-09T14:47:00Z,ADVERSE_FIRST,2026-02-09T15:20:00Z,2026-02-09T14:47:00Z,ADVERSE_FIRST,2026-02-09T15:34:00Z,2026-02-09T14:47:00Z
SPY:2026-02-10:SHORT:2026-02-10T14:36:00+00:00:v1,2026-02-10,SHORT,694.380000000000,694.000000000000,0.380000000000,2026-02-10T14:40:00Z,2026-02-10T14:45:00Z,5,WORSE,2.720000000000,2.340000000000,2.160000000000,2.540000000000,2.270000000000,1.890000000000,0.380000000000,-0.380000000000,True,15,10,AVAILABLE,AVAILABLE,2026-02-10T14:40:00Z,2026-02-10T14:45:00Z,FAVORABLE_FIRST,2026-02-10T14:40:00Z,2026-02-10T14:51:00Z,FAVORABLE_FIRST,2026-02-10T14:41:00Z,2026-02-10T14:51:00Z,FAVORABLE_FIRST,2026-02-10T14:42:00Z,2026-02-10T14:51:00Z,ADVERSE_FIRST,2026-02-10T18:29:00Z,2026-02-10T14:51:00Z,FAVORABLE_FIRST,2026-02-10T14:41:00Z,2026-02-10T14:51:00Z,FAVORABLE_FIRST,2026-02-10T14:42:00Z,2026-02-10T14:51:00Z,ADVERSE_FIRST,2026-02-10T18:29:00Z,2026-02-10T14:51:00Z,ADVERSE_FIRST,2026-02-10T18:52:00Z,2026-02-10T14:51:00Z,ADVERSE_FIRST,2026-02-10T20:53:00Z,2026-02-10T14:51:00Z,FAVORABLE_FIRST,2026-02-10T14:45:00Z,2026-02-10T14:50:00Z,ADVERSE_FIRST,2026-02-10T18:29:00Z,2026-02-10T14:50:00Z,ADVERSE_FIRST,2026-02-10T18:34:00Z,2026-02-10T14:50:00Z,ADVERSE_FIRST,2026-02-10T18:34:00Z,2026-02-10T14:50:00Z,ADVERSE_FIRST,2026-02-10T18:29:00Z,2026-02-10T14:50:00Z,ADVERSE_FIRST,2026-02-10T18:34:00Z,2026-02-10T14:50:00Z,ADVERSE_FIRST,2026-02-10T18:34:00Z,2026-02-10T14:50:00Z,ADVERSE_FIRST,2026-02-10T20:52:00Z,2026-02-10T14:50:00Z,ADVERSE_FIRST,2026-02-10T20:55:00Z,2026-02-10T14:50:00Z
SPY:2026-02-10:LONG:2026-02-10T14:55:00+00:00:v1,2026-02-10,LONG,695.740000000000,695.810000000000,0.070000000000,2026-02-10T15:00:00Z,2026-02-10T15:05:00Z,5,WORSE,0.800000000000,0.730000000000,4.080000000000,4.150000000000,-3.630000000000,-3.700000000000,0.070000000000,-0.070000000000,True,15,10,AVAILABLE,AVAILABLE,2026-02-10T15:00:00Z,2026-02-10T15:05:00Z,FAVORABLE_FIRST,2026-02-10T15:06:00Z,2026-02-10T15:13:00Z,FAVORABLE_FIRST,2026-02-10T15:06:00Z,2026-02-10T15:13:00Z,ADVERSE_FIRST,2026-02-10T15:31:00Z,2026-02-10T15:13:00Z,ADVERSE_FIRST,,2026-02-10T15:13:00Z,FAVORABLE_FIRST,2026-02-10T15:06:00Z,2026-02-10T15:13:00Z,ADVERSE_FIRST,2026-02-10T15:31:00Z,2026-02-10T15:13:00Z,ADVERSE_FIRST,,2026-02-10T15:13:00Z,ADVERSE_FIRST,,2026-02-10T15:13:00Z,ADVERSE_FIRST,,2026-02-10T15:13:00Z,FAVORABLE_FIRST,2026-02-10T15:06:00Z,2026-02-10T15:13:00Z,FAVORABLE_FIRST,2026-02-10T15:06:00Z,2026-02-10T15:13:00Z,ADVERSE_FIRST,,2026-02-10T15:13:00Z,ADVERSE_FIRST,,2026-02-10T15:13:00Z,FAVORABLE_FIRST,2026-02-10T15:06:00Z,2026-02-10T15:13:00Z,ADVERSE_FIRST,,2026-02-10T15:13:00Z,ADVERSE_FIRST,,2026-02-10T15:13:00Z,ADVERSE_FIRST,,2026-02-10T15:13:00Z,ADVERSE_FIRST,,2026-02-10T15:13:00Z
SPY:2026-02-10:LONG:2026-02-10T15:25:00+00:00:v1,2026-02-10,LONG,695.905000000000,695.930000000000,0.025000000000,2026-02-10T15:30:00Z,2026-02-10T15:35:00Z,5,WORSE,0.635000000000,0.280000000000,4.245000000000,4.270000000000,-3.795000000000,-3.820000000000,0.355000000000,-0.025000000000,True,30,25,AVAILABLE,AVAILABLE,2026-02-10T15:30:00Z,2026-02-10T15:35:00Z,AMBIGUOUS_SAME_BAR,2026-02-10T15:30:00Z,2026-02-10T15:30:00Z,ADVERSE_FIRST,2026-02-10T15:31:00Z,2026-02-10T15:30:00Z,ADVERSE_FIRST,,2026-02-10T15:30:00Z,ADVERSE_FIRST,,2026-02-10T15:30:00Z,FAVORABLE_FIRST,2026-02-10T15:31:00Z,2026-02-10T15:36:00Z,ADVERSE_FIRST,,2026-02-10T15:36:00Z,ADVERSE_FIRST,,2026-02-10T15:36:00Z,ADVERSE_FIRST,,2026-02-10T15:36:00Z,ADVERSE_FIRST,,2026-02-10T15:36:00Z,ADVERSE_FIRST,2026-02-10T15:47:00Z,2026-02-10T15:36:00Z,ADVERSE_FIRST,,2026-02-10T15:36:00Z,ADVERSE_FIRST,,2026-02-10T15:36:00Z,ADVERSE_FIRST,,2026-02-10T15:36:00Z,ADVERSE_FIRST,,2026-02-10T15:36:00Z,ADVERSE_FIRST,,2026-02-10T15:36:00Z,ADVERSE_FIRST,,2026-02-10T15:36:00Z,ADVERSE_FIRST,,2026-02-10T15:36:00Z,ADVERSE_FIRST,,2026-02-10T15:36:00Z
SPY:2026-02-10:SHORT:2026-02-10T16:20:00+00:00:v1,2026-02-10,SHORT,694.530000000000,694.770000000000,-0.240000000000,2026-02-10T16:25:00Z,2026-02-10T16:30:00Z,5,BETTER,2.870000000000,3.110000000000,1.270000000000,1.030000000000,2.420000000000,2.660000000000,-0.240000000000,0.240000000000,True,15,10,AVAILABLE,AVAILABLE,2026-02-10T16:25:00Z,2026-02-10T16:30:00Z,ADVERSE_FIRST,2026-02-10T17:03:00Z,2026-02-10T16:26:00Z,ADVERSE_FIRST,2026-02-10T18:16:00Z,2026-02-10T16:26:00Z,ADVERSE_FIRST,2026-02-10T18:20:00Z,2026-02-10T16:26:00Z,ADVERSE_FIRST,2026-02-10T18:27:00Z,2026-02-10T16:26:00Z,ADVERSE_FIRST,2026-02-10T18:16:00Z,2026-02-10T16:26:00Z,ADVERSE_FIRST,2026-02-10T18:20:00Z,2026-02-10T16:26:00Z,ADVERSE_FIRST,2026-02-10T18:27:00Z,2026-02-10T16:26:00Z,ADVERSE_FIRST,2026-02-10T18:34:00Z,2026-02-10T16:26:00Z,ADVERSE_FIRST,2026-02-10T20:52:00Z,2026-02-10T16:26:00Z,FAVORABLE_FIRST,2026-02-10T16:34:00Z,2026-02-10T16:42:00Z,ADVERSE_FIRST,2026-02-10T17:04:00Z,2026-02-10T16:42:00Z,ADVERSE_FIRST,2026-02-10T18:16:00Z,2026-02-10T16:42:00Z,ADVERSE_FIRST,2026-02-10T18:20:00Z,2026-02-10T16:42:00Z,ADVERSE_FIRST,2026-02-10T17:04:00Z,2026-02-10T16:42:00Z,ADVERSE_FIRST,2026-02-10T18:16:00Z,2026-02-10T16:42:00Z,ADVERSE_FIRST,2026-02-10T18:20:00Z,2026-02-10T16:42:00Z,ADVERSE_FIRST,2026-02-10T18:33:00Z,2026-02-10T16:42:00Z,ADVERSE_FIRST,2026-02-10T20:50:00Z,2026-02-10T16:42:00Z
SPY:2026-02-10:SHORT:2026-02-10T16:40:00+00:00:v1,2026-02-10,SHORT,694.650000000000,694.640000000000,0.010000000000,2026-02-10T16:45:00Z,2026-02-10T16:50:00Z,5,UNCHANGED_WITHIN_ONE_CENT,2.990000000000,2.980000000000,1.150000000000,1.160000000000,2.540000000000,2.530000000000,0.010000000000,-0.010000000000,True,10,5,AVAILABLE,AVAILABLE,2026-02-10T16:45:00Z,2026-02-10T16:50:00Z,ADVERSE_FIRST,2026-02-10T16:50:00Z,2026-02-10T16:45:00Z,ADVERSE_FIRST,2026-02-10T18:16:00Z,2026-02-10T16:45:00Z,ADVERSE_FIRST,2026-02-10T18:19:00Z,2026-02-10T16:45:00Z,ADVERSE_FIRST,2026-02-10T18:27:00Z,2026-02-10T16:45:00Z,ADVERSE_FIRST,2026-02-10T18:16:00Z,2026-02-10T16:45:00Z,ADVERSE_FIRST,2026-02-10T18:19:00Z,2026-02-10T16:45:00Z,ADVERSE_FIRST,2026-02-10T18:27:00Z,2026-02-10T16:45:00Z,ADVERSE_FIRST,2026-02-10T18:34:00Z,2026-02-10T16:45:00Z,ADVERSE_FIRST,2026-02-10T20:50:00Z,2026-02-10T16:45:00Z,FAVORABLE_FIRST,2026-02-10T16:50:00Z,2026-02-10T16:54:00Z,ADVERSE_FIRST,2026-02-10T18:16:00Z,2026-02-10T16:54:00Z,ADVERSE_FIRST,2026-02-10T18:19:00Z,2026-02-10T16:54:00Z,ADVERSE_FIRST,2026-02-10T18:27:00Z,2026-02-10T16:54:00Z,ADVERSE_FIRST,2026-02-10T18:16:00Z,2026-02-10T16:56:00Z,ADVERSE_FIRST,2026-02-10T18:19:00Z,2026-02-10T16:56:00Z,ADVERSE_FIRST,2026-02-10T18:27:00Z,2026-02-10T16:56:00Z,ADVERSE_FIRST,2026-02-10T18:34:00Z,2026-02-10T16:56:00Z,ADVERSE_FIRST,2026-02-10T20:50:00Z,2026-02-10T16:56:00Z
SPY:2026-02-10:SHORT:2026-02-10T16:55:00+00:00:v1,2026-02-10,SHORT,694.755000000000,694.480000000000,0.275000000000,2026-02-10T17:00:00Z,2026-02-10T17:05:00Z,5,WORSE,3.095000000000,2.820000000000,1.045000000000,1.320000000000,2.645000000000,2.370000000000,0.275000000000,-0.275000000000,True,10,5,AVAILABLE,AVAILABLE,2026-02-10T17:00:00Z,2026-02-10T17:05:00Z,FAVORABLE_FIRST,2026-02-10T17:01:00Z,2026-02-10T17:08:00Z,FAVORABLE_FIRST,2026-02-10T17:04:00Z,2026-02-10T17:08:00Z,ADVERSE_FIRST,2026-02-10T18:16:00Z,2026-02-10T17:08:00Z,ADVERSE_FIRST,2026-02-10T18:20:00Z,2026-02-10T17:08:00Z,FAVORABLE_FIRST,2026-02-10T17:04:00Z,2026-02-10T17:08:00Z,ADVERSE_FIRST,2026-02-10T18:16:00Z,2026-02-10T17:08:00Z,ADVERSE_FIRST,2026-02-10T18:20:00Z,2026-02-10T17:08:00Z,ADVERSE_FIRST,2026-02-10T18:34:00Z,2026-02-10T17:08:00Z,ADVERSE_FIRST,2026-02-10T20:50:00Z,2026-02-10T17:08:00Z,ADVERSE_FIRST,2026-02-10T18:16:00Z,2026-02-10T17:06:00Z,ADVERSE_FIRST,2026-02-10T18:16:00Z,2026-02-10T17:06:00Z,ADVERSE_FIRST,2026-02-10T18:20:00Z,2026-02-10T17:06:00Z,ADVERSE_FIRST,2026-02-10T18:29:00Z,2026-02-10T17:06:00Z,ADVERSE_FIRST,2026-02-10T18:16:00Z,2026-02-10T17:06:00Z,ADVERSE_FIRST,2026-02-10T18:20:00Z,2026-02-10T17:06:00Z,ADVERSE_FIRST,2026-02-10T18:29:00Z,2026-02-10T17:06:00Z,ADVERSE_FIRST,2026-02-10T18:51:00Z,2026-02-10T17:06:00Z,ADVERSE_FIRST,2026-02-10T20:52:00Z,2026-02-10T17:06:00Z
SPY:2026-02-10:SHORT:2026-02-10T18:10:00+00:00:v1,2026-02-10,SHORT,694.580000000000,694.100000000000,0.480000000000,2026-02-10T18:15:00Z,2026-02-10T18:20:00Z,5,WORSE,2.920000000000,2.440000000000,0.090000000000,0.320000000000,2.470000000000,1.990000000000,0.480000000000,-0.230000000000,True,,,AVAILABLE,AVAILABLE,2026-02-10T18:15:00Z,2026-02-10T18:20:00Z,FAVORABLE_FIRST,2026-02-10T18:16:00Z,,FAVORABLE_FIRST,2026-02-10T18:16:00Z,,FAVORABLE_FIRST,2026-02-10T18:20:00Z,,FAVORABLE_FIRST,2026-02-10T18:27:00Z,,FAVORABLE_FIRST,2026-02-10T18:16:00Z,,FAVORABLE_FIRST,2026-02-10T18:20:00Z,,FAVORABLE_FIRST,2026-02-10T18:27:00Z,,FAVORABLE_FIRST,2026-02-10T18:34:00Z,,FAVORABLE_FIRST,2026-02-10T20:52:00Z,,FAVORABLE_FIRST,2026-02-10T18:20:00Z,2026-02-10T18:23:00Z,ADVERSE_FIRST,2026-02-10T18:27:00Z,2026-02-10T18:23:00Z,ADVERSE_FIRST,2026-02-10T18:31:00Z,2026-02-10T18:23:00Z,ADVERSE_FIRST,2026-02-10T18:34:00Z,2026-02-10T18:23:00Z,ADVERSE_FIRST,2026-02-10T18:27:00Z,2026-02-10T18:23:00Z,ADVERSE_FIRST,2026-02-10T18:31:00Z,2026-02-10T18:23:00Z,ADVERSE_FIRST,2026-02-10T18:34:00Z,2026-02-10T18:23:00Z,ADVERSE_FIRST,2026-02-10T20:52:00Z,2026-02-10T18:23:00Z,ADVERSE_FIRST,2026-02-10T20:55:00Z,2026-02-10T18:23:00Z
SPY:2026-02-11:SHORT:2026-02-11T14:35:00+00:00:v1,2026-02-11,SHORT,695.310000000000,695.420000000000,-0.110000000000,2026-02-11T14:40:00Z,2026-02-11T14:45:00Z,5,BETTER,6.130000000000,6.240000000000,1.070000000000,0.960000000000,3.400000000000,3.510000000000,-0.110000000000,0.110000000000,True,,,AVAILABLE,AVAILABLE,2026-02-11T14:40:00Z,2026-02-11T14:45:00Z,ADVERSE_FIRST,2026-02-11T14:50:00Z,2026-02-11T14:40:00Z,ADVERSE_FIRST,2026-02-11T14:56:00Z,2026-02-11T14:40:00Z,ADVERSE_FIRST,2026-02-11T14:56:00Z,2026-02-11T14:40:00Z,ADVERSE_FIRST,2026-02-11T14:57:00Z,2026-02-11T14:40:00Z,ADVERSE_FIRST,2026-02-11T14:56:00Z,2026-02-11T14:40:00Z,ADVERSE_FIRST,2026-02-11T14:56:00Z,2026-02-11T14:40:00Z,ADVERSE_FIRST,2026-02-11T14:57:00Z,2026-02-11T14:40:00Z,ADVERSE_FIRST,2026-02-11T14:59:00Z,2026-02-11T14:40:00Z,ADVERSE_FIRST,2026-02-11T15:05:00Z,2026-02-11T14:40:00Z,ADVERSE_FIRST,2026-02-11T14:50:00Z,2026-02-11T14:45:00Z,ADVERSE_FIRST,2026-02-11T14:53:00Z,2026-02-11T14:45:00Z,ADVERSE_FIRST,2026-02-11T14:56:00Z,2026-02-11T14:45:00Z,ADVERSE_FIRST,2026-02-11T14:57:00Z,2026-02-11T14:45:00Z,ADVERSE_FIRST,2026-02-11T14:53:00Z,2026-02-11T14:45:00Z,ADVERSE_FIRST,2026-02-11T14:56:00Z,2026-02-11T14:45:00Z,ADVERSE_FIRST,2026-02-11T14:57:00Z,2026-02-11T14:45:00Z,ADVERSE_FIRST,2026-02-11T14:57:00Z,2026-02-11T14:45:00Z,ADVERSE_FIRST,2026-02-11T15:05:00Z,2026-02-11T14:45:00Z
SPY:2026-02-12:SHORT:2026-02-12T14:44:00+00:00:v1,2026-02-12,SHORT,694.030000000000,693.320000000000,0.710000000000,2026-02-12T14:45:00Z,2026-02-12T14:50:00Z,5,WORSE,13.660000000000,12.950000000000,0.320000000000,0.670000000000,12.740000000000,12.030000000000,0.710000000000,-0.350000000000,True,,,AVAILABLE,AVAILABLE,2026-02-12T14:45:00Z,2026-02-12T14:50:00Z,AMBIGUOUS_SAME_BAR,2026-02-12T14:45:00Z,2026-02-12T14:45:00Z,ADVERSE_FIRST,2026-02-12T14:46:00Z,2026-02-12T14:45:00Z,ADVERSE_FIRST,2026-02-12T14:49:00Z,2026-02-12T14:45:00Z,ADVERSE_FIRST,2026-02-12T14:56:00Z,2026-02-12T14:45:00Z,ADVERSE_FIRST,2026-02-12T14:46:00Z,2026-02-12T14:45:00Z,ADVERSE_FIRST,2026-02-12T14:49:00Z,2026-02-12T14:45:00Z,ADVERSE_FIRST,2026-02-12T14:56:00Z,2026-02-12T14:45:00Z,ADVERSE_FIRST,2026-02-12T14:58:00Z,2026-02-12T14:45:00Z,ADVERSE_FIRST,2026-02-12T15:34:00Z,2026-02-12T14:45:00Z,AMBIGUOUS_SAME_BAR,2026-02-12T14:50:00Z,2026-02-12T14:50:00Z,ADVERSE_FIRST,2026-02-12T14:57:00Z,2026-02-12T14:50:00Z,ADVERSE_FIRST,2026-02-12T14:58:00Z,2026-02-12T14:50:00Z,ADVERSE_FIRST,2026-02-12T14:59:00Z,2026-02-12T14:50:00Z,ADVERSE_FIRST,2026-02-12T14:57:00Z,2026-02-12T14:50:00Z,ADVERSE_FIRST,2026-02-12T14:58:00Z,2026-02-12T14:50:00Z,ADVERSE_FIRST,2026-02-12T14:59:00Z,2026-02-12T14:50:00Z,ADVERSE_FIRST,2026-02-12T15:36:00Z,2026-02-12T14:50:00Z,ADVERSE_FIRST,2026-02-12T15:38:00Z,2026-02-12T14:50:00Z
SPY:2026-02-13:SHORT:2026-02-13T14:35:00+00:00:v1,2026-02-13,SHORT,679.830000000000,680.465000000000,-0.635000000000,2026-02-13T14:40:00Z,2026-02-13T14:45:00Z,5,BETTER,2.310000000000,0.905000000000,6.450000000000,5.815000000000,-1.800000000000,-1.165000000000,1.405000000000,0.635000000000,True,10,5,AVAILABLE,AVAILABLE,2026-02-13T14:40:00Z,2026-02-13T14:45:00Z,FAVORABLE_FIRST,2026-02-13T14:40:00Z,2026-02-13T14:44:00Z,FAVORABLE_FIRST,2026-02-13T14:40:00Z,2026-02-13T14:44:00Z,FAVORABLE_FIRST,2026-02-13T14:40:00Z,2026-02-13T14:44:00Z,FAVORABLE_FIRST,2026-02-13T14:40:00Z,2026-02-13T14:44:00Z,FAVORABLE_FIRST,2026-02-13T14:40:00Z,2026-02-13T14:44:00Z,FAVORABLE_FIRST,2026-02-13T14:40:00Z,2026-02-13T14:44:00Z,FAVORABLE_FIRST,2026-02-13T14:40:00Z,2026-02-13T14:44:00Z,FAVORABLE_FIRST,2026-02-13T14:41:00Z,2026-02-13T14:44:00Z,FAVORABLE_FIRST,2026-02-13T14:42:00Z,2026-02-13T14:44:00Z,ADVERSE_FIRST,2026-02-13T14:50:00Z,2026-02-13T14:45:00Z,ADVERSE_FIRST,2026-02-13T14:50:00Z,2026-02-13T14:45:00Z,ADVERSE_FIRST,2026-02-13T14:57:00Z,2026-02-13T14:45:00Z,ADVERSE_FIRST,,2026-02-13T14:45:00Z,ADVERSE_FIRST,2026-02-13T14:50:00Z,2026-02-13T14:45:00Z,ADVERSE_FIRST,2026-02-13T14:57:00Z,2026-02-13T14:45:00Z,ADVERSE_FIRST,,2026-02-13T14:45:00Z,ADVERSE_FIRST,,2026-02-13T14:45:00Z,ADVERSE_FIRST,,2026-02-13T14:45:00Z
SPY:2026-02-13:SHORT:2026-02-13T14:50:00+00:00:v1,2026-02-13,SHORT,680.470000000000,679.910000000000,0.560000000000,2026-02-13T14:55:00Z,2026-02-13T15:00:00Z,5,WORSE,0.910000000000,0.133200000000,5.810000000000,6.370000000000,-1.160000000000,-1.720000000000,0.776800000000,-0.560000000000,True,10,5,AVAILABLE,AVAILABLE,2026-02-13T14:55:00Z,2026-02-13T15:00:00Z,ADVERSE_FIRST,2026-02-13T14:56:00Z,2026-02-13T14:55:00Z,ADVERSE_FIRST,2026-02-13T14:56:00Z,2026-02-13T14:55:00Z,ADVERSE_FIRST,2026-02-13T14:57:00Z,2026-02-13T14:55:00Z,ADVERSE_FIRST,,2026-02-13T14:55:00Z,ADVERSE_FIRST,2026-02-13T14:56:00Z,2026-02-13T14:55:00Z,ADVERSE_FIRST,2026-02-13T14:57:00Z,2026-02-13T14:55:00Z,ADVERSE_FIRST,,2026-02-13T14:55:00Z,ADVERSE_FIRST,,2026-02-13T14:55:00Z,ADVERSE_FIRST,,2026-02-13T14:55:00Z,ADVERSE_FIRST,,2026-02-13T15:00:00Z,ADVERSE_FIRST,,2026-02-13T15:00:00Z,ADVERSE_FIRST,,2026-02-13T15:00:00Z,ADVERSE_FIRST,,2026-02-13T15:00:00Z,ADVERSE_FIRST,,2026-02-13T15:00:00Z,ADVERSE_FIRST,,2026-02-13T15:00:00Z,ADVERSE_FIRST,,2026-02-13T15:00:00Z,ADVERSE_FIRST,,2026-02-13T15:00:00Z,ADVERSE_FIRST,,2026-02-13T15:00:00Z
SPY:2026-02-13:LONG:2026-02-13T15:27:00+00:00:v1,2026-02-13,LONG,682.940000000000,684.100000000000,1.160000000000,2026-02-13T15:30:00Z,2026-02-13T15:35:00Z,5,WORSE,3.340000000000,2.180000000000,3.130000000000,4.290000000000,-1.310000000000,-2.470000000000,1.160000000000,-1.160000000000,True,15,10,AVAILABLE,AVAILABLE,2026-02-13T15:30:00Z,2026-02-13T15:35:00Z,FAVORABLE_FIRST,2026-02-13T15:30:00Z,2026-02-13T15:40:00Z,FAVORABLE_FIRST,2026-02-13T15:30:00Z,2026-02-13T15:40:00Z,FAVORABLE_FIRST,2026-02-13T15:30:00Z,2026-02-13T15:40:00Z,FAVORABLE_FIRST,2026-02-13T15:32:00Z,2026-02-13T15:40:00Z,FAVORABLE_FIRST,2026-02-13T15:30:00Z,2026-02-13T15:40:00Z,FAVORABLE_FIRST,2026-02-13T15:30:00Z,2026-02-13T15:40:00Z,FAVORABLE_FIRST,2026-02-13T15:32:00Z,2026-02-13T15:40:00Z,FAVORABLE_FIRST,2026-02-13T15:33:00Z,2026-02-13T15:40:00Z,ADVERSE_FIRST,2026-02-13T16:46:00Z,2026-02-13T15:40:00Z,AMBIGUOUS_SAME_BAR,2026-02-13T15:35:00Z,2026-02-13T15:35:00Z,ADVERSE_FIRST,2026-02-13T16:43:00Z,2026-02-13T15:35:00Z,ADVERSE_FIRST,2026-02-13T16:45:00Z,2026-02-13T15:35:00Z,ADVERSE_FIRST,2026-02-13T16:55:00Z,2026-02-13T15:35:00Z,ADVERSE_FIRST,2026-02-13T16:43:00Z,2026-02-13T15:38:00Z,ADVERSE_FIRST,2026-02-13T16:45:00Z,2026-02-13T15:38:00Z,ADVERSE_FIRST,2026-02-13T16:55:00Z,2026-02-13T15:38:00Z,ADVERSE_FIRST,2026-02-13T17:06:00Z,2026-02-13T15:38:00Z,ADVERSE_FIRST,2026-02-13T17:41:00Z,2026-02-13T15:38:00Z
SPY:2026-02-13:LONG:2026-02-13T15:51:00+00:00:v1,2026-02-13,LONG,682.610000000000,682.520000000000,-0.090000000000,2026-02-13T15:55:00Z,2026-02-13T16:00:00Z,5,BETTER,3.670000000000,3.760000000000,2.800000000000,2.710000000000,-0.980000000000,-0.890000000000,-0.090000000000,0.090000000000,True,30,25,AVAILABLE,AVAILABLE,2026-02-13T15:55:00Z,2026-02-13T16:00:00Z,FAVORABLE_FIRST,2026-02-13T15:55:00Z,2026-02-13T15:56:00Z,FAVORABLE_FIRST,2026-02-13T15:55:00Z,2026-02-13T15:56:00Z,ADVERSE_FIRST,2026-02-13T16:02:00Z,2026-02-13T15:56:00Z,ADVERSE_FIRST,2026-02-13T16:05:00Z,2026-02-13T15:56:00Z,FAVORABLE_FIRST,2026-02-13T15:55:00Z,2026-02-13T15:56:00Z,ADVERSE_FIRST,2026-02-13T16:02:00Z,2026-02-13T15:56:00Z,ADVERSE_FIRST,2026-02-13T16:05:00Z,2026-02-13T15:56:00Z,ADVERSE_FIRST,2026-02-13T16:06:00Z,2026-02-13T15:56:00Z,ADVERSE_FIRST,2026-02-13T16:43:00Z,2026-02-13T15:56:00Z,FAVORABLE_FIRST,2026-02-13T16:00:00Z,2026-02-13T16:23:00Z,FAVORABLE_FIRST,2026-02-13T16:01:00Z,2026-02-13T16:23:00Z,FAVORABLE_FIRST,2026-02-13T16:02:00Z,2026-02-13T16:23:00Z,FAVORABLE_FIRST,2026-02-13T16:05:00Z,2026-02-13T16:23:00Z,FAVORABLE_FIRST,2026-02-13T16:01:00Z,2026-02-13T16:23:00Z,FAVORABLE_FIRST,2026-02-13T16:02:00Z,2026-02-13T16:23:00Z,FAVORABLE_FIRST,2026-02-13T16:05:00Z,2026-02-13T16:23:00Z,FAVORABLE_FIRST,2026-02-13T16:06:00Z,2026-02-13T16:23:00Z,ADVERSE_FIRST,2026-02-13T16:40:00Z,2026-02-13T16:23:00Z
SPY:2026-02-13:LONG:2026-02-13T16:25:00+00:00:v1,2026-02-13,LONG,683.810000000000,683.890000000000,0.080000000000,2026-02-13T16:30:00Z,2026-02-13T16:35:00Z,5,WORSE,2.470000000000,2.390000000000,4.000000000000,4.080000000000,-2.180000000000,-2.260000000000,0.080000000000,-0.080000000000,True,210,205,AVAILABLE,AVAILABLE,2026-02-13T16:30:00Z,2026-02-13T16:35:00Z,ADVERSE_FIRST,2026-02-13T16:32:00Z,2026-02-13T16:31:00Z,ADVERSE_FIRST,2026-02-13T16:39:00Z,2026-02-13T16:31:00Z,ADVERSE_FIRST,2026-02-13T16:43:00Z,2026-02-13T16:31:00Z,ADVERSE_FIRST,2026-02-13T16:45:00Z,2026-02-13T16:31:00Z,ADVERSE_FIRST,2026-02-13T16:39:00Z,2026-02-13T16:31:00Z,ADVERSE_FIRST,2026-02-13T16:43:00Z,2026-02-13T16:31:00Z,ADVERSE_FIRST,2026-02-13T16:45:00Z,2026-02-13T16:31:00Z,ADVERSE_FIRST,2026-02-13T16:56:00Z,2026-02-13T16:31:00Z,ADVERSE_FIRST,2026-02-13T17:14:00Z,2026-02-13T16:31:00Z,AMBIGUOUS_SAME_BAR,2026-02-13T16:37:00Z,2026-02-13T16:37:00Z,ADVERSE_FIRST,2026-02-13T16:39:00Z,2026-02-13T16:37:00Z,ADVERSE_FIRST,2026-02-13T16:45:00Z,2026-02-13T16:37:00Z,ADVERSE_FIRST,2026-02-13T16:46:00Z,2026-02-13T16:37:00Z,ADVERSE_FIRST,2026-02-13T16:39:00Z,2026-02-13T16:37:00Z,ADVERSE_FIRST,2026-02-13T16:45:00Z,2026-02-13T16:37:00Z,ADVERSE_FIRST,2026-02-13T16:46:00Z,2026-02-13T16:37:00Z,ADVERSE_FIRST,2026-02-13T16:56:00Z,2026-02-13T16:37:00Z,ADVERSE_FIRST,2026-02-13T17:14:00Z,2026-02-13T16:37:00Z
SPY:2026-02-13:LONG:2026-02-13T20:00:00+00:00:v1,2026-02-13,LONG,683.120100000000,683.140000000000,0.019900000000,2026-02-13T20:05:00Z,2026-02-13T20:10:00Z,5,WORSE,0.139900000000,0,3.310100000000,3.330000000000,-1.490100000000,-1.510000000000,0.139900000000,-0.019900000000,True,10,5,AVAILABLE,AVAILABLE,2026-02-13T20:05:00Z,2026-02-13T20:10:00Z,ADVERSE_FIRST,,2026-02-13T20:08:00Z,ADVERSE_FIRST,,2026-02-13T20:08:00Z,ADVERSE_FIRST,,2026-02-13T20:08:00Z,ADVERSE_FIRST,,2026-02-13T20:08:00Z,ADVERSE_FIRST,,2026-02-13T20:08:00Z,ADVERSE_FIRST,,2026-02-13T20:08:00Z,ADVERSE_FIRST,,2026-02-13T20:08:00Z,ADVERSE_FIRST,,2026-02-13T20:08:00Z,ADVERSE_FIRST,,2026-02-13T20:08:00Z,ADVERSE_FIRST,,2026-02-13T20:10:00Z,ADVERSE_FIRST,,2026-02-13T20:10:00Z,ADVERSE_FIRST,,2026-02-13T20:10:00Z,ADVERSE_FIRST,,2026-02-13T20:10:00Z,ADVERSE_FIRST,,2026-02-13T20:10:00Z,ADVERSE_FIRST,,2026-02-13T20:10:00Z,ADVERSE_FIRST,,2026-02-13T20:10:00Z,ADVERSE_FIRST,,2026-02-13T20:10:00Z,ADVERSE_FIRST,,2026-02-13T20:10:00Z
SPY:2026-02-13:SHORT:2026-02-13T20:27:00+00:00:v1,2026-02-13,SHORT,680.640000000000,680.250000000000,0.390000000000,2026-02-13T20:30:00Z,2026-02-13T20:35:00Z,5,WORSE,0.830000000000,0.440000000000,1.200000000000,1.590000000000,-0.990000000000,-1.380000000000,0.390000000000,-0.390000000000,True,20,15,AVAILABLE,AVAILABLE,2026-02-13T20:30:00Z,2026-02-13T20:35:00Z,FAVORABLE_FIRST,2026-02-13T20:30:00Z,2026-02-13T20:31:00Z,ADVERSE_FIRST,2026-02-13T20:35:00Z,2026-02-13T20:31:00Z,ADVERSE_FIRST,2026-02-13T20:43:00Z,2026-02-13T20:31:00Z,ADVERSE_FIRST,,2026-02-13T20:31:00Z,ADVERSE_FIRST,2026-02-13T20:35:00Z,2026-02-13T20:31:00Z,ADVERSE_FIRST,2026-02-13T20:43:00Z,2026-02-13T20:31:00Z,ADVERSE_FIRST,,2026-02-13T20:31:00Z,ADVERSE_FIRST,,2026-02-13T20:31:00Z,ADVERSE_FIRST,,2026-02-13T20:31:00Z,ADVERSE_FIRST,2026-02-13T20:42:00Z,2026-02-13T20:35:00Z,ADVERSE_FIRST,,2026-02-13T20:35:00Z,ADVERSE_FIRST,,2026-02-13T20:35:00Z,ADVERSE_FIRST,,2026-02-13T20:35:00Z,ADVERSE_FIRST,,2026-02-13T20:35:00Z,ADVERSE_FIRST,,2026-02-13T20:35:00Z,ADVERSE_FIRST,,2026-02-13T20:35:00Z,ADVERSE_FIRST,,2026-02-13T20:35:00Z,ADVERSE_FIRST,,2026-02-13T20:35:00Z
SPY:2026-02-17:SHORT:2026-02-17T14:50:00+00:00:v1,2026-02-17,SHORT,677.840000000000,676.620000000000,1.220000000000,2026-02-17T14:55:00Z,2026-02-17T15:00:00Z,5,WORSE,2.060000000000,0.840000000000,7.100000000000,8.320000000000,-4.940000000000,-6.160000000000,1.220000000000,-1.220000000000,True,75,70,AVAILABLE,AVAILABLE,2026-02-17T14:55:00Z,2026-02-17T15:00:00Z,FAVORABLE_FIRST,2026-02-17T14:55:00Z,2026-02-17T15:03:00Z,FAVORABLE_FIRST,2026-02-17T14:55:00Z,2026-02-17T15:03:00Z,FAVORABLE_FIRST,2026-02-17T14:56:00Z,2026-02-17T15:03:00Z,FAVORABLE_FIRST,2026-02-17T14:59:00Z,2026-02-17T15:03:00Z,FAVORABLE_FIRST,2026-02-17T14:55:00Z,2026-02-17T15:03:00Z,FAVORABLE_FIRST,2026-02-17T14:56:00Z,2026-02-17T15:03:00Z,FAVORABLE_FIRST,2026-02-17T14:59:00Z,2026-02-17T15:03:00Z,FAVORABLE_FIRST,2026-02-17T15:00:00Z,2026-02-17T15:03:00Z,ADVERSE_FIRST,2026-02-17T15:33:00Z,2026-02-17T15:03:00Z,AMBIGUOUS_SAME_BAR,2026-02-17T15:00:00Z,2026-02-17T15:00:00Z,ADVERSE_FIRST,2026-02-17T15:33:00Z,2026-02-17T15:00:00Z,ADVERSE_FIRST,2026-02-17T15:33:00Z,2026-02-17T15:00:00Z,ADVERSE_FIRST,,2026-02-17T15:00:00Z,ADVERSE_FIRST,2026-02-17T15:33:00Z,2026-02-17T15:01:00Z,ADVERSE_FIRST,2026-02-17T15:33:00Z,2026-02-17T15:01:00Z,ADVERSE_FIRST,,2026-02-17T15:01:00Z,ADVERSE_FIRST,,2026-02-17T15:01:00Z,ADVERSE_FIRST,,2026-02-17T15:01:00Z
SPY:2026-02-17:LONG:2026-02-17T16:12:00+00:00:v1,2026-02-17,LONG,682.320000000000,682.720000000000,0.400000000000,2026-02-17T16:15:00Z,2026-02-17T16:20:00Z,5,WORSE,2.620000000000,2.220000000000,3.170000000000,3.570000000000,0.460000000000,0.060000000000,0.400000000000,-0.400000000000,True,15,10,AVAILABLE,AVAILABLE,2026-02-17T16:15:00Z,2026-02-17T16:20:00Z,ADVERSE_FIRST,2026-02-17T16:19:00Z,2026-02-17T16:15:00Z,ADVERSE_FIRST,2026-02-17T16:19:00Z,2026-02-17T16:15:00Z,ADVERSE_FIRST,2026-02-17T16:23:00Z,2026-02-17T16:15:00Z,ADVERSE_FIRST,2026-02-17T18:39:00Z,2026-02-17T16:15:00Z,ADVERSE_FIRST,2026-02-17T16:19:00Z,2026-02-17T16:16:00Z,ADVERSE_FIRST,2026-02-17T16:23:00Z,2026-02-17T16:16:00Z,ADVERSE_FIRST,2026-02-17T18:39:00Z,2026-02-17T16:16:00Z,ADVERSE_FIRST,2026-02-17T18:40:00Z,2026-02-17T16:16:00Z,ADVERSE_FIRST,2026-02-17T18:54:00Z,2026-02-17T16:16:00Z,ADVERSE_FIRST,2026-02-17T16:23:00Z,2026-02-17T16:20:00Z,ADVERSE_FIRST,2026-02-17T16:23:00Z,2026-02-17T16:20:00Z,ADVERSE_FIRST,2026-02-17T18:40:00Z,2026-02-17T16:20:00Z,ADVERSE_FIRST,2026-02-17T18:40:00Z,2026-02-17T16:20:00Z,ADVERSE_FIRST,2026-02-17T16:23:00Z,2026-02-17T16:20:00Z,ADVERSE_FIRST,2026-02-17T18:40:00Z,2026-02-17T16:20:00Z,ADVERSE_FIRST,2026-02-17T18:40:00Z,2026-02-17T16:20:00Z,ADVERSE_FIRST,2026-02-17T18:52:00Z,2026-02-17T16:20:00Z,ADVERSE_FIRST,2026-02-17T19:35:00Z,2026-02-17T16:20:00Z
SPY:2026-02-17:LONG:2026-02-17T16:50:00+00:00:v1,2026-02-17,LONG,682.440000000000,682.420000000000,-0.020000000000,2026-02-17T16:55:00Z,2026-02-17T17:00:00Z,5,BETTER,2.500000000000,2.520000000000,3.290000000000,3.270000000000,0.340000000000,0.360000000000,-0.020000000000,0.020000000000,True,10,5,AVAILABLE,AVAILABLE,2026-02-17T16:55:00Z,2026-02-17T17:00:00Z,FAVORABLE_FIRST,2026-02-17T16:55:00Z,2026-02-17T16:57:00Z,FAVORABLE_FIRST,2026-02-17T16:55:00Z,2026-02-17T16:57:00Z,ADVERSE_FIRST,2026-02-17T18:38:00Z,2026-02-17T16:57:00Z,ADVERSE_FIRST,2026-02-17T18:40:00Z,2026-02-17T16:57:00Z,FAVORABLE_FIRST,2026-02-17T16:55:00Z,2026-02-17T16:57:00Z,ADVERSE_FIRST,2026-02-17T18:38:00Z,2026-02-17T16:57:00Z,ADVERSE_FIRST,2026-02-17T18:40:00Z,2026-02-17T16:57:00Z,ADVERSE_FIRST,2026-02-17T18:40:00Z,2026-02-17T16:57:00Z,ADVERSE_FIRST,2026-02-17T18:55:00Z,2026-02-17T16:57:00Z,ADVERSE_FIRST,2026-02-17T18:30:00Z,2026-02-17T17:00:00Z,ADVERSE_FIRST,2026-02-17T18:34:00Z,2026-02-17T17:00:00Z,ADVERSE_FIRST,2026-02-17T18:38:00Z,2026-02-17T17:00:00Z,ADVERSE_FIRST,2026-02-17T18:40:00Z,2026-02-17T17:00:00Z,ADVERSE_FIRST,2026-02-17T18:34:00Z,2026-02-17T17:00:00Z,ADVERSE_FIRST,2026-02-17T18:38:00Z,2026-02-17T17:00:00Z,ADVERSE_FIRST,2026-02-17T18:40:00Z,2026-02-17T17:00:00Z,ADVERSE_FIRST,2026-02-17T18:40:00Z,2026-02-17T17:00:00Z,ADVERSE_FIRST,2026-02-17T18:55:00Z,2026-02-17T17:00:00Z
SPY:2026-02-17:LONG:2026-02-17T18:22:00+00:00:v1,2026-02-17,LONG,682.040000000000,682.400000000000,0.360000000000,2026-02-17T18:25:00Z,2026-02-17T18:30:00Z,5,WORSE,2.900000000000,2.540000000000,0.580000000000,0.470000000000,0.740000000000,0.380000000000,0.360000000000,0.110000000000,True,,,AVAILABLE,AVAILABLE,2026-02-17T18:25:00Z,2026-02-17T18:30:00Z,ADVERSE_FIRST,2026-02-17T18:28:00Z,2026-02-17T18:25:00Z,ADVERSE_FIRST,2026-02-17T18:30:00Z,2026-02-17T18:25:00Z,ADVERSE_FIRST,2026-02-17T18:33:00Z,2026-02-17T18:25:00Z,ADVERSE_FIRST,2026-02-17T18:37:00Z,2026-02-17T18:25:00Z,ADVERSE_FIRST,2026-02-17T18:30:00Z,2026-02-17T18:25:00Z,ADVERSE_FIRST,2026-02-17T18:33:00Z,2026-02-17T18:25:00Z,ADVERSE_FIRST,2026-02-17T18:37:00Z,2026-02-17T18:25:00Z,ADVERSE_FIRST,2026-02-17T18:40:00Z,2026-02-17T18:25:00Z,ADVERSE_FIRST,2026-02-17T18:40:00Z,2026-02-17T18:25:00Z,AMBIGUOUS_SAME_BAR,2026-02-17T18:30:00Z,2026-02-17T18:30:00Z,ADVERSE_FIRST,2026-02-17T18:34:00Z,2026-02-17T18:30:00Z,ADVERSE_FIRST,2026-02-17T18:38:00Z,2026-02-17T18:30:00Z,ADVERSE_FIRST,2026-02-17T18:40:00Z,2026-02-17T18:30:00Z,ADVERSE_FIRST,2026-02-17T18:34:00Z,2026-02-17T18:30:00Z,ADVERSE_FIRST,2026-02-17T18:38:00Z,2026-02-17T18:30:00Z,ADVERSE_FIRST,2026-02-17T18:40:00Z,2026-02-17T18:30:00Z,ADVERSE_FIRST,2026-02-17T18:40:00Z,2026-02-17T18:30:00Z,ADVERSE_FIRST,2026-02-17T18:55:00Z,2026-02-17T18:30:00Z
SPY:2026-02-18:LONG:2026-02-18T14:52:00+00:00:v1,2026-02-18,LONG,685.280000000000,686.160000000000,0.880000000000,2026-02-18T14:55:00Z,2026-02-18T15:00:00Z,5,WORSE,3.870000000000,2.990000000000,1.360000000000,2.240000000000,0.980000000000,0.100000000000,0.880000000000,-0.880000000000,True,325,320,AVAILABLE,AVAILABLE,2026-02-18T14:55:00Z,2026-02-18T15:00:00Z,FAVORABLE_FIRST,2026-02-18T14:55:00Z,2026-02-18T19:38:00Z,FAVORABLE_FIRST,2026-02-18T14:56:00Z,2026-02-18T19:38:00Z,FAVORABLE_FIRST,2026-02-18T14:58:00Z,2026-02-18T19:38:00Z,FAVORABLE_FIRST,2026-02-18T14:58:00Z,2026-02-18T19:38:00Z,FAVORABLE_FIRST,2026-02-18T14:56:00Z,2026-02-18T19:38:00Z,FAVORABLE_FIRST,2026-02-18T14:58:00Z,2026-02-18T19:38:00Z,FAVORABLE_FIRST,2026-02-18T14:58:00Z,2026-02-18T19:38:00Z,FAVORABLE_FIRST,2026-02-18T15:01:00Z,2026-02-18T19:38:00Z,FAVORABLE_FIRST,2026-02-18T15:04:00Z,2026-02-18T19:38:00Z,FAVORABLE_FIRST,2026-02-18T15:00:00Z,2026-02-18T19:31:00Z,FAVORABLE_FIRST,2026-02-18T15:01:00Z,2026-02-18T19:31:00Z,FAVORABLE_FIRST,2026-02-18T15:02:00Z,2026-02-18T19:31:00Z,FAVORABLE_FIRST,2026-02-18T15:04:00Z,2026-02-18T19:31:00Z,FAVORABLE_FIRST,2026-02-18T15:01:00Z,2026-02-18T19:31:00Z,FAVORABLE_FIRST,2026-02-18T15:02:00Z,2026-02-18T19:31:00Z,FAVORABLE_FIRST,2026-02-18T15:04:00Z,2026-02-18T19:31:00Z,FAVORABLE_FIRST,2026-02-18T15:05:00Z,2026-02-18T19:31:00Z,FAVORABLE_FIRST,2026-02-18T15:16:00Z,2026-02-18T19:31:00Z
SPY:2026-02-18:LONG:2026-02-18T20:30:00+00:00:v1,2026-02-18,LONG,685.090000000000,685.540000000000,0.450000000000,2026-02-18T20:35:00Z,2026-02-18T20:40:00Z,5,WORSE,2.090000000000,1.640000000000,0.120000000000,0.210000000000,1.170000000000,0.720000000000,0.450000000000,-0.090000000000,True,,,AVAILABLE,AVAILABLE,2026-02-18T20:35:00Z,2026-02-18T20:40:00Z,FAVORABLE_FIRST,2026-02-18T20:35:00Z,,FAVORABLE_FIRST,2026-02-18T20:39:00Z,,FAVORABLE_FIRST,2026-02-18T20:43:00Z,,FAVORABLE_FIRST,2026-02-18T20:46:00Z,,FAVORABLE_FIRST,2026-02-18T20:39:00Z,,FAVORABLE_FIRST,2026-02-18T20:43:00Z,,FAVORABLE_FIRST,2026-02-18T20:46:00Z,,FAVORABLE_FIRST,2026-02-18T20:50:00Z,,FAVORABLE_FIRST,2026-02-18T20:54:00Z,,FAVORABLE_FIRST,2026-02-18T20:43:00Z,,FAVORABLE_FIRST,2026-02-18T20:46:00Z,,FAVORABLE_FIRST,2026-02-18T20:47:00Z,,FAVORABLE_FIRST,2026-02-18T20:50:00Z,,FAVORABLE_FIRST,2026-02-18T20:46:00Z,,FAVORABLE_FIRST,2026-02-18T20:47:00Z,,FAVORABLE_FIRST,2026-02-18T20:50:00Z,,FAVORABLE_FIRST,2026-02-18T20:54:00Z,,NEITHER,,
SPY:2026-02-19:LONG:2026-02-19T14:50:00+00:00:v1,2026-02-19,LONG,684.860000000000,685.000000000000,0.140000000000,2026-02-19T14:55:00Z,2026-02-19T15:00:00Z,5,WORSE,1.320000000000,1.180000000000,3.312500000000,3.452500000000,-0.340000000000,-0.480000000000,0.140000000000,-0.140000000000,True,15,10,AVAILABLE,AVAILABLE,2026-02-19T14:55:00Z,2026-02-19T15:00:00Z,FAVORABLE_FIRST,2026-02-19T14:55:00Z,2026-02-19T15:00:00Z,FAVORABLE_FIRST,2026-02-19T14:55:00Z,2026-02-19T15:00:00Z,FAVORABLE_FIRST,2026-02-19T14:55:00Z,2026-02-19T15:00:00Z,ADVERSE_FIRST,2026-02-19T15:03:00Z,2026-02-19T15:00:00Z,FAVORABLE_FIRST,2026-02-19T14:55:00Z,2026-02-19T15:00:00Z,FAVORABLE_FIRST,2026-02-19T14:55:00Z,2026-02-19T15:00:00Z,ADVERSE_FIRST,2026-02-19T15:03:00Z,2026-02-19T15:00:00Z,ADVERSE_FIRST,,2026-02-19T15:00:00Z,ADVERSE_FIRST,,2026-02-19T15:00:00Z,ADVERSE_FIRST,2026-02-19T15:01:00Z,2026-02-19T15:00:00Z,ADVERSE_FIRST,2026-02-19T15:03:00Z,2026-02-19T15:00:00Z,ADVERSE_FIRST,2026-02-19T15:03:00Z,2026-02-19T15:00:00Z,ADVERSE_FIRST,2026-02-19T15:03:00Z,2026-02-19T15:00:00Z,ADVERSE_FIRST,2026-02-19T15:03:00Z,2026-02-19T15:00:00Z,ADVERSE_FIRST,2026-02-19T15:03:00Z,2026-02-19T15:00:00Z,ADVERSE_FIRST,2026-02-19T15:03:00Z,2026-02-19T15:00:00Z,ADVERSE_FIRST,,2026-02-19T15:00:00Z,ADVERSE_FIRST,,2026-02-19T15:00:00Z
SPY:2026-02-19:LONG:2026-02-19T15:15:00+00:00:v1,2026-02-19,LONG,684.800000000000,685.275000000000,0.475000000000,2026-02-19T15:20:00Z,2026-02-19T15:25:00Z,5,WORSE,1.060000000000,0.585000000000,3.252500000000,3.727500000000,-0.280000000000,-0.755000000000,0.475000000000,-0.475000000000,True,10,5,AVAILABLE,AVAILABLE,2026-02-19T15:20:00Z,2026-02-19T15:25:00Z,FAVORABLE_FIRST,2026-02-19T15:20:00Z,2026-02-19T15:21:00Z,ADVERSE_FIRST,2026-02-19T15:24:00Z,2026-02-19T15:21:00Z,ADVERSE_FIRST,2026-02-19T15:34:00Z,2026-02-19T15:21:00Z,ADVERSE_FIRST,2026-02-19T15:35:00Z,2026-02-19T15:21:00Z,ADVERSE_FIRST,2026-02-19T15:24:00Z,2026-02-19T15:21:00Z,ADVERSE_FIRST,2026-02-19T15:34:00Z,2026-02-19T15:21:00Z,ADVERSE_FIRST,2026-02-19T15:35:00Z,2026-02-19T15:21:00Z,ADVERSE_FIRST,,2026-02-19T15:21:00Z,ADVERSE_FIRST,,2026-02-19T15:21:00Z,ADVERSE_FIRST,2026-02-19T15:33:00Z,2026-02-19T15:25:00Z,ADVERSE_FIRST,2026-02-19T15:35:00Z,2026-02-19T15:25:00Z,ADVERSE_FIRST,,2026-02-19T15:25:00Z,ADVERSE_FIRST,,2026-02-19T15:25:00Z,ADVERSE_FIRST,2026-02-19T15:35:00Z,2026-02-19T15:25:00Z,ADVERSE_FIRST,,2026-02-19T15:25:00Z,ADVERSE_FIRST,,2026-02-19T15:25:00Z,ADVERSE_FIRST,,2026-02-19T15:25:00Z,ADVERSE_FIRST,,2026-02-19T15:25:00Z
SPY:2026-02-19:LONG:2026-02-19T15:31:00+00:00:v1,2026-02-19,LONG,685.710000000000,685.460000000000,-0.250000000000,2026-02-19T15:35:00Z,2026-02-19T15:40:00Z,5,BETTER,0.150000000000,0.400000000000,4.162500000000,3.912500000000,-1.190000000000,-0.940000000000,-0.250000000000,0.250000000000,True,20,15,AVAILABLE,AVAILABLE,2026-02-19T15:35:00Z,2026-02-19T15:40:00Z,ADVERSE_FIRST,,2026-02-19T15:35:00Z,ADVERSE_FIRST,,2026-02-19T15:35:00Z,ADVERSE_FIRST,,2026-02-19T15:35:00Z,ADVERSE_FIRST,,2026-02-19T15:35:00Z,ADVERSE_FIRST,,2026-02-19T15:36:00Z,ADVERSE_FIRST,,2026-02-19T15:36:00Z,ADVERSE_FIRST,,2026-02-19T15:36:00Z,ADVERSE_FIRST,,2026-02-19T15:36:00Z,ADVERSE_FIRST,,2026-02-19T15:36:00Z,FAVORABLE_FIRST,2026-02-19T15:41:00Z,2026-02-19T15:49:00Z,ADVERSE_FIRST,,2026-02-19T15:49:00Z,ADVERSE_FIRST,,2026-02-19T15:49:00Z,ADVERSE_FIRST,,2026-02-19T15:49:00Z,ADVERSE_FIRST,,2026-02-19T15:49:00Z,ADVERSE_FIRST,,2026-02-19T15:49:00Z,ADVERSE_FIRST,,2026-02-19T15:49:00Z,ADVERSE_FIRST,,2026-02-19T15:49:00Z,ADVERSE_FIRST,,2026-02-19T15:49:00Z
SPY:2026-02-19:LONG:2026-02-19T15:55:00+00:00:v1,2026-02-19,LONG,685.320000000000,684.660000000000,-0.660000000000,2026-02-19T16:00:00Z,2026-02-19T16:05:00Z,5,BETTER,0.510000000000,1.170000000000,3.772500000000,3.112500000000,-0.800000000000,-0.140000000000,-0.660000000000,0.660000000000,True,30,25,AVAILABLE,AVAILABLE,2026-02-19T16:00:00Z,2026-02-19T16:05:00Z,FAVORABLE_FIRST,2026-02-19T16:01:00Z,2026-02-19T16:02:00Z,ADVERSE_FIRST,2026-02-19T16:20:00Z,2026-02-19T16:02:00Z,ADVERSE_FIRST,,2026-02-19T16:02:00Z,ADVERSE_FIRST,,2026-02-19T16:02:00Z,ADVERSE_FIRST,2026-02-19T16:20:00Z,2026-02-19T16:02:00Z,ADVERSE_FIRST,,2026-02-19T16:02:00Z,ADVERSE_FIRST,,2026-02-19T16:02:00Z,ADVERSE_FIRST,,2026-02-19T16:02:00Z,ADVERSE_FIRST,,2026-02-19T16:02:00Z,ADVERSE_FIRST,2026-02-19T16:10:00Z,2026-02-19T16:06:00Z,ADVERSE_FIRST,2026-02-19T16:15:00Z,2026-02-19T16:06:00Z,ADVERSE_FIRST,2026-02-19T16:16:00Z,2026-02-19T16:06:00Z,ADVERSE_FIRST,2026-02-19T16:18:00Z,2026-02-19T16:06:00Z,ADVERSE_FIRST,2026-02-19T16:15:00Z,2026-02-19T16:06:00Z,ADVERSE_FIRST,2026-02-19T16:16:00Z,2026-02-19T16:06:00Z,ADVERSE_FIRST,2026-02-19T16:18:00Z,2026-02-19T16:06:00Z,ADVERSE_FIRST,,2026-02-19T16:06:00Z,ADVERSE_FIRST,,2026-02-19T16:06:00Z
SPY:2026-02-19:LONG:2026-02-19T16:30:00+00:00:v1,2026-02-19,LONG,685.200000000000,684.640000000000,-0.560000000000,2026-02-19T16:35:00Z,2026-02-19T16:40:00Z,5,BETTER,0.020000000000,0.140000000000,3.652500000000,3.092500000000,-0.680000000000,-0.120000000000,-0.120000000000,0.560000000000,True,10,5,AVAILABLE,AVAILABLE,2026-02-19T16:35:00Z,2026-02-19T16:40:00Z,ADVERSE_FIRST,,2026-02-19T16:35:00Z,ADVERSE_FIRST,,2026-02-19T16:35:00Z,ADVERSE_FIRST,,2026-02-19T16:35:00Z,ADVERSE_FIRST,,2026-02-19T16:35:00Z,ADVERSE_FIRST,,2026-02-19T16:35:00Z,ADVERSE_FIRST,,2026-02-19T16:35:00Z,ADVERSE_FIRST,,2026-02-19T16:35:00Z,ADVERSE_FIRST,,2026-02-19T16:35:00Z,ADVERSE_FIRST,,2026-02-19T16:35:00Z,ADVERSE_FIRST,,2026-02-19T16:41:00Z,ADVERSE_FIRST,,2026-02-19T16:41:00Z,ADVERSE_FIRST,,2026-02-19T16:41:00Z,ADVERSE_FIRST,,2026-02-19T16:41:00Z,ADVERSE_FIRST,,2026-02-19T16:41:00Z,ADVERSE_FIRST,,2026-02-19T16:41:00Z,ADVERSE_FIRST,,2026-02-19T16:41:00Z,ADVERSE_FIRST,,2026-02-19T16:41:00Z,ADVERSE_FIRST,,2026-02-19T16:41:00Z
SPY:2026-02-19:SHORT:2026-02-19T16:56:00+00:00:v1,2026-02-19,SHORT,683.535000000000,683.010000000000,0.525000000000,2026-02-19T17:00:00Z,2026-02-19T17:05:00Z,5,WORSE,1.987500000000,1.462500000000,1.245000000000,1.770000000000,-0.985000000000,-1.510000000000,0.525000000000,-0.525000000000,True,20,15,AVAILABLE,AVAILABLE,2026-02-19T17:00:00Z,2026-02-19T17:05:00Z,FAVORABLE_FIRST,2026-02-19T17:01:00Z,2026-02-19T17:17:00Z,FAVORABLE_FIRST,2026-02-19T17:02:00Z,2026-02-19T17:17:00Z,FAVORABLE_FIRST,2026-02-19T17:06:00Z,2026-02-19T17:17:00Z,ADVERSE_FIRST,2026-02-19T17:48:00Z,2026-02-19T17:17:00Z,FAVORABLE_FIRST,2026-02-19T17:02:00Z,2026-02-19T17:17:00Z,FAVORABLE_FIRST,2026-02-19T17:06:00Z,2026-02-19T17:17:00Z,ADVERSE_FIRST,2026-02-19T17:48:00Z,2026-02-19T17:17:00Z,ADVERSE_FIRST,2026-02-19T18:19:00Z,2026-02-19T17:17:00Z,ADVERSE_FIRST,,2026-02-19T17:17:00Z,FAVORABLE_FIRST,2026-02-19T17:06:00Z,2026-02-19T17:07:00Z,ADVERSE_FIRST,2026-02-19T17:48:00Z,2026-02-19T17:07:00Z,ADVERSE_FIRST,2026-02-19T17:53:00Z,2026-02-19T17:07:00Z,ADVERSE_FIRST,2026-02-19T18:19:00Z,2026-02-19T17:07:00Z,ADVERSE_FIRST,2026-02-19T17:48:00Z,2026-02-19T17:07:00Z,ADVERSE_FIRST,2026-02-19T17:53:00Z,2026-02-19T17:07:00Z,ADVERSE_FIRST,2026-02-19T18:19:00Z,2026-02-19T17:07:00Z,ADVERSE_FIRST,,2026-02-19T17:07:00Z,ADVERSE_FIRST,,2026-02-19T17:07:00Z
SPY:2026-02-19:SHORT:2026-02-19T17:45:00+00:00:v1,2026-02-19,SHORT,682.710000000000,682.680000000000,0.030000000000,2026-02-19T17:50:00Z,2026-02-19T17:55:00Z,5,WORSE,1.162500000000,1.132500000000,1.890000000000,1.920000000000,-1.810000000000,-1.840000000000,0.030000000000,-0.030000000000,True,70,65,AVAILABLE,AVAILABLE,2026-02-19T17:50:00Z,2026-02-19T17:55:00Z,ADVERSE_FIRST,2026-02-19T17:52:00Z,2026-02-19T17:50:00Z,ADVERSE_FIRST,2026-02-19T17:58:00Z,2026-02-19T17:50:00Z,ADVERSE_FIRST,2026-02-19T18:20:00Z,2026-02-19T17:50:00Z,ADVERSE_FIRST,2026-02-19T18:20:00Z,2026-02-19T17:50:00Z,ADVERSE_FIRST,2026-02-19T17:58:00Z,2026-02-19T17:50:00Z,ADVERSE_FIRST,2026-02-19T18:20:00Z,2026-02-19T17:50:00Z,ADVERSE_FIRST,2026-02-19T18:20:00Z,2026-02-19T17:50:00Z,ADVERSE_FIRST,,2026-02-19T17:50:00Z,ADVERSE_FIRST,,2026-02-19T17:50:00Z,ADVERSE_FIRST,2026-02-19T17:57:00Z,2026-02-19T17:55:00Z,ADVERSE_FIRST,2026-02-19T17:58:00Z,2026-02-19T17:55:00Z,ADVERSE_FIRST,2026-02-19T18:20:00Z,2026-02-19T17:55:00Z,ADVERSE_FIRST,2026-02-19T18:20:00Z,2026-02-19T17:55:00Z,ADVERSE_FIRST,2026-02-19T17:58:00Z,2026-02-19T17:55:00Z,ADVERSE_FIRST,2026-02-19T18:20:00Z,2026-02-19T17:55:00Z,ADVERSE_FIRST,2026-02-19T18:20:00Z,2026-02-19T17:55:00Z,ADVERSE_FIRST,,2026-02-19T17:55:00Z,ADVERSE_FIRST,,2026-02-19T17:55:00Z
SPY:2026-02-19:SHORT:2026-02-19T19:27:00+00:00:v1,2026-02-19,SHORT,683.250000000000,683.346000000000,-0.096000000000,2026-02-19T19:30:00Z,2026-02-19T19:35:00Z,5,BETTER,1.370000000000,1.466000000000,1.350000000000,1.254000000000,-1.270000000000,-1.174000000000,-0.096000000000,0.096000000000,True,80,75,AVAILABLE,AVAILABLE,2026-02-19T19:30:00Z,2026-02-19T19:35:00Z,ADVERSE_FIRST,2026-02-19T19:36:00Z,2026-02-19T19:32:00Z,ADVERSE_FIRST,2026-02-19T19:37:00Z,2026-02-19T19:32:00Z,ADVERSE_FIRST,2026-02-19T19:38:00Z,2026-02-19T19:32:00Z,ADVERSE_FIRST,2026-02-19T19:39:00Z,2026-02-19T19:32:00Z,ADVERSE_FIRST,2026-02-19T19:37:00Z,2026-02-19T19:32:00Z,ADVERSE_FIRST,2026-02-19T19:38:00Z,2026-02-19T19:32:00Z,ADVERSE_FIRST,2026-02-19T19:39:00Z,2026-02-19T19:32:00Z,ADVERSE_FIRST,,2026-02-19T19:32:00Z,ADVERSE_FIRST,,2026-02-19T19:32:00Z,FAVORABLE_FIRST,2026-02-19T19:36:00Z,2026-02-19T20:33:00Z,FAVORABLE_FIRST,2026-02-19T19:37:00Z,2026-02-19T20:33:00Z,FAVORABLE_FIRST,2026-02-19T19:37:00Z,2026-02-19T20:33:00Z,FAVORABLE_FIRST,2026-02-19T19:39:00Z,2026-02-19T20:33:00Z,FAVORABLE_FIRST,2026-02-19T19:37:00Z,2026-02-19T20:46:00Z,FAVORABLE_FIRST,2026-02-19T19:37:00Z,2026-02-19T20:46:00Z,FAVORABLE_FIRST,2026-02-19T19:39:00Z,2026-02-19T20:46:00Z,ADVERSE_FIRST,,2026-02-19T20:46:00Z,ADVERSE_FIRST,,2026-02-19T20:46:00Z
SPY:2026-02-20:LONG:2026-02-20T14:35:00+00:00:v1,2026-02-20,LONG,683.885000000000,684.770000000000,0.885000000000,2026-02-20T14:40:00Z,2026-02-20T14:45:00Z,5,WORSE,6.175000000000,5.290000000000,0.435000000000,1.320000000000,5.475000000000,4.590000000000,0.885000000000,-0.885000000000,True,,,AVAILABLE,AVAILABLE,2026-02-20T14:40:00Z,2026-02-20T14:45:00Z,FAVORABLE_FIRST,2026-02-20T14:40:00Z,2026-02-20T14:41:00Z,ADVERSE_FIRST,2026-02-20T14:42:00Z,2026-02-20T14:41:00Z,ADVERSE_FIRST,2026-02-20T14:42:00Z,2026-02-20T14:41:00Z,ADVERSE_FIRST,2026-02-20T14:42:00Z,2026-02-20T14:41:00Z,ADVERSE_FIRST,2026-02-20T14:42:00Z,2026-02-20T14:41:00Z,ADVERSE_FIRST,2026-02-20T14:42:00Z,2026-02-20T14:41:00Z,ADVERSE_FIRST,2026-02-20T14:42:00Z,2026-02-20T14:41:00Z,ADVERSE_FIRST,2026-02-20T15:00:00Z,2026-02-20T14:41:00Z,ADVERSE_FIRST,2026-02-20T15:01:00Z,2026-02-20T14:41:00Z,FAVORABLE_FIRST,2026-02-20T14:46:00Z,2026-02-20T14:47:00Z,ADVERSE_FIRST,2026-02-20T15:00:00Z,2026-02-20T14:47:00Z,ADVERSE_FIRST,2026-02-20T15:00:00Z,2026-02-20T14:47:00Z,ADVERSE_FIRST,2026-02-20T15:01:00Z,2026-02-20T14:47:00Z,ADVERSE_FIRST,2026-02-20T15:00:00Z,2026-02-20T14:47:00Z,ADVERSE_FIRST,2026-02-20T15:00:00Z,2026-02-20T14:47:00Z,ADVERSE_FIRST,2026-02-20T15:01:00Z,2026-02-20T14:47:00Z,ADVERSE_FIRST,2026-02-20T15:01:00Z,2026-02-20T14:47:00Z,ADVERSE_FIRST,2026-02-20T15:01:00Z,2026-02-20T14:47:00Z
SPY:2026-02-23:SHORT:2026-02-23T14:42:00+00:00:v1,2026-02-23,SHORT,687.550000000000,686.900000000000,0.650000000000,2026-02-23T14:45:00Z,2026-02-23T14:50:00Z,5,WORSE,7.179000000000,6.529000000000,0.590000000000,1.240000000000,5.140000000000,4.490000000000,0.650000000000,-0.650000000000,True,,,AVAILABLE,AVAILABLE,2026-02-23T14:45:00Z,2026-02-23T14:50:00Z,AMBIGUOUS_SAME_BAR,2026-02-23T14:45:00Z,2026-02-23T14:45:00Z,ADVERSE_FIRST,2026-02-23T14:46:00Z,2026-02-23T14:45:00Z,ADVERSE_FIRST,2026-02-23T14:49:00Z,2026-02-23T14:45:00Z,ADVERSE_FIRST,2026-02-23T14:56:00Z,2026-02-23T14:45:00Z,FAVORABLE_FIRST,2026-02-23T14:46:00Z,2026-02-23T14:47:00Z,ADVERSE_FIRST,2026-02-23T14:49:00Z,2026-02-23T14:47:00Z,ADVERSE_FIRST,2026-02-23T14:56:00Z,2026-02-23T14:47:00Z,ADVERSE_FIRST,2026-02-23T15:00:00Z,2026-02-23T14:47:00Z,ADVERSE_FIRST,2026-02-23T15:04:00Z,2026-02-23T14:47:00Z,ADVERSE_FIRST,2026-02-23T14:56:00Z,2026-02-23T14:50:00Z,ADVERSE_FIRST,2026-02-23T14:58:00Z,2026-02-23T14:50:00Z,ADVERSE_FIRST,2026-02-23T15:00:00Z,2026-02-23T14:50:00Z,ADVERSE_FIRST,2026-02-23T15:04:00Z,2026-02-23T14:50:00Z,ADVERSE_FIRST,2026-02-23T14:58:00Z,2026-02-23T14:50:00Z,ADVERSE_FIRST,2026-02-23T15:00:00Z,2026-02-23T14:50:00Z,ADVERSE_FIRST,2026-02-23T15:04:00Z,2026-02-23T14:50:00Z,ADVERSE_FIRST,2026-02-23T15:04:00Z,2026-02-23T14:50:00Z,ADVERSE_FIRST,2026-02-23T15:09:00Z,2026-02-23T14:50:00Z
SPY:2026-02-24:LONG:2026-02-24T14:38:00+00:00:v1,2026-02-24,LONG,682.270000000000,684.340000000000,2.070000000000,2026-02-24T14:40:00Z,2026-02-24T14:45:00Z,5,WORSE,6.080000000000,4.010000000000,0.240000000000,2.310000000000,5.090000000000,3.020000000000,2.070000000000,-2.070000000000,True,,,AVAILABLE,AVAILABLE,2026-02-24T14:40:00Z,2026-02-24T14:45:00Z,FAVORABLE_FIRST,2026-02-24T14:40:00Z,,FAVORABLE_FIRST,2026-02-24T14:40:00Z,,FAVORABLE_FIRST,2026-02-24T14:41:00Z,,FAVORABLE_FIRST,2026-02-24T14:41:00Z,,FAVORABLE_FIRST,2026-02-24T14:40:00Z,,FAVORABLE_FIRST,2026-02-24T14:41:00Z,,FAVORABLE_FIRST,2026-02-24T14:41:00Z,,FAVORABLE_FIRST,2026-02-24T14:44:00Z,,FAVORABLE_FIRST,2026-02-24T14:44:00Z,,ADVERSE_FIRST,2026-02-24T14:46:00Z,2026-02-24T14:45:00Z,ADVERSE_FIRST,2026-02-24T14:47:00Z,2026-02-24T14:45:00Z,ADVERSE_FIRST,2026-02-24T14:48:00Z,2026-02-24T14:45:00Z,ADVERSE_FIRST,2026-02-24T14:48:00Z,2026-02-24T14:45:00Z,ADVERSE_FIRST,2026-02-24T14:47:00Z,2026-02-24T14:45:00Z,ADVERSE_FIRST,2026-02-24T14:48:00Z,2026-02-24T14:45:00Z,ADVERSE_FIRST,2026-02-24T14:48:00Z,2026-02-24T14:45:00Z,ADVERSE_FIRST,2026-02-24T15:27:00Z,2026-02-24T14:45:00Z,ADVERSE_FIRST,2026-02-24T15:29:00Z,2026-02-24T14:45:00Z
SPY:2026-02-25:LONG:2026-02-25T14:45:00+00:00:v1,2026-02-25,LONG,691.680000000000,691.400000000000,-0.280000000000,2026-02-25T14:50:00Z,2026-02-25T14:55:00Z,5,BETTER,2.000000000000,2.280000000000,1.509900000000,1.229900000000,1.400000000000,1.680000000000,-0.280000000000,0.280000000000,True,15,10,AVAILABLE,AVAILABLE,2026-02-25T14:50:00Z,2026-02-25T14:55:00Z,FAVORABLE_FIRST,2026-02-25T14:51:00Z,2026-02-25T14:53:00Z,ADVERSE_FIRST,2026-02-25T16:47:00Z,2026-02-25T14:53:00Z,ADVERSE_FIRST,2026-02-25T17:41:00Z,2026-02-25T14:53:00Z,ADVERSE_FIRST,2026-02-25T18:01:00Z,2026-02-25T14:53:00Z,ADVERSE_FIRST,2026-02-25T16:47:00Z,2026-02-25T14:53:00Z,ADVERSE_FIRST,2026-02-25T17:41:00Z,2026-02-25T14:53:00Z,ADVERSE_FIRST,2026-02-25T18:01:00Z,2026-02-25T14:53:00Z,ADVERSE_FIRST,2026-02-25T19:34:00Z,2026-02-25T14:53:00Z,ADVERSE_FIRST,2026-02-25T20:50:00Z,2026-02-25T14:53:00Z,ADVERSE_FIRST,2026-02-25T16:31:00Z,2026-02-25T14:56:00Z,ADVERSE_FIRST,2026-02-25T16:42:00Z,2026-02-25T14:56:00Z,ADVERSE_FIRST,2026-02-25T16:47:00Z,2026-02-25T14:56:00Z,ADVERSE_FIRST,2026-02-25T17:41:00Z,2026-02-25T14:56:00Z,ADVERSE_FIRST,2026-02-25T16:42:00Z,2026-02-25T14:56:00Z,ADVERSE_FIRST,2026-02-25T16:47:00Z,2026-02-25T14:56:00Z,ADVERSE_FIRST,2026-02-25T17:41:00Z,2026-02-25T14:56:00Z,ADVERSE_FIRST,2026-02-25T19:06:00Z,2026-02-25T14:56:00Z,ADVERSE_FIRST,2026-02-25T20:50:00Z,2026-02-25T14:56:00Z
SPY:2026-02-25:LONG:2026-02-25T16:25:00+00:00:v1,2026-02-25,LONG,691.480000000000,691.480000000000,0E-12,2026-02-25T16:30:00Z,2026-02-25T16:35:00Z,5,UNCHANGED_WITHIN_ONE_CENT,2.200000000000,2.200000000000,0.080000000000,0.080000000000,1.600000000000,1.600000000000,0E-12,0E-12,True,,,AVAILABLE,AVAILABLE,2026-02-25T16:30:00Z,2026-02-25T16:35:00Z,FAVORABLE_FIRST,2026-02-25T16:31:00Z,,FAVORABLE_FIRST,2026-02-25T16:44:00Z,,FAVORABLE_FIRST,2026-02-25T16:47:00Z,,FAVORABLE_FIRST,2026-02-25T17:47:00Z,,FAVORABLE_FIRST,2026-02-25T16:44:00Z,,FAVORABLE_FIRST,2026-02-25T16:47:00Z,,FAVORABLE_FIRST,2026-02-25T17:47:00Z,,FAVORABLE_FIRST,2026-02-25T19:07:00Z,,FAVORABLE_FIRST,2026-02-25T20:50:00Z,,FAVORABLE_FIRST,2026-02-25T16:40:00Z,,FAVORABLE_FIRST,2026-02-25T16:44:00Z,,FAVORABLE_FIRST,2026-02-25T16:47:00Z,,FAVORABLE_FIRST,2026-02-25T17:47:00Z,,FAVORABLE_FIRST,2026-02-25T16:44:00Z,,FAVORABLE_FIRST,2026-02-25T16:47:00Z,,FAVORABLE_FIRST,2026-02-25T17:47:00Z,,FAVORABLE_FIRST,2026-02-25T19:07:00Z,,FAVORABLE_FIRST,2026-02-25T20:50:00Z,
SPY:2026-02-26:SHORT:2026-02-26T14:40:00+00:00:v1,2026-02-26,SHORT,691.430000000000,691.045000000000,0.385000000000,2026-02-26T14:45:00Z,2026-02-26T14:50:00Z,5,WORSE,7.080000000000,6.695000000000,0.150000000000,0.535000000000,2.110000000000,1.725000000000,0.385000000000,-0.385000000000,True,,,AVAILABLE,AVAILABLE,2026-02-26T14:45:00Z,2026-02-26T14:50:00Z,FAVORABLE_FIRST,2026-02-26T14:45:00Z,,FAVORABLE_FIRST,2026-02-26T14:45:00Z,,FAVORABLE_FIRST,2026-02-26T14:48:00Z,,FAVORABLE_FIRST,2026-02-26T14:58:00Z,,FAVORABLE_FIRST,2026-02-26T14:45:00Z,,FAVORABLE_FIRST,2026-02-26T14:48:00Z,,FAVORABLE_FIRST,2026-02-26T14:58:00Z,,FAVORABLE_FIRST,2026-02-26T15:01:00Z,,FAVORABLE_FIRST,2026-02-26T15:12:00Z,,ADVERSE_FIRST,2026-02-26T14:52:00Z,2026-02-26T14:50:00Z,ADVERSE_FIRST,2026-02-26T14:58:00Z,2026-02-26T14:50:00Z,ADVERSE_FIRST,2026-02-26T15:01:00Z,2026-02-26T14:50:00Z,ADVERSE_FIRST,2026-02-26T15:01:00Z,2026-02-26T14:50:00Z,ADVERSE_FIRST,2026-02-26T14:58:00Z,2026-02-26T14:50:00Z,ADVERSE_FIRST,2026-02-26T15:01:00Z,2026-02-26T14:50:00Z,ADVERSE_FIRST,2026-02-26T15:01:00Z,2026-02-26T14:50:00Z,ADVERSE_FIRST,2026-02-26T15:12:00Z,2026-02-26T14:50:00Z,ADVERSE_FIRST,2026-02-26T15:13:00Z,2026-02-26T14:50:00Z
SPY:2026-02-27:LONG:2026-02-27T15:05:00+00:00:v1,2026-02-27,LONG,684.720000000000,684.585000000000,-0.135000000000,2026-02-27T15:10:00Z,2026-02-27T15:15:00Z,5,BETTER,2.140000000000,2.275000000000,1.730000000000,1.595000000000,1.500000000000,1.635000000000,-0.135000000000,0.135000000000,True,10,5,AVAILABLE,AVAILABLE,2026-02-27T15:10:00Z,2026-02-27T15:15:00Z,FAVORABLE_FIRST,2026-02-27T15:10:00Z,2026-02-27T15:16:00Z,FAVORABLE_FIRST,2026-02-27T15:11:00Z,2026-02-27T15:16:00Z,FAVORABLE_FIRST,2026-02-27T15:11:00Z,2026-02-27T15:16:00Z,ADVERSE_FIRST,2026-02-27T15:43:00Z,2026-02-27T15:16:00Z,FAVORABLE_FIRST,2026-02-27T15:11:00Z,2026-02-27T15:16:00Z,FAVORABLE_FIRST,2026-02-27T15:11:00Z,2026-02-27T15:16:00Z,ADVERSE_FIRST,2026-02-27T15:43:00Z,2026-02-27T15:16:00Z,ADVERSE_FIRST,2026-02-27T16:34:00Z,2026-02-27T15:16:00Z,ADVERSE_FIRST,2026-02-27T20:59:00Z,2026-02-27T15:16:00Z,FAVORABLE_FIRST,2026-02-27T15:15:00Z,2026-02-27T15:16:00Z,ADVERSE_FIRST,2026-02-27T15:37:00Z,2026-02-27T15:16:00Z,ADVERSE_FIRST,2026-02-27T15:37:00Z,2026-02-27T15:16:00Z,ADVERSE_FIRST,2026-02-27T15:43:00Z,2026-02-27T15:16:00Z,ADVERSE_FIRST,2026-02-27T15:37:00Z,2026-02-27T15:16:00Z,ADVERSE_FIRST,2026-02-27T15:37:00Z,2026-02-27T15:16:00Z,ADVERSE_FIRST,2026-02-27T15:43:00Z,2026-02-27T15:16:00Z,ADVERSE_FIRST,2026-02-27T16:32:00Z,2026-02-27T15:16:00Z,ADVERSE_FIRST,2026-02-27T20:59:00Z,2026-02-27T15:16:00Z
SPY:2026-02-27:LONG:2026-02-27T15:20:00+00:00:v1,2026-02-27,LONG,684.700000000000,684.510000000000,-0.190000000000,2026-02-27T15:25:00Z,2026-02-27T15:30:00Z,5,BETTER,2.160000000000,2.350000000000,1.710000000000,1.520000000000,1.520000000000,1.710000000000,-0.190000000000,0.190000000000,True,120,115,AVAILABLE,AVAILABLE,2026-02-27T15:25:00Z,2026-02-27T15:30:00Z,ADVERSE_FIRST,2026-02-27T15:36:00Z,2026-02-27T15:25:00Z,ADVERSE_FIRST,2026-02-27T15:37:00Z,2026-02-27T15:25:00Z,ADVERSE_FIRST,2026-02-27T15:37:00Z,2026-02-27T15:25:00Z,ADVERSE_FIRST,2026-02-27T15:43:00Z,2026-02-27T15:25:00Z,ADVERSE_FIRST,2026-02-27T15:37:00Z,2026-02-27T15:25:00Z,ADVERSE_FIRST,2026-02-27T15:37:00Z,2026-02-27T15:25:00Z,ADVERSE_FIRST,2026-02-27T15:43:00Z,2026-02-27T15:25:00Z,ADVERSE_FIRST,2026-02-27T16:34:00Z,2026-02-27T15:25:00Z,ADVERSE_FIRST,2026-02-27T20:59:00Z,2026-02-27T15:25:00Z,ADVERSE_FIRST,2026-02-27T15:35:00Z,2026-02-27T15:31:00Z,ADVERSE_FIRST,2026-02-27T15:36:00Z,2026-02-27T15:31:00Z,ADVERSE_FIRST,2026-02-27T15:37:00Z,2026-02-27T15:31:00Z,ADVERSE_FIRST,2026-02-27T15:43:00Z,2026-02-27T15:31:00Z,ADVERSE_FIRST,2026-02-27T15:36:00Z,2026-02-27T15:31:00Z,ADVERSE_FIRST,2026-02-27T15:37:00Z,2026-02-27T15:31:00Z,ADVERSE_FIRST,2026-02-27T15:43:00Z,2026-02-27T15:31:00Z,ADVERSE_FIRST,2026-02-27T15:45:00Z,2026-02-27T15:31:00Z,ADVERSE_FIRST,2026-02-27T20:59:00Z,2026-02-27T15:31:00Z
SPY:2026-02-27:LONG:2026-02-27T17:30:00+00:00:v1,2026-02-27,LONG,684.877500000000,684.290000000000,-0.587500000000,2026-02-27T17:35:00Z,2026-02-27T17:40:00Z,5,BETTER,1.982500000000,2.570000000000,1.887500000000,1.300000000000,1.342500000000,1.930000000000,-0.587500000000,0.587500000000,True,10,5,AVAILABLE,AVAILABLE,2026-02-27T17:35:00Z,2026-02-27T17:40:00Z,ADVERSE_FIRST,2026-02-27T20:14:00Z,2026-02-27T17:37:00Z,ADVERSE_FIRST,2026-02-27T20:17:00Z,2026-02-27T17:37:00Z,ADVERSE_FIRST,2026-02-27T20:19:00Z,2026-02-27T17:37:00Z,ADVERSE_FIRST,2026-02-27T20:23:00Z,2026-02-27T17:37:00Z,ADVERSE_FIRST,2026-02-27T20:17:00Z,2026-02-27T17:37:00Z,ADVERSE_FIRST,2026-02-27T20:19:00Z,2026-02-27T17:37:00Z,ADVERSE_FIRST,2026-02-27T20:23:00Z,2026-02-27T17:37:00Z,ADVERSE_FIRST,2026-02-27T20:59:00Z,2026-02-27T17:37:00Z,ADVERSE_FIRST,,2026-02-27T17:37:00Z,ADVERSE_FIRST,2026-02-27T18:00:00Z,2026-02-27T17:41:00Z,ADVERSE_FIRST,2026-02-27T19:06:00Z,2026-02-27T17:41:00Z,ADVERSE_FIRST,2026-02-27T20:14:00Z,2026-02-27T17:41:00Z,ADVERSE_FIRST,2026-02-27T20:15:00Z,2026-02-27T17:41:00Z,ADVERSE_FIRST,2026-02-27T19:06:00Z,2026-02-27T17:41:00Z,ADVERSE_FIRST,2026-02-27T20:14:00Z,2026-02-27T17:41:00Z,ADVERSE_FIRST,2026-02-27T20:15:00Z,2026-02-27T17:41:00Z,ADVERSE_FIRST,2026-02-27T20:23:00Z,2026-02-27T17:41:00Z,ADVERSE_FIRST,2026-02-27T20:59:00Z,2026-02-27T17:41:00Z
SPY:2026-02-27:LONG:2026-02-27T17:55:00+00:00:v1,2026-02-27,LONG,684.370000000000,684.160000000000,-0.210000000000,2026-02-27T18:00:00Z,2026-02-27T18:05:00Z,5,BETTER,2.490000000000,2.700000000000,1.380000000000,1.170000000000,1.850000000000,2.060000000000,-0.210000000000,0.210000000000,True,10,5,AVAILABLE,AVAILABLE,2026-02-27T18:00:00Z,2026-02-27T18:05:00Z,FAVORABLE_FIRST,2026-02-27T18:00:00Z,2026-02-27T18:02:00Z,ADVERSE_FIRST,2026-02-27T19:06:00Z,2026-02-27T18:02:00Z,ADVERSE_FIRST,2026-02-27T20:14:00Z,2026-02-27T18:02:00Z,ADVERSE_FIRST,2026-02-27T20:17:00Z,2026-02-27T18:02:00Z,ADVERSE_FIRST,2026-02-27T19:06:00Z,2026-02-27T18:02:00Z,ADVERSE_FIRST,2026-02-27T20:14:00Z,2026-02-27T18:02:00Z,ADVERSE_FIRST,2026-02-27T20:17:00Z,2026-02-27T18:02:00Z,ADVERSE_FIRST,2026-02-27T20:23:00Z,2026-02-27T18:02:00Z,ADVERSE_FIRST,2026-02-27T20:59:00Z,2026-02-27T18:02:00Z,FAVORABLE_FIRST,2026-02-27T18:07:00Z,2026-02-27T18:10:00Z,ADVERSE_FIRST,2026-02-27T19:04:00Z,2026-02-27T18:10:00Z,ADVERSE_FIRST,2026-02-27T19:06:00Z,2026-02-27T18:10:00Z,ADVERSE_FIRST,2026-02-27T20:14:00Z,2026-02-27T18:10:00Z,ADVERSE_FIRST,2026-02-27T19:04:00Z,2026-02-27T18:10:00Z,ADVERSE_FIRST,2026-02-27T19:06:00Z,2026-02-27T18:10:00Z,ADVERSE_FIRST,2026-02-27T20:14:00Z,2026-02-27T18:10:00Z,ADVERSE_FIRST,2026-02-27T20:19:00Z,2026-02-27T18:10:00Z,ADVERSE_FIRST,2026-02-27T20:59:00Z,2026-02-27T18:10:00Z
SPY:2026-02-27:LONG:2026-02-27T20:10:00+00:00:v1,2026-02-27,LONG,685.220000000000,685.580000000000,0.360000000000,2026-02-27T20:15:00Z,2026-02-27T20:20:00Z,5,WORSE,1.640000000000,1.280000000000,0.730000000000,1.090000000000,1.000000000000,0.640000000000,0.360000000000,-0.360000000000,True,,,AVAILABLE,AVAILABLE,2026-02-27T20:15:00Z,2026-02-27T20:20:00Z,FAVORABLE_FIRST,2026-02-27T20:17:00Z,2026-02-27T20:37:00Z,FAVORABLE_FIRST,2026-02-27T20:23:00Z,2026-02-27T20:37:00Z,FAVORABLE_FIRST,2026-02-27T20:24:00Z,2026-02-27T20:37:00Z,ADVERSE_FIRST,2026-02-27T20:59:00Z,2026-02-27T20:37:00Z,FAVORABLE_FIRST,2026-02-27T20:23:00Z,2026-02-27T20:37:00Z,FAVORABLE_FIRST,2026-02-27T20:24:00Z,2026-02-27T20:37:00Z,ADVERSE_FIRST,2026-02-27T20:59:00Z,2026-02-27T20:37:00Z,ADVERSE_FIRST,2026-02-27T20:59:00Z,2026-02-27T20:37:00Z,ADVERSE_FIRST,,2026-02-27T20:37:00Z,ADVERSE_FIRST,2026-02-27T20:23:00Z,2026-02-27T20:20:00Z,ADVERSE_FIRST,2026-02-27T20:24:00Z,2026-02-27T20:20:00Z,ADVERSE_FIRST,2026-02-27T20:59:00Z,2026-02-27T20:20:00Z,ADVERSE_FIRST,2026-02-27T20:59:00Z,2026-02-27T20:20:00Z,ADVERSE_FIRST,2026-02-27T20:24:00Z,2026-02-27T20:20:00Z,ADVERSE_FIRST,2026-02-27T20:59:00Z,2026-02-27T20:20:00Z,ADVERSE_FIRST,2026-02-27T20:59:00Z,2026-02-27T20:20:00Z,ADVERSE_FIRST,,2026-02-27T20:20:00Z,ADVERSE_FIRST,,2026-02-27T20:20:00Z
SPY:2026-03-02:LONG:2026-03-02T14:40:00+00:00:v1,2026-03-02,LONG,682.070000000000,683.230000000000,1.160000000000,2026-03-02T14:45:00Z,2026-03-02T14:50:00Z,5,WORSE,6.550000000000,5.390000000000,0.318600000000,1.350000000000,4.300000000000,3.140000000000,1.160000000000,-1.031400000000,True,,,AVAILABLE,AVAILABLE,2026-03-02T14:45:00Z,2026-03-02T14:50:00Z,AMBIGUOUS_SAME_BAR,2026-03-02T14:45:00Z,2026-03-02T14:45:00Z,AMBIGUOUS_SAME_BAR,2026-03-02T14:45:00Z,2026-03-02T14:45:00Z,AMBIGUOUS_SAME_BAR,2026-03-02T14:45:00Z,2026-03-02T14:45:00Z,ADVERSE_FIRST,2026-03-02T14:48:00Z,2026-03-02T14:45:00Z,AMBIGUOUS_SAME_BAR,2026-03-02T14:45:00Z,2026-03-02T14:45:00Z,AMBIGUOUS_SAME_BAR,2026-03-02T14:45:00Z,2026-03-02T14:45:00Z,ADVERSE_FIRST,2026-03-02T14:48:00Z,2026-03-02T14:45:00Z,ADVERSE_FIRST,2026-03-02T15:02:00Z,2026-03-02T14:45:00Z,ADVERSE_FIRST,2026-03-02T15:03:00Z,2026-03-02T14:45:00Z,ADVERSE_FIRST,2026-03-02T15:01:00Z,2026-03-02T14:50:00Z,ADVERSE_FIRST,2026-03-02T15:02:00Z,2026-03-02T14:50:00Z,ADVERSE_FIRST,2026-03-02T15:03:00Z,2026-03-02T14:50:00Z,ADVERSE_FIRST,2026-03-02T15:03:00Z,2026-03-02T14:50:00Z,ADVERSE_FIRST,2026-03-02T15:02:00Z,2026-03-02T14:50:00Z,ADVERSE_FIRST,2026-03-02T15:03:00Z,2026-03-02T14:50:00Z,ADVERSE_FIRST,2026-03-02T15:03:00Z,2026-03-02T14:50:00Z,ADVERSE_FIRST,2026-03-02T15:07:00Z,2026-03-02T14:50:00Z,ADVERSE_FIRST,2026-03-02T15:13:00Z,2026-03-02T14:50:00Z
SPY:2026-03-03:SHORT:2026-03-03T14:42:00+00:00:v1,2026-03-03,SHORT,673.440000000000,672.490000000000,0.950000000000,2026-03-03T14:45:00Z,2026-03-03T14:50:00Z,5,WORSE,3.780000000000,2.830000000000,9.170000000000,10.120000000000,-6.830000000000,-7.780000000000,0.950000000000,-0.950000000000,True,85,80,AVAILABLE,AVAILABLE,2026-03-03T14:45:00Z,2026-03-03T14:50:00Z,AMBIGUOUS_SAME_BAR,2026-03-03T14:45:00Z,2026-03-03T14:45:00Z,ADVERSE_FIRST,2026-03-03T14:49:00Z,2026-03-03T14:45:00Z,ADVERSE_FIRST,2026-03-03T14:49:00Z,2026-03-03T14:45:00Z,ADVERSE_FIRST,2026-03-03T14:50:00Z,2026-03-03T14:45:00Z,ADVERSE_FIRST,2026-03-03T14:49:00Z,2026-03-03T14:45:00Z,ADVERSE_FIRST,2026-03-03T14:49:00Z,2026-03-03T14:45:00Z,ADVERSE_FIRST,2026-03-03T14:50:00Z,2026-03-03T14:45:00Z,ADVERSE_FIRST,2026-03-03T15:04:00Z,2026-03-03T14:45:00Z,ADVERSE_FIRST,2026-03-03T15:17:00Z,2026-03-03T14:45:00Z,ADVERSE_FIRST,2026-03-03T14:58:00Z,2026-03-03T14:50:00Z,ADVERSE_FIRST,2026-03-03T14:58:00Z,2026-03-03T14:50:00Z,ADVERSE_FIRST,2026-03-03T15:05:00Z,2026-03-03T14:50:00Z,ADVERSE_FIRST,2026-03-03T15:17:00Z,2026-03-03T14:50:00Z,ADVERSE_FIRST,2026-03-03T14:58:00Z,2026-03-03T14:50:00Z,ADVERSE_FIRST,2026-03-03T15:05:00Z,2026-03-03T14:50:00Z,ADVERSE_FIRST,2026-03-03T15:17:00Z,2026-03-03T14:50:00Z,ADVERSE_FIRST,2026-03-03T15:18:00Z,2026-03-03T14:50:00Z,ADVERSE_FIRST,2026-03-03T15:21:00Z,2026-03-03T14:50:00Z
SPY:2026-03-03:LONG:2026-03-03T16:43:00+00:00:v1,2026-03-03,LONG,676.690000000000,677.600000000000,0.910000000000,2026-03-03T16:45:00Z,2026-03-03T16:50:00Z,5,WORSE,5.920000000000,5.010000000000,0.610000000000,1.520000000000,3.580000000000,2.670000000000,0.910000000000,-0.910000000000,True,,,AVAILABLE,AVAILABLE,2026-03-03T16:45:00Z,2026-03-03T16:50:00Z,FAVORABLE_FIRST,2026-03-03T16:45:00Z,2026-03-03T17:12:00Z,FAVORABLE_FIRST,2026-03-03T16:45:00Z,2026-03-03T17:12:00Z,FAVORABLE_FIRST,2026-03-03T16:45:00Z,2026-03-03T17:12:00Z,FAVORABLE_FIRST,2026-03-03T16:46:00Z,2026-03-03T17:12:00Z,FAVORABLE_FIRST,2026-03-03T16:45:00Z,2026-03-03T17:12:00Z,FAVORABLE_FIRST,2026-03-03T16:45:00Z,2026-03-03T17:12:00Z,FAVORABLE_FIRST,2026-03-03T16:46:00Z,2026-03-03T17:12:00Z,FAVORABLE_FIRST,2026-03-03T16:46:00Z,2026-03-03T17:12:00Z,ADVERSE_FIRST,2026-03-03T18:01:00Z,2026-03-03T17:12:00Z,ADVERSE_FIRST,2026-03-03T16:53:00Z,2026-03-03T16:50:00Z,ADVERSE_FIRST,2026-03-03T16:55:00Z,2026-03-03T16:50:00Z,ADVERSE_FIRST,2026-03-03T17:25:00Z,2026-03-03T16:50:00Z,ADVERSE_FIRST,2026-03-03T18:01:00Z,2026-03-03T16:50:00Z,ADVERSE_FIRST,2026-03-03T16:55:00Z,2026-03-03T16:50:00Z,ADVERSE_FIRST,2026-03-03T17:25:00Z,2026-03-03T16:50:00Z,ADVERSE_FIRST,2026-03-03T18:01:00Z,2026-03-03T16:50:00Z,ADVERSE_FIRST,2026-03-03T18:20:00Z,2026-03-03T16:50:00Z,ADVERSE_FIRST,2026-03-03T18:22:00Z,2026-03-03T16:50:00Z
SPY:2026-03-04:SHORT:2026-03-04T14:35:00+00:00:v1,2026-03-04,SHORT,681.020000000000,680.200000000000,0.820000000000,2026-03-04T14:40:00Z,2026-03-04T14:45:00Z,5,WORSE,1.400000000000,0.580000000000,6.070000000000,6.890000000000,-4.140000000000,-4.960000000000,0.820000000000,-0.820000000000,True,15,10,AVAILABLE,AVAILABLE,2026-03-04T14:40:00Z,2026-03-04T14:45:00Z,FAVORABLE_FIRST,2026-03-04T14:40:00Z,2026-03-04T14:47:00Z,FAVORABLE_FIRST,2026-03-04T14:40:00Z,2026-03-04T14:47:00Z,FAVORABLE_FIRST,2026-03-04T14:41:00Z,2026-03-04T14:47:00Z,FAVORABLE_FIRST,2026-03-04T14:44:00Z,2026-03-04T14:47:00Z,FAVORABLE_FIRST,2026-03-04T14:40:00Z,2026-03-04T14:47:00Z,FAVORABLE_FIRST,2026-03-04T14:41:00Z,2026-03-04T14:47:00Z,FAVORABLE_FIRST,2026-03-04T14:44:00Z,2026-03-04T14:47:00Z,ADVERSE_FIRST,,2026-03-04T14:47:00Z,ADVERSE_FIRST,,2026-03-04T14:47:00Z,FAVORABLE_FIRST,2026-03-04T14:45:00Z,2026-03-04T14:46:00Z,FAVORABLE_FIRST,2026-03-04T14:45:00Z,2026-03-04T14:46:00Z,ADVERSE_FIRST,,2026-03-04T14:46:00Z,ADVERSE_FIRST,,2026-03-04T14:46:00Z,FAVORABLE_FIRST,2026-03-04T14:45:00Z,2026-03-04T14:46:00Z,ADVERSE_FIRST,,2026-03-04T14:46:00Z,ADVERSE_FIRST,,2026-03-04T14:46:00Z,ADVERSE_FIRST,,2026-03-04T14:46:00Z,ADVERSE_FIRST,,2026-03-04T14:46:00Z
SPY:2026-03-04:LONG:2026-03-04T15:15:00+00:00:v1,2026-03-04,LONG,684.460000000000,685.525000000000,1.065000000000,2026-03-04T15:20:00Z,2026-03-04T15:25:00Z,5,WORSE,2.630000000000,1.565000000000,0.580000000000,1.645000000000,0.700000000000,-0.365000000000,1.065000000000,-1.065000000000,True,,,AVAILABLE,AVAILABLE,2026-03-04T15:20:00Z,2026-03-04T15:25:00Z,FAVORABLE_FIRST,2026-03-04T15:20:00Z,2026-03-04T15:45:00Z,FAVORABLE_FIRST,2026-03-04T15:21:00Z,2026-03-04T15:45:00Z,FAVORABLE_FIRST,2026-03-04T15:21:00Z,2026-03-04T15:45:00Z,FAVORABLE_FIRST,2026-03-04T15:23:00Z,2026-03-04T15:45:00Z,FAVORABLE_FIRST,2026-03-04T15:21:00Z,2026-03-04T15:45:00Z,FAVORABLE_FIRST,2026-03-04T15:21:00Z,2026-03-04T15:45:00Z,FAVORABLE_FIRST,2026-03-04T15:23:00Z,2026-03-04T15:45:00Z,FAVORABLE_FIRST,2026-03-04T15:27:00Z,2026-03-04T15:45:00Z,ADVERSE_FIRST,2026-03-04T16:02:00Z,2026-03-04T15:45:00Z,ADVERSE_FIRST,2026-03-04T15:26:00Z,2026-03-04T15:25:00Z,ADVERSE_FIRST,2026-03-04T15:27:00Z,2026-03-04T15:25:00Z,ADVERSE_FIRST,2026-03-04T15:30:00Z,2026-03-04T15:25:00Z,ADVERSE_FIRST,2026-03-04T16:02:00Z,2026-03-04T15:25:00Z,ADVERSE_FIRST,2026-03-04T15:27:00Z,2026-03-04T15:25:00Z,ADVERSE_FIRST,2026-03-04T15:30:00Z,2026-03-04T15:25:00Z,ADVERSE_FIRST,2026-03-04T16:02:00Z,2026-03-04T15:25:00Z,ADVERSE_FIRST,2026-03-04T19:50:00Z,2026-03-04T15:25:00Z,ADVERSE_FIRST,,2026-03-04T15:25:00Z
SPY:2026-03-05:LONG:2026-03-05T14:57:00+00:00:v1,2026-03-05,LONG,685.090000000000,684.250000000000,-0.840000000000,2026-03-05T15:00:00Z,2026-03-05T15:05:00Z,5,BETTER,0.440000000000,0.149900000000,9.480000000000,8.640000000000,-3.650000000000,-2.810000000000,0.290100000000,0.840000000000,True,10,5,AVAILABLE,AVAILABLE,2026-03-05T15:00:00Z,2026-03-05T15:05:00Z,FAVORABLE_FIRST,2026-03-05T15:00:00Z,2026-03-05T15:01:00Z,ADVERSE_FIRST,,2026-03-05T15:01:00Z,ADVERSE_FIRST,,2026-03-05T15:01:00Z,ADVERSE_FIRST,,2026-03-05T15:01:00Z,ADVERSE_FIRST,,2026-03-05T15:02:00Z,ADVERSE_FIRST,,2026-03-05T15:02:00Z,ADVERSE_FIRST,,2026-03-05T15:02:00Z,ADVERSE_FIRST,,2026-03-05T15:02:00Z,ADVERSE_FIRST,,2026-03-05T15:02:00Z,ADVERSE_FIRST,,2026-03-05T15:05:00Z,ADVERSE_FIRST,,2026-03-05T15:05:00Z,ADVERSE_FIRST,,2026-03-05T15:05:00Z,ADVERSE_FIRST,,2026-03-05T15:05:00Z,ADVERSE_FIRST,,2026-03-05T15:05:00Z,ADVERSE_FIRST,,2026-03-05T15:05:00Z,ADVERSE_FIRST,,2026-03-05T15:05:00Z,ADVERSE_FIRST,,2026-03-05T15:05:00Z,ADVERSE_FIRST,,2026-03-05T15:05:00Z
SPY:2026-03-05:SHORT:2026-03-05T15:22:00+00:00:v1,2026-03-05,SHORT,681.044400000000,680.830000000000,0.214400000000,2026-03-05T15:25:00Z,2026-03-05T15:30:00Z,5,WORSE,5.434400000000,5.220000000000,1.535600000000,1.750000000000,-0.395600000000,-0.610000000000,0.214400000000,-0.214400000000,True,30,25,AVAILABLE,AVAILABLE,2026-03-05T15:25:00Z,2026-03-05T15:30:00Z,ADVERSE_FIRST,2026-03-05T15:27:00Z,2026-03-05T15:25:00Z,ADVERSE_FIRST,2026-03-05T15:28:00Z,2026-03-05T15:25:00Z,ADVERSE_FIRST,2026-03-05T15:30:00Z,2026-03-05T15:25:00Z,ADVERSE_FIRST,2026-03-05T15:30:00Z,2026-03-05T15:25:00Z,ADVERSE_FIRST,2026-03-05T15:28:00Z,2026-03-05T15:26:00Z,ADVERSE_FIRST,2026-03-05T15:30:00Z,2026-03-05T15:26:00Z,ADVERSE_FIRST,2026-03-05T15:30:00Z,2026-03-05T15:26:00Z,ADVERSE_FIRST,2026-03-05T15:31:00Z,2026-03-05T15:26:00Z,ADVERSE_FIRST,2026-03-05T16:18:00Z,2026-03-05T15:26:00Z,FAVORABLE_FIRST,2026-03-05T15:30:00Z,2026-03-05T15:39:00Z,FAVORABLE_FIRST,2026-03-05T15:30:00Z,2026-03-05T15:39:00Z,FAVORABLE_FIRST,2026-03-05T15:30:00Z,2026-03-05T15:39:00Z,FAVORABLE_FIRST,2026-03-05T15:30:00Z,2026-03-05T15:39:00Z,FAVORABLE_FIRST,2026-03-05T15:30:00Z,2026-03-05T15:39:00Z,FAVORABLE_FIRST,2026-03-05T15:30:00Z,2026-03-05T15:39:00Z,FAVORABLE_FIRST,2026-03-05T15:30:00Z,2026-03-05T15:39:00Z,FAVORABLE_FIRST,2026-03-05T15:32:00Z,2026-03-05T15:39:00Z,ADVERSE_FIRST,2026-03-05T17:26:00Z,2026-03-05T15:39:00Z
SPY:2026-03-05:SHORT:2026-03-05T16:01:00+00:00:v1,2026-03-05,SHORT,680.810000000000,680.090000000000,0.720000000000,2026-03-05T16:05:00Z,2026-03-05T16:10:00Z,5,WORSE,5.200000000000,4.480000000000,1.610000000000,2.330000000000,-0.630000000000,-1.350000000000,0.720000000000,-0.720000000000,True,60,55,AVAILABLE,AVAILABLE,2026-03-05T16:05:00Z,2026-03-05T16:10:00Z,ADVERSE_FIRST,2026-03-05T16:07:00Z,2026-03-05T16:05:00Z,ADVERSE_FIRST,2026-03-05T16:08:00Z,2026-03-05T16:05:00Z,ADVERSE_FIRST,2026-03-05T16:10:00Z,2026-03-05T16:05:00Z,ADVERSE_FIRST,2026-03-05T16:10:00Z,2026-03-05T16:05:00Z,ADVERSE_FIRST,2026-03-05T16:08:00Z,2026-03-05T16:05:00Z,ADVERSE_FIRST,2026-03-05T16:10:00Z,2026-03-05T16:05:00Z,ADVERSE_FIRST,2026-03-05T16:10:00Z,2026-03-05T16:05:00Z,ADVERSE_FIRST,2026-03-05T16:11:00Z,2026-03-05T16:05:00Z,ADVERSE_FIRST,2026-03-05T17:26:00Z,2026-03-05T16:05:00Z,FAVORABLE_FIRST,2026-03-05T16:10:00Z,2026-03-05T16:13:00Z,FAVORABLE_FIRST,2026-03-05T16:11:00Z,2026-03-05T16:13:00Z,FAVORABLE_FIRST,2026-03-05T16:11:00Z,2026-03-05T16:13:00Z,ADVERSE_FIRST,2026-03-05T16:18:00Z,2026-03-05T16:13:00Z,FAVORABLE_FIRST,2026-03-05T16:11:00Z,2026-03-05T16:31:00Z,FAVORABLE_FIRST,2026-03-05T16:11:00Z,2026-03-05T16:31:00Z,FAVORABLE_FIRST,2026-03-05T16:18:00Z,2026-03-05T16:31:00Z,ADVERSE_FIRST,2026-03-05T17:29:00Z,2026-03-05T16:31:00Z,ADVERSE_FIRST,2026-03-05T17:31:00Z,2026-03-05T16:31:00Z
SPY:2026-03-05:SHORT:2026-03-05T17:06:00+00:00:v1,2026-03-05,SHORT,680.970000000000,680.540000000000,0.430000000000,2026-03-05T17:10:00Z,2026-03-05T17:15:00Z,5,WORSE,5.360000000000,4.930000000000,0.780000000000,1.210000000000,-0.470000000000,-0.900000000000,0.430000000000,-0.430000000000,True,,,AVAILABLE,AVAILABLE,2026-03-05T17:10:00Z,2026-03-05T17:15:00Z,FAVORABLE_FIRST,2026-03-05T17:10:00Z,2026-03-05T20:54:00Z,FAVORABLE_FIRST,2026-03-05T17:10:00Z,2026-03-05T20:54:00Z,FAVORABLE_FIRST,2026-03-05T17:10:00Z,2026-03-05T20:54:00Z,FAVORABLE_FIRST,2026-03-05T17:15:00Z,2026-03-05T20:54:00Z,FAVORABLE_FIRST,2026-03-05T17:10:00Z,2026-03-05T20:54:00Z,FAVORABLE_FIRST,2026-03-05T17:10:00Z,2026-03-05T20:54:00Z,FAVORABLE_FIRST,2026-03-05T17:15:00Z,2026-03-05T20:54:00Z,FAVORABLE_FIRST,2026-03-05T17:19:00Z,2026-03-05T20:54:00Z,FAVORABLE_FIRST,2026-03-05T17:21:00Z,2026-03-05T20:54:00Z,FAVORABLE_FIRST,2026-03-05T17:15:00Z,2026-03-05T20:50:00Z,FAVORABLE_FIRST,2026-03-05T17:15:00Z,2026-03-05T20:50:00Z,FAVORABLE_FIRST,2026-03-05T17:16:00Z,2026-03-05T20:50:00Z,FAVORABLE_FIRST,2026-03-05T17:18:00Z,2026-03-05T20:50:00Z,FAVORABLE_FIRST,2026-03-05T17:15:00Z,2026-03-05T20:50:00Z,FAVORABLE_FIRST,2026-03-05T17:16:00Z,2026-03-05T20:50:00Z,FAVORABLE_FIRST,2026-03-05T17:18:00Z,2026-03-05T20:50:00Z,FAVORABLE_FIRST,2026-03-05T17:21:00Z,2026-03-05T20:50:00Z,FAVORABLE_FIRST,2026-03-05T17:29:00Z,2026-03-05T20:50:00Z
SPY:2026-03-06:SHORT:2026-03-06T14:35:00+00:00:v1,2026-03-06,SHORT,671.120000000000,671.000000000000,0.120000000000,2026-03-06T14:40:00Z,2026-03-06T14:45:00Z,5,WORSE,1.360000000000,1.240000000000,4.990000000000,5.110000000000,-1.340000000000,-1.460000000000,0.120000000000,-0.120000000000,True,25,20,AVAILABLE,AVAILABLE,2026-03-06T14:40:00Z,2026-03-06T14:45:00Z,ADVERSE_FIRST,2026-03-06T14:41:00Z,2026-03-06T14:40:00Z,ADVERSE_FIRST,2026-03-06T14:46:00Z,2026-03-06T14:40:00Z,ADVERSE_FIRST,2026-03-06T14:46:00Z,2026-03-06T14:40:00Z,ADVERSE_FIRST,2026-03-06T14:47:00Z,2026-03-06T14:40:00Z,ADVERSE_FIRST,2026-03-06T14:46:00Z,2026-03-06T14:40:00Z,ADVERSE_FIRST,2026-03-06T14:46:00Z,2026-03-06T14:40:00Z,ADVERSE_FIRST,2026-03-06T14:47:00Z,2026-03-06T14:40:00Z,ADVERSE_FIRST,,2026-03-06T14:40:00Z,ADVERSE_FIRST,,2026-03-06T14:40:00Z,AMBIGUOUS_SAME_BAR,2026-03-06T14:45:00Z,2026-03-06T14:45:00Z,ADVERSE_FIRST,2026-03-06T14:46:00Z,2026-03-06T14:45:00Z,ADVERSE_FIRST,2026-03-06T14:47:00Z,2026-03-06T14:45:00Z,ADVERSE_FIRST,2026-03-06T14:47:00Z,2026-03-06T14:45:00Z,ADVERSE_FIRST,2026-03-06T14:46:00Z,2026-03-06T14:45:00Z,ADVERSE_FIRST,2026-03-06T14:47:00Z,2026-03-06T14:45:00Z,ADVERSE_FIRST,2026-03-06T14:47:00Z,2026-03-06T14:45:00Z,ADVERSE_FIRST,,2026-03-06T14:45:00Z,ADVERSE_FIRST,,2026-03-06T14:45:00Z
SPY:2026-03-06:LONG:2026-03-06T15:25:00+00:00:v1,2026-03-06,LONG,674.130000000000,674.900000000000,0.770000000000,2026-03-06T15:30:00Z,2026-03-06T15:35:00Z,5,WORSE,1.980000000000,1.210000000000,2.990000000000,3.760000000000,-1.670000000000,-2.440000000000,0.770000000000,-0.770000000000,True,20,15,AVAILABLE,AVAILABLE,2026-03-06T15:30:00Z,2026-03-06T15:35:00Z,FAVORABLE_FIRST,2026-03-06T15:30:00Z,2026-03-06T15:48:00Z,FAVORABLE_FIRST,2026-03-06T15:31:00Z,2026-03-06T15:48:00Z,FAVORABLE_FIRST,2026-03-06T15:31:00Z,2026-03-06T15:48:00Z,FAVORABLE_FIRST,2026-03-06T15:35:00Z,2026-03-06T15:48:00Z,FAVORABLE_FIRST,2026-03-06T15:31:00Z,2026-03-06T15:48:00Z,FAVORABLE_FIRST,2026-03-06T15:31:00Z,2026-03-06T15:48:00Z,FAVORABLE_FIRST,2026-03-06T15:35:00Z,2026-03-06T15:48:00Z,FAVORABLE_FIRST,2026-03-06T15:36:00Z,2026-03-06T15:48:00Z,ADVERSE_FIRST,,2026-03-06T15:48:00Z,FAVORABLE_FIRST,2026-03-06T15:35:00Z,2026-03-06T15:41:00Z,FAVORABLE_FIRST,2026-03-06T15:36:00Z,2026-03-06T15:41:00Z,FAVORABLE_FIRST,2026-03-06T15:37:00Z,2026-03-06T15:41:00Z,FAVORABLE_FIRST,2026-03-06T15:38:00Z,2026-03-06T15:41:00Z,FAVORABLE_FIRST,2026-03-06T15:36:00Z,2026-03-06T15:42:00Z,FAVORABLE_FIRST,2026-03-06T15:37:00Z,2026-03-06T15:42:00Z,FAVORABLE_FIRST,2026-03-06T15:38:00Z,2026-03-06T15:42:00Z,ADVERSE_FIRST,,2026-03-06T15:42:00Z,ADVERSE_FIRST,,2026-03-06T15:42:00Z
SPY:2026-03-06:LONG:2026-03-06T15:55:00+00:00:v1,2026-03-06,LONG,674.960000000000,675.900000000000,0.940000000000,2026-03-06T16:00:00Z,2026-03-06T16:05:00Z,5,WORSE,1.150000000000,0.210000000000,3.820000000000,4.760000000000,-2.500000000000,-3.440000000000,0.940000000000,-0.940000000000,True,35,30,AVAILABLE,AVAILABLE,2026-03-06T16:00:00Z,2026-03-06T16:05:00Z,AMBIGUOUS_SAME_BAR,2026-03-06T16:00:00Z,2026-03-06T16:00:00Z,AMBIGUOUS_SAME_BAR,2026-03-06T16:00:00Z,2026-03-06T16:00:00Z,ADVERSE_FIRST,2026-03-06T16:04:00Z,2026-03-06T16:00:00Z,ADVERSE_FIRST,2026-03-06T16:04:00Z,2026-03-06T16:00:00Z,FAVORABLE_FIRST,2026-03-06T16:00:00Z,2026-03-06T16:11:00Z,FAVORABLE_FIRST,2026-03-06T16:04:00Z,2026-03-06T16:11:00Z,FAVORABLE_FIRST,2026-03-06T16:04:00Z,2026-03-06T16:11:00Z,ADVERSE_FIRST,,2026-03-06T16:11:00Z,ADVERSE_FIRST,,2026-03-06T16:11:00Z,ADVERSE_FIRST,,2026-03-06T16:06:00Z,ADVERSE_FIRST,,2026-03-06T16:06:00Z,ADVERSE_FIRST,,2026-03-06T16:06:00Z,ADVERSE_FIRST,,2026-03-06T16:06:00Z,ADVERSE_FIRST,,2026-03-06T16:06:00Z,ADVERSE_FIRST,,2026-03-06T16:06:00Z,ADVERSE_FIRST,,2026-03-06T16:06:00Z,ADVERSE_FIRST,,2026-03-06T16:06:00Z,ADVERSE_FIRST,,2026-03-06T16:06:00Z
SPY:2026-03-06:LONG:2026-03-06T16:35:00+00:00:v1,2026-03-06,LONG,674.950000000000,674.500000000000,-0.450000000000,2026-03-06T16:40:00Z,2026-03-06T16:45:00Z,5,BETTER,1.160000000000,1.610000000000,3.810000000000,3.360000000000,-2.490000000000,-2.040000000000,-0.450000000000,0.450000000000,True,30,25,AVAILABLE,AVAILABLE,2026-03-06T16:40:00Z,2026-03-06T16:45:00Z,ADVERSE_FIRST,2026-03-06T16:41:00Z,2026-03-06T16:40:00Z,ADVERSE_FIRST,2026-03-06T16:45:00Z,2026-03-06T16:40:00Z,ADVERSE_FIRST,2026-03-06T16:50:00Z,2026-03-06T16:40:00Z,ADVERSE_FIRST,2026-03-06T16:51:00Z,2026-03-06T16:40:00Z,ADVERSE_FIRST,2026-03-06T16:45:00Z,2026-03-06T16:40:00Z,ADVERSE_FIRST,2026-03-06T16:50:00Z,2026-03-06T16:40:00Z,ADVERSE_FIRST,2026-03-06T16:51:00Z,2026-03-06T16:40:00Z,ADVERSE_FIRST,,2026-03-06T16:40:00Z,ADVERSE_FIRST,,2026-03-06T16:40:00Z,FAVORABLE_FIRST,2026-03-06T16:45:00Z,2026-03-06T16:56:00Z,FAVORABLE_FIRST,2026-03-06T16:45:00Z,2026-03-06T16:56:00Z,FAVORABLE_FIRST,2026-03-06T16:45:00Z,2026-03-06T16:56:00Z,FAVORABLE_FIRST,2026-03-06T16:46:00Z,2026-03-06T16:56:00Z,FAVORABLE_FIRST,2026-03-06T16:45:00Z,2026-03-06T16:56:00Z,FAVORABLE_FIRST,2026-03-06T16:45:00Z,2026-03-06T16:56:00Z,FAVORABLE_FIRST,2026-03-06T16:46:00Z,2026-03-06T16:56:00Z,FAVORABLE_FIRST,2026-03-06T16:51:00Z,2026-03-06T16:56:00Z,ADVERSE_FIRST,,2026-03-06T16:56:00Z
SPY:2026-03-06:LONG:2026-03-06T17:15:00+00:00:v1,2026-03-06,LONG,674.400000000000,674.520000000000,0.120000000000,2026-03-06T17:20:00Z,2026-03-06T17:25:00Z,5,WORSE,1.710000000000,1.590000000000,3.260000000000,3.380000000000,-1.940000000000,-2.060000000000,0.120000000000,-0.120000000000,True,10,5,AVAILABLE,AVAILABLE,2026-03-06T17:20:00Z,2026-03-06T17:25:00Z,ADVERSE_FIRST,2026-03-06T17:22:00Z,2026-03-06T17:21:00Z,ADVERSE_FIRST,2026-03-06T17:22:00Z,2026-03-06T17:21:00Z,ADVERSE_FIRST,2026-03-06T17:22:00Z,2026-03-06T17:21:00Z,ADVERSE_FIRST,2026-03-06T18:13:00Z,2026-03-06T17:21:00Z,ADVERSE_FIRST,2026-03-06T17:22:00Z,2026-03-06T17:21:00Z,ADVERSE_FIRST,2026-03-06T17:22:00Z,2026-03-06T17:21:00Z,ADVERSE_FIRST,2026-03-06T18:13:00Z,2026-03-06T17:21:00Z,ADVERSE_FIRST,2026-03-06T18:13:00Z,2026-03-06T17:21:00Z,ADVERSE_FIRST,,2026-03-06T17:21:00Z,ADVERSE_FIRST,2026-03-06T18:11:00Z,2026-03-06T17:25:00Z,ADVERSE_FIRST,2026-03-06T18:12:00Z,2026-03-06T17:25:00Z,ADVERSE_FIRST,2026-03-06T18:13:00Z,2026-03-06T17:25:00Z,ADVERSE_FIRST,2026-03-06T18:13:00Z,2026-03-06T17:25:00Z,ADVERSE_FIRST,2026-03-06T18:12:00Z,2026-03-06T17:25:00Z,ADVERSE_FIRST,2026-03-06T18:13:00Z,2026-03-06T17:25:00Z,ADVERSE_FIRST,2026-03-06T18:13:00Z,2026-03-06T17:25:00Z,ADVERSE_FIRST,2026-03-06T18:13:00Z,2026-03-06T17:25:00Z,ADVERSE_FIRST,,2026-03-06T17:25:00Z
SPY:2026-03-06:LONG:2026-03-06T18:06:00+00:00:v1,2026-03-06,LONG,674.210000000000,675.830000000000,1.620000000000,2026-03-06T18:10:00Z,2026-03-06T18:15:00Z,5,WORSE,1.900000000000,0.270000000000,3.070000000000,4.690000000000,-1.750000000000,-3.370000000000,1.630000000000,-1.620000000000,True,45,40,AVAILABLE,AVAILABLE,2026-03-06T18:10:00Z,2026-03-06T18:15:00Z,ADVERSE_FIRST,2026-03-06T18:11:00Z,2026-03-06T18:10:00Z,ADVERSE_FIRST,2026-03-06T18:11:00Z,2026-03-06T18:10:00Z,ADVERSE_FIRST,2026-03-06T18:12:00Z,2026-03-06T18:10:00Z,ADVERSE_FIRST,2026-03-06T18:13:00Z,2026-03-06T18:10:00Z,FAVORABLE_FIRST,2026-03-06T18:11:00Z,2026-03-06T18:51:00Z,FAVORABLE_FIRST,2026-03-06T18:12:00Z,2026-03-06T18:51:00Z,FAVORABLE_FIRST,2026-03-06T18:13:00Z,2026-03-06T18:51:00Z,FAVORABLE_FIRST,2026-03-06T18:13:00Z,2026-03-06T18:51:00Z,ADVERSE_FIRST,,2026-03-06T18:51:00Z,AMBIGUOUS_SAME_BAR,2026-03-06T18:15:00Z,2026-03-06T18:15:00Z,ADVERSE_FIRST,,2026-03-06T18:15:00Z,ADVERSE_FIRST,,2026-03-06T18:15:00Z,ADVERSE_FIRST,,2026-03-06T18:15:00Z,ADVERSE_FIRST,,2026-03-06T18:17:00Z,ADVERSE_FIRST,,2026-03-06T18:17:00Z,ADVERSE_FIRST,,2026-03-06T18:17:00Z,ADVERSE_FIRST,,2026-03-06T18:17:00Z,ADVERSE_FIRST,,2026-03-06T18:17:00Z
SPY:2026-03-06:LONG:2026-03-06T19:05:00+00:00:v1,2026-03-06,LONG,674.530000000000,675.160000000000,0.630000000000,2026-03-06T19:10:00Z,2026-03-06T19:15:00Z,5,WORSE,1.440000000000,0.810000000000,3.390000000000,4.020000000000,-2.070000000000,-2.700000000000,0.630000000000,-0.630000000000,True,65,60,AVAILABLE,AVAILABLE,2026-03-06T19:10:00Z,2026-03-06T19:15:00Z,FAVORABLE_FIRST,2026-03-06T19:10:00Z,2026-03-06T19:23:00Z,FAVORABLE_FIRST,2026-03-06T19:11:00Z,2026-03-06T19:23:00Z,FAVORABLE_FIRST,2026-03-06T19:13:00Z,2026-03-06T19:23:00Z,ADVERSE_FIRST,2026-03-06T19:41:00Z,2026-03-06T19:23:00Z,FAVORABLE_FIRST,2026-03-06T19:11:00Z,2026-03-06T19:23:00Z,FAVORABLE_FIRST,2026-03-06T19:13:00Z,2026-03-06T19:23:00Z,ADVERSE_FIRST,2026-03-06T19:41:00Z,2026-03-06T19:23:00Z,ADVERSE_FIRST,,2026-03-06T19:23:00Z,ADVERSE_FIRST,,2026-03-06T19:23:00Z,ADVERSE_FIRST,2026-03-06T19:41:00Z,2026-03-06T19:17:00Z,ADVERSE_FIRST,2026-03-06T20:01:00Z,2026-03-06T19:17:00Z,ADVERSE_FIRST,2026-03-06T20:02:00Z,2026-03-06T19:17:00Z,ADVERSE_FIRST,,2026-03-06T19:17:00Z,ADVERSE_FIRST,2026-03-06T20:01:00Z,2026-03-06T19:18:00Z,ADVERSE_FIRST,2026-03-06T20:02:00Z,2026-03-06T19:18:00Z,ADVERSE_FIRST,,2026-03-06T19:18:00Z,ADVERSE_FIRST,,2026-03-06T19:18:00Z,ADVERSE_FIRST,,2026-03-06T19:18:00Z
SPY:2026-03-09:SHORT:2026-03-09T13:36:00+00:00:v1,2026-03-09,SHORT,664.740000000000,664.380000000000,0.360000000000,2026-03-09T13:40:00Z,2026-03-09T13:45:00Z,5,WORSE,2.350000000000,1.990000000000,15.180000000000,15.540000000000,-13.570000000000,-13.930000000000,0.360000000000,-0.360000000000,True,25,20,AVAILABLE,AVAILABLE,2026-03-09T13:40:00Z,2026-03-09T13:45:00Z,FAVORABLE_FIRST,2026-03-09T13:40:00Z,2026-03-09T14:03:00Z,FAVORABLE_FIRST,2026-03-09T13:40:00Z,2026-03-09T14:03:00Z,FAVORABLE_FIRST,2026-03-09T13:41:00Z,2026-03-09T14:03:00Z,FAVORABLE_FIRST,2026-03-09T13:42:00Z,2026-03-09T14:03:00Z,FAVORABLE_FIRST,2026-03-09T13:40:00Z,2026-03-09T14:03:00Z,FAVORABLE_FIRST,2026-03-09T13:41:00Z,2026-03-09T14:03:00Z,FAVORABLE_FIRST,2026-03-09T13:42:00Z,2026-03-09T14:03:00Z,FAVORABLE_FIRST,2026-03-09T13:51:00Z,2026-03-09T14:03:00Z,FAVORABLE_FIRST,2026-03-09T13:53:00Z,2026-03-09T14:03:00Z,FAVORABLE_FIRST,2026-03-09T13:45:00Z,2026-03-09T13:46:00Z,FAVORABLE_FIRST,2026-03-09T13:45:00Z,2026-03-09T13:46:00Z,FAVORABLE_FIRST,2026-03-09T13:45:00Z,2026-03-09T13:46:00Z,FAVORABLE_FIRST,2026-03-09T13:45:00Z,2026-03-09T13:46:00Z,FAVORABLE_FIRST,2026-03-09T13:45:00Z,2026-03-09T13:46:00Z,FAVORABLE_FIRST,2026-03-09T13:45:00Z,2026-03-09T13:46:00Z,FAVORABLE_FIRST,2026-03-09T13:45:00Z,2026-03-09T13:46:00Z,ADVERSE_FIRST,2026-03-09T13:53:00Z,2026-03-09T13:46:00Z,ADVERSE_FIRST,,2026-03-09T13:46:00Z
SPY:2026-03-09:SHORT:2026-03-09T14:05:00+00:00:v1,2026-03-09,SHORT,663.500000000000,663.150000000000,0.350000000000,2026-03-09T14:10:00Z,2026-03-09T14:15:00Z,5,WORSE,1.110000000000,0.310000000000,16.420000000000,16.770000000000,-14.810000000000,-15.160000000000,0.800000000000,-0.350000000000,True,30,25,AVAILABLE,AVAILABLE,2026-03-09T14:10:00Z,2026-03-09T14:15:00Z,FAVORABLE_FIRST,2026-03-09T14:10:00Z,2026-03-09T14:16:00Z,FAVORABLE_FIRST,2026-03-09T14:10:00Z,2026-03-09T14:16:00Z,FAVORABLE_FIRST,2026-03-09T14:11:00Z,2026-03-09T14:16:00Z,FAVORABLE_FIRST,2026-03-09T14:11:00Z,2026-03-09T14:16:00Z,FAVORABLE_FIRST,2026-03-09T14:10:00Z,2026-03-09T14:16:00Z,FAVORABLE_FIRST,2026-03-09T14:11:00Z,2026-03-09T14:16:00Z,FAVORABLE_FIRST,2026-03-09T14:11:00Z,2026-03-09T14:16:00Z,ADVERSE_FIRST,,2026-03-09T14:16:00Z,ADVERSE_FIRST,,2026-03-09T14:16:00Z,AMBIGUOUS_SAME_BAR,2026-03-09T14:15:00Z,2026-03-09T14:15:00Z,ADVERSE_FIRST,,2026-03-09T14:15:00Z,ADVERSE_FIRST,,2026-03-09T14:15:00Z,ADVERSE_FIRST,,2026-03-09T14:15:00Z,ADVERSE_FIRST,,2026-03-09T14:15:00Z,ADVERSE_FIRST,,2026-03-09T14:15:00Z,ADVERSE_FIRST,,2026-03-09T14:15:00Z,ADVERSE_FIRST,,2026-03-09T14:15:00Z,ADVERSE_FIRST,,2026-03-09T14:15:00Z
SPY:2026-03-09:LONG:2026-03-09T15:00:00+00:00:v1,2026-03-09,LONG,668.510000000000,668.040000000000,-0.470000000000,2026-03-09T15:05:00Z,2026-03-09T15:10:00Z,5,BETTER,11.410000000000,11.880000000000,0.690000000000,0.070000000000,9.800000000000,10.270000000000,-0.470000000000,0.620000000000,True,,,AVAILABLE,AVAILABLE,2026-03-09T15:05:00Z,2026-03-09T15:10:00Z,ADVERSE_FIRST,2026-03-09T15:12:00Z,2026-03-09T15:08:00Z,ADVERSE_FIRST,2026-03-09T15:15:00Z,2026-03-09T15:08:00Z,ADVERSE_FIRST,2026-03-09T15:15:00Z,2026-03-09T15:08:00Z,ADVERSE_FIRST,2026-03-09T15:25:00Z,2026-03-09T15:08:00Z,ADVERSE_FIRST,2026-03-09T15:15:00Z,2026-03-09T15:08:00Z,ADVERSE_FIRST,2026-03-09T15:15:00Z,2026-03-09T15:08:00Z,ADVERSE_FIRST,2026-03-09T15:25:00Z,2026-03-09T15:08:00Z,ADVERSE_FIRST,2026-03-09T16:03:00Z,2026-03-09T15:08:00Z,ADVERSE_FIRST,2026-03-09T16:24:00Z,2026-03-09T15:08:00Z,FAVORABLE_FIRST,2026-03-09T15:10:00Z,,FAVORABLE_FIRST,2026-03-09T15:10:00Z,,FAVORABLE_FIRST,2026-03-09T15:12:00Z,,FAVORABLE_FIRST,2026-03-09T15:15:00Z,,FAVORABLE_FIRST,2026-03-09T15:10:00Z,,FAVORABLE_FIRST,2026-03-09T15:12:00Z,,FAVORABLE_FIRST,2026-03-09T15:15:00Z,,FAVORABLE_FIRST,2026-03-09T15:25:00Z,,FAVORABLE_FIRST,2026-03-09T16:03:00Z,
SPY:2026-03-10:SHORT:2026-03-10T13:50:00+00:00:v1,2026-03-10,SHORT,676.310000000000,675.830000000000,0.480000000000,2026-03-10T13:55:00Z,2026-03-10T14:00:00Z,5,WORSE,1.550000000000,1.070000000000,7.050000000000,7.530000000000,-0.760000000000,-1.240000000000,0.480000000000,-0.480000000000,True,30,25,AVAILABLE,AVAILABLE,2026-03-10T13:55:00Z,2026-03-10T14:00:00Z,AMBIGUOUS_SAME_BAR,2026-03-10T13:55:00Z,2026-03-10T13:55:00Z,ADVERSE_FIRST,2026-03-10T13:57:00Z,2026-03-10T13:55:00Z,ADVERSE_FIRST,2026-03-10T13:57:00Z,2026-03-10T13:55:00Z,ADVERSE_FIRST,2026-03-10T14:00:00Z,2026-03-10T13:55:00Z,FAVORABLE_FIRST,2026-03-10T13:57:00Z,2026-03-10T14:05:00Z,FAVORABLE_FIRST,2026-03-10T13:57:00Z,2026-03-10T14:05:00Z,FAVORABLE_FIRST,2026-03-10T14:00:00Z,2026-03-10T14:05:00Z,ADVERSE_FIRST,2026-03-10T14:09:00Z,2026-03-10T14:05:00Z,ADVERSE_FIRST,,2026-03-10T14:05:00Z,FAVORABLE_FIRST,2026-03-10T14:00:00Z,2026-03-10T14:02:00Z,FAVORABLE_FIRST,2026-03-10T14:00:00Z,2026-03-10T14:02:00Z,FAVORABLE_FIRST,2026-03-10T14:01:00Z,2026-03-10T14:02:00Z,ADVERSE_FIRST,2026-03-10T14:09:00Z,2026-03-10T14:02:00Z,FAVORABLE_FIRST,2026-03-10T14:00:00Z,2026-03-10T14:02:00Z,FAVORABLE_FIRST,2026-03-10T14:01:00Z,2026-03-10T14:02:00Z,ADVERSE_FIRST,2026-03-10T14:09:00Z,2026-03-10T14:02:00Z,ADVERSE_FIRST,,2026-03-10T14:02:00Z,ADVERSE_FIRST,,2026-03-10T14:02:00Z
SPY:2026-03-10:LONG:2026-03-10T14:34:00+00:00:v1,2026-03-10,LONG,678.940000000000,679.570000000000,0.630000000000,2026-03-10T14:35:00Z,2026-03-10T14:40:00Z,5,WORSE,4.420000000000,3.790000000000,2.710000000000,3.340000000000,-1.870000000000,-2.500000000000,0.630000000000,-0.630000000000,True,220,215,AVAILABLE,AVAILABLE,2026-03-10T14:35:00Z,2026-03-10T14:40:00Z,ADVERSE_FIRST,2026-03-10T14:36:00Z,2026-03-10T14:35:00Z,ADVERSE_FIRST,2026-03-10T14:39:00Z,2026-03-10T14:35:00Z,ADVERSE_FIRST,2026-03-10T14:41:00Z,2026-03-10T14:35:00Z,ADVERSE_FIRST,2026-03-10T14:42:00Z,2026-03-10T14:35:00Z,ADVERSE_FIRST,2026-03-10T14:39:00Z,2026-03-10T14:35:00Z,ADVERSE_FIRST,2026-03-10T14:41:00Z,2026-03-10T14:35:00Z,ADVERSE_FIRST,2026-03-10T14:42:00Z,2026-03-10T14:35:00Z,ADVERSE_FIRST,2026-03-10T14:50:00Z,2026-03-10T14:35:00Z,ADVERSE_FIRST,2026-03-10T14:55:00Z,2026-03-10T14:35:00Z,ADVERSE_FIRST,2026-03-10T14:41:00Z,2026-03-10T14:40:00Z,ADVERSE_FIRST,2026-03-10T14:43:00Z,2026-03-10T14:40:00Z,ADVERSE_FIRST,2026-03-10T14:45:00Z,2026-03-10T14:40:00Z,ADVERSE_FIRST,2026-03-10T14:51:00Z,2026-03-10T14:40:00Z,FAVORABLE_FIRST,2026-03-10T14:43:00Z,2026-03-10T18:14:00Z,FAVORABLE_FIRST,2026-03-10T14:45:00Z,2026-03-10T18:14:00Z,FAVORABLE_FIRST,2026-03-10T14:51:00Z,2026-03-10T18:14:00Z,FAVORABLE_FIRST,2026-03-10T14:58:00Z,2026-03-10T18:14:00Z,FAVORABLE_FIRST,2026-03-10T15:01:00Z,2026-03-10T18:14:00Z
SPY:2026-03-10:LONG:2026-03-10T18:25:00+00:00:v1,2026-03-10,LONG,679.315000000000,679.720000000000,0.405000000000,2026-03-10T18:30:00Z,2026-03-10T18:35:00Z,5,WORSE,1.055000000000,0.390000000000,3.085000000000,3.490000000000,-2.245000000000,-2.650000000000,0.665000000000,-0.405000000000,True,15,10,AVAILABLE,AVAILABLE,2026-03-10T18:30:00Z,2026-03-10T18:35:00Z,AMBIGUOUS_SAME_BAR,2026-03-10T18:30:00Z,2026-03-10T18:30:00Z,AMBIGUOUS_SAME_BAR,2026-03-10T18:30:00Z,2026-03-10T18:30:00Z,ADVERSE_FIRST,2026-03-10T18:31:00Z,2026-03-10T18:30:00Z,ADVERSE_FIRST,2026-03-10T18:31:00Z,2026-03-10T18:30:00Z,AMBIGUOUS_SAME_BAR,2026-03-10T18:30:00Z,2026-03-10T18:30:00Z,ADVERSE_FIRST,2026-03-10T18:31:00Z,2026-03-10T18:30:00Z,ADVERSE_FIRST,2026-03-10T18:31:00Z,2026-03-10T18:30:00Z,ADVERSE_FIRST,,2026-03-10T18:30:00Z,ADVERSE_FIRST,,2026-03-10T18:30:00Z,ADVERSE_FIRST,2026-03-10T18:37:00Z,2026-03-10T18:35:00Z,ADVERSE_FIRST,,2026-03-10T18:35:00Z,ADVERSE_FIRST,,2026-03-10T18:35:00Z,ADVERSE_FIRST,,2026-03-10T18:35:00Z,ADVERSE_FIRST,,2026-03-10T18:35:00Z,ADVERSE_FIRST,,2026-03-10T18:35:00Z,ADVERSE_FIRST,,2026-03-10T18:35:00Z,ADVERSE_FIRST,,2026-03-10T18:35:00Z,ADVERSE_FIRST,,2026-03-10T18:35:00Z
SPY:2026-03-10:LONG:2026-03-10T18:45:00+00:00:v1,2026-03-10,LONG,678.980000000000,678.890000000000,-0.090000000000,2026-03-10T18:50:00Z,2026-03-10T18:55:00Z,5,BETTER,0.820000000000,0.640000000000,2.750000000000,2.660000000000,-1.910000000000,-1.820000000000,0.180000000000,0.090000000000,True,10,5,AVAILABLE,AVAILABLE,2026-03-10T18:50:00Z,2026-03-10T18:55:00Z,FAVORABLE_FIRST,2026-03-10T18:50:00Z,2026-03-10T18:53:00Z,FAVORABLE_FIRST,2026-03-10T18:50:00Z,2026-03-10T18:53:00Z,FAVORABLE_FIRST,2026-03-10T18:51:00Z,2026-03-10T18:53:00Z,ADVERSE_FIRST,,2026-03-10T18:53:00Z,FAVORABLE_FIRST,2026-03-10T18:50:00Z,2026-03-10T18:53:00Z,FAVORABLE_FIRST,2026-03-10T18:51:00Z,2026-03-10T18:53:00Z,ADVERSE_FIRST,,2026-03-10T18:53:00Z,ADVERSE_FIRST,,2026-03-10T18:53:00Z,ADVERSE_FIRST,,2026-03-10T18:53:00Z,AMBIGUOUS_SAME_BAR,2026-03-10T18:55:00Z,2026-03-10T18:55:00Z,ADVERSE_FIRST,2026-03-10T19:18:00Z,2026-03-10T18:55:00Z,ADVERSE_FIRST,,2026-03-10T18:55:00Z,ADVERSE_FIRST,,2026-03-10T18:55:00Z,ADVERSE_FIRST,2026-03-10T19:18:00Z,2026-03-10T18:55:00Z,ADVERSE_FIRST,,2026-03-10T18:55:00Z,ADVERSE_FIRST,,2026-03-10T18:55:00Z,ADVERSE_FIRST,,2026-03-10T18:55:00Z,ADVERSE_FIRST,,2026-03-10T18:55:00Z
SPY:2026-03-10:LONG:2026-03-10T19:14:00+00:00:v1,2026-03-10,LONG,678.945000000000,679.310000000000,0.365000000000,2026-03-10T19:15:00Z,2026-03-10T19:20:00Z,5,WORSE,0.585000000000,0.100000000000,2.715000000000,3.080000000000,-1.875000000000,-2.240000000000,0.485000000000,-0.365000000000,True,10,5,AVAILABLE,AVAILABLE,2026-03-10T19:15:00Z,2026-03-10T19:20:00Z,FAVORABLE_FIRST,2026-03-10T19:17:00Z,2026-03-10T19:20:00Z,FAVORABLE_FIRST,2026-03-10T19:18:00Z,2026-03-10T19:20:00Z,ADVERSE_FIRST,,2026-03-10T19:20:00Z,ADVERSE_FIRST,,2026-03-10T19:20:00Z,FAVORABLE_FIRST,2026-03-10T19:18:00Z,2026-03-10T19:20:00Z,ADVERSE_FIRST,,2026-03-10T19:20:00Z,ADVERSE_FIRST,,2026-03-10T19:20:00Z,ADVERSE_FIRST,,2026-03-10T19:20:00Z,ADVERSE_FIRST,,2026-03-10T19:20:00Z,ADVERSE_FIRST,,2026-03-10T19:20:00Z,ADVERSE_FIRST,,2026-03-10T19:20:00Z,ADVERSE_FIRST,,2026-03-10T19:20:00Z,ADVERSE_FIRST,,2026-03-10T19:20:00Z,ADVERSE_FIRST,,2026-03-10T19:20:00Z,ADVERSE_FIRST,,2026-03-10T19:20:00Z,ADVERSE_FIRST,,2026-03-10T19:20:00Z,ADVERSE_FIRST,,2026-03-10T19:20:00Z,ADVERSE_FIRST,,2026-03-10T19:20:00Z
SPY:2026-03-10:SHORT:2026-03-10T19:47:00+00:00:v1,2026-03-10,SHORT,676.780000000000,676.750000000000,0.030000000000,2026-03-10T19:50:00Z,2026-03-10T19:55:00Z,5,WORSE,0.550000000000,0.520000000000,0.410000000000,0.440000000000,-0.290000000000,-0.320000000000,0.030000000000,-0.030000000000,True,,,AVAILABLE,AVAILABLE,2026-03-10T19:50:00Z,2026-03-10T19:55:00Z,FAVORABLE_FIRST,2026-03-10T19:50:00Z,2026-03-10T19:55:00Z,FAVORABLE_FIRST,2026-03-10T19:50:00Z,2026-03-10T19:55:00Z,ADVERSE_FIRST,,2026-03-10T19:55:00Z,ADVERSE_FIRST,,2026-03-10T19:55:00Z,FAVORABLE_FIRST,2026-03-10T19:50:00Z,2026-03-10T19:55:00Z,ADVERSE_FIRST,,2026-03-10T19:55:00Z,ADVERSE_FIRST,,2026-03-10T19:55:00Z,ADVERSE_FIRST,,2026-03-10T19:55:00Z,ADVERSE_FIRST,,2026-03-10T19:55:00Z,AMBIGUOUS_SAME_BAR,2026-03-10T19:55:00Z,2026-03-10T19:55:00Z,ADVERSE_FIRST,2026-03-10T19:57:00Z,2026-03-10T19:55:00Z,ADVERSE_FIRST,,2026-03-10T19:55:00Z,ADVERSE_FIRST,,2026-03-10T19:55:00Z,ADVERSE_FIRST,2026-03-10T19:57:00Z,2026-03-10T19:55:00Z,ADVERSE_FIRST,,2026-03-10T19:55:00Z,ADVERSE_FIRST,,2026-03-10T19:55:00Z,ADVERSE_FIRST,,2026-03-10T19:55:00Z,ADVERSE_FIRST,,2026-03-10T19:55:00Z
SPY:2026-03-11:SHORT:2026-03-11T13:43:00+00:00:v1,2026-03-11,SHORT,677.360000000000,676.710000000000,0.650000000000,2026-03-11T13:45:00Z,2026-03-11T13:50:00Z,5,WORSE,4.020000000000,3.370000000000,2.720000000000,3.370000000000,1.010000000000,0.360000000000,0.650000000000,-0.650000000000,True,15,10,AVAILABLE,AVAILABLE,2026-03-11T13:45:00Z,2026-03-11T13:50:00Z,ADVERSE_FIRST,2026-03-11T13:47:00Z,2026-03-11T13:45:00Z,ADVERSE_FIRST,2026-03-11T13:48:00Z,2026-03-11T13:45:00Z,ADVERSE_FIRST,2026-03-11T13:48:00Z,2026-03-11T13:45:00Z,ADVERSE_FIRST,2026-03-11T13:50:00Z,2026-03-11T13:45:00Z,ADVERSE_FIRST,2026-03-11T13:48:00Z,2026-03-11T13:45:00Z,ADVERSE_FIRST,2026-03-11T13:48:00Z,2026-03-11T13:45:00Z,ADVERSE_FIRST,2026-03-11T13:50:00Z,2026-03-11T13:45:00Z,ADVERSE_FIRST,2026-03-11T14:25:00Z,2026-03-11T13:45:00Z,ADVERSE_FIRST,2026-03-11T14:27:00Z,2026-03-11T13:45:00Z,FAVORABLE_FIRST,2026-03-11T13:50:00Z,2026-03-11T13:53:00Z,FAVORABLE_FIRST,2026-03-11T13:51:00Z,2026-03-11T13:53:00Z,ADVERSE_FIRST,2026-03-11T14:25:00Z,2026-03-11T13:53:00Z,ADVERSE_FIRST,2026-03-11T14:26:00Z,2026-03-11T13:53:00Z,FAVORABLE_FIRST,2026-03-11T13:51:00Z,2026-03-11T13:53:00Z,ADVERSE_FIRST,2026-03-11T14:25:00Z,2026-03-11T13:53:00Z,ADVERSE_FIRST,2026-03-11T14:26:00Z,2026-03-11T13:53:00Z,ADVERSE_FIRST,2026-03-11T14:28:00Z,2026-03-11T13:53:00Z,ADVERSE_FIRST,2026-03-11T15:29:00Z,2026-03-11T13:53:00Z
SPY:2026-03-11:SHORT:2026-03-11T14:20:00+00:00:v1,2026-03-11,SHORT,676.120000000000,676.140000000000,-0.020000000000,2026-03-11T14:25:00Z,2026-03-11T14:30:00Z,5,BETTER,2.780000000000,2.800000000000,2.520000000000,2.500000000000,-0.230000000000,-0.210000000000,-0.020000000000,0.020000000000,True,25,20,AVAILABLE,AVAILABLE,2026-03-11T14:25:00Z,2026-03-11T14:30:00Z,FAVORABLE_FIRST,2026-03-11T14:25:00Z,2026-03-11T14:30:00Z,FAVORABLE_FIRST,2026-03-11T14:27:00Z,2026-03-11T14:30:00Z,FAVORABLE_FIRST,2026-03-11T14:27:00Z,2026-03-11T14:30:00Z,ADVERSE_FIRST,2026-03-11T15:17:00Z,2026-03-11T14:30:00Z,FAVORABLE_FIRST,2026-03-11T14:27:00Z,2026-03-11T14:30:00Z,FAVORABLE_FIRST,2026-03-11T14:27:00Z,2026-03-11T14:30:00Z,ADVERSE_FIRST,2026-03-11T15:17:00Z,2026-03-11T14:30:00Z,ADVERSE_FIRST,2026-03-11T15:29:00Z,2026-03-11T14:30:00Z,ADVERSE_FIRST,2026-03-11T15:31:00Z,2026-03-11T14:30:00Z,ADVERSE_FIRST,2026-03-11T14:32:00Z,2026-03-11T14:30:00Z,ADVERSE_FIRST,2026-03-11T14:33:00Z,2026-03-11T14:30:00Z,ADVERSE_FIRST,2026-03-11T14:34:00Z,2026-03-11T14:30:00Z,ADVERSE_FIRST,2026-03-11T15:17:00Z,2026-03-11T14:30:00Z,ADVERSE_FIRST,2026-03-11T14:33:00Z,2026-03-11T14:30:00Z,ADVERSE_FIRST,2026-03-11T14:34:00Z,2026-03-11T14:30:00Z,ADVERSE_FIRST,2026-03-11T15:17:00Z,2026-03-11T14:30:00Z,ADVERSE_FIRST,2026-03-11T15:29:00Z,2026-03-11T14:30:00Z,ADVERSE_FIRST,2026-03-11T15:31:00Z,2026-03-11T14:30:00Z
SPY:2026-03-11:SHORT:2026-03-11T15:05:00+00:00:v1,2026-03-11,SHORT,677.100000000000,675.785000000000,1.315000000000,2026-03-11T15:10:00Z,2026-03-11T15:15:00Z,5,WORSE,3.760000000000,2.445000000000,0.420000000000,0.985000000000,0.750000000000,-0.565000000000,1.315000000000,-0.565000000000,True,,,AVAILABLE,AVAILABLE,2026-03-11T15:10:00Z,2026-03-11T15:15:00Z,ADVERSE_FIRST,2026-03-11T15:11:00Z,2026-03-11T15:10:00Z,ADVERSE_FIRST,2026-03-11T15:11:00Z,2026-03-11T15:10:00Z,ADVERSE_FIRST,2026-03-11T15:12:00Z,2026-03-11T15:10:00Z,ADVERSE_FIRST,2026-03-11T15:12:00Z,2026-03-11T15:10:00Z,ADVERSE_FIRST,2026-03-11T15:11:00Z,2026-03-11T15:10:00Z,ADVERSE_FIRST,2026-03-11T15:12:00Z,2026-03-11T15:10:00Z,ADVERSE_FIRST,2026-03-11T15:12:00Z,2026-03-11T15:10:00Z,ADVERSE_FIRST,2026-03-11T15:12:00Z,2026-03-11T15:10:00Z,ADVERSE_FIRST,2026-03-11T15:17:00Z,2026-03-11T15:10:00Z,FAVORABLE_FIRST,2026-03-11T15:15:00Z,2026-03-11T15:24:00Z,FAVORABLE_FIRST,2026-03-11T15:15:00Z,2026-03-11T15:24:00Z,FAVORABLE_FIRST,2026-03-11T15:17:00Z,2026-03-11T15:24:00Z,ADVERSE_FIRST,2026-03-11T15:29:00Z,2026-03-11T15:24:00Z,FAVORABLE_FIRST,2026-03-11T15:15:00Z,2026-03-11T15:24:00Z,FAVORABLE_FIRST,2026-03-11T15:17:00Z,2026-03-11T15:24:00Z,ADVERSE_FIRST,2026-03-11T15:29:00Z,2026-03-11T15:24:00Z,ADVERSE_FIRST,2026-03-11T15:30:00Z,2026-03-11T15:24:00Z,ADVERSE_FIRST,2026-03-11T15:48:00Z,2026-03-11T15:24:00Z
SPY:2026-03-12:SHORT:2026-03-12T13:52:00+00:00:v1,2026-03-12,SHORT,669.020000000000,668.870000000000,0.150000000000,2026-03-12T13:55:00Z,2026-03-12T14:00:00Z,5,WORSE,3.117300000000,2.967300000000,2.290000000000,2.440000000000,2.970000000000,2.820000000000,0.150000000000,-0.150000000000,True,10,5,AVAILABLE,AVAILABLE,2026-03-12T13:55:00Z,2026-03-12T14:00:00Z,FAVORABLE_FIRST,2026-03-12T13:55:00Z,2026-03-12T14:00:00Z,FAVORABLE_FIRST,2026-03-12T13:55:00Z,2026-03-12T14:00:00Z,FAVORABLE_FIRST,2026-03-12T13:56:00Z,2026-03-12T14:00:00Z,ADVERSE_FIRST,2026-03-12T14:30:00Z,2026-03-12T14:00:00Z,FAVORABLE_FIRST,2026-03-12T13:55:00Z,2026-03-12T14:00:00Z,FAVORABLE_FIRST,2026-03-12T13:56:00Z,2026-03-12T14:00:00Z,ADVERSE_FIRST,2026-03-12T14:30:00Z,2026-03-12T14:00:00Z,ADVERSE_FIRST,2026-03-12T14:38:00Z,2026-03-12T14:00:00Z,ADVERSE_FIRST,2026-03-12T15:13:00Z,2026-03-12T14:00:00Z,ADVERSE_FIRST,2026-03-12T14:29:00Z,2026-03-12T14:00:00Z,ADVERSE_FIRST,2026-03-12T14:29:00Z,2026-03-12T14:00:00Z,ADVERSE_FIRST,2026-03-12T14:29:00Z,2026-03-12T14:00:00Z,ADVERSE_FIRST,2026-03-12T14:32:00Z,2026-03-12T14:00:00Z,ADVERSE_FIRST,2026-03-12T14:29:00Z,2026-03-12T14:00:00Z,ADVERSE_FIRST,2026-03-12T14:29:00Z,2026-03-12T14:00:00Z,ADVERSE_FIRST,2026-03-12T14:32:00Z,2026-03-12T14:00:00Z,ADVERSE_FIRST,2026-03-12T14:38:00Z,2026-03-12T14:00:00Z,ADVERSE_FIRST,2026-03-12T19:03:00Z,2026-03-12T14:00:00Z
SPY:2026-03-12:SHORT:2026-03-12T14:18:00+00:00:v1,2026-03-12,SHORT,669.570000000000,669.330000000000,0.240000000000,2026-03-12T14:20:00Z,2026-03-12T14:25:00Z,5,WORSE,3.667300000000,3.427300000000,1.740000000000,1.980000000000,3.520000000000,3.280000000000,0.240000000000,-0.240000000000,True,80,75,AVAILABLE,AVAILABLE,2026-03-12T14:20:00Z,2026-03-12T14:25:00Z,FAVORABLE_FIRST,2026-03-12T14:20:00Z,2026-03-12T14:25:00Z,FAVORABLE_FIRST,2026-03-12T14:21:00Z,2026-03-12T14:25:00Z,ADVERSE_FIRST,2026-03-12T14:28:00Z,2026-03-12T14:25:00Z,ADVERSE_FIRST,2026-03-12T14:29:00Z,2026-03-12T14:25:00Z,FAVORABLE_FIRST,2026-03-12T14:21:00Z,2026-03-12T14:25:00Z,ADVERSE_FIRST,2026-03-12T14:28:00Z,2026-03-12T14:25:00Z,ADVERSE_FIRST,2026-03-12T14:29:00Z,2026-03-12T14:25:00Z,ADVERSE_FIRST,2026-03-12T14:29:00Z,2026-03-12T14:25:00Z,ADVERSE_FIRST,2026-03-12T14:38:00Z,2026-03-12T14:25:00Z,ADVERSE_FIRST,2026-03-12T14:27:00Z,2026-03-12T14:25:00Z,ADVERSE_FIRST,2026-03-12T14:28:00Z,2026-03-12T14:25:00Z,ADVERSE_FIRST,2026-03-12T14:29:00Z,2026-03-12T14:25:00Z,ADVERSE_FIRST,2026-03-12T14:29:00Z,2026-03-12T14:25:00Z,ADVERSE_FIRST,2026-03-12T14:28:00Z,2026-03-12T14:25:00Z,ADVERSE_FIRST,2026-03-12T14:29:00Z,2026-03-12T14:25:00Z,ADVERSE_FIRST,2026-03-12T14:29:00Z,2026-03-12T14:25:00Z,ADVERSE_FIRST,2026-03-12T14:32:00Z,2026-03-12T14:25:00Z,ADVERSE_FIRST,2026-03-12T14:38:00Z,2026-03-12T14:25:00Z
SPY:2026-03-12:SHORT:2026-03-12T15:40:00+00:00:v1,2026-03-12,SHORT,669.820000000000,669.180000000000,0.640000000000,2026-03-12T15:45:00Z,2026-03-12T15:50:00Z,5,WORSE,3.917300000000,3.277300000000,1.490000000000,2.130000000000,3.770000000000,3.130000000000,0.640000000000,-0.640000000000,True,20,15,AVAILABLE,AVAILABLE,2026-03-12T15:45:00Z,2026-03-12T15:50:00Z,FAVORABLE_FIRST,2026-03-12T15:45:00Z,2026-03-12T16:05:00Z,FAVORABLE_FIRST,2026-03-12T15:46:00Z,2026-03-12T16:05:00Z,FAVORABLE_FIRST,2026-03-12T15:46:00Z,2026-03-12T16:05:00Z,FAVORABLE_FIRST,2026-03-12T15:47:00Z,2026-03-12T16:05:00Z,FAVORABLE_FIRST,2026-03-12T15:46:00Z,2026-03-12T16:05:00Z,FAVORABLE_FIRST,2026-03-12T15:46:00Z,2026-03-12T16:05:00Z,FAVORABLE_FIRST,2026-03-12T15:47:00Z,2026-03-12T16:05:00Z,ADVERSE_FIRST,2026-03-12T16:08:00Z,2026-03-12T16:05:00Z,ADVERSE_FIRST,2026-03-12T16:09:00Z,2026-03-12T16:05:00Z,AMBIGUOUS_SAME_BAR,2026-03-12T15:51:00Z,2026-03-12T15:51:00Z,ADVERSE_FIRST,2026-03-12T16:08:00Z,2026-03-12T15:51:00Z,ADVERSE_FIRST,2026-03-12T16:08:00Z,2026-03-12T15:51:00Z,ADVERSE_FIRST,2026-03-12T16:08:00Z,2026-03-12T15:51:00Z,ADVERSE_FIRST,2026-03-12T16:08:00Z,2026-03-12T15:53:00Z,ADVERSE_FIRST,2026-03-12T16:08:00Z,2026-03-12T15:53:00Z,ADVERSE_FIRST,2026-03-12T16:08:00Z,2026-03-12T15:53:00Z,ADVERSE_FIRST,2026-03-12T16:09:00Z,2026-03-12T15:53:00Z,ADVERSE_FIRST,2026-03-12T19:00:00Z,2026-03-12T15:53:00Z
SPY:2026-03-12:SHORT:2026-03-12T16:06:00+00:00:v1,2026-03-12,SHORT,667.850000000000,668.890000000000,-1.040000000000,2026-03-12T16:10:00Z,2026-03-12T16:15:00Z,5,BETTER,1.947300000000,2.987300000000,3.460000000000,2.420000000000,1.800000000000,2.840000000000,-1.040000000000,1.040000000000,True,30,25,AVAILABLE,AVAILABLE,2026-03-12T16:10:00Z,2026-03-12T16:15:00Z,ADVERSE_FIRST,2026-03-12T17:55:00Z,2026-03-12T16:10:00Z,ADVERSE_FIRST,2026-03-12T17:55:00Z,2026-03-12T16:10:00Z,ADVERSE_FIRST,2026-03-12T19:02:00Z,2026-03-12T16:10:00Z,ADVERSE_FIRST,2026-03-12T19:46:00Z,2026-03-12T16:10:00Z,ADVERSE_FIRST,2026-03-12T17:55:00Z,2026-03-12T16:10:00Z,ADVERSE_FIRST,2026-03-12T19:02:00Z,2026-03-12T16:10:00Z,ADVERSE_FIRST,2026-03-12T19:46:00Z,2026-03-12T16:10:00Z,ADVERSE_FIRST,2026-03-12T19:50:00Z,2026-03-12T16:10:00Z,ADVERSE_FIRST,,2026-03-12T16:10:00Z,ADVERSE_FIRST,2026-03-12T16:30:00Z,2026-03-12T16:15:00Z,ADVERSE_FIRST,2026-03-12T16:32:00Z,2026-03-12T16:15:00Z,ADVERSE_FIRST,2026-03-12T16:46:00Z,2026-03-12T16:15:00Z,ADVERSE_FIRST,2026-03-12T17:55:00Z,2026-03-12T16:15:00Z,ADVERSE_FIRST,2026-03-12T16:32:00Z,2026-03-12T16:15:00Z,ADVERSE_FIRST,2026-03-12T16:46:00Z,2026-03-12T16:15:00Z,ADVERSE_FIRST,2026-03-12T17:55:00Z,2026-03-12T16:15:00Z,ADVERSE_FIRST,2026-03-12T17:55:00Z,2026-03-12T16:15:00Z,ADVERSE_FIRST,2026-03-12T19:03:00Z,2026-03-12T16:15:00Z
SPY:2026-03-12:SHORT:2026-03-12T16:40:00+00:00:v1,2026-03-12,SHORT,669.670000000000,668.810000000000,0.860000000000,2026-03-12T16:45:00Z,2026-03-12T16:50:00Z,5,WORSE,3.767300000000,2.907300000000,0.639900000000,1.499900000000,3.620000000000,2.760000000000,0.860000000000,-0.860000000000,True,,,AVAILABLE,AVAILABLE,2026-03-12T16:45:00Z,2026-03-12T16:50:00Z,FAVORABLE_FIRST,2026-03-12T16:45:00Z,2026-03-12T17:05:00Z,FAVORABLE_FIRST,2026-03-12T16:45:00Z,2026-03-12T17:05:00Z,FAVORABLE_FIRST,2026-03-12T16:46:00Z,2026-03-12T17:05:00Z,FAVORABLE_FIRST,2026-03-12T16:46:00Z,2026-03-12T17:05:00Z,FAVORABLE_FIRST,2026-03-12T16:45:00Z,2026-03-12T17:05:00Z,FAVORABLE_FIRST,2026-03-12T16:46:00Z,2026-03-12T17:05:00Z,FAVORABLE_FIRST,2026-03-12T16:46:00Z,2026-03-12T17:05:00Z,FAVORABLE_FIRST,2026-03-12T16:46:00Z,2026-03-12T17:05:00Z,ADVERSE_FIRST,2026-03-12T17:55:00Z,2026-03-12T17:05:00Z,ADVERSE_FIRST,2026-03-12T16:51:00Z,2026-03-12T16:50:00Z,ADVERSE_FIRST,2026-03-12T16:53:00Z,2026-03-12T16:50:00Z,ADVERSE_FIRST,2026-03-12T17:20:00Z,2026-03-12T16:50:00Z,ADVERSE_FIRST,2026-03-12T17:55:00Z,2026-03-12T16:50:00Z,ADVERSE_FIRST,2026-03-12T16:53:00Z,2026-03-12T16:50:00Z,ADVERSE_FIRST,2026-03-12T17:20:00Z,2026-03-12T16:50:00Z,ADVERSE_FIRST,2026-03-12T17:55:00Z,2026-03-12T16:50:00Z,ADVERSE_FIRST,2026-03-12T17:55:00Z,2026-03-12T16:50:00Z,ADVERSE_FIRST,2026-03-12T19:46:00Z,2026-03-12T16:50:00Z
SPY:2026-03-13:LONG:2026-03-13T13:38:00+00:00:v1,2026-03-13,LONG,670.400000000000,671.920000000000,1.520000000000,2026-03-13T13:40:00Z,2026-03-13T13:45:00Z,5,WORSE,1.935000000000,0.415000000000,9.040000000000,10.560000000000,-8.100000000000,-9.620000000000,1.520000000000,-1.520000000000,True,25,20,AVAILABLE,AVAILABLE,2026-03-13T13:40:00Z,2026-03-13T13:45:00Z,ADVERSE_FIRST,2026-03-13T13:41:00Z,2026-03-13T13:40:00Z,ADVERSE_FIRST,2026-03-13T13:42:00Z,2026-03-13T13:40:00Z,ADVERSE_FIRST,2026-03-13T13:42:00Z,2026-03-13T13:40:00Z,ADVERSE_FIRST,2026-03-13T13:43:00Z,2026-03-13T13:40:00Z,FAVORABLE_FIRST,2026-03-13T13:42:00Z,2026-03-13T14:02:00Z,FAVORABLE_FIRST,2026-03-13T13:42:00Z,2026-03-13T14:02:00Z,FAVORABLE_FIRST,2026-03-13T13:43:00Z,2026-03-13T14:02:00Z,FAVORABLE_FIRST,2026-03-13T13:44:00Z,2026-03-13T14:02:00Z,ADVERSE_FIRST,,2026-03-13T14:02:00Z,ADVERSE_FIRST,2026-03-13T13:46:00Z,2026-03-13T13:45:00Z,ADVERSE_FIRST,,2026-03-13T13:45:00Z,ADVERSE_FIRST,,2026-03-13T13:45:00Z,ADVERSE_FIRST,,2026-03-13T13:45:00Z,ADVERSE_FIRST,,2026-03-13T13:45:00Z,ADVERSE_FIRST,,2026-03-13T13:45:00Z,ADVERSE_FIRST,,2026-03-13T13:45:00Z,ADVERSE_FIRST,,2026-03-13T13:45:00Z,ADVERSE_FIRST,,2026-03-13T13:45:00Z
SPY:2026-03-13:SHORT:2026-03-13T14:10:00+00:00:v1,2026-03-13,SHORT,668.850000000000,668.180000000000,0.670000000000,2026-03-13T14:15:00Z,2026-03-13T14:20:00Z,5,WORSE,7.490000000000,6.820000000000,1.380000000000,2.050000000000,6.550000000000,5.880000000000,0.670000000000,-0.670000000000,True,20,15,AVAILABLE,AVAILABLE,2026-03-13T14:15:00Z,2026-03-13T14:20:00Z,FAVORABLE_FIRST,2026-03-13T14:15:00Z,2026-03-13T14:27:00Z,FAVORABLE_FIRST,2026-03-13T14:17:00Z,2026-03-13T14:27:00Z,FAVORABLE_FIRST,2026-03-13T14:17:00Z,2026-03-13T14:27:00Z,FAVORABLE_FIRST,2026-03-13T14:18:00Z,2026-03-13T14:27:00Z,FAVORABLE_FIRST,2026-03-13T14:17:00Z,2026-03-13T14:27:00Z,FAVORABLE_FIRST,2026-03-13T14:17:00Z,2026-03-13T14:27:00Z,FAVORABLE_FIRST,2026-03-13T14:18:00Z,2026-03-13T14:27:00Z,ADVERSE_FIRST,2026-03-13T14:42:00Z,2026-03-13T14:27:00Z,ADVERSE_FIRST,2026-03-13T14:46:00Z,2026-03-13T14:27:00Z,ADVERSE_FIRST,2026-03-13T14:41:00Z,2026-03-13T14:20:00Z,ADVERSE_FIRST,2026-03-13T14:41:00Z,2026-03-13T14:20:00Z,ADVERSE_FIRST,2026-03-13T14:42:00Z,2026-03-13T14:20:00Z,ADVERSE_FIRST,2026-03-13T14:45:00Z,2026-03-13T14:20:00Z,ADVERSE_FIRST,2026-03-13T14:41:00Z,2026-03-13T14:20:00Z,ADVERSE_FIRST,2026-03-13T14:42:00Z,2026-03-13T14:20:00Z,ADVERSE_FIRST,2026-03-13T14:45:00Z,2026-03-13T14:20:00Z,ADVERSE_FIRST,2026-03-13T14:46:00Z,2026-03-13T14:20:00Z,ADVERSE_FIRST,2026-03-13T14:55:00Z,2026-03-13T14:20:00Z
SPY:2026-03-13:SHORT:2026-03-13T14:35:00+00:00:v1,2026-03-13,SHORT,668.880000000000,667.290000000000,1.590000000000,2026-03-13T14:40:00Z,2026-03-13T14:45:00Z,5,WORSE,7.520000000000,5.930000000000,0,0.310000000000,6.580000000000,4.990000000000,1.590000000000,-0.310000000000,True,,,AVAILABLE,AVAILABLE,2026-03-13T14:40:00Z,2026-03-13T14:45:00Z,FAVORABLE_FIRST,2026-03-13T14:40:00Z,,FAVORABLE_FIRST,2026-03-13T14:40:00Z,,FAVORABLE_FIRST,2026-03-13T14:40:00Z,,FAVORABLE_FIRST,2026-03-13T14:41:00Z,,FAVORABLE_FIRST,2026-03-13T14:40:00Z,,FAVORABLE_FIRST,2026-03-13T14:40:00Z,,FAVORABLE_FIRST,2026-03-13T14:41:00Z,,FAVORABLE_FIRST,2026-03-13T14:42:00Z,,FAVORABLE_FIRST,2026-03-13T14:46:00Z,,FAVORABLE_FIRST,2026-03-13T14:45:00Z,2026-03-13T14:50:00Z,FAVORABLE_FIRST,2026-03-13T14:46:00Z,2026-03-13T14:50:00Z,FAVORABLE_FIRST,2026-03-13T14:46:00Z,2026-03-13T14:50:00Z,FAVORABLE_FIRST,2026-03-13T14:47:00Z,2026-03-13T14:50:00Z,FAVORABLE_FIRST,2026-03-13T14:46:00Z,2026-03-13T14:50:00Z,FAVORABLE_FIRST,2026-03-13T14:46:00Z,2026-03-13T14:50:00Z,FAVORABLE_FIRST,2026-03-13T14:47:00Z,2026-03-13T14:50:00Z,ADVERSE_FIRST,2026-03-13T14:56:00Z,2026-03-13T14:50:00Z,ADVERSE_FIRST,2026-03-13T14:56:00Z,2026-03-13T14:50:00Z
SPY:2026-03-16:LONG:2026-03-16T13:35:00+00:00:v1,2026-03-16,LONG,669.020000000000,669.630000000000,0.610000000000,2026-03-16T13:40:00Z,2026-03-16T13:45:00Z,5,WORSE,3.050000000000,2.440000000000,1.900000000000,2.510000000000,-0.060000000000,-0.670000000000,0.610000000000,-0.610000000000,True,60,55,AVAILABLE,AVAILABLE,2026-03-16T13:40:00Z,2026-03-16T13:45:00Z,AMBIGUOUS_SAME_BAR,2026-03-16T13:40:00Z,2026-03-16T13:40:00Z,ADVERSE_FIRST,2026-03-16T13:42:00Z,2026-03-16T13:40:00Z,ADVERSE_FIRST,2026-03-16T13:45:00Z,2026-03-16T13:40:00Z,ADVERSE_FIRST,2026-03-16T13:45:00Z,2026-03-16T13:40:00Z,ADVERSE_FIRST,2026-03-16T13:42:00Z,2026-03-16T13:40:00Z,ADVERSE_FIRST,2026-03-16T13:45:00Z,2026-03-16T13:40:00Z,ADVERSE_FIRST,2026-03-16T13:45:00Z,2026-03-16T13:40:00Z,ADVERSE_FIRST,2026-03-16T13:47:00Z,2026-03-16T13:40:00Z,ADVERSE_FIRST,2026-03-16T14:08:00Z,2026-03-16T13:40:00Z,FAVORABLE_FIRST,2026-03-16T13:45:00Z,2026-03-16T14:33:00Z,FAVORABLE_FIRST,2026-03-16T13:45:00Z,2026-03-16T14:33:00Z,FAVORABLE_FIRST,2026-03-16T13:45:00Z,2026-03-16T14:33:00Z,FAVORABLE_FIRST,2026-03-16T13:58:00Z,2026-03-16T14:33:00Z,FAVORABLE_FIRST,2026-03-16T13:45:00Z,2026-03-16T14:33:00Z,FAVORABLE_FIRST,2026-03-16T13:45:00Z,2026-03-16T14:33:00Z,FAVORABLE_FIRST,2026-03-16T13:58:00Z,2026-03-16T14:33:00Z,FAVORABLE_FIRST,2026-03-16T14:10:00Z,2026-03-16T14:33:00Z,ADVERSE_FIRST,2026-03-16T19:10:00Z,2026-03-16T14:33:00Z
SPY:2026-03-16:LONG:2026-03-16T14:53:00+00:00:v1,2026-03-16,LONG,669.170000000000,669.840000000000,0.670000000000,2026-03-16T14:55:00Z,2026-03-16T15:00:00Z,5,WORSE,2.900000000000,2.230000000000,2.050000000000,2.720000000000,-0.210000000000,-0.880000000000,0.670000000000,-0.670000000000,True,65,60,AVAILABLE,AVAILABLE,2026-03-16T14:55:00Z,2026-03-16T15:00:00Z,ADVERSE_FIRST,2026-03-16T14:57:00Z,2026-03-16T14:55:00Z,ADVERSE_FIRST,2026-03-16T14:59:00Z,2026-03-16T14:55:00Z,ADVERSE_FIRST,2026-03-16T15:22:00Z,2026-03-16T14:55:00Z,ADVERSE_FIRST,2026-03-16T15:24:00Z,2026-03-16T14:55:00Z,FAVORABLE_FIRST,2026-03-16T14:59:00Z,2026-03-16T15:05:00Z,ADVERSE_FIRST,2026-03-16T15:22:00Z,2026-03-16T15:05:00Z,ADVERSE_FIRST,2026-03-16T15:24:00Z,2026-03-16T15:05:00Z,ADVERSE_FIRST,2026-03-16T19:09:00Z,2026-03-16T15:05:00Z,ADVERSE_FIRST,2026-03-16T19:09:00Z,2026-03-16T15:05:00Z,ADVERSE_FIRST,2026-03-16T15:22:00Z,2026-03-16T15:00:00Z,ADVERSE_FIRST,2026-03-16T15:30:00Z,2026-03-16T15:00:00Z,ADVERSE_FIRST,2026-03-16T15:35:00Z,2026-03-16T15:00:00Z,ADVERSE_FIRST,2026-03-16T19:09:00Z,2026-03-16T15:00:00Z,ADVERSE_FIRST,2026-03-16T15:30:00Z,2026-03-16T15:01:00Z,ADVERSE_FIRST,2026-03-16T15:35:00Z,2026-03-16T15:01:00Z,ADVERSE_FIRST,2026-03-16T19:09:00Z,2026-03-16T15:01:00Z,ADVERSE_FIRST,2026-03-16T19:09:00Z,2026-03-16T15:01:00Z,ADVERSE_FIRST,2026-03-16T19:10:00Z,2026-03-16T15:01:00Z
SPY:2026-03-16:SHORT:2026-03-16T16:22:00+00:00:v1,2026-03-16,SHORT,667.390000000000,667.420000000000,-0.030000000000,2026-03-16T16:25:00Z,2026-03-16T16:30:00Z,5,BETTER,0.270000000000,0.300000000000,4.680000000000,4.650000000000,-1.570000000000,-1.540000000000,-0.030000000000,0.030000000000,True,15,10,AVAILABLE,AVAILABLE,2026-03-16T16:25:00Z,2026-03-16T16:30:00Z,ADVERSE_FIRST,2026-03-16T16:31:00Z,2026-03-16T16:27:00Z,ADVERSE_FIRST,,2026-03-16T16:27:00Z,ADVERSE_FIRST,,2026-03-16T16:27:00Z,ADVERSE_FIRST,,2026-03-16T16:27:00Z,ADVERSE_FIRST,,2026-03-16T16:27:00Z,ADVERSE_FIRST,,2026-03-16T16:27:00Z,ADVERSE_FIRST,,2026-03-16T16:27:00Z,ADVERSE_FIRST,,2026-03-16T16:27:00Z,ADVERSE_FIRST,,2026-03-16T16:27:00Z,AMBIGUOUS_SAME_BAR,2026-03-16T16:31:00Z,2026-03-16T16:31:00Z,ADVERSE_FIRST,,2026-03-16T16:31:00Z,ADVERSE_FIRST,,2026-03-16T16:31:00Z,ADVERSE_FIRST,,2026-03-16T16:31:00Z,ADVERSE_FIRST,,2026-03-16T16:31:00Z,ADVERSE_FIRST,,2026-03-16T16:31:00Z,ADVERSE_FIRST,,2026-03-16T16:31:00Z,ADVERSE_FIRST,,2026-03-16T16:31:00Z,ADVERSE_FIRST,,2026-03-16T16:31:00Z
SPY:2026-03-16:LONG:2026-03-16T17:05:00+00:00:v1,2026-03-16,LONG,668.930000000000,669.360000000000,0.430000000000,2026-03-16T17:10:00Z,2026-03-16T17:15:00Z,5,WORSE,3.140000000000,2.710000000000,0.950000000000,1.380000000000,0.030000000000,-0.400000000000,0.430000000000,-0.430000000000,True,35,30,AVAILABLE,AVAILABLE,2026-03-16T17:10:00Z,2026-03-16T17:15:00Z,FAVORABLE_FIRST,2026-03-16T17:10:00Z,2026-03-16T17:44:00Z,FAVORABLE_FIRST,2026-03-16T17:11:00Z,2026-03-16T17:44:00Z,FAVORABLE_FIRST,2026-03-16T17:23:00Z,2026-03-16T17:44:00Z,ADVERSE_FIRST,2026-03-16T18:16:00Z,2026-03-16T17:44:00Z,FAVORABLE_FIRST,2026-03-16T17:11:00Z,2026-03-16T17:44:00Z,FAVORABLE_FIRST,2026-03-16T17:23:00Z,2026-03-16T17:44:00Z,ADVERSE_FIRST,2026-03-16T18:16:00Z,2026-03-16T17:44:00Z,ADVERSE_FIRST,2026-03-16T19:09:00Z,2026-03-16T17:44:00Z,ADVERSE_FIRST,2026-03-16T19:09:00Z,2026-03-16T17:44:00Z,ADVERSE_FIRST,2026-03-16T17:23:00Z,2026-03-16T17:15:00Z,ADVERSE_FIRST,2026-03-16T18:16:00Z,2026-03-16T17:15:00Z,ADVERSE_FIRST,2026-03-16T18:38:00Z,2026-03-16T17:15:00Z,ADVERSE_FIRST,2026-03-16T19:09:00Z,2026-03-16T17:15:00Z,ADVERSE_FIRST,2026-03-16T18:16:00Z,2026-03-16T17:15:00Z,ADVERSE_FIRST,2026-03-16T18:38:00Z,2026-03-16T17:15:00Z,ADVERSE_FIRST,2026-03-16T19:09:00Z,2026-03-16T17:15:00Z,ADVERSE_FIRST,2026-03-16T19:09:00Z,2026-03-16T17:15:00Z,ADVERSE_FIRST,2026-03-16T19:09:00Z,2026-03-16T17:15:00Z
SPY:2026-03-16:LONG:2026-03-16T18:00:00+00:00:v1,2026-03-16,LONG,669.160000000000,669.520000000000,0.360000000000,2026-03-16T18:05:00Z,2026-03-16T18:10:00Z,5,WORSE,2.910000000000,2.550000000000,0.740000000000,1.100000000000,-0.200000000000,-0.560000000000,0.360000000000,-0.360000000000,True,100,95,AVAILABLE,AVAILABLE,2026-03-16T18:05:00Z,2026-03-16T18:10:00Z,FAVORABLE_FIRST,2026-03-16T18:06:00Z,2026-03-16T19:25:00Z,FAVORABLE_FIRST,2026-03-16T18:07:00Z,2026-03-16T19:25:00Z,FAVORABLE_FIRST,2026-03-16T18:16:00Z,2026-03-16T19:25:00Z,FAVORABLE_FIRST,2026-03-16T18:42:00Z,2026-03-16T19:25:00Z,FAVORABLE_FIRST,2026-03-16T18:07:00Z,2026-03-16T19:25:00Z,FAVORABLE_FIRST,2026-03-16T18:16:00Z,2026-03-16T19:25:00Z,FAVORABLE_FIRST,2026-03-16T18:42:00Z,2026-03-16T19:25:00Z,FAVORABLE_FIRST,2026-03-16T19:09:00Z,2026-03-16T19:25:00Z,FAVORABLE_FIRST,2026-03-16T19:09:00Z,2026-03-16T19:25:00Z,ADVERSE_FIRST,2026-03-16T18:16:00Z,2026-03-16T18:12:00Z,ADVERSE_FIRST,2026-03-16T18:17:00Z,2026-03-16T18:12:00Z,ADVERSE_FIRST,2026-03-16T18:45:00Z,2026-03-16T18:12:00Z,ADVERSE_FIRST,2026-03-16T19:09:00Z,2026-03-16T18:12:00Z,FAVORABLE_FIRST,2026-03-16T18:17:00Z,2026-03-16T19:20:00Z,FAVORABLE_FIRST,2026-03-16T18:45:00Z,2026-03-16T19:20:00Z,FAVORABLE_FIRST,2026-03-16T19:09:00Z,2026-03-16T19:20:00Z,FAVORABLE_FIRST,2026-03-16T19:09:00Z,2026-03-16T19:20:00Z,FAVORABLE_FIRST,2026-03-16T19:10:00Z,2026-03-16T19:20:00Z
SPY:2026-03-17:LONG:2026-03-17T13:45:00+00:00:v1,2026-03-17,LONG,674.245000000000,674.050000000000,-0.195000000000,2026-03-17T13:50:00Z,2026-03-17T13:55:00Z,5,BETTER,0.015000000000,0.120000000000,4.545000000000,4.350000000000,-3.515000000000,-3.320000000000,-0.105000000000,0.195000000000,True,15,10,AVAILABLE,AVAILABLE,2026-03-17T13:50:00Z,2026-03-17T13:55:00Z,ADVERSE_FIRST,,2026-03-17T13:50:00Z,ADVERSE_FIRST,,2026-03-17T13:50:00Z,ADVERSE_FIRST,,2026-03-17T13:50:00Z,ADVERSE_FIRST,,2026-03-17T13:50:00Z,ADVERSE_FIRST,,2026-03-17T13:50:00Z,ADVERSE_FIRST,,2026-03-17T13:50:00Z,ADVERSE_FIRST,,2026-03-17T13:50:00Z,ADVERSE_FIRST,,2026-03-17T13:50:00Z,ADVERSE_FIRST,,2026-03-17T13:50:00Z,ADVERSE_FIRST,,2026-03-17T13:57:00Z,ADVERSE_FIRST,,2026-03-17T13:57:00Z,ADVERSE_FIRST,,2026-03-17T13:57:00Z,ADVERSE_FIRST,,2026-03-17T13:57:00Z,ADVERSE_FIRST,,2026-03-17T13:57:00Z,ADVERSE_FIRST,,2026-03-17T13:57:00Z,ADVERSE_FIRST,,2026-03-17T13:57:00Z,ADVERSE_FIRST,,2026-03-17T13:57:00Z,ADVERSE_FIRST,,2026-03-17T13:57:00Z
SPY:2026-03-17:SHORT:2026-03-17T15:28:00+00:00:v1,2026-03-17,SHORT,671.630000000000,671.260000000000,0.370000000000,2026-03-17T15:30:00Z,2026-03-17T15:35:00Z,5,WORSE,1.930000000000,1.560000000000,0.670000000000,1.040000000000,0.900000000000,0.530000000000,0.370000000000,-0.370000000000,True,130,125,AVAILABLE,AVAILABLE,2026-03-17T15:30:00Z,2026-03-17T15:35:00Z,ADVERSE_FIRST,2026-03-17T15:33:00Z,2026-03-17T15:30:00Z,ADVERSE_FIRST,2026-03-17T15:35:00Z,2026-03-17T15:30:00Z,ADVERSE_FIRST,2026-03-17T15:36:00Z,2026-03-17T15:30:00Z,ADVERSE_FIRST,2026-03-17T15:36:00Z,2026-03-17T15:30:00Z,ADVERSE_FIRST,2026-03-17T15:35:00Z,2026-03-17T15:30:00Z,ADVERSE_FIRST,2026-03-17T15:36:00Z,2026-03-17T15:30:00Z,ADVERSE_FIRST,2026-03-17T15:36:00Z,2026-03-17T15:30:00Z,ADVERSE_FIRST,2026-03-17T16:07:00Z,2026-03-17T15:30:00Z,ADVERSE_FIRST,,2026-03-17T15:30:00Z,AMBIGUOUS_SAME_BAR,2026-03-17T15:35:00Z,2026-03-17T15:35:00Z,ADVERSE_FIRST,2026-03-17T15:36:00Z,2026-03-17T15:35:00Z,ADVERSE_FIRST,2026-03-17T15:36:00Z,2026-03-17T15:35:00Z,ADVERSE_FIRST,2026-03-17T16:07:00Z,2026-03-17T15:35:00Z,FAVORABLE_FIRST,2026-03-17T15:36:00Z,2026-03-17T15:46:00Z,FAVORABLE_FIRST,2026-03-17T15:36:00Z,2026-03-17T15:46:00Z,ADVERSE_FIRST,2026-03-17T16:07:00Z,2026-03-17T15:46:00Z,ADVERSE_FIRST,2026-03-17T16:07:00Z,2026-03-17T15:46:00Z,ADVERSE_FIRST,,2026-03-17T15:46:00Z
SPY:2026-03-17:SHORT:2026-03-17T17:40:00+00:00:v1,2026-03-17,SHORT,671.330000000000,671.330000000000,-0E-12,2026-03-17T17:45:00Z,2026-03-17T17:50:00Z,5,UNCHANGED_WITHIN_ONE_CENT,0.860000000000,0.860000000000,0.970000000000,0.970000000000,0.600000000000,0.600000000000,0E-12,0E-12,True,25,20,AVAILABLE,AVAILABLE,2026-03-17T17:45:00Z,2026-03-17T17:50:00Z,FAVORABLE_FIRST,2026-03-17T17:47:00Z,2026-03-17T17:52:00Z,ADVERSE_FIRST,2026-03-17T18:30:00Z,2026-03-17T17:52:00Z,ADVERSE_FIRST,2026-03-17T19:54:00Z,2026-03-17T17:52:00Z,ADVERSE_FIRST,,2026-03-17T17:52:00Z,ADVERSE_FIRST,2026-03-17T18:30:00Z,2026-03-17T17:52:00Z,ADVERSE_FIRST,2026-03-17T19:54:00Z,2026-03-17T17:52:00Z,ADVERSE_FIRST,,2026-03-17T17:52:00Z,ADVERSE_FIRST,,2026-03-17T17:52:00Z,ADVERSE_FIRST,,2026-03-17T17:52:00Z,ADVERSE_FIRST,2026-03-17T18:24:00Z,2026-03-17T17:52:00Z,ADVERSE_FIRST,2026-03-17T18:30:00Z,2026-03-17T17:52:00Z,ADVERSE_FIRST,2026-03-17T19:54:00Z,2026-03-17T17:52:00Z,ADVERSE_FIRST,,2026-03-17T17:52:00Z,ADVERSE_FIRST,2026-03-17T18:30:00Z,2026-03-17T17:52:00Z,ADVERSE_FIRST,2026-03-17T19:54:00Z,2026-03-17T17:52:00Z,ADVERSE_FIRST,,2026-03-17T17:52:00Z,ADVERSE_FIRST,,2026-03-17T17:52:00Z,ADVERSE_FIRST,,2026-03-17T17:52:00Z
SPY:2026-03-17:SHORT:2026-03-17T18:13:00+00:00:v1,2026-03-17,SHORT,671.870000000000,671.800000000000,0.070000000000,2026-03-17T18:15:00Z,2026-03-17T18:20:00Z,5,WORSE,1.400000000000,1.330000000000,0.116300000000,0.020000000000,1.140000000000,1.070000000000,0.070000000000,0.096300000000,True,,,AVAILABLE,AVAILABLE,2026-03-17T18:15:00Z,2026-03-17T18:20:00Z,FAVORABLE_FIRST,2026-03-17T18:21:00Z,,FAVORABLE_FIRST,2026-03-17T18:23:00Z,,FAVORABLE_FIRST,2026-03-17T18:24:00Z,,FAVORABLE_FIRST,2026-03-17T18:26:00Z,,FAVORABLE_FIRST,2026-03-17T18:23:00Z,,FAVORABLE_FIRST,2026-03-17T18:24:00Z,,FAVORABLE_FIRST,2026-03-17T18:26:00Z,,NEITHER,,,NEITHER,,,FAVORABLE_FIRST,2026-03-17T18:21:00Z,,FAVORABLE_FIRST,2026-03-17T18:23:00Z,,FAVORABLE_FIRST,2026-03-17T18:24:00Z,,FAVORABLE_FIRST,2026-03-17T18:32:00Z,,FAVORABLE_FIRST,2026-03-17T18:23:00Z,,FAVORABLE_FIRST,2026-03-17T18:24:00Z,,FAVORABLE_FIRST,2026-03-17T18:32:00Z,,NEITHER,,,NEITHER,,
SPY:2026-03-18:SHORT:2026-03-18T14:12:00+00:00:v1,2026-03-18,SHORT,667.160000000000,667.540000000000,-0.380000000000,2026-03-18T14:15:00Z,2026-03-18T14:20:00Z,5,BETTER,5.970000000000,6.350000000000,0.840000000000,0.460000000000,5.650000000000,6.030000000000,-0.380000000000,0.380000000000,True,55,50,AVAILABLE,AVAILABLE,2026-03-18T14:15:00Z,2026-03-18T14:20:00Z,ADVERSE_FIRST,2026-03-18T14:25:00Z,2026-03-18T14:15:00Z,ADVERSE_FIRST,2026-03-18T14:25:00Z,2026-03-18T14:15:00Z,ADVERSE_FIRST,2026-03-18T14:26:00Z,2026-03-18T14:15:00Z,ADVERSE_FIRST,2026-03-18T14:26:00Z,2026-03-18T14:15:00Z,ADVERSE_FIRST,2026-03-18T14:25:00Z,2026-03-18T14:15:00Z,ADVERSE_FIRST,2026-03-18T14:26:00Z,2026-03-18T14:15:00Z,ADVERSE_FIRST,2026-03-18T14:26:00Z,2026-03-18T14:15:00Z,ADVERSE_FIRST,2026-03-18T14:49:00Z,2026-03-18T14:15:00Z,ADVERSE_FIRST,2026-03-18T18:34:00Z,2026-03-18T14:15:00Z,FAVORABLE_FIRST,2026-03-18T14:22:00Z,2026-03-18T15:06:00Z,FAVORABLE_FIRST,2026-03-18T14:25:00Z,2026-03-18T15:06:00Z,FAVORABLE_FIRST,2026-03-18T14:25:00Z,2026-03-18T15:06:00Z,FAVORABLE_FIRST,2026-03-18T14:26:00Z,2026-03-18T15:06:00Z,FAVORABLE_FIRST,2026-03-18T14:25:00Z,2026-03-18T15:06:00Z,FAVORABLE_FIRST,2026-03-18T14:25:00Z,2026-03-18T15:06:00Z,FAVORABLE_FIRST,2026-03-18T14:26:00Z,2026-03-18T15:06:00Z,FAVORABLE_FIRST,2026-03-18T14:26:00Z,2026-03-18T15:06:00Z,ADVERSE_FIRST,2026-03-18T17:11:00Z,2026-03-18T15:06:00Z
SPY:2026-03-18:SHORT:2026-03-18T15:10:00+00:00:v1,2026-03-18,SHORT,667.510000000000,666.870000000000,0.640000000000,2026-03-18T15:15:00Z,2026-03-18T15:20:00Z,5,WORSE,6.320000000000,5.680000000000,0.215000000000,0.750000000000,6.000000000000,5.360000000000,0.640000000000,-0.535000000000,True,,,AVAILABLE,AVAILABLE,2026-03-18T15:15:00Z,2026-03-18T15:20:00Z,FAVORABLE_FIRST,2026-03-18T15:18:00Z,,FAVORABLE_FIRST,2026-03-18T15:19:00Z,,FAVORABLE_FIRST,2026-03-18T15:20:00Z,,FAVORABLE_FIRST,2026-03-18T15:21:00Z,,FAVORABLE_FIRST,2026-03-18T15:19:00Z,,FAVORABLE_FIRST,2026-03-18T15:20:00Z,,FAVORABLE_FIRST,2026-03-18T15:21:00Z,,FAVORABLE_FIRST,2026-03-18T16:35:00Z,,FAVORABLE_FIRST,2026-03-18T17:11:00Z,,FAVORABLE_FIRST,2026-03-18T15:20:00Z,2026-03-18T15:24:00Z,ADVERSE_FIRST,2026-03-18T16:34:00Z,2026-03-18T15:24:00Z,ADVERSE_FIRST,2026-03-18T16:35:00Z,2026-03-18T15:24:00Z,ADVERSE_FIRST,2026-03-18T16:35:00Z,2026-03-18T15:24:00Z,ADVERSE_FIRST,2026-03-18T16:34:00Z,2026-03-18T15:24:00Z,ADVERSE_FIRST,2026-03-18T16:35:00Z,2026-03-18T15:24:00Z,ADVERSE_FIRST,2026-03-18T16:35:00Z,2026-03-18T15:24:00Z,ADVERSE_FIRST,2026-03-18T17:31:00Z,2026-03-18T15:24:00Z,ADVERSE_FIRST,2026-03-18T18:34:00Z,2026-03-18T15:24:00Z
SPY:2026-03-19:LONG:2026-03-19T13:41:00+00:00:v1,2026-03-19,LONG,657.330000000000,657.930000000000,0.600000000000,2026-03-19T13:45:00Z,2026-03-19T13:50:00Z,5,WORSE,5.650000000000,5.050000000000,1.720000000000,2.320000000000,2.405000000000,1.805000000000,0.600000000000,-0.600000000000,True,40,35,AVAILABLE,AVAILABLE,2026-03-19T13:45:00Z,2026-03-19T13:50:00Z,ADVERSE_FIRST,2026-03-19T13:49:00Z,2026-03-19T13:45:00Z,ADVERSE_FIRST,2026-03-19T13:49:00Z,2026-03-19T13:45:00Z,ADVERSE_FIRST,2026-03-19T13:50:00Z,2026-03-19T13:45:00Z,ADVERSE_FIRST,2026-03-19T13:50:00Z,2026-03-19T13:45:00Z,ADVERSE_FIRST,2026-03-19T13:49:00Z,2026-03-19T13:45:00Z,ADVERSE_FIRST,2026-03-19T13:50:00Z,2026-03-19T13:45:00Z,ADVERSE_FIRST,2026-03-19T13:50:00Z,2026-03-19T13:45:00Z,ADVERSE_FIRST,2026-03-19T13:54:00Z,2026-03-19T13:45:00Z,ADVERSE_FIRST,2026-03-19T14:11:00Z,2026-03-19T13:45:00Z,FAVORABLE_FIRST,2026-03-19T13:50:00Z,2026-03-19T14:15:00Z,FAVORABLE_FIRST,2026-03-19T13:50:00Z,2026-03-19T14:15:00Z,FAVORABLE_FIRST,2026-03-19T13:51:00Z,2026-03-19T14:15:00Z,FAVORABLE_FIRST,2026-03-19T13:54:00Z,2026-03-19T14:15:00Z,FAVORABLE_FIRST,2026-03-19T13:50:00Z,2026-03-19T14:16:00Z,FAVORABLE_FIRST,2026-03-19T13:51:00Z,2026-03-19T14:16:00Z,FAVORABLE_FIRST,2026-03-19T13:54:00Z,2026-03-19T14:16:00Z,FAVORABLE_FIRST,2026-03-19T14:11:00Z,2026-03-19T14:16:00Z,ADVERSE_FIRST,2026-03-19T19:01:00Z,2026-03-19T14:16:00Z
SPY:2026-03-19:LONG:2026-03-19T14:31:00+00:00:v1,2026-03-19,LONG,658.430000000000,657.350000000000,-1.080000000000,2026-03-19T14:35:00Z,2026-03-19T14:40:00Z,5,BETTER,4.550000000000,5.630000000000,2.820000000000,1.740000000000,1.305000000000,2.385000000000,-1.080000000000,1.080000000000,True,60,55,AVAILABLE,AVAILABLE,2026-03-19T14:35:00Z,2026-03-19T14:40:00Z,FAVORABLE_FIRST,2026-03-19T14:35:00Z,2026-03-19T14:37:00Z,FAVORABLE_FIRST,2026-03-19T14:35:00Z,2026-03-19T14:37:00Z,ADVERSE_FIRST,2026-03-19T15:05:00Z,2026-03-19T14:37:00Z,ADVERSE_FIRST,2026-03-19T15:06:00Z,2026-03-19T14:37:00Z,FAVORABLE_FIRST,2026-03-19T14:35:00Z,2026-03-19T14:38:00Z,ADVERSE_FIRST,2026-03-19T15:05:00Z,2026-03-19T14:38:00Z,ADVERSE_FIRST,2026-03-19T15:06:00Z,2026-03-19T14:38:00Z,ADVERSE_FIRST,2026-03-19T19:01:00Z,2026-03-19T14:38:00Z,ADVERSE_FIRST,2026-03-19T19:02:00Z,2026-03-19T14:38:00Z,FAVORABLE_FIRST,2026-03-19T14:40:00Z,2026-03-19T14:47:00Z,FAVORABLE_FIRST,2026-03-19T14:40:00Z,2026-03-19T14:47:00Z,FAVORABLE_FIRST,2026-03-19T14:40:00Z,2026-03-19T14:47:00Z,ADVERSE_FIRST,2026-03-19T14:51:00Z,2026-03-19T14:47:00Z,FAVORABLE_FIRST,2026-03-19T14:40:00Z,2026-03-19T15:31:00Z,FAVORABLE_FIRST,2026-03-19T14:40:00Z,2026-03-19T15:31:00Z,FAVORABLE_FIRST,2026-03-19T14:51:00Z,2026-03-19T15:31:00Z,FAVORABLE_FIRST,2026-03-19T15:05:00Z,2026-03-19T15:31:00Z,FAVORABLE_FIRST,2026-03-19T15:06:00Z,2026-03-19T15:31:00Z
SPY:2026-03-19:LONG:2026-03-19T15:55:00+00:00:v1,2026-03-19,LONG,657.910000000000,658.370000000000,0.460000000000,2026-03-19T16:00:00Z,2026-03-19T16:05:00Z,5,WORSE,5.070000000000,4.610000000000,2.300000000000,2.760000000000,1.825000000000,1.365000000000,0.460000000000,-0.460000000000,True,65,60,AVAILABLE,AVAILABLE,2026-03-19T16:00:00Z,2026-03-19T16:05:00Z,ADVERSE_FIRST,2026-03-19T16:01:00Z,2026-03-19T16:00:00Z,ADVERSE_FIRST,2026-03-19T16:02:00Z,2026-03-19T16:00:00Z,ADVERSE_FIRST,2026-03-19T16:02:00Z,2026-03-19T16:00:00Z,ADVERSE_FIRST,2026-03-19T16:03:00Z,2026-03-19T16:00:00Z,ADVERSE_FIRST,2026-03-19T16:02:00Z,2026-03-19T16:00:00Z,ADVERSE_FIRST,2026-03-19T16:02:00Z,2026-03-19T16:00:00Z,ADVERSE_FIRST,2026-03-19T16:03:00Z,2026-03-19T16:00:00Z,ADVERSE_FIRST,2026-03-19T19:01:00Z,2026-03-19T16:00:00Z,ADVERSE_FIRST,2026-03-19T19:01:00Z,2026-03-19T16:00:00Z,FAVORABLE_FIRST,2026-03-19T16:05:00Z,2026-03-19T16:10:00Z,FAVORABLE_FIRST,2026-03-19T16:05:00Z,2026-03-19T16:10:00Z,ADVERSE_FIRST,2026-03-19T19:01:00Z,2026-03-19T16:10:00Z,ADVERSE_FIRST,2026-03-19T19:01:00Z,2026-03-19T16:10:00Z,FAVORABLE_FIRST,2026-03-19T16:05:00Z,2026-03-19T16:10:00Z,ADVERSE_FIRST,2026-03-19T19:01:00Z,2026-03-19T16:10:00Z,ADVERSE_FIRST,2026-03-19T19:01:00Z,2026-03-19T16:10:00Z,ADVERSE_FIRST,2026-03-19T19:01:00Z,2026-03-19T16:10:00Z,ADVERSE_FIRST,2026-03-19T19:02:00Z,2026-03-19T16:10:00Z
SPY:2026-03-19:LONG:2026-03-19T17:22:00+00:00:v1,2026-03-19,LONG,657.240000000000,657.100000000000,-0.140000000000,2026-03-19T17:25:00Z,2026-03-19T17:30:00Z,5,BETTER,5.740000000000,5.880000000000,1.080000000000,0.940000000000,2.495000000000,2.635000000000,-0.140000000000,0.140000000000,True,10,5,AVAILABLE,AVAILABLE,2026-03-19T17:25:00Z,2026-03-19T17:30:00Z,ADVERSE_FIRST,2026-03-19T17:27:00Z,2026-03-19T17:26:00Z,ADVERSE_FIRST,2026-03-19T17:52:00Z,2026-03-19T17:26:00Z,ADVERSE_FIRST,2026-03-19T18:12:00Z,2026-03-19T17:26:00Z,ADVERSE_FIRST,2026-03-19T18:13:00Z,2026-03-19T17:26:00Z,ADVERSE_FIRST,2026-03-19T17:52:00Z,2026-03-19T17:32:00Z,ADVERSE_FIRST,2026-03-19T18:12:00Z,2026-03-19T17:32:00Z,ADVERSE_FIRST,2026-03-19T18:13:00Z,2026-03-19T17:32:00Z,ADVERSE_FIRST,2026-03-19T18:58:00Z,2026-03-19T17:32:00Z,ADVERSE_FIRST,2026-03-19T19:01:00Z,2026-03-19T17:32:00Z,FAVORABLE_FIRST,2026-03-19T17:30:00Z,2026-03-19T17:32:00Z,ADVERSE_FIRST,2026-03-19T17:52:00Z,2026-03-19T17:32:00Z,ADVERSE_FIRST,2026-03-19T17:52:00Z,2026-03-19T17:32:00Z,ADVERSE_FIRST,2026-03-19T18:12:00Z,2026-03-19T17:32:00Z,ADVERSE_FIRST,2026-03-19T17:52:00Z,2026-03-19T17:32:00Z,ADVERSE_FIRST,2026-03-19T17:52:00Z,2026-03-19T17:32:00Z,ADVERSE_FIRST,2026-03-19T18:12:00Z,2026-03-19T17:32:00Z,ADVERSE_FIRST,2026-03-19T18:13:00Z,2026-03-19T17:32:00Z,ADVERSE_FIRST,2026-03-19T19:01:00Z,2026-03-19T17:32:00Z
SPY:2026-03-19:LONG:2026-03-19T17:50:00+00:00:v1,2026-03-19,LONG,657.725000000000,657.230000000000,-0.495000000000,2026-03-19T17:55:00Z,2026-03-19T18:00:00Z,5,BETTER,5.255000000000,5.750000000000,1.405000000000,0.910000000000,2.010000000000,2.505000000000,-0.495000000000,0.495000000000,True,10,5,AVAILABLE,AVAILABLE,2026-03-19T17:55:00Z,2026-03-19T18:00:00Z,ADVERSE_FIRST,2026-03-19T18:12:00Z,2026-03-19T17:55:00Z,ADVERSE_FIRST,2026-03-19T18:13:00Z,2026-03-19T17:55:00Z,ADVERSE_FIRST,2026-03-19T18:13:00Z,2026-03-19T17:55:00Z,ADVERSE_FIRST,2026-03-19T18:58:00Z,2026-03-19T17:55:00Z,ADVERSE_FIRST,2026-03-19T18:13:00Z,2026-03-19T17:56:00Z,ADVERSE_FIRST,2026-03-19T18:13:00Z,2026-03-19T17:56:00Z,ADVERSE_FIRST,2026-03-19T18:58:00Z,2026-03-19T17:56:00Z,ADVERSE_FIRST,2026-03-19T19:01:00Z,2026-03-19T17:56:00Z,ADVERSE_FIRST,2026-03-19T19:01:00Z,2026-03-19T17:56:00Z,ADVERSE_FIRST,2026-03-19T18:10:00Z,2026-03-19T18:01:00Z,ADVERSE_FIRST,2026-03-19T18:12:00Z,2026-03-19T18:01:00Z,ADVERSE_FIRST,2026-03-19T18:12:00Z,2026-03-19T18:01:00Z,ADVERSE_FIRST,2026-03-19T18:13:00Z,2026-03-19T18:01:00Z,ADVERSE_FIRST,2026-03-19T18:12:00Z,2026-03-19T18:01:00Z,ADVERSE_FIRST,2026-03-19T18:12:00Z,2026-03-19T18:01:00Z,ADVERSE_FIRST,2026-03-19T18:13:00Z,2026-03-19T18:01:00Z,ADVERSE_FIRST,2026-03-19T18:58:00Z,2026-03-19T18:01:00Z,ADVERSE_FIRST,2026-03-19T19:01:00Z,2026-03-19T18:01:00Z
SPY:2026-03-19:LONG:2026-03-19T18:05:00+00:00:v1,2026-03-19,LONG,657.270000000000,658.360000000000,1.090000000000,2026-03-19T18:10:00Z,2026-03-19T18:15:00Z,5,WORSE,5.710000000000,4.620000000000,0.950000000000,2.040000000000,2.465000000000,1.375000000000,1.090000000000,-1.090000000000,True,30,25,AVAILABLE,AVAILABLE,2026-03-19T18:10:00Z,2026-03-19T18:15:00Z,FAVORABLE_FIRST,2026-03-19T18:10:00Z,2026-03-19T18:30:00Z,FAVORABLE_FIRST,2026-03-19T18:12:00Z,2026-03-19T18:30:00Z,FAVORABLE_FIRST,2026-03-19T18:12:00Z,2026-03-19T18:30:00Z,FAVORABLE_FIRST,2026-03-19T18:13:00Z,2026-03-19T18:30:00Z,FAVORABLE_FIRST,2026-03-19T18:12:00Z,2026-03-19T18:30:00Z,FAVORABLE_FIRST,2026-03-19T18:12:00Z,2026-03-19T18:30:00Z,FAVORABLE_FIRST,2026-03-19T18:13:00Z,2026-03-19T18:30:00Z,ADVERSE_FIRST,2026-03-19T18:59:00Z,2026-03-19T18:30:00Z,ADVERSE_FIRST,2026-03-19T19:01:00Z,2026-03-19T18:30:00Z,ADVERSE_FIRST,2026-03-19T18:58:00Z,2026-03-19T18:16:00Z,ADVERSE_FIRST,2026-03-19T19:00:00Z,2026-03-19T18:16:00Z,ADVERSE_FIRST,2026-03-19T19:01:00Z,2026-03-19T18:16:00Z,ADVERSE_FIRST,2026-03-19T19:01:00Z,2026-03-19T18:16:00Z,ADVERSE_FIRST,2026-03-19T19:00:00Z,2026-03-19T18:16:00Z,ADVERSE_FIRST,2026-03-19T19:01:00Z,2026-03-19T18:16:00Z,ADVERSE_FIRST,2026-03-19T19:01:00Z,2026-03-19T18:16:00Z,ADVERSE_FIRST,2026-03-19T19:01:00Z,2026-03-19T18:16:00Z,ADVERSE_FIRST,2026-03-19T19:02:00Z,2026-03-19T18:16:00Z
SPY:2026-03-19:LONG:2026-03-19T18:55:00+00:00:v1,2026-03-19,LONG,658.440000000000,660.370000000000,1.930000000000,2026-03-19T19:00:00Z,2026-03-19T19:05:00Z,5,WORSE,4.540000000000,2.610000000000,0.050000000000,1.400000000000,1.295000000000,-0.635000000000,1.930000000000,-1.350000000000,True,,,AVAILABLE,AVAILABLE,2026-03-19T19:00:00Z,2026-03-19T19:05:00Z,FAVORABLE_FIRST,2026-03-19T19:00:00Z,,FAVORABLE_FIRST,2026-03-19T19:00:00Z,,FAVORABLE_FIRST,2026-03-19T19:01:00Z,,FAVORABLE_FIRST,2026-03-19T19:01:00Z,,FAVORABLE_FIRST,2026-03-19T19:00:00Z,,FAVORABLE_FIRST,2026-03-19T19:01:00Z,,FAVORABLE_FIRST,2026-03-19T19:01:00Z,,FAVORABLE_FIRST,2026-03-19T19:01:00Z,,FAVORABLE_FIRST,2026-03-19T19:02:00Z,,FAVORABLE_FIRST,2026-03-19T19:05:00Z,2026-03-19T19:25:00Z,FAVORABLE_FIRST,2026-03-19T19:05:00Z,2026-03-19T19:25:00Z,FAVORABLE_FIRST,2026-03-19T19:05:00Z,2026-03-19T19:25:00Z,FAVORABLE_FIRST,2026-03-19T19:06:00Z,2026-03-19T19:25:00Z,FAVORABLE_FIRST,2026-03-19T19:05:00Z,2026-03-19T19:25:00Z,FAVORABLE_FIRST,2026-03-19T19:05:00Z,2026-03-19T19:25:00Z,FAVORABLE_FIRST,2026-03-19T19:06:00Z,2026-03-19T19:25:00Z,FAVORABLE_FIRST,2026-03-19T19:06:00Z,2026-03-19T19:25:00Z,FAVORABLE_FIRST,2026-03-19T19:06:00Z,2026-03-19T19:25:00Z
SPY:2026-03-20:SHORT:2026-03-20T13:50:00+00:00:v1,2026-03-20,SHORT,654.510000000000,653.170000000000,1.340000000000,2026-03-20T13:55:00Z,2026-03-20T14:00:00Z,5,WORSE,9.790000000000,8.450000000000,0.180000000000,0.990000000000,5.970000000000,4.630000000000,1.340000000000,-0.810000000000,True,,,AVAILABLE,AVAILABLE,2026-03-20T13:55:00Z,2026-03-20T14:00:00Z,FAVORABLE_FIRST,2026-03-20T13:55:00Z,,FAVORABLE_FIRST,2026-03-20T13:55:00Z,,FAVORABLE_FIRST,2026-03-20T13:57:00Z,,FAVORABLE_FIRST,2026-03-20T13:58:00Z,,FAVORABLE_FIRST,2026-03-20T13:55:00Z,,FAVORABLE_FIRST,2026-03-20T13:57:00Z,,FAVORABLE_FIRST,2026-03-20T13:58:00Z,,FAVORABLE_FIRST,2026-03-20T13:59:00Z,,FAVORABLE_FIRST,2026-03-20T14:01:00Z,,FAVORABLE_FIRST,2026-03-20T14:00:00Z,2026-03-20T14:03:00Z,FAVORABLE_FIRST,2026-03-20T14:01:00Z,2026-03-20T14:03:00Z,ADVERSE_FIRST,2026-03-20T14:11:00Z,2026-03-20T14:03:00Z,ADVERSE_FIRST,2026-03-20T14:11:00Z,2026-03-20T14:03:00Z,FAVORABLE_FIRST,2026-03-20T14:01:00Z,2026-03-20T14:03:00Z,ADVERSE_FIRST,2026-03-20T14:11:00Z,2026-03-20T14:03:00Z,ADVERSE_FIRST,2026-03-20T14:11:00Z,2026-03-20T14:03:00Z,ADVERSE_FIRST,2026-03-20T14:14:00Z,2026-03-20T14:03:00Z,ADVERSE_FIRST,2026-03-20T17:36:00Z,2026-03-20T14:03:00Z
SPY:2026-03-23:LONG:2026-03-23T13:45:00+00:00:v1,2026-03-23,LONG,659.005000000000,659.550000000000,0.545000000000,2026-03-23T13:50:00Z,2026-03-23T13:55:00Z,5,WORSE,3.610000000000,3.065000000000,5.065000000000,5.610000000000,-3.630000000000,-4.175000000000,0.545000000000,-0.545000000000,True,125,120,AVAILABLE,AVAILABLE,2026-03-23T13:50:00Z,2026-03-23T13:55:00Z,FAVORABLE_FIRST,2026-03-23T13:50:00Z,2026-03-23T13:51:00Z,FAVORABLE_FIRST,2026-03-23T13:50:00Z,2026-03-23T13:51:00Z,ADVERSE_FIRST,2026-03-23T13:52:00Z,2026-03-23T13:51:00Z,ADVERSE_FIRST,2026-03-23T13:53:00Z,2026-03-23T13:51:00Z,FAVORABLE_FIRST,2026-03-23T13:50:00Z,2026-03-23T13:51:00Z,ADVERSE_FIRST,2026-03-23T13:52:00Z,2026-03-23T13:51:00Z,ADVERSE_FIRST,2026-03-23T13:53:00Z,2026-03-23T13:51:00Z,ADVERSE_FIRST,2026-03-23T14:02:00Z,2026-03-23T13:51:00Z,ADVERSE_FIRST,2026-03-23T14:18:00Z,2026-03-23T13:51:00Z,ADVERSE_FIRST,2026-03-23T13:57:00Z,2026-03-23T13:55:00Z,ADVERSE_FIRST,2026-03-23T13:58:00Z,2026-03-23T13:55:00Z,ADVERSE_FIRST,2026-03-23T14:00:00Z,2026-03-23T13:55:00Z,ADVERSE_FIRST,2026-03-23T14:02:00Z,2026-03-23T13:55:00Z,ADVERSE_FIRST,2026-03-23T13:58:00Z,2026-03-23T13:55:00Z,ADVERSE_FIRST,2026-03-23T14:00:00Z,2026-03-23T13:55:00Z,ADVERSE_FIRST,2026-03-23T14:02:00Z,2026-03-23T13:55:00Z,ADVERSE_FIRST,2026-03-23T14:18:00Z,2026-03-23T13:55:00Z,ADVERSE_FIRST,2026-03-23T14:21:00Z,2026-03-23T13:55:00Z
SPY:2026-03-23:SHORT:2026-03-23T15:55:00+00:00:v1,2026-03-23,SHORT,655.990000000000,656.480000000000,-0.490000000000,2026-03-23T16:00:00Z,2026-03-23T16:05:00Z,5,BETTER,2.050000000000,2.540000000000,3.660000000000,3.170000000000,0.615000000000,1.105000000000,-0.490000000000,0.490000000000,True,10,5,AVAILABLE,AVAILABLE,2026-03-23T16:00:00Z,2026-03-23T16:05:00Z,ADVERSE_FIRST,2026-03-23T16:20:00Z,2026-03-23T16:00:00Z,ADVERSE_FIRST,2026-03-23T16:23:00Z,2026-03-23T16:00:00Z,ADVERSE_FIRST,2026-03-23T16:25:00Z,2026-03-23T16:00:00Z,ADVERSE_FIRST,2026-03-23T16:25:00Z,2026-03-23T16:00:00Z,ADVERSE_FIRST,2026-03-23T16:23:00Z,2026-03-23T16:00:00Z,ADVERSE_FIRST,2026-03-23T16:25:00Z,2026-03-23T16:00:00Z,ADVERSE_FIRST,2026-03-23T16:25:00Z,2026-03-23T16:00:00Z,ADVERSE_FIRST,2026-03-23T16:29:00Z,2026-03-23T16:00:00Z,ADVERSE_FIRST,2026-03-23T16:29:00Z,2026-03-23T16:00:00Z,ADVERSE_FIRST,2026-03-23T16:06:00Z,2026-03-23T16:05:00Z,ADVERSE_FIRST,2026-03-23T16:18:00Z,2026-03-23T16:05:00Z,ADVERSE_FIRST,2026-03-23T16:20:00Z,2026-03-23T16:05:00Z,ADVERSE_FIRST,2026-03-23T16:23:00Z,2026-03-23T16:05:00Z,ADVERSE_FIRST,2026-03-23T16:18:00Z,2026-03-23T16:05:00Z,ADVERSE_FIRST,2026-03-23T16:20:00Z,2026-03-23T16:05:00Z,ADVERSE_FIRST,2026-03-23T16:23:00Z,2026-03-23T16:05:00Z,ADVERSE_FIRST,2026-03-23T16:25:00Z,2026-03-23T16:05:00Z,ADVERSE_FIRST,2026-03-23T16:29:00Z,2026-03-23T16:05:00Z
SPY:2026-03-23:SHORT:2026-03-23T16:16:00+00:00:v1,2026-03-23,SHORT,656.040000000000,655.650000000000,0.390000000000,2026-03-23T16:20:00Z,2026-03-23T16:25:00Z,5,WORSE,2.100000000000,1.710000000000,3.610000000000,4.000000000000,0.665000000000,0.275000000000,0.390000000000,-0.390000000000,True,75,70,AVAILABLE,AVAILABLE,2026-03-23T16:20:00Z,2026-03-23T16:25:00Z,AMBIGUOUS_SAME_BAR,2026-03-23T16:20:00Z,2026-03-23T16:20:00Z,ADVERSE_FIRST,2026-03-23T16:23:00Z,2026-03-23T16:20:00Z,ADVERSE_FIRST,2026-03-23T16:25:00Z,2026-03-23T16:20:00Z,ADVERSE_FIRST,2026-03-23T16:25:00Z,2026-03-23T16:20:00Z,FAVORABLE_FIRST,2026-03-23T16:23:00Z,2026-03-23T16:45:00Z,FAVORABLE_FIRST,2026-03-23T16:25:00Z,2026-03-23T16:45:00Z,FAVORABLE_FIRST,2026-03-23T16:25:00Z,2026-03-23T16:45:00Z,FAVORABLE_FIRST,2026-03-23T16:29:00Z,2026-03-23T16:45:00Z,FAVORABLE_FIRST,2026-03-23T16:29:00Z,2026-03-23T16:45:00Z,FAVORABLE_FIRST,2026-03-23T16:25:00Z,2026-03-23T16:35:00Z,FAVORABLE_FIRST,2026-03-23T16:25:00Z,2026-03-23T16:35:00Z,FAVORABLE_FIRST,2026-03-23T16:25:00Z,2026-03-23T16:35:00Z,FAVORABLE_FIRST,2026-03-23T16:29:00Z,2026-03-23T16:35:00Z,FAVORABLE_FIRST,2026-03-23T16:25:00Z,2026-03-23T16:35:00Z,FAVORABLE_FIRST,2026-03-23T16:25:00Z,2026-03-23T16:35:00Z,FAVORABLE_FIRST,2026-03-23T16:29:00Z,2026-03-23T16:35:00Z,FAVORABLE_FIRST,2026-03-23T16:29:00Z,2026-03-23T16:35:00Z,ADVERSE_FIRST,,2026-03-23T16:35:00Z
SPY:2026-03-23:LONG:2026-03-23T18:33:00+00:00:v1,2026-03-23,LONG,658.840000000000,658.990000000000,0.150000000000,2026-03-23T18:35:00Z,2026-03-23T18:40:00Z,5,WORSE,0.810000000000,0.280000000000,3.470000000000,3.620000000000,-3.465000000000,-3.615000000000,0.530000000000,-0.150000000000,True,40,35,AVAILABLE,AVAILABLE,2026-03-23T18:35:00Z,2026-03-23T18:40:00Z,FAVORABLE_FIRST,2026-03-23T18:35:00Z,2026-03-23T18:39:00Z,FAVORABLE_FIRST,2026-03-23T18:35:00Z,2026-03-23T18:39:00Z,FAVORABLE_FIRST,2026-03-23T18:37:00Z,2026-03-23T18:39:00Z,ADVERSE_FIRST,,2026-03-23T18:39:00Z,FAVORABLE_FIRST,2026-03-23T18:35:00Z,2026-03-23T18:39:00Z,FAVORABLE_FIRST,2026-03-23T18:37:00Z,2026-03-23T18:39:00Z,ADVERSE_FIRST,,2026-03-23T18:39:00Z,ADVERSE_FIRST,,2026-03-23T18:39:00Z,ADVERSE_FIRST,,2026-03-23T18:39:00Z,ADVERSE_FIRST,2026-03-23T18:49:00Z,2026-03-23T18:41:00Z,ADVERSE_FIRST,,2026-03-23T18:41:00Z,ADVERSE_FIRST,,2026-03-23T18:41:00Z,ADVERSE_FIRST,,2026-03-23T18:41:00Z,ADVERSE_FIRST,,2026-03-23T18:41:00Z,ADVERSE_FIRST,,2026-03-23T18:41:00Z,ADVERSE_FIRST,,2026-03-23T18:41:00Z,ADVERSE_FIRST,,2026-03-23T18:41:00Z,ADVERSE_FIRST,,2026-03-23T18:41:00Z
SPY:2026-03-24:SHORT:2026-03-24T13:40:00+00:00:v1,2026-03-24,SHORT,650.760000000000,650.170000000000,0.590000000000,2026-03-24T13:45:00Z,2026-03-24T13:50:00Z,5,WORSE,0.870000000000,0.280000000000,6.270000000000,6.860000000000,-2.440000000000,-3.030000000000,0.590000000000,-0.590000000000,True,15,10,AVAILABLE,AVAILABLE,2026-03-24T13:45:00Z,2026-03-24T13:50:00Z,AMBIGUOUS_SAME_BAR,2026-03-24T13:45:00Z,2026-03-24T13:45:00Z,ADVERSE_FIRST,2026-03-24T13:49:00Z,2026-03-24T13:45:00Z,ADVERSE_FIRST,2026-03-24T13:51:00Z,2026-03-24T13:45:00Z,ADVERSE_FIRST,,2026-03-24T13:45:00Z,ADVERSE_FIRST,2026-03-24T13:49:00Z,2026-03-24T13:45:00Z,ADVERSE_FIRST,2026-03-24T13:51:00Z,2026-03-24T13:45:00Z,ADVERSE_FIRST,,2026-03-24T13:45:00Z,ADVERSE_FIRST,,2026-03-24T13:45:00Z,ADVERSE_FIRST,,2026-03-24T13:45:00Z,ADVERSE_FIRST,2026-03-24T13:52:00Z,2026-03-24T13:50:00Z,ADVERSE_FIRST,,2026-03-24T13:50:00Z,ADVERSE_FIRST,,2026-03-24T13:50:00Z,ADVERSE_FIRST,,2026-03-24T13:50:00Z,ADVERSE_FIRST,,2026-03-24T13:50:00Z,ADVERSE_FIRST,,2026-03-24T13:50:00Z,ADVERSE_FIRST,,2026-03-24T13:50:00Z,ADVERSE_FIRST,,2026-03-24T13:50:00Z,ADVERSE_FIRST,,2026-03-24T13:50:00Z
SPY:2026-03-24:LONG:2026-03-24T14:51:00+00:00:v1,2026-03-24,LONG,654.430000000000,653.980000000000,-0.450000000000,2026-03-24T14:55:00Z,2026-03-24T15:00:00Z,5,BETTER,2.600000000000,3.050000000000,3.210000000000,1.600000000000,-1.230000000000,-0.780000000000,-0.450000000000,1.610000000000,True,145,140,AVAILABLE,AVAILABLE,2026-03-24T14:55:00Z,2026-03-24T15:00:00Z,AMBIGUOUS_SAME_BAR,2026-03-24T14:55:00Z,2026-03-24T14:55:00Z,AMBIGUOUS_SAME_BAR,2026-03-24T14:55:00Z,2026-03-24T14:55:00Z,ADVERSE_FIRST,2026-03-24T14:56:00Z,2026-03-24T14:55:00Z,ADVERSE_FIRST,2026-03-24T14:56:00Z,2026-03-24T14:55:00Z,FAVORABLE_FIRST,2026-03-24T14:55:00Z,2026-03-24T14:59:00Z,FAVORABLE_FIRST,2026-03-24T14:56:00Z,2026-03-24T14:59:00Z,FAVORABLE_FIRST,2026-03-24T14:56:00Z,2026-03-24T14:59:00Z,ADVERSE_FIRST,2026-03-24T15:21:00Z,2026-03-24T14:59:00Z,ADVERSE_FIRST,2026-03-24T15:24:00Z,2026-03-24T14:59:00Z,FAVORABLE_FIRST,2026-03-24T15:00:00Z,2026-03-24T17:04:00Z,FAVORABLE_FIRST,2026-03-24T15:00:00Z,2026-03-24T17:04:00Z,FAVORABLE_FIRST,2026-03-24T15:00:00Z,2026-03-24T17:04:00Z,FAVORABLE_FIRST,2026-03-24T15:00:00Z,2026-03-24T17:04:00Z,FAVORABLE_FIRST,2026-03-24T15:00:00Z,2026-03-24T17:04:00Z,FAVORABLE_FIRST,2026-03-24T15:00:00Z,2026-03-24T17:04:00Z,FAVORABLE_FIRST,2026-03-24T15:00:00Z,2026-03-24T17:04:00Z,FAVORABLE_FIRST,2026-03-24T15:00:00Z,2026-03-24T17:04:00Z,FAVORABLE_FIRST,2026-03-24T15:21:00Z,2026-03-24T17:04:00Z
SPY:2026-03-24:LONG:2026-03-24T17:20:00+00:00:v1,2026-03-24,LONG,653.100000000000,653.400000000000,0.300000000000,2026-03-24T17:25:00Z,2026-03-24T17:30:00Z,5,WORSE,3.490000000000,3.190000000000,0.720000000000,1.020000000000,0.100000000000,-0.200000000000,0.300000000000,-0.300000000000,True,20,15,AVAILABLE,AVAILABLE,2026-03-24T17:25:00Z,2026-03-24T17:30:00Z,FAVORABLE_FIRST,2026-03-24T17:28:00Z,2026-03-24T17:35:00Z,FAVORABLE_FIRST,2026-03-24T17:30:00Z,2026-03-24T17:35:00Z,FAVORABLE_FIRST,2026-03-24T17:30:00Z,2026-03-24T17:35:00Z,ADVERSE_FIRST,2026-03-24T17:55:00Z,2026-03-24T17:35:00Z,FAVORABLE_FIRST,2026-03-24T17:30:00Z,2026-03-24T17:35:00Z,FAVORABLE_FIRST,2026-03-24T17:30:00Z,2026-03-24T17:35:00Z,ADVERSE_FIRST,2026-03-24T17:55:00Z,2026-03-24T17:35:00Z,ADVERSE_FIRST,2026-03-24T18:00:00Z,2026-03-24T17:35:00Z,ADVERSE_FIRST,2026-03-24T18:31:00Z,2026-03-24T17:35:00Z,FAVORABLE_FIRST,2026-03-24T17:30:00Z,2026-03-24T17:33:00Z,FAVORABLE_FIRST,2026-03-24T17:30:00Z,2026-03-24T17:33:00Z,ADVERSE_FIRST,2026-03-24T17:55:00Z,2026-03-24T17:33:00Z,ADVERSE_FIRST,2026-03-24T18:00:00Z,2026-03-24T17:33:00Z,FAVORABLE_FIRST,2026-03-24T17:30:00Z,2026-03-24T17:33:00Z,ADVERSE_FIRST,2026-03-24T17:55:00Z,2026-03-24T17:33:00Z,ADVERSE_FIRST,2026-03-24T18:00:00Z,2026-03-24T17:33:00Z,ADVERSE_FIRST,2026-03-24T18:00:00Z,2026-03-24T17:33:00Z,ADVERSE_FIRST,2026-03-24T18:32:00Z,2026-03-24T17:33:00Z
SPY:2026-03-24:LONG:2026-03-24T17:50:00+00:00:v1,2026-03-24,LONG,653.160000000000,654.300000000000,1.140000000000,2026-03-24T17:55:00Z,2026-03-24T18:00:00Z,5,WORSE,3.430000000000,2.290000000000,0.600000000000,1.740000000000,0.040000000000,-1.100000000000,1.140000000000,-1.140000000000,True,,,AVAILABLE,AVAILABLE,2026-03-24T17:55:00Z,2026-03-24T18:00:00Z,FAVORABLE_FIRST,2026-03-24T17:55:00Z,2026-03-24T19:52:00Z,FAVORABLE_FIRST,2026-03-24T17:55:00Z,2026-03-24T19:52:00Z,FAVORABLE_FIRST,2026-03-24T17:55:00Z,2026-03-24T19:52:00Z,FAVORABLE_FIRST,2026-03-24T17:55:00Z,2026-03-24T19:52:00Z,FAVORABLE_FIRST,2026-03-24T17:55:00Z,2026-03-24T19:53:00Z,FAVORABLE_FIRST,2026-03-24T17:55:00Z,2026-03-24T19:53:00Z,FAVORABLE_FIRST,2026-03-24T17:55:00Z,2026-03-24T19:53:00Z,FAVORABLE_FIRST,2026-03-24T18:00:00Z,2026-03-24T19:53:00Z,FAVORABLE_FIRST,2026-03-24T18:31:00Z,2026-03-24T19:53:00Z,FAVORABLE_FIRST,2026-03-24T18:00:00Z,2026-03-24T18:01:00Z,FAVORABLE_FIRST,2026-03-24T18:00:00Z,2026-03-24T18:01:00Z,ADVERSE_FIRST,2026-03-24T18:31:00Z,2026-03-24T18:01:00Z,ADVERSE_FIRST,2026-03-24T18:32:00Z,2026-03-24T18:01:00Z,FAVORABLE_FIRST,2026-03-24T18:00:00Z,2026-03-24T18:02:00Z,ADVERSE_FIRST,2026-03-24T18:31:00Z,2026-03-24T18:02:00Z,ADVERSE_FIRST,2026-03-24T18:32:00Z,2026-03-24T18:02:00Z,ADVERSE_FIRST,2026-03-24T18:32:00Z,2026-03-24T18:02:00Z,ADVERSE_FIRST,2026-03-24T18:39:00Z,2026-03-24T18:02:00Z
SPY:2026-03-25:SHORT:2026-03-25T13:47:00+00:00:v1,2026-03-25,SHORT,657.820000000000,656.780000000000,1.040000000000,2026-03-25T13:50:00Z,2026-03-25T13:55:00Z,5,WORSE,3.580000000000,2.540000000000,2.680000000000,3.720000000000,1.080000000000,0.040000000000,1.040000000000,-1.040000000000,True,45,40,AVAILABLE,AVAILABLE,2026-03-25T13:50:00Z,2026-03-25T13:55:00Z,FAVORABLE_FIRST,2026-03-25T13:50:00Z,2026-03-25T14:14:00Z,FAVORABLE_FIRST,2026-03-25T13:50:00Z,2026-03-25T14:14:00Z,FAVORABLE_FIRST,2026-03-25T13:50:00Z,2026-03-25T14:14:00Z,FAVORABLE_FIRST,2026-03-25T13:54:00Z,2026-03-25T14:14:00Z,FAVORABLE_FIRST,2026-03-25T13:50:00Z,2026-03-25T14:14:00Z,FAVORABLE_FIRST,2026-03-25T13:50:00Z,2026-03-25T14:14:00Z,FAVORABLE_FIRST,2026-03-25T13:54:00Z,2026-03-25T14:14:00Z,FAVORABLE_FIRST,2026-03-25T14:00:00Z,2026-03-25T14:14:00Z,FAVORABLE_FIRST,2026-03-25T14:00:00Z,2026-03-25T14:14:00Z,ADVERSE_FIRST,2026-03-25T13:59:00Z,2026-03-25T13:55:00Z,ADVERSE_FIRST,2026-03-25T14:00:00Z,2026-03-25T13:55:00Z,ADVERSE_FIRST,2026-03-25T14:00:00Z,2026-03-25T13:55:00Z,ADVERSE_FIRST,2026-03-25T14:00:00Z,2026-03-25T13:55:00Z,ADVERSE_FIRST,2026-03-25T14:00:00Z,2026-03-25T13:55:00Z,ADVERSE_FIRST,2026-03-25T14:00:00Z,2026-03-25T13:55:00Z,ADVERSE_FIRST,2026-03-25T14:00:00Z,2026-03-25T13:55:00Z,ADVERSE_FIRST,2026-03-25T15:16:00Z,2026-03-25T13:55:00Z,ADVERSE_FIRST,2026-03-25T15:17:00Z,2026-03-25T13:55:00Z
SPY:2026-03-25:SHORT:2026-03-25T14:35:00+00:00:v1,2026-03-25,SHORT,658.230000000000,658.440000000000,-0.210000000000,2026-03-25T14:40:00Z,2026-03-25T14:45:00Z,5,BETTER,3.990000000000,4.200000000000,1.150000000000,0.940000000000,1.490000000000,1.700000000000,-0.210000000000,0.210000000000,True,10,5,AVAILABLE,AVAILABLE,2026-03-25T14:40:00Z,2026-03-25T14:45:00Z,FAVORABLE_FIRST,2026-03-25T14:40:00Z,2026-03-25T14:41:00Z,ADVERSE_FIRST,2026-03-25T15:07:00Z,2026-03-25T14:41:00Z,ADVERSE_FIRST,2026-03-25T15:09:00Z,2026-03-25T14:41:00Z,ADVERSE_FIRST,2026-03-25T15:09:00Z,2026-03-25T14:41:00Z,ADVERSE_FIRST,2026-03-25T15:07:00Z,2026-03-25T14:41:00Z,ADVERSE_FIRST,2026-03-25T15:09:00Z,2026-03-25T14:41:00Z,ADVERSE_FIRST,2026-03-25T15:09:00Z,2026-03-25T14:41:00Z,ADVERSE_FIRST,2026-03-25T15:12:00Z,2026-03-25T14:41:00Z,ADVERSE_FIRST,2026-03-25T15:16:00Z,2026-03-25T14:41:00Z,ADVERSE_FIRST,2026-03-25T15:06:00Z,2026-03-25T14:45:00Z,ADVERSE_FIRST,2026-03-25T15:07:00Z,2026-03-25T14:45:00Z,ADVERSE_FIRST,2026-03-25T15:07:00Z,2026-03-25T14:45:00Z,ADVERSE_FIRST,2026-03-25T15:09:00Z,2026-03-25T14:45:00Z,ADVERSE_FIRST,2026-03-25T15:07:00Z,2026-03-25T14:47:00Z,ADVERSE_FIRST,2026-03-25T15:07:00Z,2026-03-25T14:47:00Z,ADVERSE_FIRST,2026-03-25T15:09:00Z,2026-03-25T14:47:00Z,ADVERSE_FIRST,2026-03-25T15:12:00Z,2026-03-25T14:47:00Z,ADVERSE_FIRST,2026-03-25T15:15:00Z,2026-03-25T14:47:00Z
SPY:2026-03-25:SHORT:2026-03-25T15:05:00+00:00:v1,2026-03-25,SHORT,657.250000000000,656.560000000000,0.690000000000,2026-03-25T15:10:00Z,2026-03-25T15:15:00Z,5,WORSE,3.010000000000,2.320000000000,2.130000000000,2.820000000000,0.510000000000,-0.180000000000,0.690000000000,-0.690000000000,True,150,145,AVAILABLE,AVAILABLE,2026-03-25T15:10:00Z,2026-03-25T15:15:00Z,ADVERSE_FIRST,2026-03-25T15:12:00Z,2026-03-25T15:10:00Z,ADVERSE_FIRST,2026-03-25T15:12:00Z,2026-03-25T15:10:00Z,ADVERSE_FIRST,2026-03-25T15:14:00Z,2026-03-25T15:10:00Z,ADVERSE_FIRST,2026-03-25T15:16:00Z,2026-03-25T15:10:00Z,ADVERSE_FIRST,2026-03-25T15:12:00Z,2026-03-25T15:11:00Z,ADVERSE_FIRST,2026-03-25T15:14:00Z,2026-03-25T15:11:00Z,ADVERSE_FIRST,2026-03-25T15:16:00Z,2026-03-25T15:11:00Z,ADVERSE_FIRST,2026-03-25T15:16:00Z,2026-03-25T15:11:00Z,ADVERSE_FIRST,2026-03-25T15:16:00Z,2026-03-25T15:11:00Z,ADVERSE_FIRST,2026-03-25T15:16:00Z,2026-03-25T15:15:00Z,ADVERSE_FIRST,2026-03-25T15:16:00Z,2026-03-25T15:15:00Z,ADVERSE_FIRST,2026-03-25T15:16:00Z,2026-03-25T15:15:00Z,ADVERSE_FIRST,2026-03-25T15:16:00Z,2026-03-25T15:15:00Z,FAVORABLE_FIRST,2026-03-25T15:16:00Z,2026-03-25T15:24:00Z,FAVORABLE_FIRST,2026-03-25T15:16:00Z,2026-03-25T15:24:00Z,FAVORABLE_FIRST,2026-03-25T15:16:00Z,2026-03-25T15:24:00Z,FAVORABLE_FIRST,2026-03-25T15:16:00Z,2026-03-25T15:24:00Z,FAVORABLE_FIRST,2026-03-25T15:17:00Z,2026-03-25T15:24:00Z
SPY:2026-03-25:SHORT:2026-03-25T17:45:00+00:00:v1,2026-03-25,SHORT,658.100000000000,657.490000000000,0.610000000000,2026-03-25T17:50:00Z,2026-03-25T17:55:00Z,5,WORSE,2.520000000000,1.910000000000,0.690000000000,1.300000000000,1.360000000000,0.750000000000,0.610000000000,-0.610000000000,True,,,AVAILABLE,AVAILABLE,2026-03-25T17:50:00Z,2026-03-25T17:55:00Z,AMBIGUOUS_SAME_BAR,2026-03-25T17:52:00Z,2026-03-25T17:52:00Z,ADVERSE_FIRST,2026-03-25T17:53:00Z,2026-03-25T17:52:00Z,ADVERSE_FIRST,2026-03-25T17:53:00Z,2026-03-25T17:52:00Z,ADVERSE_FIRST,2026-03-25T18:43:00Z,2026-03-25T17:52:00Z,ADVERSE_FIRST,2026-03-25T17:53:00Z,2026-03-25T17:52:00Z,ADVERSE_FIRST,2026-03-25T17:53:00Z,2026-03-25T17:52:00Z,ADVERSE_FIRST,2026-03-25T18:43:00Z,2026-03-25T17:52:00Z,ADVERSE_FIRST,2026-03-25T18:55:00Z,2026-03-25T17:52:00Z,ADVERSE_FIRST,2026-03-25T18:55:00Z,2026-03-25T17:52:00Z,ADVERSE_FIRST,2026-03-25T18:40:00Z,2026-03-25T17:56:00Z,ADVERSE_FIRST,2026-03-25T18:50:00Z,2026-03-25T17:56:00Z,ADVERSE_FIRST,2026-03-25T18:55:00Z,2026-03-25T17:56:00Z,ADVERSE_FIRST,2026-03-25T18:55:00Z,2026-03-25T17:56:00Z,ADVERSE_FIRST,2026-03-25T18:50:00Z,2026-03-25T17:56:00Z,ADVERSE_FIRST,2026-03-25T18:55:00Z,2026-03-25T17:56:00Z,ADVERSE_FIRST,2026-03-25T18:55:00Z,2026-03-25T17:56:00Z,ADVERSE_FIRST,2026-03-25T18:55:00Z,2026-03-25T17:56:00Z,ADVERSE_FIRST,,2026-03-25T17:56:00Z
SPY:2026-03-26:LONG:2026-03-26T13:43:00+00:00:v1,2026-03-26,LONG,653.020000000000,653.410000000000,0.390000000000,2026-03-26T13:45:00Z,2026-03-26T13:50:00Z,5,WORSE,1.830000000000,1.440000000000,8.200000000000,8.590000000000,-7.925000000000,-8.315000000000,0.390000000000,-0.390000000000,True,70,65,AVAILABLE,AVAILABLE,2026-03-26T13:45:00Z,2026-03-26T13:50:00Z,FAVORABLE_FIRST,2026-03-26T13:45:00Z,2026-03-26T14:43:00Z,FAVORABLE_FIRST,2026-03-26T13:45:00Z,2026-03-26T14:43:00Z,FAVORABLE_FIRST,2026-03-26T13:47:00Z,2026-03-26T14:43:00Z,FAVORABLE_FIRST,2026-03-26T13:47:00Z,2026-03-26T14:43:00Z,FAVORABLE_FIRST,2026-03-26T13:45:00Z,2026-03-26T14:43:00Z,FAVORABLE_FIRST,2026-03-26T13:47:00Z,2026-03-26T14:43:00Z,FAVORABLE_FIRST,2026-03-26T13:47:00Z,2026-03-26T14:43:00Z,FAVORABLE_FIRST,2026-03-26T13:53:00Z,2026-03-26T14:43:00Z,ADVERSE_FIRST,,2026-03-26T14:43:00Z,FAVORABLE_FIRST,2026-03-26T13:51:00Z,2026-03-26T13:58:00Z,FAVORABLE_FIRST,2026-03-26T13:51:00Z,2026-03-26T13:58:00Z,FAVORABLE_FIRST,2026-03-26T13:52:00Z,2026-03-26T13:58:00Z,FAVORABLE_FIRST,2026-03-26T13:52:00Z,2026-03-26T13:58:00Z,FAVORABLE_FIRST,2026-03-26T13:51:00Z,2026-03-26T13:58:00Z,FAVORABLE_FIRST,2026-03-26T13:52:00Z,2026-03-26T13:58:00Z,FAVORABLE_FIRST,2026-03-26T13:52:00Z,2026-03-26T13:58:00Z,ADVERSE_FIRST,,2026-03-26T13:58:00Z,ADVERSE_FIRST,,2026-03-26T13:58:00Z
SPY:2026-03-26:LONG:2026-03-26T15:05:00+00:00:v1,2026-03-26,LONG,652.230000000000,652.260000000000,0.030000000000,2026-03-26T15:10:00Z,2026-03-26T15:15:00Z,5,WORSE,0.550000000000,0.180000000000,7.410000000000,7.440000000000,-7.135000000000,-7.165000000000,0.370000000000,-0.030000000000,True,10,5,AVAILABLE,AVAILABLE,2026-03-26T15:10:00Z,2026-03-26T15:15:00Z,FAVORABLE_FIRST,2026-03-26T15:11:00Z,2026-03-26T15:16:00Z,FAVORABLE_FIRST,2026-03-26T15:12:00Z,2026-03-26T15:16:00Z,ADVERSE_FIRST,,2026-03-26T15:16:00Z,ADVERSE_FIRST,,2026-03-26T15:16:00Z,FAVORABLE_FIRST,2026-03-26T15:12:00Z,2026-03-26T15:16:00Z,ADVERSE_FIRST,,2026-03-26T15:16:00Z,ADVERSE_FIRST,,2026-03-26T15:16:00Z,ADVERSE_FIRST,,2026-03-26T15:16:00Z,ADVERSE_FIRST,,2026-03-26T15:16:00Z,ADVERSE_FIRST,,2026-03-26T15:16:00Z,ADVERSE_FIRST,,2026-03-26T15:16:00Z,ADVERSE_FIRST,,2026-03-26T15:16:00Z,ADVERSE_FIRST,,2026-03-26T15:16:00Z,ADVERSE_FIRST,,2026-03-26T15:16:00Z,ADVERSE_FIRST,,2026-03-26T15:16:00Z,ADVERSE_FIRST,,2026-03-26T15:16:00Z,ADVERSE_FIRST,,2026-03-26T15:16:00Z,ADVERSE_FIRST,,2026-03-26T15:16:00Z
SPY:2026-03-26:SHORT:2026-03-26T16:16:00+00:00:v1,2026-03-26,SHORT,650.830000000000,650.360000000000,0.470000000000,2026-03-26T16:20:00Z,2026-03-26T16:25:00Z,5,WORSE,6.010000000000,5.540000000000,0.010000000000,0.070000000000,5.735000000000,5.265000000000,0.470000000000,-0.060000000000,True,,,AVAILABLE,AVAILABLE,2026-03-26T16:20:00Z,2026-03-26T16:25:00Z,FAVORABLE_FIRST,2026-03-26T16:20:00Z,,FAVORABLE_FIRST,2026-03-26T16:21:00Z,,FAVORABLE_FIRST,2026-03-26T16:22:00Z,,FAVORABLE_FIRST,2026-03-26T16:23:00Z,,FAVORABLE_FIRST,2026-03-26T16:21:00Z,,FAVORABLE_FIRST,2026-03-26T16:22:00Z,,FAVORABLE_FIRST,2026-03-26T16:23:00Z,,FAVORABLE_FIRST,2026-03-26T16:28:00Z,,FAVORABLE_FIRST,2026-03-26T17:20:00Z,,FAVORABLE_FIRST,2026-03-26T16:25:00Z,,FAVORABLE_FIRST,2026-03-26T16:25:00Z,,FAVORABLE_FIRST,2026-03-26T16:26:00Z,,FAVORABLE_FIRST,2026-03-26T16:28:00Z,,FAVORABLE_FIRST,2026-03-26T16:25:00Z,,FAVORABLE_FIRST,2026-03-26T16:26:00Z,,FAVORABLE_FIRST,2026-03-26T16:28:00Z,,FAVORABLE_FIRST,2026-03-26T17:20:00Z,,FAVORABLE_FIRST,2026-03-26T17:22:00Z,
SPY:2026-03-27:SHORT:2026-03-27T13:52:00+00:00:v1,2026-03-27,SHORT,640.010000000000,639.030000000000,0.980000000000,2026-03-27T13:55:00Z,2026-03-27T14:00:00Z,5,WORSE,6.905000000000,5.925000000000,2.130000000000,3.110000000000,5.930000000000,4.950000000000,0.980000000000,-0.980000000000,True,25,20,AVAILABLE,AVAILABLE,2026-03-27T13:55:00Z,2026-03-27T14:00:00Z,FAVORABLE_FIRST,2026-03-27T13:55:00Z,2026-03-27T14:16:00Z,FAVORABLE_FIRST,2026-03-27T13:55:00Z,2026-03-27T14:16:00Z,FAVORABLE_FIRST,2026-03-27T13:56:00Z,2026-03-27T14:16:00Z,FAVORABLE_FIRST,2026-03-27T13:56:00Z,2026-03-27T14:16:00Z,FAVORABLE_FIRST,2026-03-27T13:55:00Z,2026-03-27T14:16:00Z,FAVORABLE_FIRST,2026-03-27T13:56:00Z,2026-03-27T14:16:00Z,FAVORABLE_FIRST,2026-03-27T13:56:00Z,2026-03-27T14:16:00Z,ADVERSE_FIRST,2026-03-27T14:46:00Z,2026-03-27T14:16:00Z,ADVERSE_FIRST,2026-03-27T17:17:00Z,2026-03-27T14:16:00Z,AMBIGUOUS_SAME_BAR,2026-03-27T14:00:00Z,2026-03-27T14:00:00Z,ADVERSE_FIRST,2026-03-27T14:46:00Z,2026-03-27T14:00:00Z,ADVERSE_FIRST,2026-03-27T16:37:00Z,2026-03-27T14:00:00Z,ADVERSE_FIRST,2026-03-27T17:17:00Z,2026-03-27T14:00:00Z,ADVERSE_FIRST,2026-03-27T14:46:00Z,2026-03-27T14:00:00Z,ADVERSE_FIRST,2026-03-27T16:37:00Z,2026-03-27T14:00:00Z,ADVERSE_FIRST,2026-03-27T17:17:00Z,2026-03-27T14:00:00Z,ADVERSE_FIRST,2026-03-27T17:20:00Z,2026-03-27T14:00:00Z,ADVERSE_FIRST,2026-03-27T17:27:00Z,2026-03-27T14:00:00Z
SPY:2026-03-27:SHORT:2026-03-27T14:21:00+00:00:v1,2026-03-27,SHORT,639.800000000000,639.100000000000,0.700000000000,2026-03-27T14:25:00Z,2026-03-27T14:30:00Z,5,WORSE,6.695000000000,5.995000000000,2.340000000000,3.040000000000,5.720000000000,5.020000000000,0.700000000000,-0.700000000000,True,40,35,AVAILABLE,AVAILABLE,2026-03-27T14:25:00Z,2026-03-27T14:30:00Z,ADVERSE_FIRST,2026-03-27T14:26:00Z,2026-03-27T14:25:00Z,ADVERSE_FIRST,2026-03-27T14:27:00Z,2026-03-27T14:25:00Z,ADVERSE_FIRST,2026-03-27T14:30:00Z,2026-03-27T14:25:00Z,ADVERSE_FIRST,2026-03-27T14:38:00Z,2026-03-27T14:25:00Z,ADVERSE_FIRST,2026-03-27T14:27:00Z,2026-03-27T14:25:00Z,ADVERSE_FIRST,2026-03-27T14:30:00Z,2026-03-27T14:25:00Z,ADVERSE_FIRST,2026-03-27T14:38:00Z,2026-03-27T14:25:00Z,ADVERSE_FIRST,2026-03-27T14:46:00Z,2026-03-27T14:25:00Z,ADVERSE_FIRST,2026-03-27T17:17:00Z,2026-03-27T14:25:00Z,ADVERSE_FIRST,2026-03-27T14:38:00Z,2026-03-27T14:30:00Z,ADVERSE_FIRST,2026-03-27T14:46:00Z,2026-03-27T14:30:00Z,ADVERSE_FIRST,2026-03-27T14:46:00Z,2026-03-27T14:30:00Z,ADVERSE_FIRST,2026-03-27T16:40:00Z,2026-03-27T14:30:00Z,ADVERSE_FIRST,2026-03-27T14:46:00Z,2026-03-27T14:30:00Z,ADVERSE_FIRST,2026-03-27T14:46:00Z,2026-03-27T14:30:00Z,ADVERSE_FIRST,2026-03-27T16:40:00Z,2026-03-27T14:30:00Z,ADVERSE_FIRST,2026-03-27T17:20:00Z,2026-03-27T14:30:00Z,ADVERSE_FIRST,2026-03-27T17:26:00Z,2026-03-27T14:30:00Z
SPY:2026-03-27:SHORT:2026-03-27T15:07:00+00:00:v1,2026-03-27,SHORT,640.170000000000,639.770000000000,0.400000000000,2026-03-27T15:10:00Z,2026-03-27T15:15:00Z,5,WORSE,7.065000000000,6.665000000000,1.970000000000,2.370000000000,6.090000000000,5.690000000000,0.400000000000,-0.400000000000,True,20,15,AVAILABLE,AVAILABLE,2026-03-27T15:10:00Z,2026-03-27T15:15:00Z,FAVORABLE_FIRST,2026-03-27T15:11:00Z,2026-03-27T15:23:00Z,FAVORABLE_FIRST,2026-03-27T15:12:00Z,2026-03-27T15:23:00Z,FAVORABLE_FIRST,2026-03-27T15:17:00Z,2026-03-27T15:23:00Z,FAVORABLE_FIRST,2026-03-27T15:17:00Z,2026-03-27T15:23:00Z,FAVORABLE_FIRST,2026-03-27T15:12:00Z,2026-03-27T15:23:00Z,FAVORABLE_FIRST,2026-03-27T15:17:00Z,2026-03-27T15:23:00Z,FAVORABLE_FIRST,2026-03-27T15:17:00Z,2026-03-27T15:23:00Z,ADVERSE_FIRST,2026-03-27T16:26:00Z,2026-03-27T15:23:00Z,ADVERSE_FIRST,2026-03-27T16:40:00Z,2026-03-27T15:23:00Z,FAVORABLE_FIRST,2026-03-27T15:15:00Z,2026-03-27T15:23:00Z,FAVORABLE_FIRST,2026-03-27T15:17:00Z,2026-03-27T15:23:00Z,FAVORABLE_FIRST,2026-03-27T15:20:00Z,2026-03-27T15:23:00Z,ADVERSE_FIRST,2026-03-27T16:25:00Z,2026-03-27T15:23:00Z,FAVORABLE_FIRST,2026-03-27T15:17:00Z,2026-03-27T15:23:00Z,FAVORABLE_FIRST,2026-03-27T15:20:00Z,2026-03-27T15:23:00Z,ADVERSE_FIRST,2026-03-27T16:25:00Z,2026-03-27T15:23:00Z,ADVERSE_FIRST,2026-03-27T16:37:00Z,2026-03-27T15:23:00Z,ADVERSE_FIRST,2026-03-27T17:19:00Z,2026-03-27T15:23:00Z
SPY:2026-03-27:SHORT:2026-03-27T15:57:00+00:00:v1,2026-03-27,SHORT,640.300000000000,639.980000000000,0.320000000000,2026-03-27T16:00:00Z,2026-03-27T16:05:00Z,5,WORSE,7.195000000000,6.875000000000,0.130000000000,0.079900000000,6.220000000000,5.900000000000,0.320000000000,0.050100000000,True,,,AVAILABLE,AVAILABLE,2026-03-27T16:00:00Z,2026-03-27T16:05:00Z,FAVORABLE_FIRST,2026-03-27T16:00:00Z,,FAVORABLE_FIRST,2026-03-27T16:01:00Z,,FAVORABLE_FIRST,2026-03-27T16:07:00Z,,FAVORABLE_FIRST,2026-03-27T16:08:00Z,,FAVORABLE_FIRST,2026-03-27T16:01:00Z,,FAVORABLE_FIRST,2026-03-27T16:07:00Z,,FAVORABLE_FIRST,2026-03-27T16:08:00Z,,FAVORABLE_FIRST,2026-03-27T16:25:00Z,,FAVORABLE_FIRST,2026-03-27T16:37:00Z,,FAVORABLE_FIRST,2026-03-27T16:06:00Z,,FAVORABLE_FIRST,2026-03-27T16:07:00Z,,FAVORABLE_FIRST,2026-03-27T16:08:00Z,,FAVORABLE_FIRST,2026-03-27T16:11:00Z,,FAVORABLE_FIRST,2026-03-27T16:07:00Z,,FAVORABLE_FIRST,2026-03-27T16:08:00Z,,FAVORABLE_FIRST,2026-03-27T16:11:00Z,,FAVORABLE_FIRST,2026-03-27T16:37:00Z,,FAVORABLE_FIRST,2026-03-27T17:17:00Z,
SPY:2026-03-30:SHORT:2026-03-30T13:35:00+00:00:v1,2026-03-30,SHORT,637.910000000000,637.160000000000,0.750000000000,2026-03-30T13:40:00Z,2026-03-30T13:45:00Z,5,WORSE,8.630000000000,7.880000000000,0.890000000000,1.640000000000,5.890000000000,5.140000000000,0.750000000000,-0.750000000000,True,,,AVAILABLE,AVAILABLE,2026-03-30T13:40:00Z,2026-03-30T13:45:00Z,FAVORABLE_FIRST,2026-03-30T13:40:00Z,2026-03-30T15:01:00Z,FAVORABLE_FIRST,2026-03-30T13:40:00Z,2026-03-30T15:01:00Z,FAVORABLE_FIRST,2026-03-30T13:40:00Z,2026-03-30T15:01:00Z,FAVORABLE_FIRST,2026-03-30T13:41:00Z,2026-03-30T15:01:00Z,FAVORABLE_FIRST,2026-03-30T13:40:00Z,2026-03-30T15:02:00Z,FAVORABLE_FIRST,2026-03-30T13:40:00Z,2026-03-30T15:02:00Z,FAVORABLE_FIRST,2026-03-30T13:41:00Z,2026-03-30T15:02:00Z,FAVORABLE_FIRST,2026-03-30T13:46:00Z,2026-03-30T15:02:00Z,FAVORABLE_FIRST,2026-03-30T13:50:00Z,2026-03-30T15:02:00Z,AMBIGUOUS_SAME_BAR,2026-03-30T13:45:00Z,2026-03-30T13:45:00Z,ADVERSE_FIRST,2026-03-30T13:46:00Z,2026-03-30T13:45:00Z,ADVERSE_FIRST,2026-03-30T13:46:00Z,2026-03-30T13:45:00Z,ADVERSE_FIRST,2026-03-30T13:48:00Z,2026-03-30T13:45:00Z,ADVERSE_FIRST,2026-03-30T13:46:00Z,2026-03-30T13:45:00Z,ADVERSE_FIRST,2026-03-30T13:46:00Z,2026-03-30T13:45:00Z,ADVERSE_FIRST,2026-03-30T13:48:00Z,2026-03-30T13:45:00Z,ADVERSE_FIRST,2026-03-30T13:55:00Z,2026-03-30T13:45:00Z,ADVERSE_FIRST,2026-03-30T13:56:00Z,2026-03-30T13:45:00Z
SPY:2026-03-31:LONG:2026-03-31T13:45:00+00:00:v1,2026-03-31,LONG,641.830000000000,642.310000000000,0.480000000000,2026-03-31T13:50:00Z,2026-03-31T13:55:00Z,5,WORSE,9.710000000000,9.230000000000,3.850000000000,4.330000000000,8.405000000000,7.925000000000,0.480000000000,-0.480000000000,True,60,55,AVAILABLE,AVAILABLE,2026-03-31T13:50:00Z,2026-03-31T13:55:00Z,ADVERSE_FIRST,2026-03-31T13:53:00Z,2026-03-31T13:50:00Z,ADVERSE_FIRST,2026-03-31T13:54:00Z,2026-03-31T13:50:00Z,ADVERSE_FIRST,2026-03-31T13:59:00Z,2026-03-31T13:50:00Z,ADVERSE_FIRST,2026-03-31T14:00:00Z,2026-03-31T13:50:00Z,ADVERSE_FIRST,2026-03-31T13:54:00Z,2026-03-31T13:50:00Z,ADVERSE_FIRST,2026-03-31T13:59:00Z,2026-03-31T13:50:00Z,ADVERSE_FIRST,2026-03-31T14:00:00Z,2026-03-31T13:50:00Z,ADVERSE_FIRST,2026-03-31T16:38:00Z,2026-03-31T13:50:00Z,ADVERSE_FIRST,2026-03-31T16:39:00Z,2026-03-31T13:50:00Z,FAVORABLE_FIRST,2026-03-31T13:55:00Z,2026-03-31T13:56:00Z,ADVERSE_FIRST,2026-03-31T14:00:00Z,2026-03-31T13:56:00Z,ADVERSE_FIRST,2026-03-31T16:38:00Z,2026-03-31T13:56:00Z,ADVERSE_FIRST,2026-03-31T16:38:00Z,2026-03-31T13:56:00Z,ADVERSE_FIRST,2026-03-31T14:00:00Z,2026-03-31T13:56:00Z,ADVERSE_FIRST,2026-03-31T16:38:00Z,2026-03-31T13:56:00Z,ADVERSE_FIRST,2026-03-31T16:38:00Z,2026-03-31T13:56:00Z,ADVERSE_FIRST,2026-03-31T16:39:00Z,2026-03-31T13:56:00Z,ADVERSE_FIRST,2026-03-31T16:39:00Z,2026-03-31T13:56:00Z
SPY:2026-03-31:LONG:2026-03-31T15:02:00+00:00:v1,2026-03-31,LONG,639.960000000000,640.570000000000,0.610000000000,2026-03-31T15:05:00Z,2026-03-31T15:10:00Z,5,WORSE,11.580000000000,10.970000000000,0.440000000000,1.050000000000,10.275000000000,9.665000000000,0.610000000000,-0.610000000000,True,,,AVAILABLE,AVAILABLE,2026-03-31T15:05:00Z,2026-03-31T15:10:00Z,FAVORABLE_FIRST,2026-03-31T15:05:00Z,2026-03-31T15:59:00Z,FAVORABLE_FIRST,2026-03-31T15:06:00Z,2026-03-31T15:59:00Z,FAVORABLE_FIRST,2026-03-31T15:06:00Z,2026-03-31T15:59:00Z,FAVORABLE_FIRST,2026-03-31T15:06:00Z,2026-03-31T15:59:00Z,FAVORABLE_FIRST,2026-03-31T15:06:00Z,2026-03-31T16:00:00Z,FAVORABLE_FIRST,2026-03-31T15:06:00Z,2026-03-31T16:00:00Z,FAVORABLE_FIRST,2026-03-31T15:06:00Z,2026-03-31T16:00:00Z,FAVORABLE_FIRST,2026-03-31T15:13:00Z,2026-03-31T16:00:00Z,FAVORABLE_FIRST,2026-03-31T15:14:00Z,2026-03-31T16:00:00Z,FAVORABLE_FIRST,2026-03-31T15:11:00Z,2026-03-31T15:30:00Z,FAVORABLE_FIRST,2026-03-31T15:11:00Z,2026-03-31T15:30:00Z,FAVORABLE_FIRST,2026-03-31T15:13:00Z,2026-03-31T15:30:00Z,FAVORABLE_FIRST,2026-03-31T15:13:00Z,2026-03-31T15:30:00Z,FAVORABLE_FIRST,2026-03-31T15:11:00Z,2026-03-31T15:31:00Z,FAVORABLE_FIRST,2026-03-31T15:13:00Z,2026-03-31T15:31:00Z,FAVORABLE_FIRST,2026-03-31T15:13:00Z,2026-03-31T15:31:00Z,FAVORABLE_FIRST,2026-03-31T15:15:00Z,2026-03-31T15:31:00Z,ADVERSE_FIRST,2026-03-31T16:25:00Z,2026-03-31T15:31:00Z
SPY:2026-04-01:LONG:2026-04-01T14:39:00+00:00:v1,2026-04-01,LONG,655.490000000000,655.640000000000,0.150000000000,2026-04-01T14:40:00Z,2026-04-01T14:45:00Z,5,WORSE,3.030000000000,2.880000000000,1.823000000000,1.973000000000,-0.320000000000,-0.470000000000,0.150000000000,-0.150000000000,True,220,215,AVAILABLE,AVAILABLE,2026-04-01T14:40:00Z,2026-04-01T14:45:00Z,ADVERSE_FIRST,2026-04-01T14:42:00Z,2026-04-01T14:40:00Z,ADVERSE_FIRST,2026-04-01T14:43:00Z,2026-04-01T14:40:00Z,ADVERSE_FIRST,2026-04-01T14:49:00Z,2026-04-01T14:40:00Z,ADVERSE_FIRST,2026-04-01T14:53:00Z,2026-04-01T14:40:00Z,ADVERSE_FIRST,2026-04-01T14:43:00Z,2026-04-01T14:40:00Z,ADVERSE_FIRST,2026-04-01T14:49:00Z,2026-04-01T14:40:00Z,ADVERSE_FIRST,2026-04-01T14:53:00Z,2026-04-01T14:40:00Z,ADVERSE_FIRST,2026-04-01T15:07:00Z,2026-04-01T14:40:00Z,ADVERSE_FIRST,2026-04-01T15:53:00Z,2026-04-01T14:40:00Z,ADVERSE_FIRST,2026-04-01T14:49:00Z,2026-04-01T14:46:00Z,ADVERSE_FIRST,2026-04-01T14:49:00Z,2026-04-01T14:46:00Z,ADVERSE_FIRST,2026-04-01T14:52:00Z,2026-04-01T14:46:00Z,ADVERSE_FIRST,2026-04-01T14:53:00Z,2026-04-01T14:46:00Z,ADVERSE_FIRST,2026-04-01T14:49:00Z,2026-04-01T14:46:00Z,ADVERSE_FIRST,2026-04-01T14:52:00Z,2026-04-01T14:46:00Z,ADVERSE_FIRST,2026-04-01T14:53:00Z,2026-04-01T14:46:00Z,ADVERSE_FIRST,2026-04-01T15:36:00Z,2026-04-01T14:46:00Z,ADVERSE_FIRST,2026-04-01T15:55:00Z,2026-04-01T14:46:00Z
SPY:2026-04-01:LONG:2026-04-01T19:18:00+00:00:v1,2026-04-01,LONG,655.570000000000,655.695000000000,0.125000000000,2026-04-01T19:20:00Z,2026-04-01T19:25:00Z,5,WORSE,1.180000000000,1.055000000000,0.850000000000,0.975000000000,-0.400000000000,-0.525000000000,0.125000000000,-0.125000000000,True,35,30,AVAILABLE,AVAILABLE,2026-04-01T19:20:00Z,2026-04-01T19:25:00Z,ADVERSE_FIRST,2026-04-01T19:25:00Z,2026-04-01T19:21:00Z,ADVERSE_FIRST,2026-04-01T19:25:00Z,2026-04-01T19:21:00Z,ADVERSE_FIRST,2026-04-01T19:27:00Z,2026-04-01T19:21:00Z,ADVERSE_FIRST,2026-04-01T19:41:00Z,2026-04-01T19:21:00Z,FAVORABLE_FIRST,2026-04-01T19:25:00Z,2026-04-01T19:50:00Z,FAVORABLE_FIRST,2026-04-01T19:27:00Z,2026-04-01T19:50:00Z,FAVORABLE_FIRST,2026-04-01T19:41:00Z,2026-04-01T19:50:00Z,ADVERSE_FIRST,,2026-04-01T19:50:00Z,ADVERSE_FIRST,,2026-04-01T19:50:00Z,FAVORABLE_FIRST,2026-04-01T19:25:00Z,2026-04-01T19:50:00Z,FAVORABLE_FIRST,2026-04-01T19:26:00Z,2026-04-01T19:50:00Z,FAVORABLE_FIRST,2026-04-01T19:40:00Z,2026-04-01T19:50:00Z,FAVORABLE_FIRST,2026-04-01T19:41:00Z,2026-04-01T19:50:00Z,FAVORABLE_FIRST,2026-04-01T19:26:00Z,2026-04-01T19:50:00Z,FAVORABLE_FIRST,2026-04-01T19:40:00Z,2026-04-01T19:50:00Z,FAVORABLE_FIRST,2026-04-01T19:41:00Z,2026-04-01T19:50:00Z,ADVERSE_FIRST,,2026-04-01T19:50:00Z,ADVERSE_FIRST,,2026-04-01T19:50:00Z
SPY:2026-04-02:SHORT:2026-04-02T13:35:00+00:00:v1,2026-04-02,SHORT,645.350000000000,645.710000000000,-0.360000000000,2026-04-02T13:40:00Z,2026-04-02T13:45:00Z,5,BETTER,0.240000000000,0.280000000000,12.850000000000,12.490000000000,-10.530000000000,-10.170000000000,-0.040000000000,0.360000000000,True,10,5,AVAILABLE,AVAILABLE,2026-04-02T13:40:00Z,2026-04-02T13:45:00Z,ADVERSE_FIRST,,2026-04-02T13:40:00Z,ADVERSE_FIRST,,2026-04-02T13:40:00Z,ADVERSE_FIRST,,2026-04-02T13:40:00Z,ADVERSE_FIRST,,2026-04-02T13:40:00Z,ADVERSE_FIRST,,2026-04-02T13:40:00Z,ADVERSE_FIRST,,2026-04-02T13:40:00Z,ADVERSE_FIRST,,2026-04-02T13:40:00Z,ADVERSE_FIRST,,2026-04-02T13:40:00Z,ADVERSE_FIRST,,2026-04-02T13:40:00Z,AMBIGUOUS_SAME_BAR,2026-04-02T13:45:00Z,2026-04-02T13:45:00Z,ADVERSE_FIRST,,2026-04-02T13:45:00Z,ADVERSE_FIRST,,2026-04-02T13:45:00Z,ADVERSE_FIRST,,2026-04-02T13:45:00Z,ADVERSE_FIRST,,2026-04-02T13:45:00Z,ADVERSE_FIRST,,2026-04-02T13:45:00Z,ADVERSE_FIRST,,2026-04-02T13:45:00Z,ADVERSE_FIRST,,2026-04-02T13:45:00Z,ADVERSE_FIRST,,2026-04-02T13:45:00Z
SPY:2026-04-02:LONG:2026-04-02T13:51:00+00:00:v1,2026-04-02,LONG,648.630000000000,649.645000000000,1.015000000000,2026-04-02T13:55:00Z,2026-04-02T14:00:00Z,5,WORSE,9.570000000000,8.555000000000,0.290000000000,1.095000000000,7.250000000000,6.235000000000,1.015000000000,-0.805000000000,True,,,AVAILABLE,AVAILABLE,2026-04-02T13:55:00Z,2026-04-02T14:00:00Z,AMBIGUOUS_SAME_BAR,2026-04-02T13:57:00Z,2026-04-02T13:57:00Z,AMBIGUOUS_SAME_BAR,2026-04-02T13:57:00Z,2026-04-02T13:57:00Z,ADVERSE_FIRST,2026-04-02T13:58:00Z,2026-04-02T13:57:00Z,ADVERSE_FIRST,2026-04-02T13:59:00Z,2026-04-02T13:57:00Z,FAVORABLE_FIRST,2026-04-02T13:57:00Z,,FAVORABLE_FIRST,2026-04-02T13:58:00Z,,FAVORABLE_FIRST,2026-04-02T13:59:00Z,,FAVORABLE_FIRST,2026-04-02T14:06:00Z,,FAVORABLE_FIRST,2026-04-02T14:16:00Z,,FAVORABLE_FIRST,2026-04-02T14:00:00Z,2026-04-02T14:01:00Z,ADVERSE_FIRST,2026-04-02T14:06:00Z,2026-04-02T14:01:00Z,ADVERSE_FIRST,2026-04-02T14:08:00Z,2026-04-02T14:01:00Z,ADVERSE_FIRST,2026-04-02T14:16:00Z,2026-04-02T14:01:00Z,ADVERSE_FIRST,2026-04-02T14:06:00Z,2026-04-02T14:01:00Z,ADVERSE_FIRST,2026-04-02T14:08:00Z,2026-04-02T14:01:00Z,ADVERSE_FIRST,2026-04-02T14:16:00Z,2026-04-02T14:01:00Z,ADVERSE_FIRST,2026-04-02T14:32:00Z,2026-04-02T14:01:00Z,ADVERSE_FIRST,2026-04-02T14:33:00Z,2026-04-02T14:01:00Z
SPY:2026-04-06:LONG:2026-04-06T13:51:00+00:00:v1,2026-04-06,LONG,657.610000000000,657.930000000000,0.320000000000,2026-04-06T13:55:00Z,2026-04-06T14:00:00Z,5,WORSE,2.110000000000,1.790000000000,2.090000000000,2.410000000000,1.260000000000,0.940000000000,0.320000000000,-0.320000000000,True,10,5,AVAILABLE,AVAILABLE,2026-04-06T13:55:00Z,2026-04-06T14:00:00Z,ADVERSE_FIRST,2026-04-06T13:57:00Z,2026-04-06T13:55:00Z,ADVERSE_FIRST,2026-04-06T13:57:00Z,2026-04-06T13:55:00Z,ADVERSE_FIRST,2026-04-06T13:59:00Z,2026-04-06T13:55:00Z,ADVERSE_FIRST,2026-04-06T14:00:00Z,2026-04-06T13:55:00Z,ADVERSE_FIRST,2026-04-06T13:57:00Z,2026-04-06T13:55:00Z,ADVERSE_FIRST,2026-04-06T13:59:00Z,2026-04-06T13:55:00Z,ADVERSE_FIRST,2026-04-06T14:00:00Z,2026-04-06T13:55:00Z,ADVERSE_FIRST,2026-04-06T14:00:00Z,2026-04-06T13:55:00Z,ADVERSE_FIRST,2026-04-06T14:00:00Z,2026-04-06T13:55:00Z,AMBIGUOUS_SAME_BAR,2026-04-06T14:00:00Z,2026-04-06T14:00:00Z,AMBIGUOUS_SAME_BAR,2026-04-06T14:00:00Z,2026-04-06T14:00:00Z,AMBIGUOUS_SAME_BAR,2026-04-06T14:00:00Z,2026-04-06T14:00:00Z,AMBIGUOUS_SAME_BAR,2026-04-06T14:00:00Z,2026-04-06T14:00:00Z,AMBIGUOUS_SAME_BAR,2026-04-06T14:00:00Z,2026-04-06T14:00:00Z,AMBIGUOUS_SAME_BAR,2026-04-06T14:00:00Z,2026-04-06T14:00:00Z,AMBIGUOUS_SAME_BAR,2026-04-06T14:00:00Z,2026-04-06T14:00:00Z,AMBIGUOUS_SAME_BAR,2026-04-06T14:00:00Z,2026-04-06T14:00:00Z,ADVERSE_FIRST,,2026-04-06T14:00:00Z
SPY:2026-04-06:LONG:2026-04-06T14:11:00+00:00:v1,2026-04-06,LONG,658.080000000000,658.280000000000,0.200000000000,2026-04-06T14:15:00Z,2026-04-06T14:20:00Z,5,WORSE,0.980000000000,0.780000000000,2.560000000000,2.760000000000,0.790000000000,0.590000000000,0.200000000000,-0.200000000000,True,25,20,AVAILABLE,AVAILABLE,2026-04-06T14:15:00Z,2026-04-06T14:20:00Z,FAVORABLE_FIRST,2026-04-06T14:15:00Z,2026-04-06T14:17:00Z,ADVERSE_FIRST,2026-04-06T14:20:00Z,2026-04-06T14:17:00Z,ADVERSE_FIRST,2026-04-06T14:21:00Z,2026-04-06T14:17:00Z,ADVERSE_FIRST,,2026-04-06T14:17:00Z,ADVERSE_FIRST,2026-04-06T14:20:00Z,2026-04-06T14:18:00Z,ADVERSE_FIRST,2026-04-06T14:21:00Z,2026-04-06T14:18:00Z,ADVERSE_FIRST,,2026-04-06T14:18:00Z,ADVERSE_FIRST,,2026-04-06T14:18:00Z,ADVERSE_FIRST,,2026-04-06T14:18:00Z,FAVORABLE_FIRST,2026-04-06T14:20:00Z,2026-04-06T14:36:00Z,FAVORABLE_FIRST,2026-04-06T14:21:00Z,2026-04-06T14:36:00Z,FAVORABLE_FIRST,2026-04-06T14:32:00Z,2026-04-06T14:36:00Z,ADVERSE_FIRST,,2026-04-06T14:36:00Z,FAVORABLE_FIRST,2026-04-06T14:21:00Z,2026-04-06T14:37:00Z,FAVORABLE_FIRST,2026-04-06T14:32:00Z,2026-04-06T14:37:00Z,ADVERSE_FIRST,,2026-04-06T14:37:00Z,ADVERSE_FIRST,,2026-04-06T14:37:00Z,ADVERSE_FIRST,,2026-04-06T14:37:00Z
SPY:2026-04-06:LONG:2026-04-06T14:55:00+00:00:v1,2026-04-06,LONG,657.510000000000,657.540000000000,0.030000000000,2026-04-06T15:00:00Z,2026-04-06T15:05:00Z,5,WORSE,1.410000000000,1.380000000000,1.990000000000,2.020000000000,1.360000000000,1.330000000000,0.030000000000,-0.030000000000,True,20,15,AVAILABLE,AVAILABLE,2026-04-06T15:00:00Z,2026-04-06T15:05:00Z,FAVORABLE_FIRST,2026-04-06T15:01:00Z,2026-04-06T15:03:00Z,FAVORABLE_FIRST,2026-04-06T15:02:00Z,2026-04-06T15:03:00Z,ADVERSE_FIRST,2026-04-06T16:37:00Z,2026-04-06T15:03:00Z,ADVERSE_FIRST,2026-04-06T16:38:00Z,2026-04-06T15:03:00Z,FAVORABLE_FIRST,2026-04-06T15:02:00Z,2026-04-06T15:03:00Z,ADVERSE_FIRST,2026-04-06T16:37:00Z,2026-04-06T15:03:00Z,ADVERSE_FIRST,2026-04-06T16:38:00Z,2026-04-06T15:03:00Z,ADVERSE_FIRST,,2026-04-06T15:03:00Z,ADVERSE_FIRST,,2026-04-06T15:03:00Z,FAVORABLE_FIRST,2026-04-06T15:05:00Z,2026-04-06T15:06:00Z,ADVERSE_FIRST,2026-04-06T16:00:00Z,2026-04-06T15:06:00Z,ADVERSE_FIRST,2026-04-06T16:37:00Z,2026-04-06T15:06:00Z,ADVERSE_FIRST,2026-04-06T18:24:00Z,2026-04-06T15:06:00Z,ADVERSE_FIRST,2026-04-06T16:00:00Z,2026-04-06T15:06:00Z,ADVERSE_FIRST,2026-04-06T16:37:00Z,2026-04-06T15:06:00Z,ADVERSE_FIRST,2026-04-06T18:24:00Z,2026-04-06T15:06:00Z,ADVERSE_FIRST,,2026-04-06T15:06:00Z,ADVERSE_FIRST,,2026-04-06T15:06:00Z
SPY:2026-04-06:LONG:2026-04-06T15:47:00+00:00:v1,2026-04-06,LONG,657.470000000000,657.910000000000,0.440000000000,2026-04-06T15:50:00Z,2026-04-06T15:55:00Z,5,WORSE,1.450000000000,1.010000000000,1.950000000000,2.390000000000,1.400000000000,0.960000000000,0.440000000000,-0.440000000000,True,20,15,AVAILABLE,AVAILABLE,2026-04-06T15:50:00Z,2026-04-06T15:55:00Z,FAVORABLE_FIRST,2026-04-06T15:50:00Z,2026-04-06T16:10:00Z,FAVORABLE_FIRST,2026-04-06T15:53:00Z,2026-04-06T16:10:00Z,ADVERSE_FIRST,2026-04-06T16:37:00Z,2026-04-06T16:10:00Z,ADVERSE_FIRST,2026-04-06T16:38:00Z,2026-04-06T16:10:00Z,FAVORABLE_FIRST,2026-04-06T15:53:00Z,2026-04-06T16:54:00Z,FAVORABLE_FIRST,2026-04-06T16:37:00Z,2026-04-06T16:54:00Z,FAVORABLE_FIRST,2026-04-06T16:38:00Z,2026-04-06T16:54:00Z,ADVERSE_FIRST,,2026-04-06T16:54:00Z,ADVERSE_FIRST,,2026-04-06T16:54:00Z,ADVERSE_FIRST,2026-04-06T16:37:00Z,2026-04-06T15:56:00Z,ADVERSE_FIRST,2026-04-06T16:38:00Z,2026-04-06T15:56:00Z,ADVERSE_FIRST,2026-04-06T19:49:00Z,2026-04-06T15:56:00Z,ADVERSE_FIRST,2026-04-06T19:59:00Z,2026-04-06T15:56:00Z,ADVERSE_FIRST,2026-04-06T16:38:00Z,2026-04-06T15:56:00Z,ADVERSE_FIRST,2026-04-06T19:49:00Z,2026-04-06T15:56:00Z,ADVERSE_FIRST,2026-04-06T19:59:00Z,2026-04-06T15:56:00Z,ADVERSE_FIRST,,2026-04-06T15:56:00Z,ADVERSE_FIRST,,2026-04-06T15:56:00Z
SPY:2026-04-06:LONG:2026-04-06T16:11:00+00:00:v1,2026-04-06,LONG,657.650000000000,657.580000000000,-0.070000000000,2026-04-06T16:15:00Z,2026-04-06T16:20:00Z,5,BETTER,1.270000000000,1.340000000000,2.130000000000,2.060000000000,1.220000000000,1.290000000000,-0.070000000000,0.070000000000,True,50,45,AVAILABLE,AVAILABLE,2026-04-06T16:15:00Z,2026-04-06T16:20:00Z,FAVORABLE_FIRST,2026-04-06T16:21:00Z,2026-04-06T16:54:00Z,FAVORABLE_FIRST,2026-04-06T16:37:00Z,2026-04-06T16:54:00Z,FAVORABLE_FIRST,2026-04-06T16:38:00Z,2026-04-06T16:54:00Z,ADVERSE_FIRST,2026-04-06T18:24:00Z,2026-04-06T16:54:00Z,FAVORABLE_FIRST,2026-04-06T16:37:00Z,2026-04-06T16:54:00Z,FAVORABLE_FIRST,2026-04-06T16:38:00Z,2026-04-06T16:54:00Z,ADVERSE_FIRST,2026-04-06T18:24:00Z,2026-04-06T16:54:00Z,ADVERSE_FIRST,,2026-04-06T16:54:00Z,ADVERSE_FIRST,,2026-04-06T16:54:00Z,FAVORABLE_FIRST,2026-04-06T16:21:00Z,2026-04-06T16:54:00Z,FAVORABLE_FIRST,2026-04-06T16:35:00Z,2026-04-06T16:54:00Z,FAVORABLE_FIRST,2026-04-06T16:37:00Z,2026-04-06T16:54:00Z,ADVERSE_FIRST,2026-04-06T18:24:00Z,2026-04-06T16:54:00Z,FAVORABLE_FIRST,2026-04-06T16:35:00Z,2026-04-06T16:54:00Z,FAVORABLE_FIRST,2026-04-06T16:37:00Z,2026-04-06T16:54:00Z,ADVERSE_FIRST,2026-04-06T18:24:00Z,2026-04-06T16:54:00Z,ADVERSE_FIRST,,2026-04-06T16:54:00Z,ADVERSE_FIRST,,2026-04-06T16:54:00Z
SPY:2026-04-06:LONG:2026-04-06T18:15:00+00:00:v1,2026-04-06,LONG,657.960000000000,658.390000000000,0.430000000000,2026-04-06T18:20:00Z,2026-04-06T18:25:00Z,5,WORSE,0.960000000000,0.530000000000,0.230000000000,0.660000000000,0.910000000000,0.480000000000,0.430000000000,-0.430000000000,True,,,AVAILABLE,AVAILABLE,2026-04-06T18:20:00Z,2026-04-06T18:25:00Z,FAVORABLE_FIRST,2026-04-06T18:23:00Z,,FAVORABLE_FIRST,2026-04-06T18:24:00Z,,FAVORABLE_FIRST,2026-04-06T19:49:00Z,,NEITHER,,,FAVORABLE_FIRST,2026-04-06T18:24:00Z,,FAVORABLE_FIRST,2026-04-06T19:49:00Z,,NEITHER,,,NEITHER,,,NEITHER,,,ADVERSE_FIRST,2026-04-06T19:49:00Z,2026-04-06T18:25:00Z,ADVERSE_FIRST,2026-04-06T19:50:00Z,2026-04-06T18:25:00Z,ADVERSE_FIRST,,2026-04-06T18:25:00Z,ADVERSE_FIRST,,2026-04-06T18:25:00Z,ADVERSE_FIRST,2026-04-06T19:50:00Z,2026-04-06T18:25:00Z,ADVERSE_FIRST,,2026-04-06T18:25:00Z,ADVERSE_FIRST,,2026-04-06T18:25:00Z,ADVERSE_FIRST,,2026-04-06T18:25:00Z,ADVERSE_FIRST,,2026-04-06T18:25:00Z
SPY:2026-04-07:SHORT:2026-04-07T13:35:00+00:00:v1,2026-04-07,SHORT,655.190000000000,655.010000000000,0.180000000000,2026-04-07T13:40:00Z,2026-04-07T13:45:00Z,5,WORSE,4.130000000000,3.950000000000,4.420000000000,4.600000000000,-4.080000000000,-4.260000000000,0.180000000000,-0.180000000000,True,15,10,AVAILABLE,AVAILABLE,2026-04-07T13:40:00Z,2026-04-07T13:45:00Z,ADVERSE_FIRST,2026-04-07T13:41:00Z,2026-04-07T13:40:00Z,ADVERSE_FIRST,2026-04-07T13:45:00Z,2026-04-07T13:40:00Z,ADVERSE_FIRST,2026-04-07T13:47:00Z,2026-04-07T13:40:00Z,ADVERSE_FIRST,2026-04-07T13:48:00Z,2026-04-07T13:40:00Z,ADVERSE_FIRST,2026-04-07T13:45:00Z,2026-04-07T13:40:00Z,ADVERSE_FIRST,2026-04-07T13:47:00Z,2026-04-07T13:40:00Z,ADVERSE_FIRST,2026-04-07T13:48:00Z,2026-04-07T13:40:00Z,ADVERSE_FIRST,2026-04-07T14:00:00Z,2026-04-07T13:40:00Z,ADVERSE_FIRST,2026-04-07T14:05:00Z,2026-04-07T13:40:00Z,FAVORABLE_FIRST,2026-04-07T13:45:00Z,2026-04-07T13:53:00Z,FAVORABLE_FIRST,2026-04-07T13:47:00Z,2026-04-07T13:53:00Z,FAVORABLE_FIRST,2026-04-07T13:48:00Z,2026-04-07T13:53:00Z,ADVERSE_FIRST,2026-04-07T13:59:00Z,2026-04-07T13:53:00Z,FAVORABLE_FIRST,2026-04-07T13:47:00Z,2026-04-07T13:54:00Z,FAVORABLE_FIRST,2026-04-07T13:48:00Z,2026-04-07T13:54:00Z,ADVERSE_FIRST,2026-04-07T13:59:00Z,2026-04-07T13:54:00Z,ADVERSE_FIRST,2026-04-07T14:01:00Z,2026-04-07T13:54:00Z,ADVERSE_FIRST,2026-04-07T14:06:00Z,2026-04-07T13:54:00Z
SPY:2026-04-07:SHORT:2026-04-07T13:55:00+00:00:v1,2026-04-07,SHORT,654.070000000000,653.500000000000,0.570000000000,2026-04-07T14:00:00Z,2026-04-07T14:05:00Z,5,WORSE,3.010000000000,2.440000000000,5.540000000000,6.110000000000,-5.200000000000,-5.770000000000,0.570000000000,-0.570000000000,True,145,140,AVAILABLE,AVAILABLE,2026-04-07T14:00:00Z,2026-04-07T14:05:00Z,FAVORABLE_FIRST,2026-04-07T14:00:00Z,2026-04-07T14:21:00Z,FAVORABLE_FIRST,2026-04-07T14:00:00Z,2026-04-07T14:21:00Z,FAVORABLE_FIRST,2026-04-07T14:04:00Z,2026-04-07T14:21:00Z,FAVORABLE_FIRST,2026-04-07T14:06:00Z,2026-04-07T14:21:00Z,FAVORABLE_FIRST,2026-04-07T14:00:00Z,2026-04-07T14:21:00Z,FAVORABLE_FIRST,2026-04-07T14:04:00Z,2026-04-07T14:21:00Z,FAVORABLE_FIRST,2026-04-07T14:06:00Z,2026-04-07T14:21:00Z,FAVORABLE_FIRST,2026-04-07T14:06:00Z,2026-04-07T14:21:00Z,FAVORABLE_FIRST,2026-04-07T14:08:00Z,2026-04-07T14:21:00Z,FAVORABLE_FIRST,2026-04-07T14:05:00Z,2026-04-07T14:20:00Z,FAVORABLE_FIRST,2026-04-07T14:06:00Z,2026-04-07T14:20:00Z,FAVORABLE_FIRST,2026-04-07T14:06:00Z,2026-04-07T14:20:00Z,FAVORABLE_FIRST,2026-04-07T14:06:00Z,2026-04-07T14:20:00Z,FAVORABLE_FIRST,2026-04-07T14:06:00Z,2026-04-07T14:20:00Z,FAVORABLE_FIRST,2026-04-07T14:06:00Z,2026-04-07T14:20:00Z,FAVORABLE_FIRST,2026-04-07T14:06:00Z,2026-04-07T14:20:00Z,FAVORABLE_FIRST,2026-04-07T14:08:00Z,2026-04-07T14:20:00Z,ADVERSE_FIRST,2026-04-07T15:05:00Z,2026-04-07T14:20:00Z
SPY:2026-04-07:SHORT:2026-04-07T18:40:00+00:00:v1,2026-04-07,SHORT,655.470000000000,655.020000000000,0.450000000000,2026-04-07T18:45:00Z,2026-04-07T18:50:00Z,5,WORSE,2.057800000000,1.607800000000,4.140000000000,4.590000000000,-3.800000000000,-4.250000000000,0.450000000000,-0.450000000000,True,35,30,AVAILABLE,AVAILABLE,2026-04-07T18:45:00Z,2026-04-07T18:50:00Z,FAVORABLE_FIRST,2026-04-07T18:45:00Z,2026-04-07T19:18:00Z,FAVORABLE_FIRST,2026-04-07T18:45:00Z,2026-04-07T19:18:00Z,FAVORABLE_FIRST,2026-04-07T18:52:00Z,2026-04-07T19:18:00Z,FAVORABLE_FIRST,2026-04-07T18:53:00Z,2026-04-07T19:18:00Z,FAVORABLE_FIRST,2026-04-07T18:45:00Z,2026-04-07T19:18:00Z,FAVORABLE_FIRST,2026-04-07T18:52:00Z,2026-04-07T19:18:00Z,FAVORABLE_FIRST,2026-04-07T18:53:00Z,2026-04-07T19:18:00Z,FAVORABLE_FIRST,2026-04-07T18:55:00Z,2026-04-07T19:18:00Z,FAVORABLE_FIRST,2026-04-07T18:55:00Z,2026-04-07T19:18:00Z,FAVORABLE_FIRST,2026-04-07T18:52:00Z,2026-04-07T19:18:00Z,FAVORABLE_FIRST,2026-04-07T18:53:00Z,2026-04-07T19:18:00Z,FAVORABLE_FIRST,2026-04-07T18:54:00Z,2026-04-07T19:18:00Z,FAVORABLE_FIRST,2026-04-07T18:55:00Z,2026-04-07T19:18:00Z,FAVORABLE_FIRST,2026-04-07T18:53:00Z,2026-04-07T19:18:00Z,FAVORABLE_FIRST,2026-04-07T18:54:00Z,2026-04-07T19:18:00Z,FAVORABLE_FIRST,2026-04-07T18:55:00Z,2026-04-07T19:18:00Z,FAVORABLE_FIRST,2026-04-07T18:55:00Z,2026-04-07T19:18:00Z,ADVERSE_FIRST,,2026-04-07T19:18:00Z
SPY:2026-04-07:LONG:2026-04-07T19:45:00+00:00:v1,2026-04-07,LONG,657.730000000000,658.420000000000,0.690000000000,2026-04-07T19:50:00Z,2026-04-07T19:55:00Z,5,WORSE,1.880000000000,1.190000000000,0.030000000000,0.060000000000,1.540000000000,0.850000000000,0.690000000000,-0.030000000000,True,,,AVAILABLE,AVAILABLE,2026-04-07T19:50:00Z,2026-04-07T19:55:00Z,FAVORABLE_FIRST,2026-04-07T19:50:00Z,,FAVORABLE_FIRST,2026-04-07T19:50:00Z,,FAVORABLE_FIRST,2026-04-07T19:51:00Z,,FAVORABLE_FIRST,2026-04-07T19:52:00Z,,FAVORABLE_FIRST,2026-04-07T19:50:00Z,,FAVORABLE_FIRST,2026-04-07T19:51:00Z,,FAVORABLE_FIRST,2026-04-07T19:52:00Z,,FAVORABLE_FIRST,2026-04-07T19:59:00Z,,NEITHER,,,FAVORABLE_FIRST,2026-04-07T19:55:00Z,,FAVORABLE_FIRST,2026-04-07T19:59:00Z,,FAVORABLE_FIRST,2026-04-07T19:59:00Z,,FAVORABLE_FIRST,2026-04-07T19:59:00Z,,FAVORABLE_FIRST,2026-04-07T19:59:00Z,,FAVORABLE_FIRST,2026-04-07T19:59:00Z,,FAVORABLE_FIRST,2026-04-07T19:59:00Z,,NEITHER,,,NEITHER,,
SPY:2026-04-08:SHORT:2026-04-08T13:51:00+00:00:v1,2026-04-08,SHORT,674.090000000000,674.635000000000,-0.545000000000,2026-04-08T13:55:00Z,2026-04-08T14:00:00Z,5,BETTER,2.630000000000,3.175000000000,2.515000000000,1.970000000000,-1.780000000000,-1.235000000000,-0.545000000000,0.545000000000,True,130,125,AVAILABLE,AVAILABLE,2026-04-08T13:55:00Z,2026-04-08T14:00:00Z,ADVERSE_FIRST,2026-04-08T14:30:00Z,2026-04-08T13:55:00Z,ADVERSE_FIRST,2026-04-08T14:31:00Z,2026-04-08T13:55:00Z,ADVERSE_FIRST,2026-04-08T14:35:00Z,2026-04-08T13:55:00Z,ADVERSE_FIRST,2026-04-08T14:46:00Z,2026-04-08T13:55:00Z,ADVERSE_FIRST,2026-04-08T14:31:00Z,2026-04-08T13:55:00Z,ADVERSE_FIRST,2026-04-08T14:35:00Z,2026-04-08T13:55:00Z,ADVERSE_FIRST,2026-04-08T14:46:00Z,2026-04-08T13:55:00Z,ADVERSE_FIRST,2026-04-08T14:55:00Z,2026-04-08T13:55:00Z,ADVERSE_FIRST,2026-04-08T14:56:00Z,2026-04-08T13:55:00Z,ADVERSE_FIRST,2026-04-08T14:08:00Z,2026-04-08T14:00:00Z,ADVERSE_FIRST,2026-04-08T14:08:00Z,2026-04-08T14:00:00Z,ADVERSE_FIRST,2026-04-08T14:30:00Z,2026-04-08T14:00:00Z,ADVERSE_FIRST,2026-04-08T14:31:00Z,2026-04-08T14:00:00Z,ADVERSE_FIRST,2026-04-08T14:08:00Z,2026-04-08T14:00:00Z,ADVERSE_FIRST,2026-04-08T14:30:00Z,2026-04-08T14:00:00Z,ADVERSE_FIRST,2026-04-08T14:31:00Z,2026-04-08T14:00:00Z,ADVERSE_FIRST,2026-04-08T14:46:00Z,2026-04-08T14:00:00Z,ADVERSE_FIRST,2026-04-08T14:55:00Z,2026-04-08T14:00:00Z
SPY:2026-04-08:SHORT:2026-04-08T16:05:00+00:00:v1,2026-04-08,SHORT,675.205000000000,674.900000000000,0.305000000000,2026-04-08T16:10:00Z,2026-04-08T16:15:00Z,5,WORSE,2.425000000000,2.120000000000,1.400000000000,1.705000000000,-0.665000000000,-0.970000000000,0.305000000000,-0.305000000000,True,30,25,AVAILABLE,AVAILABLE,2026-04-08T16:10:00Z,2026-04-08T16:15:00Z,FAVORABLE_FIRST,2026-04-08T16:14:00Z,2026-04-08T16:37:00Z,FAVORABLE_FIRST,2026-04-08T16:17:00Z,2026-04-08T16:37:00Z,ADVERSE_FIRST,2026-04-08T18:19:00Z,2026-04-08T16:37:00Z,ADVERSE_FIRST,2026-04-08T18:41:00Z,2026-04-08T16:37:00Z,FAVORABLE_FIRST,2026-04-08T16:17:00Z,2026-04-08T16:39:00Z,ADVERSE_FIRST,2026-04-08T18:19:00Z,2026-04-08T16:39:00Z,ADVERSE_FIRST,2026-04-08T18:41:00Z,2026-04-08T16:39:00Z,ADVERSE_FIRST,2026-04-08T18:50:00Z,2026-04-08T16:39:00Z,ADVERSE_FIRST,2026-04-08T18:58:00Z,2026-04-08T16:39:00Z,FAVORABLE_FIRST,2026-04-08T16:17:00Z,2026-04-08T16:32:00Z,ADVERSE_FIRST,2026-04-08T18:19:00Z,2026-04-08T16:32:00Z,ADVERSE_FIRST,2026-04-08T18:42:00Z,2026-04-08T16:32:00Z,ADVERSE_FIRST,2026-04-08T18:45:00Z,2026-04-08T16:32:00Z,ADVERSE_FIRST,2026-04-08T18:19:00Z,2026-04-08T16:32:00Z,ADVERSE_FIRST,2026-04-08T18:42:00Z,2026-04-08T16:32:00Z,ADVERSE_FIRST,2026-04-08T18:45:00Z,2026-04-08T16:32:00Z,ADVERSE_FIRST,2026-04-08T18:56:00Z,2026-04-08T16:32:00Z,ADVERSE_FIRST,2026-04-08T18:59:00Z,2026-04-08T16:32:00Z
SPY:2026-04-08:SHORT:2026-04-08T17:22:00+00:00:v1,2026-04-08,SHORT,675.260000000000,675.010100000000,0.249900000000,2026-04-08T17:25:00Z,2026-04-08T17:30:00Z,5,WORSE,2.480000000000,2.230100000000,1.345000000000,1.594900000000,-0.610000000000,-0.859900000000,0.249900000000,-0.249900000000,True,20,15,AVAILABLE,AVAILABLE,2026-04-08T17:25:00Z,2026-04-08T17:30:00Z,FAVORABLE_FIRST,2026-04-08T17:27:00Z,2026-04-08T17:36:00Z,ADVERSE_FIRST,2026-04-08T17:37:00Z,2026-04-08T17:36:00Z,ADVERSE_FIRST,2026-04-08T18:19:00Z,2026-04-08T17:36:00Z,ADVERSE_FIRST,2026-04-08T18:41:00Z,2026-04-08T17:36:00Z,FAVORABLE_FIRST,2026-04-08T17:37:00Z,2026-04-08T17:43:00Z,ADVERSE_FIRST,2026-04-08T18:19:00Z,2026-04-08T17:43:00Z,ADVERSE_FIRST,2026-04-08T18:41:00Z,2026-04-08T17:43:00Z,ADVERSE_FIRST,2026-04-08T18:49:00Z,2026-04-08T17:43:00Z,ADVERSE_FIRST,2026-04-08T18:57:00Z,2026-04-08T17:43:00Z,ADVERSE_FIRST,2026-04-08T17:37:00Z,2026-04-08T17:31:00Z,ADVERSE_FIRST,2026-04-08T18:19:00Z,2026-04-08T17:31:00Z,ADVERSE_FIRST,2026-04-08T18:41:00Z,2026-04-08T17:31:00Z,ADVERSE_FIRST,2026-04-08T18:44:00Z,2026-04-08T17:31:00Z,ADVERSE_FIRST,2026-04-08T18:19:00Z,2026-04-08T17:31:00Z,ADVERSE_FIRST,2026-04-08T18:41:00Z,2026-04-08T17:31:00Z,ADVERSE_FIRST,2026-04-08T18:44:00Z,2026-04-08T17:31:00Z,ADVERSE_FIRST,2026-04-08T18:56:00Z,2026-04-08T17:31:00Z,ADVERSE_FIRST,2026-04-08T18:59:00Z,2026-04-08T17:31:00Z
SPY:2026-04-08:SHORT:2026-04-08T18:18:00+00:00:v1,2026-04-08,SHORT,674.770000000000,675.000000000000,-0.230000000000,2026-04-08T18:20:00Z,2026-04-08T18:25:00Z,5,BETTER,1.990000000000,2.220000000000,1.300000000000,1.070000000000,-1.100000000000,-0.870000000000,-0.230000000000,0.230000000000,True,100,95,AVAILABLE,AVAILABLE,2026-04-08T18:20:00Z,2026-04-08T18:25:00Z,ADVERSE_FIRST,2026-04-08T18:39:00Z,2026-04-08T18:20:00Z,ADVERSE_FIRST,2026-04-08T18:41:00Z,2026-04-08T18:20:00Z,ADVERSE_FIRST,2026-04-08T18:44:00Z,2026-04-08T18:20:00Z,ADVERSE_FIRST,2026-04-08T18:49:00Z,2026-04-08T18:20:00Z,ADVERSE_FIRST,2026-04-08T18:41:00Z,2026-04-08T18:20:00Z,ADVERSE_FIRST,2026-04-08T18:44:00Z,2026-04-08T18:20:00Z,ADVERSE_FIRST,2026-04-08T18:49:00Z,2026-04-08T18:20:00Z,ADVERSE_FIRST,2026-04-08T18:57:00Z,2026-04-08T18:20:00Z,ADVERSE_FIRST,,2026-04-08T18:20:00Z,FAVORABLE_FIRST,2026-04-08T18:25:00Z,2026-04-08T18:26:00Z,ADVERSE_FIRST,2026-04-08T18:40:00Z,2026-04-08T18:26:00Z,ADVERSE_FIRST,2026-04-08T18:41:00Z,2026-04-08T18:26:00Z,ADVERSE_FIRST,2026-04-08T18:44:00Z,2026-04-08T18:26:00Z,ADVERSE_FIRST,2026-04-08T18:40:00Z,2026-04-08T18:26:00Z,ADVERSE_FIRST,2026-04-08T18:41:00Z,2026-04-08T18:26:00Z,ADVERSE_FIRST,2026-04-08T18:44:00Z,2026-04-08T18:26:00Z,ADVERSE_FIRST,2026-04-08T18:56:00Z,2026-04-08T18:26:00Z,ADVERSE_FIRST,2026-04-08T18:59:00Z,2026-04-08T18:26:00Z
SPY:2026-04-09:LONG:2026-04-09T13:41:00+00:00:v1,2026-04-09,LONG,675.535000000000,675.440000000000,-0.095000000000,2026-04-09T13:45:00Z,2026-04-09T13:50:00Z,5,BETTER,5.625000000000,5.720000000000,1.765000000000,1.670000000000,4.335000000000,4.430000000000,-0.095000000000,0.095000000000,True,10,5,AVAILABLE,AVAILABLE,2026-04-09T13:45:00Z,2026-04-09T13:50:00Z,ADVERSE_FIRST,2026-04-09T15:14:00Z,2026-04-09T13:45:00Z,ADVERSE_FIRST,2026-04-09T15:15:00Z,2026-04-09T13:45:00Z,ADVERSE_FIRST,2026-04-09T15:19:00Z,2026-04-09T13:45:00Z,ADVERSE_FIRST,2026-04-09T15:20:00Z,2026-04-09T13:45:00Z,ADVERSE_FIRST,2026-04-09T15:15:00Z,2026-04-09T13:47:00Z,ADVERSE_FIRST,2026-04-09T15:19:00Z,2026-04-09T13:47:00Z,ADVERSE_FIRST,2026-04-09T15:20:00Z,2026-04-09T13:47:00Z,ADVERSE_FIRST,2026-04-09T15:32:00Z,2026-04-09T13:47:00Z,ADVERSE_FIRST,2026-04-09T15:32:00Z,2026-04-09T13:47:00Z,ADVERSE_FIRST,2026-04-09T14:05:00Z,2026-04-09T13:50:00Z,ADVERSE_FIRST,2026-04-09T15:15:00Z,2026-04-09T13:50:00Z,ADVERSE_FIRST,2026-04-09T15:18:00Z,2026-04-09T13:50:00Z,ADVERSE_FIRST,2026-04-09T15:19:00Z,2026-04-09T13:50:00Z,ADVERSE_FIRST,2026-04-09T15:15:00Z,2026-04-09T13:50:00Z,ADVERSE_FIRST,2026-04-09T15:18:00Z,2026-04-09T13:50:00Z,ADVERSE_FIRST,2026-04-09T15:19:00Z,2026-04-09T13:50:00Z,ADVERSE_FIRST,2026-04-09T15:32:00Z,2026-04-09T13:50:00Z,ADVERSE_FIRST,2026-04-09T15:32:00Z,2026-04-09T13:50:00Z
SPY:2026-04-09:LONG:2026-04-09T13:57:00+00:00:v1,2026-04-09,LONG,675.260000000000,675.350000000000,0.090000000000,2026-04-09T14:00:00Z,2026-04-09T14:05:00Z,5,WORSE,5.900000000000,5.810000000000,1.490000000000,1.580000000000,4.610000000000,4.520000000000,0.090000000000,-0.090000000000,True,10,5,AVAILABLE,AVAILABLE,2026-04-09T14:00:00Z,2026-04-09T14:05:00Z,ADVERSE_FIRST,2026-04-09T14:05:00Z,2026-04-09T14:01:00Z,ADVERSE_FIRST,2026-04-09T15:14:00Z,2026-04-09T14:01:00Z,ADVERSE_FIRST,2026-04-09T15:15:00Z,2026-04-09T14:01:00Z,ADVERSE_FIRST,2026-04-09T15:19:00Z,2026-04-09T14:01:00Z,ADVERSE_FIRST,2026-04-09T15:14:00Z,2026-04-09T14:01:00Z,ADVERSE_FIRST,2026-04-09T15:15:00Z,2026-04-09T14:01:00Z,ADVERSE_FIRST,2026-04-09T15:19:00Z,2026-04-09T14:01:00Z,ADVERSE_FIRST,2026-04-09T15:32:00Z,2026-04-09T14:01:00Z,ADVERSE_FIRST,2026-04-09T15:32:00Z,2026-04-09T14:01:00Z,FAVORABLE_FIRST,2026-04-09T14:05:00Z,2026-04-09T14:08:00Z,ADVERSE_FIRST,2026-04-09T15:15:00Z,2026-04-09T14:08:00Z,ADVERSE_FIRST,2026-04-09T15:15:00Z,2026-04-09T14:08:00Z,ADVERSE_FIRST,2026-04-09T15:19:00Z,2026-04-09T14:08:00Z,ADVERSE_FIRST,2026-04-09T15:15:00Z,2026-04-09T14:09:00Z,ADVERSE_FIRST,2026-04-09T15:15:00Z,2026-04-09T14:09:00Z,ADVERSE_FIRST,2026-04-09T15:19:00Z,2026-04-09T14:09:00Z,ADVERSE_FIRST,2026-04-09T15:32:00Z,2026-04-09T14:09:00Z,ADVERSE_FIRST,2026-04-09T15:32:00Z,2026-04-09T14:09:00Z
SPY:2026-04-09:SHORT:2026-04-09T14:25:00+00:00:v1,2026-04-09,SHORT,674.290000000000,674.150000000000,0.140000000000,2026-04-09T14:30:00Z,2026-04-09T14:35:00Z,5,WORSE,0.520000000000,0.270000000000,6.870000000000,7.010000000000,-5.580000000000,-5.720000000000,0.250000000000,-0.140000000000,True,10,5,AVAILABLE,AVAILABLE,2026-04-09T14:30:00Z,2026-04-09T14:35:00Z,FAVORABLE_FIRST,2026-04-09T14:30:00Z,2026-04-09T14:39:00Z,FAVORABLE_FIRST,2026-04-09T14:33:00Z,2026-04-09T14:39:00Z,ADVERSE_FIRST,,2026-04-09T14:39:00Z,ADVERSE_FIRST,,2026-04-09T14:39:00Z,FAVORABLE_FIRST,2026-04-09T14:33:00Z,2026-04-09T14:40:00Z,ADVERSE_FIRST,,2026-04-09T14:40:00Z,ADVERSE_FIRST,,2026-04-09T14:40:00Z,ADVERSE_FIRST,,2026-04-09T14:40:00Z,ADVERSE_FIRST,,2026-04-09T14:40:00Z,FAVORABLE_FIRST,2026-04-09T14:36:00Z,2026-04-09T14:39:00Z,ADVERSE_FIRST,,2026-04-09T14:39:00Z,ADVERSE_FIRST,,2026-04-09T14:39:00Z,ADVERSE_FIRST,,2026-04-09T14:39:00Z,ADVERSE_FIRST,,2026-04-09T14:39:00Z,ADVERSE_FIRST,,2026-04-09T14:39:00Z,ADVERSE_FIRST,,2026-04-09T14:39:00Z,ADVERSE_FIRST,,2026-04-09T14:39:00Z,ADVERSE_FIRST,,2026-04-09T14:39:00Z
SPY:2026-04-09:LONG:2026-04-09T15:10:00+00:00:v1,2026-04-09,LONG,675.700000000000,676.420000000000,0.720000000000,2026-04-09T15:15:00Z,2026-04-09T15:20:00Z,5,WORSE,5.460000000000,4.740000000000,0,0.690000000000,4.170000000000,3.450000000000,0.720000000000,-0.690000000000,True,,,AVAILABLE,AVAILABLE,2026-04-09T15:15:00Z,2026-04-09T15:20:00Z,FAVORABLE_FIRST,2026-04-09T15:15:00Z,,FAVORABLE_FIRST,2026-04-09T15:18:00Z,,FAVORABLE_FIRST,2026-04-09T15:19:00Z,,FAVORABLE_FIRST,2026-04-09T15:32:00Z,,FAVORABLE_FIRST,2026-04-09T15:18:00Z,,FAVORABLE_FIRST,2026-04-09T15:19:00Z,,FAVORABLE_FIRST,2026-04-09T15:32:00Z,,FAVORABLE_FIRST,2026-04-09T15:32:00Z,,FAVORABLE_FIRST,2026-04-09T15:32:00Z,,ADVERSE_FIRST,2026-04-09T15:32:00Z,2026-04-09T15:21:00Z,ADVERSE_FIRST,2026-04-09T15:32:00Z,2026-04-09T15:21:00Z,ADVERSE_FIRST,2026-04-09T15:32:00Z,2026-04-09T15:21:00Z,ADVERSE_FIRST,2026-04-09T15:32:00Z,2026-04-09T15:21:00Z,ADVERSE_FIRST,2026-04-09T15:32:00Z,2026-04-09T15:21:00Z,ADVERSE_FIRST,2026-04-09T15:32:00Z,2026-04-09T15:21:00Z,ADVERSE_FIRST,2026-04-09T15:32:00Z,2026-04-09T15:21:00Z,ADVERSE_FIRST,2026-04-09T15:33:00Z,2026-04-09T15:21:00Z,ADVERSE_FIRST,2026-04-09T15:48:00Z,2026-04-09T15:21:00Z
SPY:2026-04-10:SHORT:2026-04-10T13:35:00+00:00:v1,2026-04-10,SHORT,680.730000000000,680.865000000000,-0.135000000000,2026-04-10T13:40:00Z,2026-04-10T13:45:00Z,5,BETTER,2.280000000000,2.415000000000,1.300000000000,1.165000000000,1.420000000000,1.555000000000,-0.135000000000,0.135000000000,True,35,30,AVAILABLE,AVAILABLE,2026-04-10T13:40:00Z,2026-04-10T13:45:00Z,ADVERSE_FIRST,2026-04-10T13:47:00Z,2026-04-10T13:42:00Z,ADVERSE_FIRST,2026-04-10T13:50:00Z,2026-04-10T13:42:00Z,ADVERSE_FIRST,2026-04-10T15:52:00Z,2026-04-10T13:42:00Z,ADVERSE_FIRST,2026-04-10T15:54:00Z,2026-04-10T13:42:00Z,FAVORABLE_FIRST,2026-04-10T13:50:00Z,2026-04-10T14:13:00Z,ADVERSE_FIRST,2026-04-10T15:52:00Z,2026-04-10T14:13:00Z,ADVERSE_FIRST,2026-04-10T15:54:00Z,2026-04-10T14:13:00Z,ADVERSE_FIRST,2026-04-10T15:57:00Z,2026-04-10T14:13:00Z,ADVERSE_FIRST,2026-04-10T16:41:00Z,2026-04-10T14:13:00Z,FAVORABLE_FIRST,2026-04-10T13:47:00Z,2026-04-10T14:13:00Z,FAVORABLE_FIRST,2026-04-10T13:48:00Z,2026-04-10T14:13:00Z,FAVORABLE_FIRST,2026-04-10T14:01:00Z,2026-04-10T14:13:00Z,ADVERSE_FIRST,2026-04-10T15:53:00Z,2026-04-10T14:13:00Z,FAVORABLE_FIRST,2026-04-10T13:48:00Z,2026-04-10T14:13:00Z,FAVORABLE_FIRST,2026-04-10T14:01:00Z,2026-04-10T14:13:00Z,ADVERSE_FIRST,2026-04-10T15:53:00Z,2026-04-10T14:13:00Z,ADVERSE_FIRST,2026-04-10T15:57:00Z,2026-04-10T14:13:00Z,ADVERSE_FIRST,2026-04-10T16:40:00Z,2026-04-10T14:13:00Z
SPY:2026-04-10:SHORT:2026-04-10T14:42:00+00:00:v1,2026-04-10,SHORT,680.920000000000,680.740000000000,0.180000000000,2026-04-10T14:45:00Z,2026-04-10T14:50:00Z,5,WORSE,2.470000000000,2.290000000000,1.110000000000,1.290000000000,1.610000000000,1.430000000000,0.180000000000,-0.180000000000,True,15,10,AVAILABLE,AVAILABLE,2026-04-10T14:45:00Z,2026-04-10T14:50:00Z,ADVERSE_FIRST,2026-04-10T14:49:00Z,2026-04-10T14:46:00Z,ADVERSE_FIRST,2026-04-10T15:39:00Z,2026-04-10T14:46:00Z,ADVERSE_FIRST,2026-04-10T15:40:00Z,2026-04-10T14:46:00Z,ADVERSE_FIRST,2026-04-10T15:53:00Z,2026-04-10T14:46:00Z,ADVERSE_FIRST,2026-04-10T15:39:00Z,2026-04-10T14:46:00Z,ADVERSE_FIRST,2026-04-10T15:40:00Z,2026-04-10T14:46:00Z,ADVERSE_FIRST,2026-04-10T15:53:00Z,2026-04-10T14:46:00Z,ADVERSE_FIRST,2026-04-10T15:56:00Z,2026-04-10T14:46:00Z,ADVERSE_FIRST,2026-04-10T16:40:00Z,2026-04-10T14:46:00Z,ADVERSE_FIRST,2026-04-10T15:39:00Z,2026-04-10T14:50:00Z,ADVERSE_FIRST,2026-04-10T15:40:00Z,2026-04-10T14:50:00Z,ADVERSE_FIRST,2026-04-10T15:52:00Z,2026-04-10T14:50:00Z,ADVERSE_FIRST,2026-04-10T15:54:00Z,2026-04-10T14:50:00Z,ADVERSE_FIRST,2026-04-10T15:40:00Z,2026-04-10T14:50:00Z,ADVERSE_FIRST,2026-04-10T15:52:00Z,2026-04-10T14:50:00Z,ADVERSE_FIRST,2026-04-10T15:54:00Z,2026-04-10T14:50:00Z,ADVERSE_FIRST,2026-04-10T15:57:00Z,2026-04-10T14:50:00Z,ADVERSE_FIRST,2026-04-10T16:41:00Z,2026-04-10T14:50:00Z
SPY:2026-04-10:SHORT:2026-04-10T15:32:00+00:00:v1,2026-04-10,SHORT,680.870000000000,680.450000000000,0.420000000000,2026-04-10T15:35:00Z,2026-04-10T15:40:00Z,5,WORSE,2.420000000000,2.000000000000,0.110000000000,0.267200000000,1.560000000000,1.140000000000,0.420000000000,-0.157200000000,True,,,AVAILABLE,AVAILABLE,2026-04-10T15:35:00Z,2026-04-10T15:40:00Z,FAVORABLE_FIRST,2026-04-10T15:37:00Z,,FAVORABLE_FIRST,2026-04-10T15:40:00Z,,FAVORABLE_FIRST,2026-04-10T15:40:00Z,,FAVORABLE_FIRST,2026-04-10T15:53:00Z,,FAVORABLE_FIRST,2026-04-10T15:40:00Z,,FAVORABLE_FIRST,2026-04-10T15:40:00Z,,FAVORABLE_FIRST,2026-04-10T15:53:00Z,,FAVORABLE_FIRST,2026-04-10T15:57:00Z,,FAVORABLE_FIRST,2026-04-10T16:40:00Z,,FAVORABLE_FIRST,2026-04-10T15:40:00Z,2026-04-10T15:45:00Z,ADVERSE_FIRST,2026-04-10T15:53:00Z,2026-04-10T15:45:00Z,ADVERSE_FIRST,2026-04-10T15:55:00Z,2026-04-10T15:45:00Z,ADVERSE_FIRST,2026-04-10T15:56:00Z,2026-04-10T15:45:00Z,FAVORABLE_FIRST,2026-04-10T15:53:00Z,,FAVORABLE_FIRST,2026-04-10T15:55:00Z,,FAVORABLE_FIRST,2026-04-10T15:56:00Z,,FAVORABLE_FIRST,2026-04-10T16:40:00Z,,FAVORABLE_FIRST,2026-04-10T17:30:00Z,
SPY:2026-04-13:LONG:2026-04-13T13:48:00+00:00:v1,2026-04-13,LONG,678.770000000000,678.670000000000,-0.100000000000,2026-04-13T13:50:00Z,2026-04-13T13:55:00Z,5,BETTER,7.530000000000,7.630000000000,0.770000000000,0.270000000000,7.240000000000,7.340000000000,-0.100000000000,0.500000000000,True,,,AVAILABLE,AVAILABLE,2026-04-13T13:50:00Z,2026-04-13T13:55:00Z,FAVORABLE_FIRST,2026-04-13T13:50:00Z,2026-04-13T13:51:00Z,FAVORABLE_FIRST,2026-04-13T13:50:00Z,2026-04-13T13:51:00Z,ADVERSE_FIRST,2026-04-13T13:59:00Z,2026-04-13T13:51:00Z,ADVERSE_FIRST,2026-04-13T14:00:00Z,2026-04-13T13:51:00Z,FAVORABLE_FIRST,2026-04-13T13:50:00Z,2026-04-13T13:51:00Z,ADVERSE_FIRST,2026-04-13T13:59:00Z,2026-04-13T13:51:00Z,ADVERSE_FIRST,2026-04-13T14:00:00Z,2026-04-13T13:51:00Z,ADVERSE_FIRST,2026-04-13T14:57:00Z,2026-04-13T13:51:00Z,ADVERSE_FIRST,2026-04-13T16:20:00Z,2026-04-13T13:51:00Z,FAVORABLE_FIRST,2026-04-13T13:57:00Z,2026-04-13T14:23:00Z,FAVORABLE_FIRST,2026-04-13T13:58:00Z,2026-04-13T14:23:00Z,FAVORABLE_FIRST,2026-04-13T13:59:00Z,2026-04-13T14:23:00Z,FAVORABLE_FIRST,2026-04-13T13:59:00Z,2026-04-13T14:23:00Z,FAVORABLE_FIRST,2026-04-13T13:58:00Z,,FAVORABLE_FIRST,2026-04-13T13:59:00Z,,FAVORABLE_FIRST,2026-04-13T13:59:00Z,,FAVORABLE_FIRST,2026-04-13T14:54:00Z,,FAVORABLE_FIRST,2026-04-13T16:20:00Z,
SPY:2026-04-14:LONG:2026-04-14T13:35:00+00:00:v1,2026-04-14,LONG,689.040000000000,689.826000000000,0.786000000000,2026-04-14T13:40:00Z,2026-04-14T13:45:00Z,5,WORSE,5.540000000000,4.754000000000,0.060000000000,0.446000000000,5.360000000000,4.574000000000,0.786000000000,-0.386000000000,True,,,AVAILABLE,AVAILABLE,2026-04-14T13:40:00Z,2026-04-14T13:45:00Z,FAVORABLE_FIRST,2026-04-14T13:40:00Z,,FAVORABLE_FIRST,2026-04-14T13:42:00Z,,FAVORABLE_FIRST,2026-04-14T13:43:00Z,,FAVORABLE_FIRST,2026-04-14T14:07:00Z,,FAVORABLE_FIRST,2026-04-14T13:42:00Z,,FAVORABLE_FIRST,2026-04-14T13:43:00Z,,FAVORABLE_FIRST,2026-04-14T14:07:00Z,,FAVORABLE_FIRST,2026-04-14T14:13:00Z,,FAVORABLE_FIRST,2026-04-14T14:17:00Z,,ADVERSE_FIRST,2026-04-14T14:07:00Z,2026-04-14T13:45:00Z,ADVERSE_FIRST,2026-04-14T14:09:00Z,2026-04-14T13:45:00Z,ADVERSE_FIRST,2026-04-14T14:13:00Z,2026-04-14T13:45:00Z,ADVERSE_FIRST,2026-04-14T14:14:00Z,2026-04-14T13:45:00Z,ADVERSE_FIRST,2026-04-14T14:09:00Z,2026-04-14T13:47:00Z,ADVERSE_FIRST,2026-04-14T14:13:00Z,2026-04-14T13:47:00Z,ADVERSE_FIRST,2026-04-14T14:14:00Z,2026-04-14T13:47:00Z,ADVERSE_FIRST,2026-04-14T14:35:00Z,2026-04-14T13:47:00Z,ADVERSE_FIRST,2026-04-14T15:20:00Z,2026-04-14T13:47:00Z
SPY:2026-04-15:SHORT:2026-04-15T13:44:00+00:00:v1,2026-04-15,SHORT,694.395000000000,695.030000000000,-0.635000000000,2026-04-15T13:45:00Z,2026-04-15T13:50:00Z,5,BETTER,0.015000000000,0.510000000000,5.885000000000,5.250000000000,-5.445000000000,-4.810000000000,-0.495000000000,0.635000000000,True,15,10,AVAILABLE,AVAILABLE,2026-04-15T13:45:00Z,2026-04-15T13:50:00Z,ADVERSE_FIRST,,2026-04-15T13:45:00Z,ADVERSE_FIRST,,2026-04-15T13:45:00Z,ADVERSE_FIRST,,2026-04-15T13:45:00Z,ADVERSE_FIRST,,2026-04-15T13:45:00Z,ADVERSE_FIRST,,2026-04-15T13:45:00Z,ADVERSE_FIRST,,2026-04-15T13:45:00Z,ADVERSE_FIRST,,2026-04-15T13:45:00Z,ADVERSE_FIRST,,2026-04-15T13:45:00Z,ADVERSE_FIRST,,2026-04-15T13:45:00Z,FAVORABLE_FIRST,2026-04-15T13:52:00Z,2026-04-15T13:57:00Z,FAVORABLE_FIRST,2026-04-15T13:52:00Z,2026-04-15T13:57:00Z,ADVERSE_FIRST,,2026-04-15T13:57:00Z,ADVERSE_FIRST,,2026-04-15T13:57:00Z,FAVORABLE_FIRST,2026-04-15T13:52:00Z,2026-04-15T13:57:00Z,ADVERSE_FIRST,,2026-04-15T13:57:00Z,ADVERSE_FIRST,,2026-04-15T13:57:00Z,ADVERSE_FIRST,,2026-04-15T13:57:00Z,ADVERSE_FIRST,,2026-04-15T13:57:00Z
SPY:2026-04-15:LONG:2026-04-15T14:14:00+00:00:v1,2026-04-15,LONG,695.950000000000,695.870000000000,-0.080000000000,2026-04-15T14:15:00Z,2026-04-15T14:20:00Z,5,BETTER,4.330000000000,4.410000000000,0.250000000000,0.170000000000,3.890000000000,3.970000000000,-0.080000000000,0.080000000000,True,,,AVAILABLE,AVAILABLE,2026-04-15T14:15:00Z,2026-04-15T14:20:00Z,FAVORABLE_FIRST,2026-04-15T14:16:00Z,2026-04-15T16:56:00Z,FAVORABLE_FIRST,2026-04-15T14:23:00Z,2026-04-15T16:56:00Z,FAVORABLE_FIRST,2026-04-15T14:24:00Z,2026-04-15T16:56:00Z,FAVORABLE_FIRST,2026-04-15T14:30:00Z,2026-04-15T16:56:00Z,FAVORABLE_FIRST,2026-04-15T14:23:00Z,,FAVORABLE_FIRST,2026-04-15T14:24:00Z,,FAVORABLE_FIRST,2026-04-15T14:30:00Z,,FAVORABLE_FIRST,2026-04-15T15:22:00Z,,FAVORABLE_FIRST,2026-04-15T17:36:00Z,,FAVORABLE_FIRST,2026-04-15T14:21:00Z,,FAVORABLE_FIRST,2026-04-15T14:22:00Z,,FAVORABLE_FIRST,2026-04-15T14:24:00Z,,FAVORABLE_FIRST,2026-04-15T14:24:00Z,,FAVORABLE_FIRST,2026-04-15T14:22:00Z,,FAVORABLE_FIRST,2026-04-15T14:24:00Z,,FAVORABLE_FIRST,2026-04-15T14:24:00Z,,FAVORABLE_FIRST,2026-04-15T15:15:00Z,,FAVORABLE_FIRST,2026-04-15T17:36:00Z,
SPY:2026-04-16:SHORT:2026-04-16T13:50:00+00:00:v1,2026-04-16,SHORT,698.770000000000,699.470000000000,-0.700000000000,2026-04-16T13:55:00Z,2026-04-16T14:00:00Z,5,BETTER,0.240000000000,0.818000000000,4.010000000000,3.310000000000,-2.780000000000,-2.080000000000,-0.578000000000,0.700000000000,True,70,65,AVAILABLE,AVAILABLE,2026-04-16T13:55:00Z,2026-04-16T14:00:00Z,ADVERSE_FIRST,,2026-04-16T13:55:00Z,ADVERSE_FIRST,,2026-04-16T13:55:00Z,ADVERSE_FIRST,,2026-04-16T13:55:00Z,ADVERSE_FIRST,,2026-04-16T13:55:00Z,ADVERSE_FIRST,,2026-04-16T13:56:00Z,ADVERSE_FIRST,,2026-04-16T13:56:00Z,ADVERSE_FIRST,,2026-04-16T13:56:00Z,ADVERSE_FIRST,,2026-04-16T13:56:00Z,ADVERSE_FIRST,,2026-04-16T13:56:00Z,FAVORABLE_FIRST,2026-04-16T14:00:00Z,2026-04-16T14:07:00Z,FAVORABLE_FIRST,2026-04-16T14:00:00Z,2026-04-16T14:07:00Z,FAVORABLE_FIRST,2026-04-16T14:01:00Z,2026-04-16T14:07:00Z,ADVERSE_FIRST,,2026-04-16T14:07:00Z,FAVORABLE_FIRST,2026-04-16T14:00:00Z,2026-04-16T14:08:00Z,FAVORABLE_FIRST,2026-04-16T14:01:00Z,2026-04-16T14:08:00Z,ADVERSE_FIRST,,2026-04-16T14:08:00Z,ADVERSE_FIRST,,2026-04-16T14:08:00Z,ADVERSE_FIRST,,2026-04-16T14:08:00Z
SPY:2026-04-16:LONG:2026-04-16T15:10:00+00:00:v1,2026-04-16,LONG,701.420000000000,701.370000000000,-0.050000000000,2026-04-16T15:15:00Z,2026-04-16T15:20:00Z,5,BETTER,1.360000000000,1.410000000000,1.946300000000,1.896300000000,0.130000000000,0.180000000000,-0.050000000000,0.050000000000,True,15,10,AVAILABLE,AVAILABLE,2026-04-16T15:15:00Z,2026-04-16T15:20:00Z,FAVORABLE_FIRST,2026-04-16T15:15:00Z,2026-04-16T15:29:00Z,FAVORABLE_FIRST,2026-04-16T15:15:00Z,2026-04-16T15:29:00Z,ADVERSE_FIRST,2026-04-16T15:37:00Z,2026-04-16T15:29:00Z,ADVERSE_FIRST,2026-04-16T16:00:00Z,2026-04-16T15:29:00Z,FAVORABLE_FIRST,2026-04-16T15:15:00Z,2026-04-16T15:29:00Z,ADVERSE_FIRST,2026-04-16T15:37:00Z,2026-04-16T15:29:00Z,ADVERSE_FIRST,2026-04-16T16:00:00Z,2026-04-16T15:29:00Z,ADVERSE_FIRST,,2026-04-16T15:29:00Z,ADVERSE_FIRST,,2026-04-16T15:29:00Z,FAVORABLE_FIRST,2026-04-16T15:21:00Z,2026-04-16T15:29:00Z,ADVERSE_FIRST,2026-04-16T15:36:00Z,2026-04-16T15:29:00Z,ADVERSE_FIRST,2026-04-16T15:37:00Z,2026-04-16T15:29:00Z,ADVERSE_FIRST,2026-04-16T16:00:00Z,2026-04-16T15:29:00Z,ADVERSE_FIRST,2026-04-16T15:36:00Z,2026-04-16T15:29:00Z,ADVERSE_FIRST,2026-04-16T15:37:00Z,2026-04-16T15:29:00Z,ADVERSE_FIRST,2026-04-16T16:00:00Z,2026-04-16T15:29:00Z,ADVERSE_FIRST,,2026-04-16T15:29:00Z,ADVERSE_FIRST,,2026-04-16T15:29:00Z
SPY:2026-04-16:LONG:2026-04-16T15:35:00+00:00:v1,2026-04-16,LONG,701.670000000000,701.405000000000,-0.265000000000,2026-04-16T15:40:00Z,2026-04-16T15:45:00Z,5,BETTER,1.110000000000,1.375000000000,2.196300000000,1.931300000000,-0.120000000000,0.145000000000,-0.265000000000,0.265000000000,True,10,5,AVAILABLE,AVAILABLE,2026-04-16T15:40:00Z,2026-04-16T15:45:00Z,ADVERSE_FIRST,2026-04-16T15:55:00Z,2026-04-16T15:40:00Z,ADVERSE_FIRST,2026-04-16T15:57:00Z,2026-04-16T15:40:00Z,ADVERSE_FIRST,2026-04-16T16:00:00Z,2026-04-16T15:40:00Z,ADVERSE_FIRST,2026-04-16T16:18:00Z,2026-04-16T15:40:00Z,ADVERSE_FIRST,2026-04-16T15:57:00Z,2026-04-16T15:40:00Z,ADVERSE_FIRST,2026-04-16T16:00:00Z,2026-04-16T15:40:00Z,ADVERSE_FIRST,2026-04-16T16:18:00Z,2026-04-16T15:40:00Z,ADVERSE_FIRST,,2026-04-16T15:40:00Z,ADVERSE_FIRST,,2026-04-16T15:40:00Z,ADVERSE_FIRST,2026-04-16T15:51:00Z,2026-04-16T15:49:00Z,ADVERSE_FIRST,2026-04-16T15:55:00Z,2026-04-16T15:49:00Z,ADVERSE_FIRST,2026-04-16T15:56:00Z,2026-04-16T15:49:00Z,ADVERSE_FIRST,2026-04-16T16:00:00Z,2026-04-16T15:49:00Z,ADVERSE_FIRST,2026-04-16T15:55:00Z,2026-04-16T15:49:00Z,ADVERSE_FIRST,2026-04-16T15:56:00Z,2026-04-16T15:49:00Z,ADVERSE_FIRST,2026-04-16T16:00:00Z,2026-04-16T15:49:00Z,ADVERSE_FIRST,,2026-04-16T15:49:00Z,ADVERSE_FIRST,,2026-04-16T15:49:00Z
SPY:2026-04-16:LONG:2026-04-16T15:50:00+00:00:v1,2026-04-16,LONG,701.720000000000,702.220000000000,0.500000000000,2026-04-16T15:55:00Z,2026-04-16T16:00:00Z,5,WORSE,1.060000000000,0.560000000000,2.246300000000,2.746300000000,-0.170000000000,-0.670000000000,0.500000000000,-0.500000000000,True,40,35,AVAILABLE,AVAILABLE,2026-04-16T15:55:00Z,2026-04-16T16:00:00Z,FAVORABLE_FIRST,2026-04-16T15:55:00Z,2026-04-16T16:33:00Z,FAVORABLE_FIRST,2026-04-16T15:58:00Z,2026-04-16T16:33:00Z,FAVORABLE_FIRST,2026-04-16T16:00:00Z,2026-04-16T16:33:00Z,FAVORABLE_FIRST,2026-04-16T16:19:00Z,2026-04-16T16:33:00Z,FAVORABLE_FIRST,2026-04-16T15:58:00Z,2026-04-16T16:33:00Z,FAVORABLE_FIRST,2026-04-16T16:00:00Z,2026-04-16T16:33:00Z,FAVORABLE_FIRST,2026-04-16T16:19:00Z,2026-04-16T16:33:00Z,ADVERSE_FIRST,,2026-04-16T16:33:00Z,ADVERSE_FIRST,,2026-04-16T16:33:00Z,FAVORABLE_FIRST,2026-04-16T16:00:00Z,2026-04-16T16:23:00Z,FAVORABLE_FIRST,2026-04-16T16:19:00Z,2026-04-16T16:23:00Z,ADVERSE_FIRST,,2026-04-16T16:23:00Z,ADVERSE_FIRST,,2026-04-16T16:23:00Z,FAVORABLE_FIRST,2026-04-16T16:19:00Z,2026-04-16T16:23:00Z,ADVERSE_FIRST,,2026-04-16T16:23:00Z,ADVERSE_FIRST,,2026-04-16T16:23:00Z,ADVERSE_FIRST,,2026-04-16T16:23:00Z,ADVERSE_FIRST,,2026-04-16T16:23:00Z
SPY:2026-04-16:LONG:2026-04-16T16:36:00+00:00:v1,2026-04-16,LONG,701.637500000000,701.370000000000,-0.267500000000,2026-04-16T16:40:00Z,2026-04-16T16:45:00Z,5,BETTER,0.302500000000,0.570000000000,2.163800000000,1.896300000000,-0.087500000000,0.180000000000,-0.267500000000,0.267500000000,True,15,10,AVAILABLE,AVAILABLE,2026-04-16T16:40:00Z,2026-04-16T16:45:00Z,ADVERSE_FIRST,2026-04-16T19:50:00Z,2026-04-16T16:41:00Z,ADVERSE_FIRST,,2026-04-16T16:41:00Z,ADVERSE_FIRST,,2026-04-16T16:41:00Z,ADVERSE_FIRST,,2026-04-16T16:41:00Z,ADVERSE_FIRST,,2026-04-16T16:41:00Z,ADVERSE_FIRST,,2026-04-16T16:41:00Z,ADVERSE_FIRST,,2026-04-16T16:41:00Z,ADVERSE_FIRST,,2026-04-16T16:41:00Z,ADVERSE_FIRST,,2026-04-16T16:41:00Z,FAVORABLE_FIRST,2026-04-16T16:46:00Z,2026-04-16T16:52:00Z,ADVERSE_FIRST,2026-04-16T19:50:00Z,2026-04-16T16:52:00Z,ADVERSE_FIRST,,2026-04-16T16:52:00Z,ADVERSE_FIRST,,2026-04-16T16:52:00Z,ADVERSE_FIRST,2026-04-16T19:50:00Z,2026-04-16T16:53:00Z,ADVERSE_FIRST,,2026-04-16T16:53:00Z,ADVERSE_FIRST,,2026-04-16T16:53:00Z,ADVERSE_FIRST,,2026-04-16T16:53:00Z,ADVERSE_FIRST,,2026-04-16T16:53:00Z
SPY:2026-04-16:SHORT:2026-04-16T17:13:00+00:00:v1,2026-04-16,SHORT,700.050000000000,700.170000000000,-0.120000000000,2026-04-16T17:15:00Z,2026-04-16T17:20:00Z,5,BETTER,0.576300000000,0.696300000000,1.890000000000,1.770000000000,-1.500000000000,-1.380000000000,-0.120000000000,0.120000000000,True,10,5,AVAILABLE,AVAILABLE,2026-04-16T17:15:00Z,2026-04-16T17:20:00Z,ADVERSE_FIRST,2026-04-16T18:26:00Z,2026-04-16T17:24:00Z,ADVERSE_FIRST,2026-04-16T18:27:00Z,2026-04-16T17:24:00Z,ADVERSE_FIRST,,2026-04-16T17:24:00Z,ADVERSE_FIRST,,2026-04-16T17:24:00Z,ADVERSE_FIRST,2026-04-16T18:27:00Z,2026-04-16T17:24:00Z,ADVERSE_FIRST,,2026-04-16T17:24:00Z,ADVERSE_FIRST,,2026-04-16T17:24:00Z,ADVERSE_FIRST,,2026-04-16T17:24:00Z,ADVERSE_FIRST,,2026-04-16T17:24:00Z,ADVERSE_FIRST,2026-04-16T18:24:00Z,2026-04-16T17:24:00Z,ADVERSE_FIRST,2026-04-16T18:27:00Z,2026-04-16T17:24:00Z,ADVERSE_FIRST,,2026-04-16T17:24:00Z,ADVERSE_FIRST,,2026-04-16T17:24:00Z,ADVERSE_FIRST,2026-04-16T18:27:00Z,2026-04-16T17:24:00Z,ADVERSE_FIRST,,2026-04-16T17:24:00Z,ADVERSE_FIRST,,2026-04-16T17:24:00Z,ADVERSE_FIRST,,2026-04-16T17:24:00Z,ADVERSE_FIRST,,2026-04-16T17:24:00Z
SPY:2026-04-16:LONG:2026-04-16T17:42:00+00:00:v1,2026-04-16,LONG,701.370000000000,701.475000000000,0.105000000000,2026-04-16T17:45:00Z,2026-04-16T17:50:00Z,5,WORSE,0.570000000000,0.465000000000,1.896300000000,2.001300000000,0.180000000000,0.075000000000,0.105000000000,-0.105000000000,True,10,5,AVAILABLE,AVAILABLE,2026-04-16T17:45:00Z,2026-04-16T17:50:00Z,ADVERSE_FIRST,2026-04-16T19:48:00Z,2026-04-16T17:54:00Z,ADVERSE_FIRST,2026-04-16T19:50:00Z,2026-04-16T17:54:00Z,ADVERSE_FIRST,,2026-04-16T17:54:00Z,ADVERSE_FIRST,,2026-04-16T17:54:00Z,ADVERSE_FIRST,2026-04-16T19:50:00Z,2026-04-16T17:55:00Z,ADVERSE_FIRST,,2026-04-16T17:55:00Z,ADVERSE_FIRST,,2026-04-16T17:55:00Z,ADVERSE_FIRST,,2026-04-16T17:55:00Z,ADVERSE_FIRST,,2026-04-16T17:55:00Z,ADVERSE_FIRST,2026-04-16T19:50:00Z,2026-04-16T17:52:00Z,ADVERSE_FIRST,,2026-04-16T17:52:00Z,ADVERSE_FIRST,,2026-04-16T17:52:00Z,ADVERSE_FIRST,,2026-04-16T17:52:00Z,ADVERSE_FIRST,,2026-04-16T17:52:00Z,ADVERSE_FIRST,,2026-04-16T17:52:00Z,ADVERSE_FIRST,,2026-04-16T17:52:00Z,ADVERSE_FIRST,,2026-04-16T17:52:00Z,ADVERSE_FIRST,,2026-04-16T17:52:00Z
SPY:2026-04-16:SHORT:2026-04-16T18:15:00+00:00:v1,2026-04-16,SHORT,700.390000000000,699.920000000000,0.470000000000,2026-04-16T18:20:00Z,2026-04-16T18:25:00Z,5,WORSE,0.916300000000,0.446300000000,1.550000000000,2.020000000000,-1.160000000000,-1.630000000000,0.470000000000,-0.470000000000,True,20,15,AVAILABLE,AVAILABLE,2026-04-16T18:20:00Z,2026-04-16T18:25:00Z,FAVORABLE_FIRST,2026-04-16T18:23:00Z,2026-04-16T18:39:00Z,FAVORABLE_FIRST,2026-04-16T18:24:00Z,2026-04-16T18:39:00Z,FAVORABLE_FIRST,2026-04-16T18:27:00Z,2026-04-16T18:39:00Z,ADVERSE_FIRST,,2026-04-16T18:39:00Z,FAVORABLE_FIRST,2026-04-16T18:24:00Z,2026-04-16T18:39:00Z,FAVORABLE_FIRST,2026-04-16T18:27:00Z,2026-04-16T18:39:00Z,ADVERSE_FIRST,,2026-04-16T18:39:00Z,ADVERSE_FIRST,,2026-04-16T18:39:00Z,ADVERSE_FIRST,,2026-04-16T18:39:00Z,FAVORABLE_FIRST,2026-04-16T18:27:00Z,2026-04-16T18:31:00Z,ADVERSE_FIRST,,2026-04-16T18:31:00Z,ADVERSE_FIRST,,2026-04-16T18:31:00Z,ADVERSE_FIRST,,2026-04-16T18:31:00Z,ADVERSE_FIRST,,2026-04-16T18:31:00Z,ADVERSE_FIRST,,2026-04-16T18:31:00Z,ADVERSE_FIRST,,2026-04-16T18:31:00Z,ADVERSE_FIRST,,2026-04-16T18:31:00Z,ADVERSE_FIRST,,2026-04-16T18:31:00Z
SPY:2026-04-16:LONG:2026-04-16T19:35:00+00:00:v1,2026-04-16,LONG,701.415300000000,701.320000000000,-0.095300000000,2026-04-16T19:40:00Z,2026-04-16T19:45:00Z,5,BETTER,0.524700000000,0.620000000000,0.275300000000,0.180000000000,0.134700000000,0.230000000000,-0.095300000000,0.095300000000,True,,,AVAILABLE,AVAILABLE,2026-04-16T19:40:00Z,2026-04-16T19:45:00Z,ADVERSE_FIRST,2026-04-16T19:50:00Z,2026-04-16T19:45:00Z,ADVERSE_FIRST,2026-04-16T19:50:00Z,2026-04-16T19:45:00Z,ADVERSE_FIRST,,2026-04-16T19:45:00Z,ADVERSE_FIRST,,2026-04-16T19:45:00Z,FAVORABLE_FIRST,2026-04-16T19:50:00Z,,NEITHER,,,NEITHER,,,NEITHER,,,NEITHER,,,FAVORABLE_FIRST,2026-04-16T19:46:00Z,,FAVORABLE_FIRST,2026-04-16T19:50:00Z,,NEITHER,,,NEITHER,,,FAVORABLE_FIRST,2026-04-16T19:50:00Z,,NEITHER,,,NEITHER,,,NEITHER,,,NEITHER,,
SPY:2026-04-17:LONG:2026-04-17T13:50:00+00:00:v1,2026-04-17,LONG,707.725000000000,708.350000000000,0.625000000000,2026-04-17T13:55:00Z,2026-04-17T14:00:00Z,5,WORSE,4.665000000000,4.040000000000,0.215000000000,0.200000000000,2.315000000000,1.690000000000,0.625000000000,0.015000000000,True,,,AVAILABLE,AVAILABLE,2026-04-17T13:55:00Z,2026-04-17T14:00:00Z,FAVORABLE_FIRST,2026-04-17T13:56:00Z,,FAVORABLE_FIRST,2026-04-17T13:57:00Z,,FAVORABLE_FIRST,2026-04-17T14:00:00Z,,FAVORABLE_FIRST,2026-04-17T14:04:00Z,,FAVORABLE_FIRST,2026-04-17T13:57:00Z,,FAVORABLE_FIRST,2026-04-17T14:00:00Z,,FAVORABLE_FIRST,2026-04-17T14:04:00Z,,FAVORABLE_FIRST,2026-04-17T14:10:00Z,,FAVORABLE_FIRST,2026-04-17T14:33:00Z,,FAVORABLE_FIRST,2026-04-17T14:01:00Z,,FAVORABLE_FIRST,2026-04-17T14:04:00Z,,FAVORABLE_FIRST,2026-04-17T14:07:00Z,,FAVORABLE_FIRST,2026-04-17T14:10:00Z,,FAVORABLE_FIRST,2026-04-17T14:04:00Z,,FAVORABLE_FIRST,2026-04-17T14:07:00Z,,FAVORABLE_FIRST,2026-04-17T14:10:00Z,,FAVORABLE_FIRST,2026-04-17T14:33:00Z,,FAVORABLE_FIRST,2026-04-17T14:40:00Z,
SPY:2026-04-20:LONG:2026-04-20T13:54:00+00:00:v1,2026-04-20,LONG,709.340000000000,709.670000000000,0.330000000000,2026-04-20T13:55:00Z,2026-04-20T14:00:00Z,5,WORSE,0.570000000000,0.050000000000,3.200000000000,3.530000000000,-0.650000000000,-0.980000000000,0.520000000000,-0.330000000000,True,10,5,AVAILABLE,AVAILABLE,2026-04-20T13:55:00Z,2026-04-20T14:00:00Z,FAVORABLE_FIRST,2026-04-20T13:55:00Z,2026-04-20T14:03:00Z,FAVORABLE_FIRST,2026-04-20T13:56:00Z,2026-04-20T14:03:00Z,ADVERSE_FIRST,,2026-04-20T14:03:00Z,ADVERSE_FIRST,,2026-04-20T14:03:00Z,FAVORABLE_FIRST,2026-04-20T13:56:00Z,2026-04-20T14:08:00Z,ADVERSE_FIRST,,2026-04-20T14:08:00Z,ADVERSE_FIRST,,2026-04-20T14:08:00Z,ADVERSE_FIRST,,2026-04-20T14:08:00Z,ADVERSE_FIRST,,2026-04-20T14:08:00Z,ADVERSE_FIRST,,2026-04-20T14:01:00Z,ADVERSE_FIRST,,2026-04-20T14:01:00Z,ADVERSE_FIRST,,2026-04-20T14:01:00Z,ADVERSE_FIRST,,2026-04-20T14:01:00Z,ADVERSE_FIRST,,2026-04-20T14:01:00Z,ADVERSE_FIRST,,2026-04-20T14:01:00Z,ADVERSE_FIRST,,2026-04-20T14:01:00Z,ADVERSE_FIRST,,2026-04-20T14:01:00Z,ADVERSE_FIRST,,2026-04-20T14:01:00Z
SPY:2026-04-20:SHORT:2026-04-20T14:50:00+00:00:v1,2026-04-20,SHORT,707.750000000000,707.155000000000,0.595000000000,2026-04-20T14:55:00Z,2026-04-20T15:00:00Z,5,WORSE,1.610000000000,1.015000000000,1.050000000000,1.645000000000,-0.940000000000,-1.535000000000,0.595000000000,-0.595000000000,True,205,200,AVAILABLE,AVAILABLE,2026-04-20T14:55:00Z,2026-04-20T15:00:00Z,FAVORABLE_FIRST,2026-04-20T14:55:00Z,2026-04-20T15:24:00Z,FAVORABLE_FIRST,2026-04-20T14:55:00Z,2026-04-20T15:24:00Z,FAVORABLE_FIRST,2026-04-20T14:56:00Z,2026-04-20T15:24:00Z,FAVORABLE_FIRST,2026-04-20T15:03:00Z,2026-04-20T15:24:00Z,FAVORABLE_FIRST,2026-04-20T14:55:00Z,2026-04-20T15:24:00Z,FAVORABLE_FIRST,2026-04-20T14:56:00Z,2026-04-20T15:24:00Z,FAVORABLE_FIRST,2026-04-20T15:03:00Z,2026-04-20T15:24:00Z,FAVORABLE_FIRST,2026-04-20T15:07:00Z,2026-04-20T15:24:00Z,ADVERSE_FIRST,,2026-04-20T15:24:00Z,ADVERSE_FIRST,2026-04-20T15:03:00Z,2026-04-20T15:00:00Z,ADVERSE_FIRST,2026-04-20T15:04:00Z,2026-04-20T15:00:00Z,ADVERSE_FIRST,2026-04-20T15:06:00Z,2026-04-20T15:00:00Z,ADVERSE_FIRST,2026-04-20T15:07:00Z,2026-04-20T15:00:00Z,ADVERSE_FIRST,2026-04-20T15:04:00Z,2026-04-20T15:00:00Z,ADVERSE_FIRST,2026-04-20T15:06:00Z,2026-04-20T15:00:00Z,ADVERSE_FIRST,2026-04-20T15:07:00Z,2026-04-20T15:00:00Z,ADVERSE_FIRST,,2026-04-20T15:00:00Z,ADVERSE_FIRST,,2026-04-20T15:00:00Z
SPY:2026-04-20:SHORT:2026-04-20T18:26:00+00:00:v1,2026-04-20,SHORT,708.320000000000,708.310000000000,0.010000000000,2026-04-20T18:30:00Z,2026-04-20T18:35:00Z,5,UNCHANGED_WITHIN_ONE_CENT,0.720000000000,0.710000000000,0.480000000000,0.490000000000,-0.370000000000,-0.380000000000,0.010000000000,-0.010000000000,True,25,20,AVAILABLE,AVAILABLE,2026-04-20T18:30:00Z,2026-04-20T18:35:00Z,FAVORABLE_FIRST,2026-04-20T18:32:00Z,2026-04-20T18:54:00Z,ADVERSE_FIRST,2026-04-20T19:34:00Z,2026-04-20T18:54:00Z,ADVERSE_FIRST,,2026-04-20T18:54:00Z,ADVERSE_FIRST,,2026-04-20T18:54:00Z,FAVORABLE_FIRST,2026-04-20T19:34:00Z,2026-04-20T19:59:00Z,ADVERSE_FIRST,,2026-04-20T19:59:00Z,ADVERSE_FIRST,,2026-04-20T19:59:00Z,ADVERSE_FIRST,,2026-04-20T19:59:00Z,ADVERSE_FIRST,,2026-04-20T19:59:00Z,FAVORABLE_FIRST,2026-04-20T18:36:00Z,2026-04-20T18:54:00Z,ADVERSE_FIRST,2026-04-20T19:34:00Z,2026-04-20T18:54:00Z,ADVERSE_FIRST,,2026-04-20T18:54:00Z,ADVERSE_FIRST,,2026-04-20T18:54:00Z,ADVERSE_FIRST,2026-04-20T19:34:00Z,2026-04-20T18:55:00Z,ADVERSE_FIRST,,2026-04-20T18:55:00Z,ADVERSE_FIRST,,2026-04-20T18:55:00Z,ADVERSE_FIRST,,2026-04-20T18:55:00Z,ADVERSE_FIRST,,2026-04-20T18:55:00Z
SPY:2026-04-20:SHORT:2026-04-20T18:57:00+00:00:v1,2026-04-20,SHORT,708.270000000000,708.250000000000,0.020000000000,2026-04-20T19:00:00Z,2026-04-20T19:05:00Z,5,WORSE,0.670000000000,0.650000000000,0.530000000000,0.550000000000,-0.420000000000,-0.440000000000,0.020000000000,-0.020000000000,True,10,5,AVAILABLE,AVAILABLE,2026-04-20T19:00:00Z,2026-04-20T19:05:00Z,ADVERSE_FIRST,2026-04-20T19:25:00Z,2026-04-20T19:06:00Z,ADVERSE_FIRST,2026-04-20T19:35:00Z,2026-04-20T19:06:00Z,ADVERSE_FIRST,,2026-04-20T19:06:00Z,ADVERSE_FIRST,,2026-04-20T19:06:00Z,ADVERSE_FIRST,2026-04-20T19:35:00Z,2026-04-20T19:06:00Z,ADVERSE_FIRST,,2026-04-20T19:06:00Z,ADVERSE_FIRST,,2026-04-20T19:06:00Z,ADVERSE_FIRST,,2026-04-20T19:06:00Z,ADVERSE_FIRST,,2026-04-20T19:06:00Z,ADVERSE_FIRST,2026-04-20T19:26:00Z,2026-04-20T19:06:00Z,ADVERSE_FIRST,2026-04-20T19:35:00Z,2026-04-20T19:06:00Z,ADVERSE_FIRST,,2026-04-20T19:06:00Z,ADVERSE_FIRST,,2026-04-20T19:06:00Z,ADVERSE_FIRST,2026-04-20T19:35:00Z,2026-04-20T19:06:00Z,ADVERSE_FIRST,,2026-04-20T19:06:00Z,ADVERSE_FIRST,,2026-04-20T19:06:00Z,ADVERSE_FIRST,,2026-04-20T19:06:00Z,ADVERSE_FIRST,,2026-04-20T19:06:00Z
SPY:2026-04-20:SHORT:2026-04-20T19:15:00+00:00:v1,2026-04-20,SHORT,708.320000000000,708.155000000000,0.165000000000,2026-04-20T19:20:00Z,2026-04-20T19:25:00Z,5,WORSE,0.720000000000,0.555000000000,0.480000000000,0.645000000000,-0.370000000000,-0.535000000000,0.165000000000,-0.165000000000,True,40,35,AVAILABLE,AVAILABLE,2026-04-20T19:20:00Z,2026-04-20T19:25:00Z,FAVORABLE_FIRST,2026-04-20T19:25:00Z,2026-04-20T19:59:00Z,FAVORABLE_FIRST,2026-04-20T19:34:00Z,2026-04-20T19:59:00Z,ADVERSE_FIRST,,2026-04-20T19:59:00Z,ADVERSE_FIRST,,2026-04-20T19:59:00Z,FAVORABLE_FIRST,2026-04-20T19:34:00Z,2026-04-20T19:59:00Z,ADVERSE_FIRST,,2026-04-20T19:59:00Z,ADVERSE_FIRST,,2026-04-20T19:59:00Z,ADVERSE_FIRST,,2026-04-20T19:59:00Z,ADVERSE_FIRST,,2026-04-20T19:59:00Z,FAVORABLE_FIRST,2026-04-20T19:33:00Z,2026-04-20T19:58:00Z,FAVORABLE_FIRST,2026-04-20T19:44:00Z,2026-04-20T19:58:00Z,ADVERSE_FIRST,,2026-04-20T19:58:00Z,ADVERSE_FIRST,,2026-04-20T19:58:00Z,FAVORABLE_FIRST,2026-04-20T19:44:00Z,2026-04-20T19:58:00Z,ADVERSE_FIRST,,2026-04-20T19:58:00Z,ADVERSE_FIRST,,2026-04-20T19:58:00Z,ADVERSE_FIRST,,2026-04-20T19:58:00Z,ADVERSE_FIRST,,2026-04-20T19:58:00Z
SPY:2026-04-21:LONG:2026-04-21T13:52:00+00:00:v1,2026-04-21,LONG,710.640000000000,710.770000000000,0.130000000000,2026-04-21T13:55:00Z,2026-04-21T14:00:00Z,5,WORSE,0.635000000000,0.505000000000,8.000000000000,8.130000000000,-6.490000000000,-6.620000000000,0.130000000000,-0.130000000000,True,30,25,AVAILABLE,AVAILABLE,2026-04-21T13:55:00Z,2026-04-21T14:00:00Z,FAVORABLE_FIRST,2026-04-21T14:00:00Z,2026-04-21T14:20:00Z,FAVORABLE_FIRST,2026-04-21T14:09:00Z,2026-04-21T14:20:00Z,ADVERSE_FIRST,,2026-04-21T14:20:00Z,ADVERSE_FIRST,,2026-04-21T14:20:00Z,FAVORABLE_FIRST,2026-04-21T14:09:00Z,2026-04-21T14:23:00Z,ADVERSE_FIRST,,2026-04-21T14:23:00Z,ADVERSE_FIRST,,2026-04-21T14:23:00Z,ADVERSE_FIRST,,2026-04-21T14:23:00Z,ADVERSE_FIRST,,2026-04-21T14:23:00Z,ADVERSE_FIRST,2026-04-21T14:08:00Z,2026-04-21T14:00:00Z,ADVERSE_FIRST,2026-04-21T14:17:00Z,2026-04-21T14:00:00Z,ADVERSE_FIRST,,2026-04-21T14:00:00Z,ADVERSE_FIRST,,2026-04-21T14:00:00Z,ADVERSE_FIRST,2026-04-21T14:17:00Z,2026-04-21T14:00:00Z,ADVERSE_FIRST,,2026-04-21T14:00:00Z,ADVERSE_FIRST,,2026-04-21T14:00:00Z,ADVERSE_FIRST,,2026-04-21T14:00:00Z,ADVERSE_FIRST,,2026-04-21T14:00:00Z
SPY:2026-04-21:SHORT:2026-04-21T14:50:00+00:00:v1,2026-04-21,SHORT,709.045000000000,707.590000000000,1.455000000000,2026-04-21T14:55:00Z,2026-04-21T15:00:00Z,5,WORSE,6.405000000000,4.950000000000,0,0.610000000000,4.895000000000,3.440000000000,1.455000000000,-0.610000000000,True,,,AVAILABLE,AVAILABLE,2026-04-21T14:55:00Z,2026-04-21T15:00:00Z,FAVORABLE_FIRST,2026-04-21T14:55:00Z,,FAVORABLE_FIRST,2026-04-21T14:57:00Z,,FAVORABLE_FIRST,2026-04-21T14:58:00Z,,FAVORABLE_FIRST,2026-04-21T14:58:00Z,,FAVORABLE_FIRST,2026-04-21T14:57:00Z,,FAVORABLE_FIRST,2026-04-21T14:58:00Z,,FAVORABLE_FIRST,2026-04-21T14:58:00Z,,FAVORABLE_FIRST,2026-04-21T14:59:00Z,,FAVORABLE_FIRST,2026-04-21T15:00:00Z,,AMBIGUOUS_SAME_BAR,2026-04-21T15:00:00Z,2026-04-21T15:00:00Z,AMBIGUOUS_SAME_BAR,2026-04-21T15:00:00Z,2026-04-21T15:00:00Z,ADVERSE_FIRST,2026-04-21T15:01:00Z,2026-04-21T15:00:00Z,ADVERSE_FIRST,2026-04-21T15:03:00Z,2026-04-21T15:00:00Z,FAVORABLE_FIRST,2026-04-21T15:00:00Z,2026-04-21T15:10:00Z,FAVORABLE_FIRST,2026-04-21T15:01:00Z,2026-04-21T15:10:00Z,FAVORABLE_FIRST,2026-04-21T15:03:00Z,2026-04-21T15:10:00Z,ADVERSE_FIRST,2026-04-21T15:36:00Z,2026-04-21T15:10:00Z,ADVERSE_FIRST,2026-04-21T16:59:00Z,2026-04-21T15:10:00Z
SPY:2026-04-22:LONG:2026-04-22T13:59:00+00:00:v1,2026-04-22,LONG,709.390000000000,709.375000000000,-0.015000000000,2026-04-22T14:00:00Z,2026-04-22T14:05:00Z,5,BETTER,2.060000000000,2.075000000000,0.630000000000,0.615000000000,1.820000000000,1.835000000000,-0.015000000000,0.015000000000,True,105,100,AVAILABLE,AVAILABLE,2026-04-22T14:00:00Z,2026-04-22T14:05:00Z,FAVORABLE_FIRST,2026-04-22T14:00:00Z,2026-04-22T14:05:00Z,FAVORABLE_FIRST,2026-04-22T14:01:00Z,2026-04-22T14:05:00Z,ADVERSE_FIRST,2026-04-22T14:14:00Z,2026-04-22T14:05:00Z,ADVERSE_FIRST,2026-04-22T14:15:00Z,2026-04-22T14:05:00Z,FAVORABLE_FIRST,2026-04-22T14:01:00Z,2026-04-22T14:05:00Z,ADVERSE_FIRST,2026-04-22T14:14:00Z,2026-04-22T14:05:00Z,ADVERSE_FIRST,2026-04-22T14:15:00Z,2026-04-22T14:05:00Z,ADVERSE_FIRST,2026-04-22T19:50:00Z,2026-04-22T14:05:00Z,ADVERSE_FIRST,2026-04-22T19:59:00Z,2026-04-22T14:05:00Z,ADVERSE_FIRST,2026-04-22T14:07:00Z,2026-04-22T14:05:00Z,ADVERSE_FIRST,2026-04-22T14:10:00Z,2026-04-22T14:05:00Z,ADVERSE_FIRST,2026-04-22T14:14:00Z,2026-04-22T14:05:00Z,ADVERSE_FIRST,2026-04-22T14:15:00Z,2026-04-22T14:05:00Z,ADVERSE_FIRST,2026-04-22T14:10:00Z,2026-04-22T14:05:00Z,ADVERSE_FIRST,2026-04-22T14:14:00Z,2026-04-22T14:05:00Z,ADVERSE_FIRST,2026-04-22T14:15:00Z,2026-04-22T14:05:00Z,ADVERSE_FIRST,2026-04-22T19:50:00Z,2026-04-22T14:05:00Z,ADVERSE_FIRST,2026-04-22T19:59:00Z,2026-04-22T14:05:00Z
SPY:2026-04-22:LONG:2026-04-22T15:45:00+00:00:v1,2026-04-22,LONG,709.765000000000,709.690000000000,-0.075000000000,2026-04-22T15:50:00Z,2026-04-22T15:55:00Z,5,BETTER,1.685000000000,1.760000000000,0.965000000000,0.890000000000,1.445000000000,1.520000000000,-0.075000000000,0.075000000000,True,40,35,AVAILABLE,AVAILABLE,2026-04-22T15:50:00Z,2026-04-22T15:55:00Z,ADVERSE_FIRST,2026-04-22T15:56:00Z,2026-04-22T15:52:00Z,ADVERSE_FIRST,2026-04-22T17:10:00Z,2026-04-22T15:52:00Z,ADVERSE_FIRST,2026-04-22T19:25:00Z,2026-04-22T15:52:00Z,ADVERSE_FIRST,2026-04-22T19:50:00Z,2026-04-22T15:52:00Z,ADVERSE_FIRST,2026-04-22T17:10:00Z,2026-04-22T16:01:00Z,ADVERSE_FIRST,2026-04-22T19:25:00Z,2026-04-22T16:01:00Z,ADVERSE_FIRST,2026-04-22T19:50:00Z,2026-04-22T16:01:00Z,ADVERSE_FIRST,2026-04-22T19:54:00Z,2026-04-22T16:01:00Z,ADVERSE_FIRST,,2026-04-22T16:01:00Z,FAVORABLE_FIRST,2026-04-22T15:55:00Z,2026-04-22T16:01:00Z,ADVERSE_FIRST,2026-04-22T17:10:00Z,2026-04-22T16:01:00Z,ADVERSE_FIRST,2026-04-22T19:20:00Z,2026-04-22T16:01:00Z,ADVERSE_FIRST,2026-04-22T19:49:00Z,2026-04-22T16:01:00Z,ADVERSE_FIRST,2026-04-22T17:10:00Z,2026-04-22T16:02:00Z,ADVERSE_FIRST,2026-04-22T19:20:00Z,2026-04-22T16:02:00Z,ADVERSE_FIRST,2026-04-22T19:49:00Z,2026-04-22T16:02:00Z,ADVERSE_FIRST,2026-04-22T19:54:00Z,2026-04-22T16:02:00Z,ADVERSE_FIRST,,2026-04-22T16:02:00Z
SPY:2026-04-22:LONG:2026-04-22T17:01:00+00:00:v1,2026-04-22,LONG,709.629000000000,709.780000000000,0.151000000000,2026-04-22T17:05:00Z,2026-04-22T17:10:00Z,5,WORSE,1.821000000000,1.670000000000,0.439000000000,0.590000000000,1.581000000000,1.430000000000,0.151000000000,-0.151000000000,True,,,AVAILABLE,AVAILABLE,2026-04-22T17:05:00Z,2026-04-22T17:10:00Z,ADVERSE_FIRST,2026-04-22T17:10:00Z,2026-04-22T17:08:00Z,ADVERSE_FIRST,2026-04-22T17:10:00Z,2026-04-22T17:08:00Z,ADVERSE_FIRST,2026-04-22T17:10:00Z,2026-04-22T17:08:00Z,ADVERSE_FIRST,2026-04-22T19:47:00Z,2026-04-22T17:08:00Z,FAVORABLE_FIRST,2026-04-22T17:10:00Z,2026-04-22T18:22:00Z,FAVORABLE_FIRST,2026-04-22T17:10:00Z,2026-04-22T18:22:00Z,ADVERSE_FIRST,2026-04-22T19:47:00Z,2026-04-22T18:22:00Z,ADVERSE_FIRST,2026-04-22T19:54:00Z,2026-04-22T18:22:00Z,ADVERSE_FIRST,,2026-04-22T18:22:00Z,FAVORABLE_FIRST,2026-04-22T17:10:00Z,2026-04-22T18:20:00Z,FAVORABLE_FIRST,2026-04-22T17:10:00Z,2026-04-22T18:20:00Z,ADVERSE_FIRST,2026-04-22T19:25:00Z,2026-04-22T18:20:00Z,ADVERSE_FIRST,2026-04-22T19:50:00Z,2026-04-22T18:20:00Z,FAVORABLE_FIRST,2026-04-22T17:10:00Z,2026-04-22T18:20:00Z,ADVERSE_FIRST,2026-04-22T19:25:00Z,2026-04-22T18:20:00Z,ADVERSE_FIRST,2026-04-22T19:50:00Z,2026-04-22T18:20:00Z,ADVERSE_FIRST,2026-04-22T19:54:00Z,2026-04-22T18:20:00Z,ADVERSE_FIRST,,2026-04-22T18:20:00Z
SPY:2026-04-23:LONG:2026-04-23T13:36:00+00:00:v1,2026-04-23,LONG,710.250000000000,710.570000000000,0.320000000000,2026-04-23T13:40:00Z,2026-04-23T13:45:00Z,5,WORSE,2.109800000000,1.789800000000,7.969700000000,8.289700000000,-1.810000000000,-2.130000000000,0.320000000000,-0.320000000000,True,25,20,AVAILABLE,AVAILABLE,2026-04-23T13:40:00Z,2026-04-23T13:45:00Z,ADVERSE_FIRST,2026-04-23T13:41:00Z,2026-04-23T13:40:00Z,ADVERSE_FIRST,2026-04-23T13:46:00Z,2026-04-23T13:40:00Z,ADVERSE_FIRST,2026-04-23T13:48:00Z,2026-04-23T13:40:00Z,ADVERSE_FIRST,2026-04-23T13:48:00Z,2026-04-23T13:40:00Z,ADVERSE_FIRST,2026-04-23T13:46:00Z,2026-04-23T13:40:00Z,ADVERSE_FIRST,2026-04-23T13:48:00Z,2026-04-23T13:40:00Z,ADVERSE_FIRST,2026-04-23T13:48:00Z,2026-04-23T13:40:00Z,ADVERSE_FIRST,2026-04-23T14:56:00Z,2026-04-23T13:40:00Z,ADVERSE_FIRST,2026-04-23T15:26:00Z,2026-04-23T13:40:00Z,FAVORABLE_FIRST,2026-04-23T13:46:00Z,2026-04-23T13:50:00Z,FAVORABLE_FIRST,2026-04-23T13:48:00Z,2026-04-23T13:50:00Z,ADVERSE_FIRST,2026-04-23T14:52:00Z,2026-04-23T13:50:00Z,ADVERSE_FIRST,2026-04-23T14:55:00Z,2026-04-23T13:50:00Z,FAVORABLE_FIRST,2026-04-23T13:48:00Z,2026-04-23T13:50:00Z,ADVERSE_FIRST,2026-04-23T14:52:00Z,2026-04-23T13:50:00Z,ADVERSE_FIRST,2026-04-23T14:55:00Z,2026-04-23T13:50:00Z,ADVERSE_FIRST,2026-04-23T15:17:00Z,2026-04-23T13:50:00Z,ADVERSE_FIRST,,2026-04-23T13:50:00Z
SPY:2026-04-23:LONG:2026-04-23T14:05:00+00:00:v1,2026-04-23,LONG,710.270000000000,710.090000000000,-0.180000000000,2026-04-23T14:10:00Z,2026-04-23T14:15:00Z,5,BETTER,2.089800000000,2.269800000000,7.989700000000,7.809700000000,-1.830000000000,-1.650000000000,-0.180000000000,0.180000000000,True,175,170,AVAILABLE,AVAILABLE,2026-04-23T14:10:00Z,2026-04-23T14:15:00Z,ADVERSE_FIRST,2026-04-23T14:15:00Z,2026-04-23T14:10:00Z,ADVERSE_FIRST,2026-04-23T14:24:00Z,2026-04-23T14:10:00Z,ADVERSE_FIRST,2026-04-23T14:31:00Z,2026-04-23T14:10:00Z,ADVERSE_FIRST,2026-04-23T14:52:00Z,2026-04-23T14:10:00Z,ADVERSE_FIRST,2026-04-23T14:24:00Z,2026-04-23T14:10:00Z,ADVERSE_FIRST,2026-04-23T14:31:00Z,2026-04-23T14:10:00Z,ADVERSE_FIRST,2026-04-23T14:52:00Z,2026-04-23T14:10:00Z,ADVERSE_FIRST,2026-04-23T14:56:00Z,2026-04-23T14:10:00Z,ADVERSE_FIRST,2026-04-23T15:26:00Z,2026-04-23T14:10:00Z,FAVORABLE_FIRST,2026-04-23T14:15:00Z,2026-04-23T17:01:00Z,FAVORABLE_FIRST,2026-04-23T14:15:00Z,2026-04-23T17:01:00Z,FAVORABLE_FIRST,2026-04-23T14:24:00Z,2026-04-23T17:01:00Z,FAVORABLE_FIRST,2026-04-23T14:32:00Z,2026-04-23T17:01:00Z,FAVORABLE_FIRST,2026-04-23T14:15:00Z,2026-04-23T17:01:00Z,FAVORABLE_FIRST,2026-04-23T14:24:00Z,2026-04-23T17:01:00Z,FAVORABLE_FIRST,2026-04-23T14:32:00Z,2026-04-23T17:01:00Z,FAVORABLE_FIRST,2026-04-23T14:55:00Z,2026-04-23T17:01:00Z,FAVORABLE_FIRST,2026-04-23T15:17:00Z,2026-04-23T17:01:00Z
SPY:2026-04-23:SHORT:2026-04-23T17:05:00+00:00:v1,2026-04-23,SHORT,707.910000000000,707.750000000000,0.160000000000,2026-04-23T17:10:00Z,2026-04-23T17:15:00Z,5,WORSE,5.629700000000,5.469700000000,1.570000000000,1.730000000000,-0.530000000000,-0.690000000000,0.160000000000,-0.160000000000,True,,,AVAILABLE,AVAILABLE,2026-04-23T17:10:00Z,2026-04-23T17:15:00Z,FAVORABLE_FIRST,2026-04-23T17:10:00Z,2026-04-23T17:11:00Z,FAVORABLE_FIRST,2026-04-23T17:10:00Z,2026-04-23T17:11:00Z,ADVERSE_FIRST,2026-04-23T17:15:00Z,2026-04-23T17:11:00Z,ADVERSE_FIRST,2026-04-23T17:16:00Z,2026-04-23T17:11:00Z,FAVORABLE_FIRST,2026-04-23T17:10:00Z,2026-04-23T18:10:00Z,FAVORABLE_FIRST,2026-04-23T17:15:00Z,2026-04-23T18:10:00Z,FAVORABLE_FIRST,2026-04-23T17:16:00Z,2026-04-23T18:10:00Z,FAVORABLE_FIRST,2026-04-23T17:19:00Z,2026-04-23T18:10:00Z,FAVORABLE_FIRST,2026-04-23T17:29:00Z,2026-04-23T18:10:00Z,FAVORABLE_FIRST,2026-04-23T17:15:00Z,2026-04-23T18:10:00Z,FAVORABLE_FIRST,2026-04-23T17:15:00Z,2026-04-23T18:10:00Z,FAVORABLE_FIRST,2026-04-23T17:16:00Z,2026-04-23T18:10:00Z,FAVORABLE_FIRST,2026-04-23T17:16:00Z,2026-04-23T18:10:00Z,FAVORABLE_FIRST,2026-04-23T17:15:00Z,2026-04-23T18:10:00Z,FAVORABLE_FIRST,2026-04-23T17:16:00Z,2026-04-23T18:10:00Z,FAVORABLE_FIRST,2026-04-23T17:16:00Z,2026-04-23T18:10:00Z,FAVORABLE_FIRST,2026-04-23T17:19:00Z,2026-04-23T18:10:00Z,FAVORABLE_FIRST,2026-04-23T17:37:00Z,2026-04-23T18:10:00Z
SPY:2026-04-24:LONG:2026-04-24T14:55:00+00:00:v1,2026-04-24,LONG,711.440000000000,711.440000000000,0E-12,2026-04-24T15:00:00Z,2026-04-24T15:05:00Z,5,UNCHANGED_WITHIN_ONE_CENT,3.030000000000,3.030000000000,0.250000000000,0.250000000000,2.540000000000,2.540000000000,0E-12,0E-12,True,,,AVAILABLE,AVAILABLE,2026-04-24T15:00:00Z,2026-04-24T15:05:00Z,ADVERSE_FIRST,2026-04-24T15:10:00Z,2026-04-24T15:07:00Z,ADVERSE_FIRST,2026-04-24T15:22:00Z,2026-04-24T15:07:00Z,ADVERSE_FIRST,2026-04-24T15:44:00Z,2026-04-24T15:07:00Z,ADVERSE_FIRST,2026-04-24T15:44:00Z,2026-04-24T15:07:00Z,FAVORABLE_FIRST,2026-04-24T15:22:00Z,,FAVORABLE_FIRST,2026-04-24T15:44:00Z,,FAVORABLE_FIRST,2026-04-24T15:44:00Z,,FAVORABLE_FIRST,2026-04-24T15:44:00Z,,FAVORABLE_FIRST,2026-04-24T15:44:00Z,,ADVERSE_FIRST,2026-04-24T15:10:00Z,2026-04-24T15:07:00Z,ADVERSE_FIRST,2026-04-24T15:22:00Z,2026-04-24T15:07:00Z,ADVERSE_FIRST,2026-04-24T15:44:00Z,2026-04-24T15:07:00Z,ADVERSE_FIRST,2026-04-24T15:44:00Z,2026-04-24T15:07:00Z,FAVORABLE_FIRST,2026-04-24T15:22:00Z,,FAVORABLE_FIRST,2026-04-24T15:44:00Z,,FAVORABLE_FIRST,2026-04-24T15:44:00Z,,FAVORABLE_FIRST,2026-04-24T15:44:00Z,,FAVORABLE_FIRST,2026-04-24T15:44:00Z,
SPY:2026-04-27:SHORT:2026-04-27T15:15:00+00:00:v1,2026-04-27,SHORT,712.840000000000,712.555000000000,0.285000000000,2026-04-27T15:20:00Z,2026-04-27T15:25:00Z,5,WORSE,0.545000000000,0.145000000000,2.790000000000,3.075000000000,-2.310000000000,-2.595000000000,0.400000000000,-0.285000000000,True,10,5,AVAILABLE,AVAILABLE,2026-04-27T15:20:00Z,2026-04-27T15:25:00Z,FAVORABLE_FIRST,2026-04-27T15:21:00Z,2026-04-27T15:30:00Z,FAVORABLE_FIRST,2026-04-27T15:22:00Z,2026-04-27T15:30:00Z,ADVERSE_FIRST,,2026-04-27T15:30:00Z,ADVERSE_FIRST,,2026-04-27T15:30:00Z,FAVORABLE_FIRST,2026-04-27T15:22:00Z,2026-04-27T15:30:00Z,ADVERSE_FIRST,,2026-04-27T15:30:00Z,ADVERSE_FIRST,,2026-04-27T15:30:00Z,ADVERSE_FIRST,,2026-04-27T15:30:00Z,ADVERSE_FIRST,,2026-04-27T15:30:00Z,ADVERSE_FIRST,,2026-04-27T15:27:00Z,ADVERSE_FIRST,,2026-04-27T15:27:00Z,ADVERSE_FIRST,,2026-04-27T15:27:00Z,ADVERSE_FIRST,,2026-04-27T15:27:00Z,ADVERSE_FIRST,,2026-04-27T15:27:00Z,ADVERSE_FIRST,,2026-04-27T15:27:00Z,ADVERSE_FIRST,,2026-04-27T15:27:00Z,ADVERSE_FIRST,,2026-04-27T15:27:00Z,ADVERSE_FIRST,,2026-04-27T15:27:00Z
SPY:2026-04-27:LONG:2026-04-27T16:34:00+00:00:v1,2026-04-27,LONG,714.160000000000,714.270000000000,0.110000000000,2026-04-27T16:35:00Z,2026-04-27T16:40:00Z,5,WORSE,1.470000000000,1.360000000000,0.300000000000,0.410000000000,0.990000000000,0.880000000000,0.110000000000,-0.110000000000,True,10,5,AVAILABLE,AVAILABLE,2026-04-27T16:35:00Z,2026-04-27T16:40:00Z,ADVERSE_FIRST,2026-04-27T17:15:00Z,2026-04-27T16:55:00Z,ADVERSE_FIRST,2026-04-27T17:23:00Z,2026-04-27T16:55:00Z,ADVERSE_FIRST,2026-04-27T17:31:00Z,2026-04-27T16:55:00Z,ADVERSE_FIRST,2026-04-27T17:33:00Z,2026-04-27T16:55:00Z,ADVERSE_FIRST,2026-04-27T17:23:00Z,2026-04-27T16:57:00Z,ADVERSE_FIRST,2026-04-27T17:31:00Z,2026-04-27T16:57:00Z,ADVERSE_FIRST,2026-04-27T17:33:00Z,2026-04-27T16:57:00Z,ADVERSE_FIRST,,2026-04-27T16:57:00Z,ADVERSE_FIRST,,2026-04-27T16:57:00Z,ADVERSE_FIRST,2026-04-27T17:23:00Z,2026-04-27T16:54:00Z,ADVERSE_FIRST,2026-04-27T17:30:00Z,2026-04-27T16:54:00Z,ADVERSE_FIRST,2026-04-27T17:33:00Z,2026-04-27T16:54:00Z,ADVERSE_FIRST,2026-04-27T19:32:00Z,2026-04-27T16:54:00Z,ADVERSE_FIRST,2026-04-27T17:30:00Z,2026-04-27T16:55:00Z,ADVERSE_FIRST,2026-04-27T17:33:00Z,2026-04-27T16:55:00Z,ADVERSE_FIRST,2026-04-27T19:32:00Z,2026-04-27T16:55:00Z,ADVERSE_FIRST,,2026-04-27T16:55:00Z,ADVERSE_FIRST,,2026-04-27T16:55:00Z
SPY:2026-04-27:LONG:2026-04-27T17:00:00+00:00:v1,2026-04-27,LONG,714.220000000000,714.220000000000,0E-12,2026-04-27T17:05:00Z,2026-04-27T17:10:00Z,5,UNCHANGED_WITHIN_ONE_CENT,1.410000000000,1.410000000000,0.340000000000,0.340000000000,0.930000000000,0.930000000000,0E-12,0E-12,True,15,10,AVAILABLE,AVAILABLE,2026-04-27T17:05:00Z,2026-04-27T17:10:00Z,ADVERSE_FIRST,2026-04-27T17:23:00Z,2026-04-27T17:18:00Z,ADVERSE_FIRST,2026-04-27T17:23:00Z,2026-04-27T17:18:00Z,ADVERSE_FIRST,2026-04-27T17:32:00Z,2026-04-27T17:18:00Z,ADVERSE_FIRST,2026-04-27T18:19:00Z,2026-04-27T17:18:00Z,ADVERSE_FIRST,2026-04-27T17:23:00Z,2026-04-27T17:18:00Z,ADVERSE_FIRST,2026-04-27T17:32:00Z,2026-04-27T17:18:00Z,ADVERSE_FIRST,2026-04-27T18:19:00Z,2026-04-27T17:18:00Z,ADVERSE_FIRST,,2026-04-27T17:18:00Z,ADVERSE_FIRST,,2026-04-27T17:18:00Z,ADVERSE_FIRST,2026-04-27T17:23:00Z,2026-04-27T17:18:00Z,ADVERSE_FIRST,2026-04-27T17:23:00Z,2026-04-27T17:18:00Z,ADVERSE_FIRST,2026-04-27T17:32:00Z,2026-04-27T17:18:00Z,ADVERSE_FIRST,2026-04-27T18:19:00Z,2026-04-27T17:18:00Z,ADVERSE_FIRST,2026-04-27T17:23:00Z,2026-04-27T17:18:00Z,ADVERSE_FIRST,2026-04-27T17:32:00Z,2026-04-27T17:18:00Z,ADVERSE_FIRST,2026-04-27T18:19:00Z,2026-04-27T17:18:00Z,ADVERSE_FIRST,,2026-04-27T17:18:00Z,ADVERSE_FIRST,,2026-04-27T17:18:00Z
SPY:2026-04-27:LONG:2026-04-27T17:20:00+00:00:v1,2026-04-27,LONG,714.370000000000,714.600000000000,0.230000000000,2026-04-27T17:25:00Z,2026-04-27T17:30:00Z,5,WORSE,1.260000000000,1.030000000000,0.060000000000,0.020000000000,0.780000000000,0.550000000000,0.230000000000,0.040000000000,True,,,AVAILABLE,AVAILABLE,2026-04-27T17:25:00Z,2026-04-27T17:30:00Z,FAVORABLE_FIRST,2026-04-27T17:26:00Z,,FAVORABLE_FIRST,2026-04-27T17:31:00Z,,FAVORABLE_FIRST,2026-04-27T17:33:00Z,,FAVORABLE_FIRST,2026-04-27T19:45:00Z,,FAVORABLE_FIRST,2026-04-27T17:31:00Z,,FAVORABLE_FIRST,2026-04-27T17:33:00Z,,FAVORABLE_FIRST,2026-04-27T19:45:00Z,,NEITHER,,,NEITHER,,,FAVORABLE_FIRST,2026-04-27T17:30:00Z,,FAVORABLE_FIRST,2026-04-27T17:33:00Z,,FAVORABLE_FIRST,2026-04-27T19:45:00Z,,FAVORABLE_FIRST,2026-04-27T19:50:00Z,,FAVORABLE_FIRST,2026-04-27T17:33:00Z,,FAVORABLE_FIRST,2026-04-27T19:45:00Z,,FAVORABLE_FIRST,2026-04-27T19:50:00Z,,NEITHER,,,NEITHER,,
SPY:2026-04-28:LONG:2026-04-28T13:40:00+00:00:v1,2026-04-28,LONG,712.420000000000,712.240000000000,-0.180000000000,2026-04-28T13:45:00Z,2026-04-28T13:50:00Z,5,BETTER,0.190000000000,0.160000000000,3.170000000000,2.990000000000,-0.740000000000,-0.560000000000,0.030000000000,0.180000000000,True,10,5,AVAILABLE,AVAILABLE,2026-04-28T13:45:00Z,2026-04-28T13:50:00Z,ADVERSE_FIRST,,2026-04-28T13:46:00Z,ADVERSE_FIRST,,2026-04-28T13:46:00Z,ADVERSE_FIRST,,2026-04-28T13:46:00Z,ADVERSE_FIRST,,2026-04-28T13:46:00Z,ADVERSE_FIRST,,2026-04-28T13:49:00Z,ADVERSE_FIRST,,2026-04-28T13:49:00Z,ADVERSE_FIRST,,2026-04-28T13:49:00Z,ADVERSE_FIRST,,2026-04-28T13:49:00Z,ADVERSE_FIRST,,2026-04-28T13:49:00Z,ADVERSE_FIRST,,2026-04-28T13:52:00Z,ADVERSE_FIRST,,2026-04-28T13:52:00Z,ADVERSE_FIRST,,2026-04-28T13:52:00Z,ADVERSE_FIRST,,2026-04-28T13:52:00Z,ADVERSE_FIRST,,2026-04-28T13:52:00Z,ADVERSE_FIRST,,2026-04-28T13:52:00Z,ADVERSE_FIRST,,2026-04-28T13:52:00Z,ADVERSE_FIRST,,2026-04-28T13:52:00Z,ADVERSE_FIRST,,2026-04-28T13:52:00Z
SPY:2026-04-28:SHORT:2026-04-28T14:35:00+00:00:v1,2026-04-28,SHORT,710.080000000000,710.480000000000,-0.400000000000,2026-04-28T14:40:00Z,2026-04-28T14:45:00Z,5,BETTER,0.830000000000,1.230000000000,2.110000000000,1.710000000000,-1.600000000000,-1.200000000000,-0.400000000000,0.400000000000,True,195,190,AVAILABLE,AVAILABLE,2026-04-28T14:40:00Z,2026-04-28T14:45:00Z,FAVORABLE_FIRST,2026-04-28T14:40:00Z,2026-04-28T14:41:00Z,ADVERSE_FIRST,2026-04-28T14:50:00Z,2026-04-28T14:41:00Z,ADVERSE_FIRST,2026-04-28T14:51:00Z,2026-04-28T14:41:00Z,ADVERSE_FIRST,,2026-04-28T14:41:00Z,ADVERSE_FIRST,2026-04-28T14:50:00Z,2026-04-28T14:41:00Z,ADVERSE_FIRST,2026-04-28T14:51:00Z,2026-04-28T14:41:00Z,ADVERSE_FIRST,,2026-04-28T14:41:00Z,ADVERSE_FIRST,,2026-04-28T14:41:00Z,ADVERSE_FIRST,,2026-04-28T14:41:00Z,FAVORABLE_FIRST,2026-04-28T14:45:00Z,2026-04-28T15:00:00Z,FAVORABLE_FIRST,2026-04-28T14:46:00Z,2026-04-28T15:00:00Z,FAVORABLE_FIRST,2026-04-28T14:50:00Z,2026-04-28T15:00:00Z,FAVORABLE_FIRST,2026-04-28T14:51:00Z,2026-04-28T15:00:00Z,FAVORABLE_FIRST,2026-04-28T14:46:00Z,2026-04-28T15:00:00Z,FAVORABLE_FIRST,2026-04-28T14:50:00Z,2026-04-28T15:00:00Z,FAVORABLE_FIRST,2026-04-28T14:51:00Z,2026-04-28T15:00:00Z,ADVERSE_FIRST,,2026-04-28T15:00:00Z,ADVERSE_FIRST,,2026-04-28T15:00:00Z
SPY:2026-04-29:LONG:2026-04-29T14:22:00+00:00:v1,2026-04-29,LONG,711.370000000000,711.480000000000,0.110000000000,2026-04-29T14:25:00Z,2026-04-29T14:30:00Z,5,WORSE,0.830000000000,0.720000000000,3.000000000000,3.110000000000,0.220000000000,0.110000000000,0.110000000000,-0.110000000000,True,40,35,AVAILABLE,AVAILABLE,2026-04-29T14:25:00Z,2026-04-29T14:30:00Z,FAVORABLE_FIRST,2026-04-29T14:28:00Z,2026-04-29T15:02:00Z,FAVORABLE_FIRST,2026-04-29T14:34:00Z,2026-04-29T15:02:00Z,FAVORABLE_FIRST,2026-04-29T14:37:00Z,2026-04-29T15:02:00Z,ADVERSE_FIRST,,2026-04-29T15:02:00Z,FAVORABLE_FIRST,2026-04-29T14:34:00Z,2026-04-29T15:02:00Z,FAVORABLE_FIRST,2026-04-29T14:37:00Z,2026-04-29T15:02:00Z,ADVERSE_FIRST,,2026-04-29T15:02:00Z,ADVERSE_FIRST,,2026-04-29T15:02:00Z,ADVERSE_FIRST,,2026-04-29T15:02:00Z,FAVORABLE_FIRST,2026-04-29T14:32:00Z,2026-04-29T15:01:00Z,FAVORABLE_FIRST,2026-04-29T14:35:00Z,2026-04-29T15:01:00Z,ADVERSE_FIRST,,2026-04-29T15:01:00Z,ADVERSE_FIRST,,2026-04-29T15:01:00Z,FAVORABLE_FIRST,2026-04-29T14:35:00Z,2026-04-29T15:01:00Z,ADVERSE_FIRST,,2026-04-29T15:01:00Z,ADVERSE_FIRST,,2026-04-29T15:01:00Z,ADVERSE_FIRST,,2026-04-29T15:01:00Z,ADVERSE_FIRST,,2026-04-29T15:01:00Z
SPY:2026-04-29:SHORT:2026-04-29T16:28:00+00:00:v1,2026-04-29,SHORT,709.745000000000,709.090000000000,0.655000000000,2026-04-29T16:30:00Z,2026-04-29T16:35:00Z,5,WORSE,1.375000000000,0.720000000000,1.875000000000,2.530000000000,-1.845000000000,-2.500000000000,0.655000000000,-0.655000000000,True,65,60,AVAILABLE,AVAILABLE,2026-04-29T16:30:00Z,2026-04-29T16:35:00Z,FAVORABLE_FIRST,2026-04-29T16:30:00Z,2026-04-29T16:51:00Z,FAVORABLE_FIRST,2026-04-29T16:31:00Z,2026-04-29T16:51:00Z,FAVORABLE_FIRST,2026-04-29T16:34:00Z,2026-04-29T16:51:00Z,ADVERSE_FIRST,2026-04-29T18:10:00Z,2026-04-29T16:51:00Z,FAVORABLE_FIRST,2026-04-29T16:31:00Z,2026-04-29T16:51:00Z,FAVORABLE_FIRST,2026-04-29T16:34:00Z,2026-04-29T16:51:00Z,ADVERSE_FIRST,2026-04-29T18:10:00Z,2026-04-29T16:51:00Z,ADVERSE_FIRST,,2026-04-29T16:51:00Z,ADVERSE_FIRST,,2026-04-29T16:51:00Z,ADVERSE_FIRST,2026-04-29T18:09:00Z,2026-04-29T16:36:00Z,ADVERSE_FIRST,2026-04-29T18:10:00Z,2026-04-29T16:36:00Z,ADVERSE_FIRST,,2026-04-29T16:36:00Z,ADVERSE_FIRST,,2026-04-29T16:36:00Z,ADVERSE_FIRST,2026-04-29T18:10:00Z,2026-04-29T16:38:00Z,ADVERSE_FIRST,,2026-04-29T16:38:00Z,ADVERSE_FIRST,,2026-04-29T16:38:00Z,ADVERSE_FIRST,,2026-04-29T16:38:00Z,ADVERSE_FIRST,,2026-04-29T16:38:00Z
SPY:2026-04-29:SHORT:2026-04-29T18:00:00+00:00:v1,2026-04-29,SHORT,709.445000000000,708.840100000000,0.604900000000,2026-04-29T18:05:00Z,2026-04-29T18:10:00Z,5,WORSE,1.075000000000,0.470100000000,2.175000000000,2.779900000000,-2.145000000000,-2.749900000000,0.604900000000,-0.604900000000,True,55,50,AVAILABLE,AVAILABLE,2026-04-29T18:05:00Z,2026-04-29T18:10:00Z,ADVERSE_FIRST,2026-04-29T18:08:00Z,2026-04-29T18:07:00Z,ADVERSE_FIRST,2026-04-29T18:08:00Z,2026-04-29T18:07:00Z,ADVERSE_FIRST,2026-04-29T18:10:00Z,2026-04-29T18:07:00Z,ADVERSE_FIRST,2026-04-29T18:45:00Z,2026-04-29T18:07:00Z,ADVERSE_FIRST,2026-04-29T18:08:00Z,2026-04-29T18:07:00Z,ADVERSE_FIRST,2026-04-29T18:10:00Z,2026-04-29T18:07:00Z,ADVERSE_FIRST,2026-04-29T18:45:00Z,2026-04-29T18:07:00Z,ADVERSE_FIRST,,2026-04-29T18:07:00Z,ADVERSE_FIRST,,2026-04-29T18:07:00Z,FAVORABLE_FIRST,2026-04-29T18:10:00Z,2026-04-29T18:12:00Z,ADVERSE_FIRST,,2026-04-29T18:12:00Z,ADVERSE_FIRST,,2026-04-29T18:12:00Z,ADVERSE_FIRST,,2026-04-29T18:12:00Z,ADVERSE_FIRST,,2026-04-29T18:12:00Z,ADVERSE_FIRST,,2026-04-29T18:12:00Z,ADVERSE_FIRST,,2026-04-29T18:12:00Z,ADVERSE_FIRST,,2026-04-29T18:12:00Z,ADVERSE_FIRST,,2026-04-29T18:12:00Z
SPY:2026-04-29:LONG:2026-04-29T19:14:00+00:00:v1,2026-04-29,LONG,711.250000000000,711.280000000000,0.030000000000,2026-04-29T19:15:00Z,2026-04-29T19:20:00Z,5,WORSE,0.370000000000,0.340000000000,1.170000000000,1.200000000000,0.340000000000,0.310000000000,0.030000000000,-0.030000000000,True,15,10,AVAILABLE,AVAILABLE,2026-04-29T19:15:00Z,2026-04-29T19:20:00Z,FAVORABLE_FIRST,2026-04-29T19:15:00Z,2026-04-29T19:21:00Z,ADVERSE_FIRST,,2026-04-29T19:21:00Z,ADVERSE_FIRST,,2026-04-29T19:21:00Z,ADVERSE_FIRST,,2026-04-29T19:21:00Z,ADVERSE_FIRST,,2026-04-29T19:23:00Z,ADVERSE_FIRST,,2026-04-29T19:23:00Z,ADVERSE_FIRST,,2026-04-29T19:23:00Z,ADVERSE_FIRST,,2026-04-29T19:23:00Z,ADVERSE_FIRST,,2026-04-29T19:23:00Z,ADVERSE_FIRST,2026-04-29T19:59:00Z,2026-04-29T19:21:00Z,ADVERSE_FIRST,,2026-04-29T19:21:00Z,ADVERSE_FIRST,,2026-04-29T19:21:00Z,ADVERSE_FIRST,,2026-04-29T19:21:00Z,ADVERSE_FIRST,,2026-04-29T19:21:00Z,ADVERSE_FIRST,,2026-04-29T19:21:00Z,ADVERSE_FIRST,,2026-04-29T19:21:00Z,ADVERSE_FIRST,,2026-04-29T19:21:00Z,ADVERSE_FIRST,,2026-04-29T19:21:00Z
SPY:2026-04-30:SHORT:2026-04-30T13:45:00+00:00:v1,2026-04-30,SHORT,712.520000000000,711.460000000000,1.060000000000,2026-04-30T13:50:00Z,2026-04-30T13:55:00Z,5,WORSE,2.075000000000,1.015000000000,7.270000000000,8.330000000000,-5.910000000000,-6.970000000000,1.060000000000,-1.060000000000,True,60,55,AVAILABLE,AVAILABLE,2026-04-30T13:50:00Z,2026-04-30T13:55:00Z,ADVERSE_FIRST,2026-04-30T13:51:00Z,2026-04-30T13:50:00Z,ADVERSE_FIRST,2026-04-30T13:51:00Z,2026-04-30T13:50:00Z,ADVERSE_FIRST,2026-04-30T13:52:00Z,2026-04-30T13:50:00Z,ADVERSE_FIRST,2026-04-30T13:52:00Z,2026-04-30T13:50:00Z,FAVORABLE_FIRST,2026-04-30T13:51:00Z,2026-04-30T14:46:00Z,FAVORABLE_FIRST,2026-04-30T13:52:00Z,2026-04-30T14:46:00Z,FAVORABLE_FIRST,2026-04-30T13:52:00Z,2026-04-30T14:46:00Z,FAVORABLE_FIRST,2026-04-30T13:57:00Z,2026-04-30T14:46:00Z,FAVORABLE_FIRST,2026-04-30T14:16:00Z,2026-04-30T14:46:00Z,FAVORABLE_FIRST,2026-04-30T13:55:00Z,2026-04-30T14:00:00Z,FAVORABLE_FIRST,2026-04-30T13:57:00Z,2026-04-30T14:00:00Z,ADVERSE_FIRST,2026-04-30T14:09:00Z,2026-04-30T14:00:00Z,ADVERSE_FIRST,2026-04-30T14:17:00Z,2026-04-30T14:00:00Z,FAVORABLE_FIRST,2026-04-30T13:57:00Z,2026-04-30T14:00:00Z,ADVERSE_FIRST,2026-04-30T14:09:00Z,2026-04-30T14:00:00Z,ADVERSE_FIRST,2026-04-30T14:17:00Z,2026-04-30T14:00:00Z,ADVERSE_FIRST,,2026-04-30T14:00:00Z,ADVERSE_FIRST,,2026-04-30T14:00:00Z
SPY:2026-04-30:LONG:2026-04-30T16:10:00+00:00:v1,2026-04-30,LONG,715.300000000000,715.170000000000,-0.130000000000,2026-04-30T16:15:00Z,2026-04-30T16:20:00Z,5,BETTER,4.490000000000,4.620000000000,1.400000000000,1.270000000000,3.130000000000,3.260000000000,-0.130000000000,0.130000000000,True,40,35,AVAILABLE,AVAILABLE,2026-04-30T16:15:00Z,2026-04-30T16:20:00Z,ADVERSE_FIRST,2026-04-30T17:13:00Z,2026-04-30T16:16:00Z,ADVERSE_FIRST,2026-04-30T17:29:00Z,2026-04-30T16:16:00Z,ADVERSE_FIRST,2026-04-30T17:30:00Z,2026-04-30T16:16:00Z,ADVERSE_FIRST,2026-04-30T17:30:00Z,2026-04-30T16:16:00Z,ADVERSE_FIRST,2026-04-30T17:29:00Z,2026-04-30T16:16:00Z,ADVERSE_FIRST,2026-04-30T17:30:00Z,2026-04-30T16:16:00Z,ADVERSE_FIRST,2026-04-30T17:30:00Z,2026-04-30T16:16:00Z,ADVERSE_FIRST,2026-04-30T17:46:00Z,2026-04-30T16:16:00Z,ADVERSE_FIRST,2026-04-30T18:00:00Z,2026-04-30T16:16:00Z,ADVERSE_FIRST,2026-04-30T17:10:00Z,2026-04-30T16:25:00Z,ADVERSE_FIRST,2026-04-30T17:24:00Z,2026-04-30T16:25:00Z,ADVERSE_FIRST,2026-04-30T17:30:00Z,2026-04-30T16:25:00Z,ADVERSE_FIRST,2026-04-30T17:30:00Z,2026-04-30T16:25:00Z,ADVERSE_FIRST,2026-04-30T17:24:00Z,2026-04-30T16:25:00Z,ADVERSE_FIRST,2026-04-30T17:30:00Z,2026-04-30T16:25:00Z,ADVERSE_FIRST,2026-04-30T17:30:00Z,2026-04-30T16:25:00Z,ADVERSE_FIRST,2026-04-30T17:31:00Z,2026-04-30T16:25:00Z,ADVERSE_FIRST,2026-04-30T18:00:00Z,2026-04-30T16:25:00Z
SPY:2026-04-30:LONG:2026-04-30T17:00:00+00:00:v1,2026-04-30,LONG,714.960000000000,715.240000000000,0.280000000000,2026-04-30T17:05:00Z,2026-04-30T17:10:00Z,5,WORSE,4.830000000000,4.550000000000,0.115000000000,0.090000000000,3.470000000000,3.190000000000,0.280000000000,0.025000000000,True,,,AVAILABLE,AVAILABLE,2026-04-30T17:05:00Z,2026-04-30T17:10:00Z,FAVORABLE_FIRST,2026-04-30T17:09:00Z,,FAVORABLE_FIRST,2026-04-30T17:12:00Z,,FAVORABLE_FIRST,2026-04-30T17:24:00Z,,FAVORABLE_FIRST,2026-04-30T17:30:00Z,,FAVORABLE_FIRST,2026-04-30T17:12:00Z,,FAVORABLE_FIRST,2026-04-30T17:24:00Z,,FAVORABLE_FIRST,2026-04-30T17:30:00Z,,FAVORABLE_FIRST,2026-04-30T17:30:00Z,,FAVORABLE_FIRST,2026-04-30T17:57:00Z,,FAVORABLE_FIRST,2026-04-30T17:12:00Z,,FAVORABLE_FIRST,2026-04-30T17:24:00Z,,FAVORABLE_FIRST,2026-04-30T17:30:00Z,,FAVORABLE_FIRST,2026-04-30T17:30:00Z,,FAVORABLE_FIRST,2026-04-30T17:24:00Z,,FAVORABLE_FIRST,2026-04-30T17:30:00Z,,FAVORABLE_FIRST,2026-04-30T17:30:00Z,,FAVORABLE_FIRST,2026-04-30T17:46:00Z,,FAVORABLE_FIRST,2026-04-30T18:00:00Z,
SPY:2026-05-01:LONG:2026-05-01T13:50:00+00:00:v1,2026-05-01,LONG,722.600000000000,724.190000000000,1.590000000000,2026-05-01T13:55:00Z,2026-05-01T14:00:00Z,5,WORSE,2.270000000000,0.680000000000,2.130000000000,3.720000000000,-1.930000000000,-3.520000000000,1.590000000000,-1.590000000000,True,70,65,AVAILABLE,AVAILABLE,2026-05-01T13:55:00Z,2026-05-01T14:00:00Z,FAVORABLE_FIRST,2026-05-01T13:55:00Z,2026-05-01T14:37:00Z,FAVORABLE_FIRST,2026-05-01T13:55:00Z,2026-05-01T14:37:00Z,FAVORABLE_FIRST,2026-05-01T13:55:00Z,2026-05-01T14:37:00Z,FAVORABLE_FIRST,2026-05-01T13:55:00Z,2026-05-01T14:37:00Z,FAVORABLE_FIRST,2026-05-01T13:55:00Z,2026-05-01T14:37:00Z,FAVORABLE_FIRST,2026-05-01T13:55:00Z,2026-05-01T14:37:00Z,FAVORABLE_FIRST,2026-05-01T13:55:00Z,2026-05-01T14:37:00Z,FAVORABLE_FIRST,2026-05-01T13:59:00Z,2026-05-01T14:37:00Z,FAVORABLE_FIRST,2026-05-01T14:03:00Z,2026-05-01T14:37:00Z,FAVORABLE_FIRST,2026-05-01T14:01:00Z,2026-05-01T14:05:00Z,ADVERSE_FIRST,2026-05-01T14:21:00Z,2026-05-01T14:05:00Z,ADVERSE_FIRST,,2026-05-01T14:05:00Z,ADVERSE_FIRST,,2026-05-01T14:05:00Z,ADVERSE_FIRST,2026-05-01T14:21:00Z,2026-05-01T14:05:00Z,ADVERSE_FIRST,,2026-05-01T14:05:00Z,ADVERSE_FIRST,,2026-05-01T14:05:00Z,ADVERSE_FIRST,,2026-05-01T14:05:00Z,ADVERSE_FIRST,,2026-05-01T14:05:00Z
SPY:2026-05-01:LONG:2026-05-01T15:05:00+00:00:v1,2026-05-01,LONG,722.610000000000,723.000000000000,0.390000000000,2026-05-01T15:10:00Z,2026-05-01T15:15:00Z,5,WORSE,1.770000000000,1.380000000000,2.140000000000,2.530000000000,-1.940000000000,-2.330000000000,0.390000000000,-0.390000000000,True,80,75,AVAILABLE,AVAILABLE,2026-05-01T15:10:00Z,2026-05-01T15:15:00Z,ADVERSE_FIRST,2026-05-01T15:12:00Z,2026-05-01T15:10:00Z,ADVERSE_FIRST,2026-05-01T15:15:00Z,2026-05-01T15:10:00Z,ADVERSE_FIRST,2026-05-01T15:24:00Z,2026-05-01T15:10:00Z,ADVERSE_FIRST,2026-05-01T15:37:00Z,2026-05-01T15:10:00Z,FAVORABLE_FIRST,2026-05-01T15:15:00Z,2026-05-01T16:23:00Z,FAVORABLE_FIRST,2026-05-01T15:24:00Z,2026-05-01T16:23:00Z,FAVORABLE_FIRST,2026-05-01T15:37:00Z,2026-05-01T16:23:00Z,FAVORABLE_FIRST,2026-05-01T15:46:00Z,2026-05-01T16:23:00Z,ADVERSE_FIRST,,2026-05-01T16:23:00Z,FAVORABLE_FIRST,2026-05-01T15:22:00Z,2026-05-01T15:50:00Z,FAVORABLE_FIRST,2026-05-01T15:31:00Z,2026-05-01T15:50:00Z,FAVORABLE_FIRST,2026-05-01T15:37:00Z,2026-05-01T15:50:00Z,FAVORABLE_FIRST,2026-05-01T15:37:00Z,2026-05-01T15:50:00Z,FAVORABLE_FIRST,2026-05-01T15:31:00Z,2026-05-01T16:09:00Z,FAVORABLE_FIRST,2026-05-01T15:37:00Z,2026-05-01T16:09:00Z,FAVORABLE_FIRST,2026-05-01T15:37:00Z,2026-05-01T16:09:00Z,ADVERSE_FIRST,,2026-05-01T16:09:00Z,ADVERSE_FIRST,,2026-05-01T16:09:00Z
SPY:2026-05-01:LONG:2026-05-01T17:11:00+00:00:v1,2026-05-01,LONG,722.500000000000,722.690000000000,0.190000000000,2026-05-01T17:15:00Z,2026-05-01T17:20:00Z,5,WORSE,0.720000000000,0.530000000000,2.030000000000,2.220000000000,-1.830000000000,-2.020000000000,0.190000000000,-0.190000000000,True,60,55,AVAILABLE,AVAILABLE,2026-05-01T17:15:00Z,2026-05-01T17:20:00Z,FAVORABLE_FIRST,2026-05-01T17:20:00Z,2026-05-01T18:05:00Z,FAVORABLE_FIRST,2026-05-01T17:30:00Z,2026-05-01T18:05:00Z,ADVERSE_FIRST,,2026-05-01T18:05:00Z,ADVERSE_FIRST,,2026-05-01T18:05:00Z,FAVORABLE_FIRST,2026-05-01T17:30:00Z,2026-05-01T18:06:00Z,ADVERSE_FIRST,,2026-05-01T18:06:00Z,ADVERSE_FIRST,,2026-05-01T18:06:00Z,ADVERSE_FIRST,,2026-05-01T18:06:00Z,ADVERSE_FIRST,,2026-05-01T18:06:00Z,FAVORABLE_FIRST,2026-05-01T17:29:00Z,2026-05-01T18:05:00Z,FAVORABLE_FIRST,2026-05-01T17:53:00Z,2026-05-01T18:05:00Z,ADVERSE_FIRST,,2026-05-01T18:05:00Z,ADVERSE_FIRST,,2026-05-01T18:05:00Z,FAVORABLE_FIRST,2026-05-01T17:53:00Z,2026-05-01T18:05:00Z,ADVERSE_FIRST,,2026-05-01T18:05:00Z,ADVERSE_FIRST,,2026-05-01T18:05:00Z,ADVERSE_FIRST,,2026-05-01T18:05:00Z,ADVERSE_FIRST,,2026-05-01T18:05:00Z
SPY:2026-05-04:LONG:2026-05-04T13:45:00+00:00:v1,2026-05-04,LONG,720.400100000000,720.460000000000,0.059900000000,2026-05-04T13:50:00Z,2026-05-04T13:55:00Z,5,WORSE,1.719900000000,1.660000000000,5.410100000000,5.470000000000,-2.330100000000,-2.390000000000,0.059900000000,-0.059900000000,True,20,15,AVAILABLE,AVAILABLE,2026-05-04T13:50:00Z,2026-05-04T13:55:00Z,ADVERSE_FIRST,2026-05-04T13:57:00Z,2026-05-04T13:53:00Z,ADVERSE_FIRST,2026-05-04T14:12:00Z,2026-05-04T13:53:00Z,ADVERSE_FIRST,2026-05-04T14:12:00Z,2026-05-04T13:53:00Z,ADVERSE_FIRST,2026-05-04T14:19:00Z,2026-05-04T13:53:00Z,ADVERSE_FIRST,2026-05-04T14:12:00Z,2026-05-04T14:08:00Z,ADVERSE_FIRST,2026-05-04T14:12:00Z,2026-05-04T14:08:00Z,ADVERSE_FIRST,2026-05-04T14:19:00Z,2026-05-04T14:08:00Z,ADVERSE_FIRST,2026-05-04T14:38:00Z,2026-05-04T14:08:00Z,ADVERSE_FIRST,,2026-05-04T14:08:00Z,ADVERSE_FIRST,2026-05-04T13:58:00Z,2026-05-04T13:55:00Z,ADVERSE_FIRST,2026-05-04T14:12:00Z,2026-05-04T13:55:00Z,ADVERSE_FIRST,2026-05-04T14:13:00Z,2026-05-04T13:55:00Z,ADVERSE_FIRST,2026-05-04T14:20:00Z,2026-05-04T13:55:00Z,ADVERSE_FIRST,2026-05-04T14:12:00Z,2026-05-04T13:55:00Z,ADVERSE_FIRST,2026-05-04T14:13:00Z,2026-05-04T13:55:00Z,ADVERSE_FIRST,2026-05-04T14:20:00Z,2026-05-04T13:55:00Z,ADVERSE_FIRST,2026-05-04T14:38:00Z,2026-05-04T13:55:00Z,ADVERSE_FIRST,,2026-05-04T13:55:00Z
SPY:2026-05-04:LONG:2026-05-04T14:10:00+00:00:v1,2026-05-04,LONG,720.980000000000,721.409900000000,0.429900000000,2026-05-04T14:15:00Z,2026-05-04T14:20:00Z,5,WORSE,1.140000000000,0.710100000000,5.990000000000,6.419900000000,-2.910000000000,-3.339900000000,0.429900000000,-0.429900000000,True,65,60,AVAILABLE,AVAILABLE,2026-05-04T14:15:00Z,2026-05-04T14:20:00Z,FAVORABLE_FIRST,2026-05-04T14:16:00Z,2026-05-04T15:00:00Z,FAVORABLE_FIRST,2026-05-04T14:20:00Z,2026-05-04T15:00:00Z,FAVORABLE_FIRST,2026-05-04T14:32:00Z,2026-05-04T15:00:00Z,FAVORABLE_FIRST,2026-05-04T14:39:00Z,2026-05-04T15:00:00Z,FAVORABLE_FIRST,2026-05-04T14:20:00Z,2026-05-04T15:00:00Z,FAVORABLE_FIRST,2026-05-04T14:32:00Z,2026-05-04T15:00:00Z,FAVORABLE_FIRST,2026-05-04T14:39:00Z,2026-05-04T15:00:00Z,ADVERSE_FIRST,,2026-05-04T15:00:00Z,ADVERSE_FIRST,,2026-05-04T15:00:00Z,FAVORABLE_FIRST,2026-05-04T14:22:00Z,2026-05-04T14:29:00Z,ADVERSE_FIRST,2026-05-04T14:38:00Z,2026-05-04T14:29:00Z,ADVERSE_FIRST,,2026-05-04T14:29:00Z,ADVERSE_FIRST,,2026-05-04T14:29:00Z,ADVERSE_FIRST,2026-05-04T14:38:00Z,2026-05-04T14:29:00Z,ADVERSE_FIRST,,2026-05-04T14:29:00Z,ADVERSE_FIRST,,2026-05-04T14:29:00Z,ADVERSE_FIRST,,2026-05-04T14:29:00Z,ADVERSE_FIRST,,2026-05-04T14:29:00Z
SPY:2026-05-04:SHORT:2026-05-04T15:19:00+00:00:v1,2026-05-04,SHORT,718.770000000000,717.710000000000,1.060000000000,2026-05-04T15:20:00Z,2026-05-04T15:25:00Z,5,WORSE,3.780000000000,2.720000000000,0.225000000000,1.285000000000,0.700000000000,-0.360000000000,1.060000000000,-1.060000000000,True,,,AVAILABLE,AVAILABLE,2026-05-04T15:20:00Z,2026-05-04T15:25:00Z,FAVORABLE_FIRST,2026-05-04T15:20:00Z,,FAVORABLE_FIRST,2026-05-04T15:21:00Z,,FAVORABLE_FIRST,2026-05-04T15:21:00Z,,FAVORABLE_FIRST,2026-05-04T15:21:00Z,,FAVORABLE_FIRST,2026-05-04T15:21:00Z,,FAVORABLE_FIRST,2026-05-04T15:21:00Z,,FAVORABLE_FIRST,2026-05-04T15:21:00Z,,FAVORABLE_FIRST,2026-05-04T15:51:00Z,,FAVORABLE_FIRST,2026-05-04T16:05:00Z,,ADVERSE_FIRST,2026-05-04T15:35:00Z,2026-05-04T15:25:00Z,ADVERSE_FIRST,2026-05-04T15:51:00Z,2026-05-04T15:25:00Z,ADVERSE_FIRST,2026-05-04T16:02:00Z,2026-05-04T15:25:00Z,ADVERSE_FIRST,2026-05-04T16:07:00Z,2026-05-04T15:25:00Z,ADVERSE_FIRST,2026-05-04T15:51:00Z,2026-05-04T15:25:00Z,ADVERSE_FIRST,2026-05-04T16:02:00Z,2026-05-04T15:25:00Z,ADVERSE_FIRST,2026-05-04T16:07:00Z,2026-05-04T15:25:00Z,ADVERSE_FIRST,2026-05-04T16:07:00Z,2026-05-04T15:25:00Z,ADVERSE_FIRST,2026-05-04T16:08:00Z,2026-05-04T15:25:00Z
SPY:2026-05-05:LONG:2026-05-05T13:50:00+00:00:v1,2026-05-05,LONG,722.359900000000,722.600000000000,0.240100000000,2026-05-05T13:55:00Z,2026-05-05T14:00:00Z,5,WORSE,2.680100000000,2.440000000000,0.569900000000,0.810000000000,1.380100000000,1.140000000000,0.240100000000,-0.240100000000,True,25,20,AVAILABLE,AVAILABLE,2026-05-05T13:55:00Z,2026-05-05T14:00:00Z,FAVORABLE_FIRST,2026-05-05T14:00:00Z,2026-05-05T14:15:00Z,FAVORABLE_FIRST,2026-05-05T14:06:00Z,2026-05-05T14:15:00Z,FAVORABLE_FIRST,2026-05-05T14:08:00Z,2026-05-05T14:15:00Z,FAVORABLE_FIRST,2026-05-05T14:10:00Z,2026-05-05T14:15:00Z,FAVORABLE_FIRST,2026-05-05T14:06:00Z,2026-05-05T14:15:00Z,FAVORABLE_FIRST,2026-05-05T14:08:00Z,2026-05-05T14:15:00Z,FAVORABLE_FIRST,2026-05-05T14:10:00Z,2026-05-05T14:15:00Z,ADVERSE_FIRST,2026-05-05T16:21:00Z,2026-05-05T14:15:00Z,ADVERSE_FIRST,2026-05-05T18:08:00Z,2026-05-05T14:15:00Z,ADVERSE_FIRST,2026-05-05T14:06:00Z,2026-05-05T14:00:00Z,ADVERSE_FIRST,2026-05-05T14:08:00Z,2026-05-05T14:00:00Z,ADVERSE_FIRST,2026-05-05T14:10:00Z,2026-05-05T14:00:00Z,ADVERSE_FIRST,2026-05-05T14:25:00Z,2026-05-05T14:00:00Z,ADVERSE_FIRST,2026-05-05T14:08:00Z,2026-05-05T14:00:00Z,ADVERSE_FIRST,2026-05-05T14:10:00Z,2026-05-05T14:00:00Z,ADVERSE_FIRST,2026-05-05T14:25:00Z,2026-05-05T14:00:00Z,ADVERSE_FIRST,2026-05-05T17:51:00Z,2026-05-05T14:00:00Z,ADVERSE_FIRST,2026-05-05T18:12:00Z,2026-05-05T14:00:00Z
SPY:2026-05-05:LONG:2026-05-05T14:22:00+00:00:v1,2026-05-05,LONG,723.170000000000,723.298000000000,0.128000000000,2026-05-05T14:25:00Z,2026-05-05T14:30:00Z,5,WORSE,1.870000000000,1.742000000000,0.790000000000,0.918000000000,0.570000000000,0.442000000000,0.128000000000,-0.128000000000,True,,,AVAILABLE,AVAILABLE,2026-05-05T14:25:00Z,2026-05-05T14:30:00Z,FAVORABLE_FIRST,2026-05-05T14:25:00Z,2026-05-05T14:32:00Z,FAVORABLE_FIRST,2026-05-05T14:25:00Z,2026-05-05T14:32:00Z,ADVERSE_FIRST,2026-05-05T17:30:00Z,2026-05-05T14:32:00Z,ADVERSE_FIRST,2026-05-05T17:52:00Z,2026-05-05T14:32:00Z,FAVORABLE_FIRST,2026-05-05T14:25:00Z,2026-05-05T14:32:00Z,ADVERSE_FIRST,2026-05-05T17:30:00Z,2026-05-05T14:32:00Z,ADVERSE_FIRST,2026-05-05T17:52:00Z,2026-05-05T14:32:00Z,ADVERSE_FIRST,2026-05-05T18:15:00Z,2026-05-05T14:32:00Z,ADVERSE_FIRST,,2026-05-05T14:32:00Z,ADVERSE_FIRST,2026-05-05T15:05:00Z,2026-05-05T14:31:00Z,ADVERSE_FIRST,2026-05-05T16:20:00Z,2026-05-05T14:31:00Z,ADVERSE_FIRST,2026-05-05T17:51:00Z,2026-05-05T14:31:00Z,ADVERSE_FIRST,2026-05-05T18:07:00Z,2026-05-05T14:31:00Z,ADVERSE_FIRST,2026-05-05T16:20:00Z,2026-05-05T14:31:00Z,ADVERSE_FIRST,2026-05-05T17:51:00Z,2026-05-05T14:31:00Z,ADVERSE_FIRST,2026-05-05T18:07:00Z,2026-05-05T14:31:00Z,ADVERSE_FIRST,2026-05-05T19:10:00Z,2026-05-05T14:31:00Z,ADVERSE_FIRST,,2026-05-05T14:31:00Z
SPY:2026-05-06:LONG:2026-05-06T13:53:00+00:00:v1,2026-05-06,LONG,729.650000000000,729.670000000000,0.020000000000,2026-05-06T13:55:00Z,2026-05-06T14:00:00Z,5,WORSE,4.940000000000,4.920000000000,0.940000000000,0.960000000000,4.140000000000,4.120000000000,0.020000000000,-0.020000000000,True,,,AVAILABLE,AVAILABLE,2026-05-06T13:55:00Z,2026-05-06T14:00:00Z,ADVERSE_FIRST,2026-05-06T14:00:00Z,2026-05-06T13:56:00Z,ADVERSE_FIRST,2026-05-06T14:12:00Z,2026-05-06T13:56:00Z,ADVERSE_FIRST,2026-05-06T14:25:00Z,2026-05-06T13:56:00Z,ADVERSE_FIRST,2026-05-06T14:27:00Z,2026-05-06T13:56:00Z,ADVERSE_FIRST,2026-05-06T14:12:00Z,2026-05-06T13:56:00Z,ADVERSE_FIRST,2026-05-06T14:25:00Z,2026-05-06T13:56:00Z,ADVERSE_FIRST,2026-05-06T14:27:00Z,2026-05-06T13:56:00Z,ADVERSE_FIRST,2026-05-06T14:36:00Z,2026-05-06T13:56:00Z,ADVERSE_FIRST,2026-05-06T14:41:00Z,2026-05-06T13:56:00Z,FAVORABLE_FIRST,2026-05-06T14:00:00Z,2026-05-06T14:04:00Z,ADVERSE_FIRST,2026-05-06T14:12:00Z,2026-05-06T14:04:00Z,ADVERSE_FIRST,2026-05-06T14:25:00Z,2026-05-06T14:04:00Z,ADVERSE_FIRST,2026-05-06T14:27:00Z,2026-05-06T14:04:00Z,ADVERSE_FIRST,2026-05-06T14:12:00Z,2026-05-06T14:04:00Z,ADVERSE_FIRST,2026-05-06T14:25:00Z,2026-05-06T14:04:00Z,ADVERSE_FIRST,2026-05-06T14:27:00Z,2026-05-06T14:04:00Z,ADVERSE_FIRST,2026-05-06T14:36:00Z,2026-05-06T14:04:00Z,ADVERSE_FIRST,2026-05-06T14:41:00Z,2026-05-06T14:04:00Z
SPY:2026-05-07:SHORT:2026-05-07T13:40:00+00:00:v1,2026-05-07,SHORT,734.220000000000,733.670000000000,0.550000000000,2026-05-07T13:45:00Z,2026-05-07T13:50:00Z,5,WORSE,4.470000000000,3.920000000000,1.910000000000,2.460000000000,2.660000000000,2.110000000000,0.550000000000,-0.550000000000,True,20,15,AVAILABLE,AVAILABLE,2026-05-07T13:45:00Z,2026-05-07T13:50:00Z,FAVORABLE_FIRST,2026-05-07T13:45:00Z,2026-05-07T14:04:00Z,FAVORABLE_FIRST,2026-05-07T13:47:00Z,2026-05-07T14:04:00Z,ADVERSE_FIRST,2026-05-07T16:00:00Z,2026-05-07T14:04:00Z,ADVERSE_FIRST,2026-05-07T16:05:00Z,2026-05-07T14:04:00Z,FAVORABLE_FIRST,2026-05-07T13:47:00Z,2026-05-07T14:04:00Z,ADVERSE_FIRST,2026-05-07T16:00:00Z,2026-05-07T14:04:00Z,ADVERSE_FIRST,2026-05-07T16:05:00Z,2026-05-07T14:04:00Z,ADVERSE_FIRST,2026-05-07T16:12:00Z,2026-05-07T14:04:00Z,ADVERSE_FIRST,2026-05-07T16:15:00Z,2026-05-07T14:04:00Z,ADVERSE_FIRST,2026-05-07T16:00:00Z,2026-05-07T13:53:00Z,ADVERSE_FIRST,2026-05-07T16:05:00Z,2026-05-07T13:53:00Z,ADVERSE_FIRST,2026-05-07T16:11:00Z,2026-05-07T13:53:00Z,ADVERSE_FIRST,2026-05-07T16:12:00Z,2026-05-07T13:53:00Z,ADVERSE_FIRST,2026-05-07T16:05:00Z,2026-05-07T13:53:00Z,ADVERSE_FIRST,2026-05-07T16:11:00Z,2026-05-07T13:53:00Z,ADVERSE_FIRST,2026-05-07T16:12:00Z,2026-05-07T13:53:00Z,ADVERSE_FIRST,2026-05-07T16:15:00Z,2026-05-07T13:53:00Z,ADVERSE_FIRST,2026-05-07T16:57:00Z,2026-05-07T13:53:00Z
SPY:2026-05-07:LONG:2026-05-07T14:39:00+00:00:v1,2026-05-07,LONG,735.190000000000,735.171000000000,-0.019000000000,2026-05-07T14:40:00Z,2026-05-07T14:45:00Z,5,BETTER,0.940000000000,0.959000000000,5.440000000000,5.421000000000,-3.630000000000,-3.611000000000,-0.019000000000,0.019000000000,True,45,40,AVAILABLE,AVAILABLE,2026-05-07T14:40:00Z,2026-05-07T14:45:00Z,FAVORABLE_FIRST,2026-05-07T14:45:00Z,2026-05-07T15:26:00Z,FAVORABLE_FIRST,2026-05-07T14:54:00Z,2026-05-07T15:26:00Z,FAVORABLE_FIRST,2026-05-07T14:55:00Z,2026-05-07T15:26:00Z,ADVERSE_FIRST,,2026-05-07T15:26:00Z,FAVORABLE_FIRST,2026-05-07T14:54:00Z,2026-05-07T15:26:00Z,FAVORABLE_FIRST,2026-05-07T14:55:00Z,2026-05-07T15:26:00Z,ADVERSE_FIRST,,2026-05-07T15:26:00Z,ADVERSE_FIRST,,2026-05-07T15:26:00Z,ADVERSE_FIRST,,2026-05-07T15:26:00Z,FAVORABLE_FIRST,2026-05-07T14:45:00Z,2026-05-07T15:26:00Z,FAVORABLE_FIRST,2026-05-07T14:54:00Z,2026-05-07T15:26:00Z,FAVORABLE_FIRST,2026-05-07T14:55:00Z,2026-05-07T15:26:00Z,ADVERSE_FIRST,,2026-05-07T15:26:00Z,FAVORABLE_FIRST,2026-05-07T14:54:00Z,2026-05-07T15:26:00Z,FAVORABLE_FIRST,2026-05-07T14:55:00Z,2026-05-07T15:26:00Z,ADVERSE_FIRST,,2026-05-07T15:26:00Z,ADVERSE_FIRST,,2026-05-07T15:26:00Z,ADVERSE_FIRST,,2026-05-07T15:26:00Z
SPY:2026-05-07:LONG:2026-05-07T15:30:00+00:00:v1,2026-05-07,LONG,735.530000000000,735.240000000000,-0.290000000000,2026-05-07T15:35:00Z,2026-05-07T15:40:00Z,5,BETTER,0.050000000000,0.290000000000,5.780000000000,5.490000000000,-3.970000000000,-3.680000000000,-0.240000000000,0.290000000000,True,15,10,AVAILABLE,AVAILABLE,2026-05-07T15:35:00Z,2026-05-07T15:40:00Z,ADVERSE_FIRST,,2026-05-07T15:36:00Z,ADVERSE_FIRST,,2026-05-07T15:36:00Z,ADVERSE_FIRST,,2026-05-07T15:36:00Z,ADVERSE_FIRST,,2026-05-07T15:36:00Z,ADVERSE_FIRST,,2026-05-07T15:39:00Z,ADVERSE_FIRST,,2026-05-07T15:39:00Z,ADVERSE_FIRST,,2026-05-07T15:39:00Z,ADVERSE_FIRST,,2026-05-07T15:39:00Z,ADVERSE_FIRST,,2026-05-07T15:39:00Z,FAVORABLE_FIRST,2026-05-07T15:43:00Z,2026-05-07T15:48:00Z,ADVERSE_FIRST,,2026-05-07T15:48:00Z,ADVERSE_FIRST,,2026-05-07T15:48:00Z,ADVERSE_FIRST,,2026-05-07T15:48:00Z,ADVERSE_FIRST,,2026-05-07T15:48:00Z,ADVERSE_FIRST,,2026-05-07T15:48:00Z,ADVERSE_FIRST,,2026-05-07T15:48:00Z,ADVERSE_FIRST,,2026-05-07T15:48:00Z,ADVERSE_FIRST,,2026-05-07T15:48:00Z
SPY:2026-05-07:SHORT:2026-05-07T15:55:00+00:00:v1,2026-05-07,SHORT,733.965000000000,733.390000000000,0.575000000000,2026-05-07T16:00:00Z,2026-05-07T16:05:00Z,5,WORSE,4.215000000000,3.640000000000,0.055000000000,0.430000000000,2.405000000000,1.830000000000,0.575000000000,-0.375000000000,True,,,AVAILABLE,AVAILABLE,2026-05-07T16:00:00Z,2026-05-07T16:05:00Z,FAVORABLE_FIRST,2026-05-07T16:00:00Z,,FAVORABLE_FIRST,2026-05-07T16:00:00Z,,FAVORABLE_FIRST,2026-05-07T16:05:00Z,,FAVORABLE_FIRST,2026-05-07T16:06:00Z,,FAVORABLE_FIRST,2026-05-07T16:00:00Z,,FAVORABLE_FIRST,2026-05-07T16:05:00Z,,FAVORABLE_FIRST,2026-05-07T16:06:00Z,,FAVORABLE_FIRST,2026-05-07T16:15:00Z,,FAVORABLE_FIRST,2026-05-07T16:15:00Z,,FAVORABLE_FIRST,2026-05-07T16:06:00Z,2026-05-07T16:33:00Z,FAVORABLE_FIRST,2026-05-07T16:11:00Z,2026-05-07T16:33:00Z,FAVORABLE_FIRST,2026-05-07T16:12:00Z,2026-05-07T16:33:00Z,FAVORABLE_FIRST,2026-05-07T16:15:00Z,2026-05-07T16:33:00Z,FAVORABLE_FIRST,2026-05-07T16:11:00Z,2026-05-07T16:33:00Z,FAVORABLE_FIRST,2026-05-07T16:12:00Z,2026-05-07T16:33:00Z,FAVORABLE_FIRST,2026-05-07T16:15:00Z,2026-05-07T16:33:00Z,FAVORABLE_FIRST,2026-05-07T16:15:00Z,2026-05-07T16:33:00Z,ADVERSE_FIRST,2026-05-07T17:18:00Z,2026-05-07T16:33:00Z
SPY:2026-05-08:LONG:2026-05-08T13:45:00+00:00:v1,2026-05-08,LONG,736.050000000000,735.970000000000,-0.080000000000,2026-05-08T13:50:00Z,2026-05-08T13:55:00Z,5,BETTER,2.030000000000,2.110000000000,0.200000000000,0.119900000000,1.480000000000,1.560000000000,-0.080000000000,0.080100000000,True,,,AVAILABLE,AVAILABLE,2026-05-08T13:50:00Z,2026-05-08T13:55:00Z,FAVORABLE_FIRST,2026-05-08T13:52:00Z,,FAVORABLE_FIRST,2026-05-08T13:59:00Z,,FAVORABLE_FIRST,2026-05-08T14:00:00Z,,FAVORABLE_FIRST,2026-05-08T14:21:00Z,,FAVORABLE_FIRST,2026-05-08T13:59:00Z,,FAVORABLE_FIRST,2026-05-08T14:00:00Z,,FAVORABLE_FIRST,2026-05-08T14:21:00Z,,FAVORABLE_FIRST,2026-05-08T16:25:00Z,,FAVORABLE_FIRST,2026-05-08T18:00:00Z,,FAVORABLE_FIRST,2026-05-08T13:59:00Z,,FAVORABLE_FIRST,2026-05-08T13:59:00Z,,FAVORABLE_FIRST,2026-05-08T14:00:00Z,,FAVORABLE_FIRST,2026-05-08T14:16:00Z,,FAVORABLE_FIRST,2026-05-08T13:59:00Z,,FAVORABLE_FIRST,2026-05-08T14:00:00Z,,FAVORABLE_FIRST,2026-05-08T14:16:00Z,,FAVORABLE_FIRST,2026-05-08T14:25:00Z,,FAVORABLE_FIRST,2026-05-08T18:00:00Z,
SPY:2026-05-11:LONG:2026-05-11T13:41:00+00:00:v1,2026-05-11,LONG,738.400000000000,738.800000000000,0.400000000000,2026-05-11T13:45:00Z,2026-05-11T13:50:00Z,5,WORSE,2.390000000000,1.990000000000,0.810000000000,1.210000000000,0.860000000000,0.460000000000,0.400000000000,-0.400000000000,True,,,AVAILABLE,AVAILABLE,2026-05-11T13:45:00Z,2026-05-11T13:50:00Z,FAVORABLE_FIRST,2026-05-11T13:45:00Z,2026-05-11T14:31:00Z,FAVORABLE_FIRST,2026-05-11T13:47:00Z,2026-05-11T14:31:00Z,FAVORABLE_FIRST,2026-05-11T14:15:00Z,2026-05-11T14:31:00Z,FAVORABLE_FIRST,2026-05-11T14:16:00Z,2026-05-11T14:31:00Z,FAVORABLE_FIRST,2026-05-11T13:47:00Z,2026-05-11T14:31:00Z,FAVORABLE_FIRST,2026-05-11T14:15:00Z,2026-05-11T14:31:00Z,FAVORABLE_FIRST,2026-05-11T14:16:00Z,2026-05-11T14:31:00Z,ADVERSE_FIRST,2026-05-11T14:55:00Z,2026-05-11T14:31:00Z,ADVERSE_FIRST,2026-05-11T16:25:00Z,2026-05-11T14:31:00Z,FAVORABLE_FIRST,2026-05-11T13:50:00Z,2026-05-11T13:54:00Z,ADVERSE_FIRST,2026-05-11T14:16:00Z,2026-05-11T13:54:00Z,ADVERSE_FIRST,2026-05-11T14:22:00Z,2026-05-11T13:54:00Z,ADVERSE_FIRST,2026-05-11T14:53:00Z,2026-05-11T13:54:00Z,ADVERSE_FIRST,2026-05-11T14:16:00Z,2026-05-11T13:54:00Z,ADVERSE_FIRST,2026-05-11T14:22:00Z,2026-05-11T13:54:00Z,ADVERSE_FIRST,2026-05-11T14:53:00Z,2026-05-11T13:54:00Z,ADVERSE_FIRST,2026-05-11T15:55:00Z,2026-05-11T13:54:00Z,ADVERSE_FIRST,,2026-05-11T13:54:00Z
SPY:2026-05-12:SHORT:2026-05-12T13:46:00+00:00:v1,2026-05-12,SHORT,735.750000000000,735.909100000000,-0.159100000000,2026-05-12T13:50:00Z,2026-05-12T13:55:00Z,5,BETTER,3.920000000000,4.079100000000,3.090000000000,2.930900000000,-2.470000000000,-2.310900000000,-0.159100000000,0.159100000000,True,30,25,AVAILABLE,AVAILABLE,2026-05-12T13:50:00Z,2026-05-12T13:55:00Z,FAVORABLE_FIRST,2026-05-12T13:51:00Z,2026-05-12T13:53:00Z,ADVERSE_FIRST,2026-05-12T13:56:00Z,2026-05-12T13:53:00Z,ADVERSE_FIRST,2026-05-12T13:57:00Z,2026-05-12T13:53:00Z,ADVERSE_FIRST,2026-05-12T14:00:00Z,2026-05-12T13:53:00Z,ADVERSE_FIRST,2026-05-12T13:56:00Z,2026-05-12T13:53:00Z,ADVERSE_FIRST,2026-05-12T13:57:00Z,2026-05-12T13:53:00Z,ADVERSE_FIRST,2026-05-12T14:00:00Z,2026-05-12T13:53:00Z,ADVERSE_FIRST,2026-05-12T14:31:00Z,2026-05-12T13:53:00Z,ADVERSE_FIRST,2026-05-12T14:32:00Z,2026-05-12T13:53:00Z,FAVORABLE_FIRST,2026-05-12T13:55:00Z,2026-05-12T14:14:00Z,FAVORABLE_FIRST,2026-05-12T13:55:00Z,2026-05-12T14:14:00Z,FAVORABLE_FIRST,2026-05-12T13:57:00Z,2026-05-12T14:14:00Z,FAVORABLE_FIRST,2026-05-12T13:57:00Z,2026-05-12T14:14:00Z,FAVORABLE_FIRST,2026-05-12T13:55:00Z,2026-05-12T14:15:00Z,FAVORABLE_FIRST,2026-05-12T13:57:00Z,2026-05-12T14:15:00Z,FAVORABLE_FIRST,2026-05-12T13:57:00Z,2026-05-12T14:15:00Z,ADVERSE_FIRST,2026-05-12T14:30:00Z,2026-05-12T14:15:00Z,ADVERSE_FIRST,2026-05-12T14:31:00Z,2026-05-12T14:15:00Z
SPY:2026-05-12:SHORT:2026-05-12T14:20:00+00:00:v1,2026-05-12,SHORT,735.600000000000,734.920000000000,0.680000000000,2026-05-12T14:25:00Z,2026-05-12T14:30:00Z,5,WORSE,3.770000000000,3.090000000000,3.240000000000,3.920000000000,-2.620000000000,-3.300000000000,0.680000000000,-0.680000000000,True,245,240,AVAILABLE,AVAILABLE,2026-05-12T14:25:00Z,2026-05-12T14:30:00Z,FAVORABLE_FIRST,2026-05-12T14:26:00Z,2026-05-12T18:25:00Z,FAVORABLE_FIRST,2026-05-12T14:26:00Z,2026-05-12T18:25:00Z,FAVORABLE_FIRST,2026-05-12T14:28:00Z,2026-05-12T18:25:00Z,FAVORABLE_FIRST,2026-05-12T14:29:00Z,2026-05-12T18:25:00Z,FAVORABLE_FIRST,2026-05-12T14:26:00Z,2026-05-12T18:25:00Z,FAVORABLE_FIRST,2026-05-12T14:28:00Z,2026-05-12T18:25:00Z,FAVORABLE_FIRST,2026-05-12T14:29:00Z,2026-05-12T18:25:00Z,FAVORABLE_FIRST,2026-05-12T14:31:00Z,2026-05-12T18:25:00Z,FAVORABLE_FIRST,2026-05-12T14:33:00Z,2026-05-12T18:25:00Z,FAVORABLE_FIRST,2026-05-12T14:30:00Z,2026-05-12T14:43:00Z,FAVORABLE_FIRST,2026-05-12T14:30:00Z,2026-05-12T14:43:00Z,FAVORABLE_FIRST,2026-05-12T14:31:00Z,2026-05-12T14:43:00Z,FAVORABLE_FIRST,2026-05-12T14:31:00Z,2026-05-12T14:43:00Z,FAVORABLE_FIRST,2026-05-12T14:30:00Z,2026-05-12T18:00:00Z,FAVORABLE_FIRST,2026-05-12T14:31:00Z,2026-05-12T18:00:00Z,FAVORABLE_FIRST,2026-05-12T14:31:00Z,2026-05-12T18:00:00Z,FAVORABLE_FIRST,2026-05-12T15:02:00Z,2026-05-12T18:00:00Z,FAVORABLE_FIRST,2026-05-12T15:16:00Z,2026-05-12T18:00:00Z
SPY:2026-05-12:SHORT:2026-05-12T18:30:00+00:00:v1,2026-05-12,SHORT,736.120000000000,736.100000000000,0.020000000000,2026-05-12T18:35:00Z,2026-05-12T18:40:00Z,5,WORSE,0.350000000000,0.330000000000,2.720000000000,2.740000000000,-2.100000000000,-2.120000000000,0.020000000000,-0.020000000000,True,10,5,AVAILABLE,AVAILABLE,2026-05-12T18:35:00Z,2026-05-12T18:40:00Z,ADVERSE_FIRST,2026-05-12T18:46:00Z,2026-05-12T18:37:00Z,ADVERSE_FIRST,,2026-05-12T18:37:00Z,ADVERSE_FIRST,,2026-05-12T18:37:00Z,ADVERSE_FIRST,,2026-05-12T18:37:00Z,ADVERSE_FIRST,,2026-05-12T18:37:00Z,ADVERSE_FIRST,,2026-05-12T18:37:00Z,ADVERSE_FIRST,,2026-05-12T18:37:00Z,ADVERSE_FIRST,,2026-05-12T18:37:00Z,ADVERSE_FIRST,,2026-05-12T18:37:00Z,ADVERSE_FIRST,2026-05-12T18:46:00Z,2026-05-12T18:42:00Z,ADVERSE_FIRST,,2026-05-12T18:42:00Z,ADVERSE_FIRST,,2026-05-12T18:42:00Z,ADVERSE_FIRST,,2026-05-12T18:42:00Z,ADVERSE_FIRST,,2026-05-12T18:55:00Z,ADVERSE_FIRST,,2026-05-12T18:55:00Z,ADVERSE_FIRST,,2026-05-12T18:55:00Z,ADVERSE_FIRST,,2026-05-12T18:55:00Z,ADVERSE_FIRST,,2026-05-12T18:55:00Z
SPY:2026-05-12:LONG:2026-05-12T19:30:00+00:00:v1,2026-05-12,LONG,737.890000000000,737.790000000000,-0.100000000000,2026-05-12T19:35:00Z,2026-05-12T19:40:00Z,5,BETTER,0.950000000000,1.050000000000,0.290000000000,0.190000000000,0.330000000000,0.430000000000,-0.100000000000,0.100000000000,True,,,AVAILABLE,AVAILABLE,2026-05-12T19:35:00Z,2026-05-12T19:40:00Z,ADVERSE_FIRST,2026-05-12T19:48:00Z,2026-05-12T19:42:00Z,ADVERSE_FIRST,2026-05-12T19:50:00Z,2026-05-12T19:42:00Z,ADVERSE_FIRST,2026-05-12T19:53:00Z,2026-05-12T19:42:00Z,ADVERSE_FIRST,,2026-05-12T19:42:00Z,FAVORABLE_FIRST,2026-05-12T19:50:00Z,,FAVORABLE_FIRST,2026-05-12T19:53:00Z,,NEITHER,,,NEITHER,,,NEITHER,,,FAVORABLE_FIRST,2026-05-12T19:44:00Z,,FAVORABLE_FIRST,2026-05-12T19:50:00Z,,FAVORABLE_FIRST,2026-05-12T19:51:00Z,,FAVORABLE_FIRST,2026-05-12T19:53:00Z,,FAVORABLE_FIRST,2026-05-12T19:50:00Z,,FAVORABLE_FIRST,2026-05-12T19:51:00Z,,FAVORABLE_FIRST,2026-05-12T19:53:00Z,,NEITHER,,,NEITHER,,
SPY:2026-05-13:SHORT:2026-05-13T13:35:00+00:00:v1,2026-05-13,SHORT,736.790000000000,736.890000000000,-0.100000000000,2026-05-13T13:40:00Z,2026-05-13T13:45:00Z,5,BETTER,1.320000000000,1.420000000000,7.120000000000,7.020000000000,-5.500000000000,-5.400000000000,-0.100000000000,0.100000000000,True,35,30,AVAILABLE,AVAILABLE,2026-05-13T13:40:00Z,2026-05-13T13:45:00Z,ADVERSE_FIRST,2026-05-13T13:45:00Z,2026-05-13T13:41:00Z,ADVERSE_FIRST,2026-05-13T13:46:00Z,2026-05-13T13:41:00Z,ADVERSE_FIRST,2026-05-13T13:47:00Z,2026-05-13T13:41:00Z,ADVERSE_FIRST,2026-05-13T13:48:00Z,2026-05-13T13:41:00Z,ADVERSE_FIRST,2026-05-13T13:46:00Z,2026-05-13T13:41:00Z,ADVERSE_FIRST,2026-05-13T13:47:00Z,2026-05-13T13:41:00Z,ADVERSE_FIRST,2026-05-13T13:48:00Z,2026-05-13T13:41:00Z,ADVERSE_FIRST,,2026-05-13T13:41:00Z,ADVERSE_FIRST,,2026-05-13T13:41:00Z,FAVORABLE_FIRST,2026-05-13T13:45:00Z,2026-05-13T13:55:00Z,FAVORABLE_FIRST,2026-05-13T13:46:00Z,2026-05-13T13:55:00Z,FAVORABLE_FIRST,2026-05-13T13:47:00Z,2026-05-13T13:55:00Z,FAVORABLE_FIRST,2026-05-13T13:48:00Z,2026-05-13T13:55:00Z,FAVORABLE_FIRST,2026-05-13T13:46:00Z,2026-05-13T13:59:00Z,FAVORABLE_FIRST,2026-05-13T13:47:00Z,2026-05-13T13:59:00Z,FAVORABLE_FIRST,2026-05-13T13:48:00Z,2026-05-13T13:59:00Z,ADVERSE_FIRST,,2026-05-13T13:59:00Z,ADVERSE_FIRST,,2026-05-13T13:59:00Z
SPY:2026-05-13:LONG:2026-05-13T14:45:00+00:00:v1,2026-05-13,LONG,738.480000000000,738.900000000000,0.420000000000,2026-05-13T14:50:00Z,2026-05-13T14:55:00Z,5,WORSE,5.430000000000,5.010000000000,0.110000000000,0.250000000000,3.810000000000,3.390000000000,0.420000000000,-0.140000000000,True,,,AVAILABLE,AVAILABLE,2026-05-13T14:50:00Z,2026-05-13T14:55:00Z,FAVORABLE_FIRST,2026-05-13T14:52:00Z,,FAVORABLE_FIRST,2026-05-13T14:54:00Z,,FAVORABLE_FIRST,2026-05-13T15:02:00Z,,FAVORABLE_FIRST,2026-05-13T15:32:00Z,,FAVORABLE_FIRST,2026-05-13T14:54:00Z,,FAVORABLE_FIRST,2026-05-13T15:02:00Z,,FAVORABLE_FIRST,2026-05-13T15:32:00Z,,FAVORABLE_FIRST,2026-05-13T15:41:00Z,,FAVORABLE_FIRST,2026-05-13T16:12:00Z,,ADVERSE_FIRST,2026-05-13T15:01:00Z,2026-05-13T14:58:00Z,ADVERSE_FIRST,2026-05-13T15:32:00Z,2026-05-13T14:58:00Z,ADVERSE_FIRST,2026-05-13T15:36:00Z,2026-05-13T14:58:00Z,ADVERSE_FIRST,2026-05-13T15:40:00Z,2026-05-13T14:58:00Z,FAVORABLE_FIRST,2026-05-13T15:32:00Z,,FAVORABLE_FIRST,2026-05-13T15:36:00Z,,FAVORABLE_FIRST,2026-05-13T15:40:00Z,,FAVORABLE_FIRST,2026-05-13T16:11:00Z,,FAVORABLE_FIRST,2026-05-13T16:22:00Z,
SPY:2026-05-14:LONG:2026-05-14T13:38:00+00:00:v1,2026-05-14,LONG,745.320000000000,745.420000000000,0.100000000000,2026-05-14T13:40:00Z,2026-05-14T13:45:00Z,5,WORSE,4.210000000000,4.110000000000,1.070000000000,1.170000000000,2.830000000000,2.730000000000,0.100000000000,-0.100000000000,True,20,15,AVAILABLE,AVAILABLE,2026-05-14T13:40:00Z,2026-05-14T13:45:00Z,FAVORABLE_FIRST,2026-05-14T13:41:00Z,2026-05-14T13:52:00Z,FAVORABLE_FIRST,2026-05-14T13:49:00Z,2026-05-14T13:52:00Z,ADVERSE_FIRST,2026-05-14T14:19:00Z,2026-05-14T13:52:00Z,ADVERSE_FIRST,2026-05-14T14:20:00Z,2026-05-14T13:52:00Z,FAVORABLE_FIRST,2026-05-14T13:49:00Z,2026-05-14T13:52:00Z,ADVERSE_FIRST,2026-05-14T14:19:00Z,2026-05-14T13:52:00Z,ADVERSE_FIRST,2026-05-14T14:20:00Z,2026-05-14T13:52:00Z,ADVERSE_FIRST,2026-05-14T14:40:00Z,2026-05-14T13:52:00Z,ADVERSE_FIRST,2026-05-14T14:50:00Z,2026-05-14T13:52:00Z,FAVORABLE_FIRST,2026-05-14T13:45:00Z,2026-05-14T13:52:00Z,ADVERSE_FIRST,2026-05-14T14:18:00Z,2026-05-14T13:52:00Z,ADVERSE_FIRST,2026-05-14T14:20:00Z,2026-05-14T13:52:00Z,ADVERSE_FIRST,2026-05-14T14:38:00Z,2026-05-14T13:52:00Z,ADVERSE_FIRST,2026-05-14T14:18:00Z,2026-05-14T13:52:00Z,ADVERSE_FIRST,2026-05-14T14:20:00Z,2026-05-14T13:52:00Z,ADVERSE_FIRST,2026-05-14T14:38:00Z,2026-05-14T13:52:00Z,ADVERSE_FIRST,2026-05-14T14:42:00Z,2026-05-14T13:52:00Z,ADVERSE_FIRST,2026-05-14T14:50:00Z,2026-05-14T13:52:00Z
SPY:2026-05-14:LONG:2026-05-14T14:00:00+00:00:v1,2026-05-14,LONG,745.295000000000,745.055000000000,-0.240000000000,2026-05-14T14:05:00Z,2026-05-14T14:10:00Z,5,BETTER,4.235000000000,4.475000000000,0.485000000000,0.225000000000,2.855000000000,3.095000000000,-0.240000000000,0.260000000000,True,,,AVAILABLE,AVAILABLE,2026-05-14T14:05:00Z,2026-05-14T14:10:00Z,ADVERSE_FIRST,2026-05-14T14:12:00Z,2026-05-14T14:08:00Z,ADVERSE_FIRST,2026-05-14T14:17:00Z,2026-05-14T14:08:00Z,ADVERSE_FIRST,2026-05-14T14:19:00Z,2026-05-14T14:08:00Z,ADVERSE_FIRST,2026-05-14T14:20:00Z,2026-05-14T14:08:00Z,ADVERSE_FIRST,2026-05-14T14:17:00Z,2026-05-14T14:08:00Z,ADVERSE_FIRST,2026-05-14T14:19:00Z,2026-05-14T14:08:00Z,ADVERSE_FIRST,2026-05-14T14:20:00Z,2026-05-14T14:08:00Z,ADVERSE_FIRST,2026-05-14T14:40:00Z,2026-05-14T14:08:00Z,ADVERSE_FIRST,2026-05-14T14:50:00Z,2026-05-14T14:08:00Z,FAVORABLE_FIRST,2026-05-14T14:11:00Z,,FAVORABLE_FIRST,2026-05-14T14:12:00Z,,FAVORABLE_FIRST,2026-05-14T14:17:00Z,,FAVORABLE_FIRST,2026-05-14T14:19:00Z,,FAVORABLE_FIRST,2026-05-14T14:12:00Z,,FAVORABLE_FIRST,2026-05-14T14:17:00Z,,FAVORABLE_FIRST,2026-05-14T14:19:00Z,,FAVORABLE_FIRST,2026-05-14T14:39:00Z,,FAVORABLE_FIRST,2026-05-14T14:45:00Z,
SPY:2026-05-15:SHORT:2026-05-15T13:37:00+00:00:v1,2026-05-15,SHORT,739.160000000000,738.660000000000,0.500000000000,2026-05-15T13:40:00Z,2026-05-15T13:45:00Z,5,WORSE,1.200000000000,0.700000000000,4.300000000000,4.800000000000,0.070000000000,-0.430000000000,0.500000000000,-0.500000000000,True,10,5,AVAILABLE,AVAILABLE,2026-05-15T13:40:00Z,2026-05-15T13:45:00Z,ADVERSE_FIRST,2026-05-15T13:44:00Z,2026-05-15T13:40:00Z,ADVERSE_FIRST,2026-05-15T13:44:00Z,2026-05-15T13:40:00Z,ADVERSE_FIRST,2026-05-15T13:45:00Z,2026-05-15T13:40:00Z,ADVERSE_FIRST,2026-05-15T13:45:00Z,2026-05-15T13:40:00Z,ADVERSE_FIRST,2026-05-15T13:44:00Z,2026-05-15T13:40:00Z,ADVERSE_FIRST,2026-05-15T13:45:00Z,2026-05-15T13:40:00Z,ADVERSE_FIRST,2026-05-15T13:45:00Z,2026-05-15T13:40:00Z,ADVERSE_FIRST,,2026-05-15T13:40:00Z,ADVERSE_FIRST,,2026-05-15T13:40:00Z,FAVORABLE_FIRST,2026-05-15T13:45:00Z,2026-05-15T13:48:00Z,FAVORABLE_FIRST,2026-05-15T13:45:00Z,2026-05-15T13:48:00Z,ADVERSE_FIRST,,2026-05-15T13:48:00Z,ADVERSE_FIRST,,2026-05-15T13:48:00Z,FAVORABLE_FIRST,2026-05-15T13:45:00Z,2026-05-15T13:48:00Z,ADVERSE_FIRST,,2026-05-15T13:48:00Z,ADVERSE_FIRST,,2026-05-15T13:48:00Z,ADVERSE_FIRST,,2026-05-15T13:48:00Z,ADVERSE_FIRST,,2026-05-15T13:48:00Z
SPY:2026-05-15:LONG:2026-05-15T17:21:00+00:00:v1,2026-05-15,LONG,742.480000000000,742.540000000000,0.060000000000,2026-05-15T17:25:00Z,2026-05-15T17:30:00Z,5,WORSE,0.980000000000,0.920000000000,3.940000000000,4.000000000000,-3.390000000000,-3.450000000000,0.060000000000,-0.060000000000,True,55,50,AVAILABLE,AVAILABLE,2026-05-15T17:25:00Z,2026-05-15T17:30:00Z,FAVORABLE_FIRST,2026-05-15T17:25:00Z,2026-05-15T17:41:00Z,ADVERSE_FIRST,2026-05-15T17:59:00Z,2026-05-15T17:41:00Z,ADVERSE_FIRST,2026-05-15T18:01:00Z,2026-05-15T17:41:00Z,ADVERSE_FIRST,,2026-05-15T17:41:00Z,ADVERSE_FIRST,2026-05-15T17:59:00Z,2026-05-15T17:41:00Z,ADVERSE_FIRST,2026-05-15T18:01:00Z,2026-05-15T17:41:00Z,ADVERSE_FIRST,,2026-05-15T17:41:00Z,ADVERSE_FIRST,,2026-05-15T17:41:00Z,ADVERSE_FIRST,,2026-05-15T17:41:00Z,FAVORABLE_FIRST,2026-05-15T17:31:00Z,2026-05-15T17:41:00Z,ADVERSE_FIRST,2026-05-15T18:00:00Z,2026-05-15T17:41:00Z,ADVERSE_FIRST,2026-05-15T18:05:00Z,2026-05-15T17:41:00Z,ADVERSE_FIRST,,2026-05-15T17:41:00Z,ADVERSE_FIRST,2026-05-15T18:00:00Z,2026-05-15T17:41:00Z,ADVERSE_FIRST,2026-05-15T18:05:00Z,2026-05-15T17:41:00Z,ADVERSE_FIRST,,2026-05-15T17:41:00Z,ADVERSE_FIRST,,2026-05-15T17:41:00Z,ADVERSE_FIRST,,2026-05-15T17:41:00Z
SPY:2026-05-15:SHORT:2026-05-15T19:53:00+00:00:v1,2026-05-15,SHORT,738.940000000000,,,2026-05-15T19:55:00Z,,,,,,,,,,,,,,,AVAILABLE,ENTRY_UNAVAILABLE_SESSION_END,2026-05-15T19:55:00Z,2026-05-15T20:00:00Z,FAVORABLE_FIRST,2026-05-15T19:55:00Z,2026-05-15T19:57:00Z,ADVERSE_FIRST,,2026-05-15T19:57:00Z,ADVERSE_FIRST,,2026-05-15T19:57:00Z,ADVERSE_FIRST,,2026-05-15T19:57:00Z,ADVERSE_FIRST,,2026-05-15T19:57:00Z,ADVERSE_FIRST,,2026-05-15T19:57:00Z,ADVERSE_FIRST,,2026-05-15T19:57:00Z,ADVERSE_FIRST,,2026-05-15T19:57:00Z,ADVERSE_FIRST,,2026-05-15T19:57:00Z,NO_FUTURE_DATA,,,NO_FUTURE_DATA,,,NO_FUTURE_DATA,,,NO_FUTURE_DATA,,,NO_FUTURE_DATA,,,NO_FUTURE_DATA,,,NO_FUTURE_DATA,,,NO_FUTURE_DATA,,,NO_FUTURE_DATA,,
SPY:2026-05-18:LONG:2026-05-18T13:51:00+00:00:v1,2026-05-18,LONG,740.920000000000,740.600000000000,-0.320000000000,2026-05-18T13:55:00Z,2026-05-18T14:00:00Z,5,BETTER,0.495000000000,0.200000000000,7.530000000000,7.210000000000,-2.360000000000,-2.040000000000,0.295000000000,0.320000000000,True,10,5,AVAILABLE,AVAILABLE,2026-05-18T13:55:00Z,2026-05-18T14:00:00Z,FAVORABLE_FIRST,2026-05-18T13:56:00Z,2026-05-18T13:58:00Z,ADVERSE_FIRST,,2026-05-18T13:58:00Z,ADVERSE_FIRST,,2026-05-18T13:58:00Z,ADVERSE_FIRST,,2026-05-18T13:58:00Z,ADVERSE_FIRST,,2026-05-18T13:58:00Z,ADVERSE_FIRST,,2026-05-18T13:58:00Z,ADVERSE_FIRST,,2026-05-18T13:58:00Z,ADVERSE_FIRST,,2026-05-18T13:58:00Z,ADVERSE_FIRST,,2026-05-18T13:58:00Z,ADVERSE_FIRST,,2026-05-18T14:00:00Z,ADVERSE_FIRST,,2026-05-18T14:00:00Z,ADVERSE_FIRST,,2026-05-18T14:00:00Z,ADVERSE_FIRST,,2026-05-18T14:00:00Z,ADVERSE_FIRST,,2026-05-18T14:00:00Z,ADVERSE_FIRST,,2026-05-18T14:00:00Z,ADVERSE_FIRST,,2026-05-18T14:00:00Z,ADVERSE_FIRST,,2026-05-18T14:00:00Z,ADVERSE_FIRST,,2026-05-18T14:00:00Z
SPY:2026-05-18:SHORT:2026-05-18T14:32:00+00:00:v1,2026-05-18,SHORT,737.420000000000,737.920000000000,-0.500000000000,2026-05-18T14:35:00Z,2026-05-18T14:40:00Z,5,BETTER,4.030000000000,4.530000000000,1.600000000000,1.100000000000,-1.140000000000,-0.640000000000,-0.500000000000,0.500000000000,True,325,320,AVAILABLE,AVAILABLE,2026-05-18T14:35:00Z,2026-05-18T14:40:00Z,AMBIGUOUS_SAME_BAR,2026-05-18T14:35:00Z,2026-05-18T14:35:00Z,AMBIGUOUS_SAME_BAR,2026-05-18T14:35:00Z,2026-05-18T14:35:00Z,AMBIGUOUS_SAME_BAR,2026-05-18T14:35:00Z,2026-05-18T14:35:00Z,ADVERSE_FIRST,2026-05-18T14:36:00Z,2026-05-18T14:35:00Z,FAVORABLE_FIRST,2026-05-18T14:35:00Z,2026-05-18T14:38:00Z,FAVORABLE_FIRST,2026-05-18T14:35:00Z,2026-05-18T14:38:00Z,FAVORABLE_FIRST,2026-05-18T14:36:00Z,2026-05-18T14:38:00Z,ADVERSE_FIRST,2026-05-18T15:29:00Z,2026-05-18T14:38:00Z,ADVERSE_FIRST,2026-05-18T15:30:00Z,2026-05-18T14:38:00Z,FAVORABLE_FIRST,2026-05-18T14:40:00Z,2026-05-18T14:42:00Z,FAVORABLE_FIRST,2026-05-18T14:40:00Z,2026-05-18T14:42:00Z,ADVERSE_FIRST,2026-05-18T15:02:00Z,2026-05-18T14:42:00Z,ADVERSE_FIRST,2026-05-18T15:03:00Z,2026-05-18T14:42:00Z,FAVORABLE_FIRST,2026-05-18T14:40:00Z,2026-05-18T14:42:00Z,ADVERSE_FIRST,2026-05-18T15:02:00Z,2026-05-18T14:42:00Z,ADVERSE_FIRST,2026-05-18T15:03:00Z,2026-05-18T14:42:00Z,ADVERSE_FIRST,2026-05-18T15:18:00Z,2026-05-18T14:42:00Z,ADVERSE_FIRST,2026-05-18T15:29:00Z,2026-05-18T14:42:00Z
SPY:2026-05-19:LONG:2026-05-19T13:52:00+00:00:v1,2026-05-19,LONG,735.805000000000,735.310000000000,-0.495000000000,2026-05-19T13:55:00Z,2026-05-19T14:00:00Z,5,BETTER,1.845000000000,2.340000000000,4.275000000000,3.780000000000,-2.045000000000,-1.550000000000,-0.495000000000,0.495000000000,True,10,5,AVAILABLE,AVAILABLE,2026-05-19T13:55:00Z,2026-05-19T14:00:00Z,FAVORABLE_FIRST,2026-05-19T13:55:00Z,2026-05-19T13:56:00Z,ADVERSE_FIRST,2026-05-19T17:03:00Z,2026-05-19T13:56:00Z,ADVERSE_FIRST,2026-05-19T17:04:00Z,2026-05-19T13:56:00Z,ADVERSE_FIRST,2026-05-19T17:12:00Z,2026-05-19T13:56:00Z,ADVERSE_FIRST,2026-05-19T17:03:00Z,2026-05-19T13:56:00Z,ADVERSE_FIRST,2026-05-19T17:04:00Z,2026-05-19T13:56:00Z,ADVERSE_FIRST,2026-05-19T17:12:00Z,2026-05-19T13:56:00Z,ADVERSE_FIRST,2026-05-19T17:17:00Z,2026-05-19T13:56:00Z,ADVERSE_FIRST,,2026-05-19T13:56:00Z,ADVERSE_FIRST,2026-05-19T16:46:00Z,2026-05-19T14:00:00Z,ADVERSE_FIRST,2026-05-19T16:52:00Z,2026-05-19T14:00:00Z,ADVERSE_FIRST,2026-05-19T16:53:00Z,2026-05-19T14:00:00Z,ADVERSE_FIRST,2026-05-19T17:03:00Z,2026-05-19T14:00:00Z,ADVERSE_FIRST,2026-05-19T16:52:00Z,2026-05-19T14:00:00Z,ADVERSE_FIRST,2026-05-19T16:53:00Z,2026-05-19T14:00:00Z,ADVERSE_FIRST,2026-05-19T17:03:00Z,2026-05-19T14:00:00Z,ADVERSE_FIRST,2026-05-19T17:12:00Z,2026-05-19T14:00:00Z,ADVERSE_FIRST,2026-05-19T17:17:00Z,2026-05-19T14:00:00Z
SPY:2026-05-19:SHORT:2026-05-19T14:05:00+00:00:v1,2026-05-19,SHORT,733.360000000000,732.900000000000,0.460000000000,2026-05-19T14:10:00Z,2026-05-19T14:15:00Z,5,WORSE,1.830000000000,1.370000000000,4.290000000000,4.750000000000,-0.400000000000,-0.860000000000,0.460000000000,-0.460000000000,True,140,135,AVAILABLE,AVAILABLE,2026-05-19T14:10:00Z,2026-05-19T14:15:00Z,AMBIGUOUS_SAME_BAR,2026-05-19T14:10:00Z,2026-05-19T14:10:00Z,ADVERSE_FIRST,2026-05-19T14:14:00Z,2026-05-19T14:10:00Z,ADVERSE_FIRST,2026-05-19T14:16:00Z,2026-05-19T14:10:00Z,ADVERSE_FIRST,2026-05-19T14:18:00Z,2026-05-19T14:10:00Z,ADVERSE_FIRST,2026-05-19T14:14:00Z,2026-05-19T14:10:00Z,ADVERSE_FIRST,2026-05-19T14:16:00Z,2026-05-19T14:10:00Z,ADVERSE_FIRST,2026-05-19T14:18:00Z,2026-05-19T14:10:00Z,ADVERSE_FIRST,2026-05-19T14:21:00Z,2026-05-19T14:10:00Z,ADVERSE_FIRST,,2026-05-19T14:10:00Z,FAVORABLE_FIRST,2026-05-19T14:16:00Z,2026-05-19T14:28:00Z,FAVORABLE_FIRST,2026-05-19T14:18:00Z,2026-05-19T14:28:00Z,FAVORABLE_FIRST,2026-05-19T14:21:00Z,2026-05-19T14:28:00Z,FAVORABLE_FIRST,2026-05-19T14:21:00Z,2026-05-19T14:28:00Z,FAVORABLE_FIRST,2026-05-19T14:18:00Z,2026-05-19T14:31:00Z,FAVORABLE_FIRST,2026-05-19T14:21:00Z,2026-05-19T14:31:00Z,FAVORABLE_FIRST,2026-05-19T14:21:00Z,2026-05-19T14:31:00Z,ADVERSE_FIRST,,2026-05-19T14:31:00Z,ADVERSE_FIRST,,2026-05-19T14:31:00Z
SPY:2026-05-19:LONG:2026-05-19T16:41:00+00:00:v1,2026-05-19,LONG,735.420000000000,735.480000000000,0.060000000000,2026-05-19T16:45:00Z,2026-05-19T16:50:00Z,5,WORSE,2.230000000000,2.170000000000,2.845000000000,2.905000000000,-1.660000000000,-1.720000000000,0.060000000000,-0.060000000000,True,130,125,AVAILABLE,AVAILABLE,2026-05-19T16:45:00Z,2026-05-19T16:50:00Z,FAVORABLE_FIRST,2026-05-19T16:49:00Z,2026-05-19T18:53:00Z,FAVORABLE_FIRST,2026-05-19T16:52:00Z,2026-05-19T18:53:00Z,FAVORABLE_FIRST,2026-05-19T16:57:00Z,2026-05-19T18:53:00Z,FAVORABLE_FIRST,2026-05-19T17:03:00Z,2026-05-19T18:53:00Z,FAVORABLE_FIRST,2026-05-19T16:52:00Z,2026-05-19T18:53:00Z,FAVORABLE_FIRST,2026-05-19T16:57:00Z,2026-05-19T18:53:00Z,FAVORABLE_FIRST,2026-05-19T17:03:00Z,2026-05-19T18:53:00Z,FAVORABLE_FIRST,2026-05-19T17:12:00Z,2026-05-19T18:53:00Z,FAVORABLE_FIRST,2026-05-19T17:21:00Z,2026-05-19T18:53:00Z,FAVORABLE_FIRST,2026-05-19T16:51:00Z,2026-05-19T18:53:00Z,FAVORABLE_FIRST,2026-05-19T16:52:00Z,2026-05-19T18:53:00Z,FAVORABLE_FIRST,2026-05-19T16:57:00Z,2026-05-19T18:53:00Z,FAVORABLE_FIRST,2026-05-19T17:03:00Z,2026-05-19T18:53:00Z,FAVORABLE_FIRST,2026-05-19T16:52:00Z,2026-05-19T18:53:00Z,FAVORABLE_FIRST,2026-05-19T16:57:00Z,2026-05-19T18:53:00Z,FAVORABLE_FIRST,2026-05-19T17:03:00Z,2026-05-19T18:53:00Z,FAVORABLE_FIRST,2026-05-19T17:13:00Z,2026-05-19T18:53:00Z,FAVORABLE_FIRST,2026-05-19T17:21:00Z,2026-05-19T18:53:00Z
SPY:2026-05-19:LONG:2026-05-19T19:10:00+00:00:v1,2026-05-19,LONG,736.030000000000,735.320000000000,-0.710000000000,2026-05-19T19:15:00Z,2026-05-19T19:20:00Z,5,BETTER,0.120000000000,0.160000000000,3.455000000000,2.745000000000,-2.270000000000,-1.560000000000,-0.040000000000,0.710000000000,True,10,5,AVAILABLE,AVAILABLE,2026-05-19T19:15:00Z,2026-05-19T19:20:00Z,ADVERSE_FIRST,,2026-05-19T19:16:00Z,ADVERSE_FIRST,,2026-05-19T19:16:00Z,ADVERSE_FIRST,,2026-05-19T19:16:00Z,ADVERSE_FIRST,,2026-05-19T19:16:00Z,ADVERSE_FIRST,,2026-05-19T19:16:00Z,ADVERSE_FIRST,,2026-05-19T19:16:00Z,ADVERSE_FIRST,,2026-05-19T19:16:00Z,ADVERSE_FIRST,,2026-05-19T19:16:00Z,ADVERSE_FIRST,,2026-05-19T19:16:00Z,ADVERSE_FIRST,,2026-05-19T19:22:00Z,ADVERSE_FIRST,,2026-05-19T19:22:00Z,ADVERSE_FIRST,,2026-05-19T19:22:00Z,ADVERSE_FIRST,,2026-05-19T19:22:00Z,ADVERSE_FIRST,,2026-05-19T19:22:00Z,ADVERSE_FIRST,,2026-05-19T19:22:00Z,ADVERSE_FIRST,,2026-05-19T19:22:00Z,ADVERSE_FIRST,,2026-05-19T19:22:00Z,ADVERSE_FIRST,,2026-05-19T19:22:00Z
SPY:2026-05-19:SHORT:2026-05-19T19:40:00+00:00:v1,2026-05-19,SHORT,733.840000000000,733.800000000000,0.040000000000,2026-05-19T19:45:00Z,2026-05-19T19:50:00Z,5,WORSE,1.265000000000,1.225000000000,0.230000000000,0.140000000000,0.080000000000,0.040000000000,0.040000000000,0.090000000000,True,,,AVAILABLE,AVAILABLE,2026-05-19T19:45:00Z,2026-05-19T19:50:00Z,FAVORABLE_FIRST,2026-05-19T19:50:00Z,,FAVORABLE_FIRST,2026-05-19T19:51:00Z,,FAVORABLE_FIRST,2026-05-19T19:54:00Z,,FAVORABLE_FIRST,2026-05-19T19:54:00Z,,FAVORABLE_FIRST,2026-05-19T19:51:00Z,,FAVORABLE_FIRST,2026-05-19T19:54:00Z,,FAVORABLE_FIRST,2026-05-19T19:54:00Z,,NEITHER,,,NEITHER,,,FAVORABLE_FIRST,2026-05-19T19:50:00Z,,FAVORABLE_FIRST,2026-05-19T19:51:00Z,,FAVORABLE_FIRST,2026-05-19T19:54:00Z,,FAVORABLE_FIRST,2026-05-19T19:54:00Z,,FAVORABLE_FIRST,2026-05-19T19:51:00Z,,FAVORABLE_FIRST,2026-05-19T19:54:00Z,,FAVORABLE_FIRST,2026-05-19T19:54:00Z,,NEITHER,,,NEITHER,,
SPY:2026-05-20:LONG:2026-05-20T14:15:00+00:00:v1,2026-05-20,LONG,737.300000000000,736.880000000000,-0.420000000000,2026-05-20T14:20:00Z,2026-05-20T14:25:00Z,5,BETTER,4.570000000000,4.990000000000,0.830000000000,0.410000000000,4.000000000000,4.420000000000,-0.420000000000,0.420000000000,True,,,AVAILABLE,AVAILABLE,2026-05-20T14:20:00Z,2026-05-20T14:25:00Z,FAVORABLE_FIRST,2026-05-20T14:20:00Z,2026-05-20T14:24:00Z,FAVORABLE_FIRST,2026-05-20T14:20:00Z,2026-05-20T14:24:00Z,FAVORABLE_FIRST,2026-05-20T14:22:00Z,2026-05-20T14:24:00Z,ADVERSE_FIRST,2026-05-20T14:30:00Z,2026-05-20T14:24:00Z,FAVORABLE_FIRST,2026-05-20T14:20:00Z,2026-05-20T14:24:00Z,FAVORABLE_FIRST,2026-05-20T14:22:00Z,2026-05-20T14:24:00Z,ADVERSE_FIRST,2026-05-20T14:30:00Z,2026-05-20T14:24:00Z,ADVERSE_FIRST,2026-05-20T14:31:00Z,2026-05-20T14:24:00Z,ADVERSE_FIRST,2026-05-20T14:56:00Z,2026-05-20T14:24:00Z,AMBIGUOUS_SAME_BAR,2026-05-20T14:25:00Z,2026-05-20T14:25:00Z,ADVERSE_FIRST,2026-05-20T14:26:00Z,2026-05-20T14:25:00Z,ADVERSE_FIRST,2026-05-20T14:26:00Z,2026-05-20T14:25:00Z,ADVERSE_FIRST,2026-05-20T14:29:00Z,2026-05-20T14:25:00Z,ADVERSE_FIRST,2026-05-20T14:26:00Z,2026-05-20T14:25:00Z,ADVERSE_FIRST,2026-05-20T14:26:00Z,2026-05-20T14:25:00Z,ADVERSE_FIRST,2026-05-20T14:29:00Z,2026-05-20T14:25:00Z,ADVERSE_FIRST,2026-05-20T14:30:00Z,2026-05-20T14:25:00Z,ADVERSE_FIRST,2026-05-20T14:32:00Z,2026-05-20T14:25:00Z
SPY:2026-05-21:LONG:2026-05-21T13:52:00+00:00:v1,2026-05-21,LONG,739.610000000000,739.780000000000,0.170000000000,2026-05-21T13:55:00Z,2026-05-21T14:00:00Z,5,WORSE,5.260000000000,5.090000000000,2.580000000000,2.750000000000,3.140000000000,2.970000000000,0.170000000000,-0.170000000000,True,25,20,AVAILABLE,AVAILABLE,2026-05-21T13:55:00Z,2026-05-21T14:00:00Z,FAVORABLE_FIRST,2026-05-21T13:55:00Z,2026-05-21T13:56:00Z,FAVORABLE_FIRST,2026-05-21T13:55:00Z,2026-05-21T13:56:00Z,ADVERSE_FIRST,2026-05-21T14:02:00Z,2026-05-21T13:56:00Z,ADVERSE_FIRST,2026-05-21T14:02:00Z,2026-05-21T13:56:00Z,FAVORABLE_FIRST,2026-05-21T13:55:00Z,2026-05-21T13:56:00Z,ADVERSE_FIRST,2026-05-21T14:02:00Z,2026-05-21T13:56:00Z,ADVERSE_FIRST,2026-05-21T14:02:00Z,2026-05-21T13:56:00Z,ADVERSE_FIRST,2026-05-21T17:11:00Z,2026-05-21T13:56:00Z,ADVERSE_FIRST,2026-05-21T17:16:00Z,2026-05-21T13:56:00Z,FAVORABLE_FIRST,2026-05-21T14:01:00Z,2026-05-21T14:13:00Z,FAVORABLE_FIRST,2026-05-21T14:02:00Z,2026-05-21T14:13:00Z,FAVORABLE_FIRST,2026-05-21T14:02:00Z,2026-05-21T14:13:00Z,ADVERSE_FIRST,2026-05-21T17:11:00Z,2026-05-21T14:13:00Z,FAVORABLE_FIRST,2026-05-21T14:02:00Z,2026-05-21T14:13:00Z,FAVORABLE_FIRST,2026-05-21T14:02:00Z,2026-05-21T14:13:00Z,ADVERSE_FIRST,2026-05-21T17:11:00Z,2026-05-21T14:13:00Z,ADVERSE_FIRST,2026-05-21T17:16:00Z,2026-05-21T14:13:00Z,ADVERSE_FIRST,2026-05-21T17:16:00Z,2026-05-21T14:13:00Z
SPY:2026-05-21:LONG:2026-05-21T15:13:00+00:00:v1,2026-05-21,LONG,738.950000000000,738.970000000000,0.020000000000,2026-05-21T15:15:00Z,2026-05-21T15:20:00Z,5,WORSE,5.920000000000,5.900000000000,1.130000000000,1.150000000000,3.800000000000,3.780000000000,0.020000000000,-0.020000000000,True,20,15,AVAILABLE,AVAILABLE,2026-05-21T15:15:00Z,2026-05-21T15:20:00Z,ADVERSE_FIRST,2026-05-21T15:23:00Z,2026-05-21T15:15:00Z,ADVERSE_FIRST,2026-05-21T15:46:00Z,2026-05-21T15:15:00Z,ADVERSE_FIRST,2026-05-21T15:49:00Z,2026-05-21T15:15:00Z,ADVERSE_FIRST,2026-05-21T16:09:00Z,2026-05-21T15:15:00Z,ADVERSE_FIRST,2026-05-21T15:46:00Z,2026-05-21T15:18:00Z,ADVERSE_FIRST,2026-05-21T15:49:00Z,2026-05-21T15:18:00Z,ADVERSE_FIRST,2026-05-21T16:09:00Z,2026-05-21T15:18:00Z,ADVERSE_FIRST,2026-05-21T17:10:00Z,2026-05-21T15:18:00Z,ADVERSE_FIRST,2026-05-21T17:11:00Z,2026-05-21T15:18:00Z,ADVERSE_FIRST,2026-05-21T15:23:00Z,2026-05-21T15:22:00Z,ADVERSE_FIRST,2026-05-21T15:46:00Z,2026-05-21T15:22:00Z,ADVERSE_FIRST,2026-05-21T15:50:00Z,2026-05-21T15:22:00Z,ADVERSE_FIRST,2026-05-21T17:10:00Z,2026-05-21T15:22:00Z,ADVERSE_FIRST,2026-05-21T15:46:00Z,2026-05-21T15:22:00Z,ADVERSE_FIRST,2026-05-21T15:50:00Z,2026-05-21T15:22:00Z,ADVERSE_FIRST,2026-05-21T17:10:00Z,2026-05-21T15:22:00Z,ADVERSE_FIRST,2026-05-21T17:10:00Z,2026-05-21T15:22:00Z,ADVERSE_FIRST,2026-05-21T17:11:00Z,2026-05-21T15:22:00Z
SPY:2026-05-21:LONG:2026-05-21T15:37:00+00:00:v1,2026-05-21,LONG,738.950000000000,739.128200000000,0.178200000000,2026-05-21T15:40:00Z,2026-05-21T15:45:00Z,5,WORSE,5.920000000000,5.741800000000,0.860000000000,1.038200000000,3.800000000000,3.621800000000,0.178200000000,-0.178200000000,True,70,65,AVAILABLE,AVAILABLE,2026-05-21T15:40:00Z,2026-05-21T15:45:00Z,FAVORABLE_FIRST,2026-05-21T15:43:00Z,2026-05-21T16:22:00Z,FAVORABLE_FIRST,2026-05-21T15:46:00Z,2026-05-21T16:22:00Z,FAVORABLE_FIRST,2026-05-21T15:49:00Z,2026-05-21T16:22:00Z,FAVORABLE_FIRST,2026-05-21T16:09:00Z,2026-05-21T16:22:00Z,FAVORABLE_FIRST,2026-05-21T15:46:00Z,2026-05-21T16:22:00Z,FAVORABLE_FIRST,2026-05-21T15:49:00Z,2026-05-21T16:22:00Z,FAVORABLE_FIRST,2026-05-21T16:09:00Z,2026-05-21T16:22:00Z,ADVERSE_FIRST,2026-05-21T17:10:00Z,2026-05-21T16:22:00Z,ADVERSE_FIRST,2026-05-21T17:11:00Z,2026-05-21T16:22:00Z,FAVORABLE_FIRST,2026-05-21T15:46:00Z,2026-05-21T16:22:00Z,FAVORABLE_FIRST,2026-05-21T15:48:00Z,2026-05-21T16:22:00Z,FAVORABLE_FIRST,2026-05-21T16:01:00Z,2026-05-21T16:22:00Z,ADVERSE_FIRST,2026-05-21T17:10:00Z,2026-05-21T16:22:00Z,FAVORABLE_FIRST,2026-05-21T15:48:00Z,2026-05-21T16:22:00Z,FAVORABLE_FIRST,2026-05-21T16:01:00Z,2026-05-21T16:22:00Z,ADVERSE_FIRST,2026-05-21T17:10:00Z,2026-05-21T16:22:00Z,ADVERSE_FIRST,2026-05-21T17:11:00Z,2026-05-21T16:22:00Z,ADVERSE_FIRST,2026-05-21T17:11:00Z,2026-05-21T16:22:00Z
SPY:2026-05-21:LONG:2026-05-21T16:55:00+00:00:v1,2026-05-21,LONG,738.930000000000,739.050000000000,0.120000000000,2026-05-21T17:00:00Z,2026-05-21T17:05:00Z,5,WORSE,5.940000000000,5.820000000000,0,0.040000000000,3.820000000000,3.700000000000,0.120000000000,-0.040000000000,True,,,AVAILABLE,AVAILABLE,2026-05-21T17:00:00Z,2026-05-21T17:05:00Z,FAVORABLE_FIRST,2026-05-21T17:00:00Z,,FAVORABLE_FIRST,2026-05-21T17:10:00Z,,FAVORABLE_FIRST,2026-05-21T17:10:00Z,,FAVORABLE_FIRST,2026-05-21T17:10:00Z,,FAVORABLE_FIRST,2026-05-21T17:10:00Z,,FAVORABLE_FIRST,2026-05-21T17:10:00Z,,FAVORABLE_FIRST,2026-05-21T17:10:00Z,,FAVORABLE_FIRST,2026-05-21T17:10:00Z,,FAVORABLE_FIRST,2026-05-21T17:11:00Z,,FAVORABLE_FIRST,2026-05-21T17:10:00Z,,FAVORABLE_FIRST,2026-05-21T17:10:00Z,,FAVORABLE_FIRST,2026-05-21T17:10:00Z,,FAVORABLE_FIRST,2026-05-21T17:10:00Z,,FAVORABLE_FIRST,2026-05-21T17:10:00Z,,FAVORABLE_FIRST,2026-05-21T17:10:00Z,,FAVORABLE_FIRST,2026-05-21T17:10:00Z,,FAVORABLE_FIRST,2026-05-21T17:10:00Z,,FAVORABLE_FIRST,2026-05-21T17:11:00Z,
SPY:2026-05-22:LONG:2026-05-22T13:37:00+00:00:v1,2026-05-22,LONG,747.820000000000,747.440000000000,-0.380000000000,2026-05-22T13:40:00Z,2026-05-22T13:45:00Z,5,BETTER,1.120000000000,1.500000000000,3.340000000000,2.960000000000,-2.230000000000,-1.850000000000,-0.380000000000,0.380000000000,True,15,10,AVAILABLE,AVAILABLE,2026-05-22T13:40:00Z,2026-05-22T13:45:00Z,AMBIGUOUS_SAME_BAR,2026-05-22T13:40:00Z,2026-05-22T13:40:00Z,ADVERSE_FIRST,2026-05-22T17:28:00Z,2026-05-22T13:40:00Z,ADVERSE_FIRST,2026-05-22T17:28:00Z,2026-05-22T13:40:00Z,ADVERSE_FIRST,2026-05-22T17:30:00Z,2026-05-22T13:40:00Z,ADVERSE_FIRST,2026-05-22T17:28:00Z,2026-05-22T13:40:00Z,ADVERSE_FIRST,2026-05-22T17:28:00Z,2026-05-22T13:40:00Z,ADVERSE_FIRST,2026-05-22T17:30:00Z,2026-05-22T13:40:00Z,ADVERSE_FIRST,,2026-05-22T13:40:00Z,ADVERSE_FIRST,,2026-05-22T13:40:00Z,FAVORABLE_FIRST,2026-05-22T13:45:00Z,2026-05-22T13:48:00Z,FAVORABLE_FIRST,2026-05-22T13:45:00Z,2026-05-22T13:48:00Z,ADVERSE_FIRST,2026-05-22T17:28:00Z,2026-05-22T13:48:00Z,ADVERSE_FIRST,2026-05-22T17:28:00Z,2026-05-22T13:48:00Z,FAVORABLE_FIRST,2026-05-22T13:45:00Z,2026-05-22T13:48:00Z,ADVERSE_FIRST,2026-05-22T17:28:00Z,2026-05-22T13:48:00Z,ADVERSE_FIRST,2026-05-22T17:28:00Z,2026-05-22T13:48:00Z,ADVERSE_FIRST,2026-05-22T17:30:00Z,2026-05-22T13:48:00Z,ADVERSE_FIRST,,2026-05-22T13:48:00Z
SPY:2026-05-22:SHORT:2026-05-22T14:13:00+00:00:v1,2026-05-22,SHORT,745.545000000000,745.450000000000,0.095000000000,2026-05-22T14:15:00Z,2026-05-22T14:20:00Z,5,WORSE,1.065000000000,0.970000000000,3.395000000000,3.490000000000,-0.045000000000,-0.140000000000,0.095000000000,-0.095000000000,True,15,10,AVAILABLE,AVAILABLE,2026-05-22T14:15:00Z,2026-05-22T14:20:00Z,ADVERSE_FIRST,2026-05-22T14:21:00Z,2026-05-22T14:15:00Z,ADVERSE_FIRST,2026-05-22T14:22:00Z,2026-05-22T14:15:00Z,ADVERSE_FIRST,2026-05-22T14:23:00Z,2026-05-22T14:15:00Z,ADVERSE_FIRST,2026-05-22T14:24:00Z,2026-05-22T14:15:00Z,ADVERSE_FIRST,2026-05-22T14:22:00Z,2026-05-22T14:15:00Z,ADVERSE_FIRST,2026-05-22T14:23:00Z,2026-05-22T14:15:00Z,ADVERSE_FIRST,2026-05-22T14:24:00Z,2026-05-22T14:15:00Z,ADVERSE_FIRST,,2026-05-22T14:15:00Z,ADVERSE_FIRST,,2026-05-22T14:15:00Z,FAVORABLE_FIRST,2026-05-22T14:21:00Z,2026-05-22T14:29:00Z,FAVORABLE_FIRST,2026-05-22T14:22:00Z,2026-05-22T14:29:00Z,FAVORABLE_FIRST,2026-05-22T14:23:00Z,2026-05-22T14:29:00Z,ADVERSE_FIRST,,2026-05-22T14:29:00Z,FAVORABLE_FIRST,2026-05-22T14:22:00Z,2026-05-22T14:30:00Z,FAVORABLE_FIRST,2026-05-22T14:23:00Z,2026-05-22T14:30:00Z,ADVERSE_FIRST,,2026-05-22T14:30:00Z,ADVERSE_FIRST,,2026-05-22T14:30:00Z,ADVERSE_FIRST,,2026-05-22T14:30:00Z
SPY:2026-05-22:LONG:2026-05-22T15:25:00+00:00:v1,2026-05-22,LONG,747.890000000000,747.600000000000,-0.290000000000,2026-05-22T15:30:00Z,2026-05-22T15:35:00Z,5,BETTER,1.050000000000,1.340000000000,2.935000000000,2.645000000000,-2.300000000000,-2.010000000000,-0.290000000000,0.290000000000,True,20,15,AVAILABLE,AVAILABLE,2026-05-22T15:30:00Z,2026-05-22T15:35:00Z,ADVERSE_FIRST,2026-05-22T17:28:00Z,2026-05-22T15:32:00Z,ADVERSE_FIRST,2026-05-22T17:28:00Z,2026-05-22T15:32:00Z,ADVERSE_FIRST,2026-05-22T17:29:00Z,2026-05-22T15:32:00Z,ADVERSE_FIRST,2026-05-22T17:30:00Z,2026-05-22T15:32:00Z,ADVERSE_FIRST,2026-05-22T17:28:00Z,2026-05-22T15:33:00Z,ADVERSE_FIRST,2026-05-22T17:29:00Z,2026-05-22T15:33:00Z,ADVERSE_FIRST,2026-05-22T17:30:00Z,2026-05-22T15:33:00Z,ADVERSE_FIRST,,2026-05-22T15:33:00Z,ADVERSE_FIRST,,2026-05-22T15:33:00Z,FAVORABLE_FIRST,2026-05-22T15:36:00Z,2026-05-22T15:49:00Z,ADVERSE_FIRST,2026-05-22T17:28:00Z,2026-05-22T15:49:00Z,ADVERSE_FIRST,2026-05-22T17:28:00Z,2026-05-22T15:49:00Z,ADVERSE_FIRST,2026-05-22T17:29:00Z,2026-05-22T15:49:00Z,ADVERSE_FIRST,2026-05-22T17:28:00Z,2026-05-22T16:00:00Z,ADVERSE_FIRST,2026-05-22T17:28:00Z,2026-05-22T16:00:00Z,ADVERSE_FIRST,2026-05-22T17:29:00Z,2026-05-22T16:00:00Z,ADVERSE_FIRST,,2026-05-22T16:00:00Z,ADVERSE_FIRST,,2026-05-22T16:00:00Z
SPY:2026-05-22:LONG:2026-05-22T15:50:00+00:00:v1,2026-05-22,LONG,747.610000000000,747.600000000000,-0.010000000000,2026-05-22T15:55:00Z,2026-05-22T16:00:00Z,5,UNCHANGED_WITHIN_ONE_CENT,1.330000000000,1.340000000000,2.655000000000,2.645000000000,-2.020000000000,-2.010000000000,-0.010000000000,0.010000000000,True,15,10,AVAILABLE,AVAILABLE,2026-05-22T15:55:00Z,2026-05-22T16:00:00Z,ADVERSE_FIRST,2026-05-22T17:05:00Z,2026-05-22T16:00:00Z,ADVERSE_FIRST,2026-05-22T17:28:00Z,2026-05-22T16:00:00Z,ADVERSE_FIRST,2026-05-22T17:28:00Z,2026-05-22T16:00:00Z,ADVERSE_FIRST,2026-05-22T17:29:00Z,2026-05-22T16:00:00Z,ADVERSE_FIRST,2026-05-22T17:28:00Z,2026-05-22T16:00:00Z,ADVERSE_FIRST,2026-05-22T17:28:00Z,2026-05-22T16:00:00Z,ADVERSE_FIRST,2026-05-22T17:29:00Z,2026-05-22T16:00:00Z,ADVERSE_FIRST,,2026-05-22T16:00:00Z,ADVERSE_FIRST,,2026-05-22T16:00:00Z,ADVERSE_FIRST,2026-05-22T17:05:00Z,2026-05-22T16:00:00Z,ADVERSE_FIRST,2026-05-22T17:28:00Z,2026-05-22T16:00:00Z,ADVERSE_FIRST,2026-05-22T17:28:00Z,2026-05-22T16:00:00Z,ADVERSE_FIRST,2026-05-22T17:29:00Z,2026-05-22T16:00:00Z,ADVERSE_FIRST,2026-05-22T17:28:00Z,2026-05-22T16:00:00Z,ADVERSE_FIRST,2026-05-22T17:28:00Z,2026-05-22T16:00:00Z,ADVERSE_FIRST,2026-05-22T17:29:00Z,2026-05-22T16:00:00Z,ADVERSE_FIRST,,2026-05-22T16:00:00Z,ADVERSE_FIRST,,2026-05-22T16:00:00Z
SPY:2026-05-22:LONG:2026-05-22T17:00:00+00:00:v1,2026-05-22,LONG,747.790000000000,747.740000000000,-0.050000000000,2026-05-22T17:05:00Z,2026-05-22T17:10:00Z,5,BETTER,1.150000000000,1.200000000000,2.835000000000,2.785000000000,-2.200000000000,-2.150000000000,-0.050000000000,0.050000000000,True,15,10,AVAILABLE,AVAILABLE,2026-05-22T17:05:00Z,2026-05-22T17:10:00Z,ADVERSE_FIRST,2026-05-22T17:28:00Z,2026-05-22T17:18:00Z,ADVERSE_FIRST,2026-05-22T17:28:00Z,2026-05-22T17:18:00Z,ADVERSE_FIRST,2026-05-22T17:28:00Z,2026-05-22T17:18:00Z,ADVERSE_FIRST,2026-05-22T17:30:00Z,2026-05-22T17:18:00Z,ADVERSE_FIRST,2026-05-22T17:28:00Z,2026-05-22T17:19:00Z,ADVERSE_FIRST,2026-05-22T17:28:00Z,2026-05-22T17:19:00Z,ADVERSE_FIRST,2026-05-22T17:30:00Z,2026-05-22T17:19:00Z,ADVERSE_FIRST,,2026-05-22T17:19:00Z,ADVERSE_FIRST,,2026-05-22T17:19:00Z,ADVERSE_FIRST,2026-05-22T17:28:00Z,2026-05-22T17:19:00Z,ADVERSE_FIRST,2026-05-22T17:28:00Z,2026-05-22T17:19:00Z,ADVERSE_FIRST,2026-05-22T17:28:00Z,2026-05-22T17:19:00Z,ADVERSE_FIRST,2026-05-22T17:29:00Z,2026-05-22T17:19:00Z,ADVERSE_FIRST,2026-05-22T17:28:00Z,2026-05-22T17:19:00Z,ADVERSE_FIRST,2026-05-22T17:28:00Z,2026-05-22T17:19:00Z,ADVERSE_FIRST,2026-05-22T17:29:00Z,2026-05-22T17:19:00Z,ADVERSE_FIRST,,2026-05-22T17:19:00Z,ADVERSE_FIRST,,2026-05-22T17:19:00Z
SPY:2026-05-22:LONG:2026-05-22T17:22:00+00:00:v1,2026-05-22,LONG,747.390000000000,748.780000000000,1.390000000000,2026-05-22T17:25:00Z,2026-05-22T17:30:00Z,5,WORSE,1.550000000000,0.160000000000,2.435000000000,3.825000000000,-1.800000000000,-3.190000000000,1.390000000000,-1.390000000000,True,30,25,AVAILABLE,AVAILABLE,2026-05-22T17:25:00Z,2026-05-22T17:30:00Z,FAVORABLE_FIRST,2026-05-22T17:26:00Z,2026-05-22T17:54:00Z,FAVORABLE_FIRST,2026-05-22T17:28:00Z,2026-05-22T17:54:00Z,FAVORABLE_FIRST,2026-05-22T17:28:00Z,2026-05-22T17:54:00Z,FAVORABLE_FIRST,2026-05-22T17:28:00Z,2026-05-22T17:54:00Z,FAVORABLE_FIRST,2026-05-22T17:28:00Z,2026-05-22T18:04:00Z,FAVORABLE_FIRST,2026-05-22T17:28:00Z,2026-05-22T18:04:00Z,FAVORABLE_FIRST,2026-05-22T17:28:00Z,2026-05-22T18:04:00Z,FAVORABLE_FIRST,2026-05-22T17:30:00Z,2026-05-22T18:04:00Z,ADVERSE_FIRST,,2026-05-22T18:04:00Z,ADVERSE_FIRST,,2026-05-22T17:30:00Z,ADVERSE_FIRST,,2026-05-22T17:30:00Z,ADVERSE_FIRST,,2026-05-22T17:30:00Z,ADVERSE_FIRST,,2026-05-22T17:30:00Z,ADVERSE_FIRST,,2026-05-22T17:30:00Z,ADVERSE_FIRST,,2026-05-22T17:30:00Z,ADVERSE_FIRST,,2026-05-22T17:30:00Z,ADVERSE_FIRST,,2026-05-22T17:30:00Z,ADVERSE_FIRST,,2026-05-22T17:30:00Z
SPY:2026-05-22:SHORT:2026-05-22T19:41:00+00:00:v1,2026-05-22,SHORT,745.640000000000,745.460000000000,0.180000000000,2026-05-22T19:45:00Z,2026-05-22T19:50:00Z,5,WORSE,0.685000000000,0.430000000000,0.570000000000,0.750000000000,0.050000000000,-0.130000000000,0.255000000000,-0.180000000000,True,,,AVAILABLE,AVAILABLE,2026-05-22T19:45:00Z,2026-05-22T19:50:00Z,FAVORABLE_FIRST,2026-05-22T19:45:00Z,2026-05-22T19:57:00Z,FAVORABLE_FIRST,2026-05-22T19:46:00Z,2026-05-22T19:57:00Z,ADVERSE_FIRST,,2026-05-22T19:57:00Z,ADVERSE_FIRST,,2026-05-22T19:57:00Z,FAVORABLE_FIRST,2026-05-22T19:46:00Z,2026-05-22T19:57:00Z,ADVERSE_FIRST,,2026-05-22T19:57:00Z,ADVERSE_FIRST,,2026-05-22T19:57:00Z,ADVERSE_FIRST,,2026-05-22T19:57:00Z,ADVERSE_FIRST,,2026-05-22T19:57:00Z,AMBIGUOUS_SAME_BAR,2026-05-22T19:50:00Z,2026-05-22T19:50:00Z,ADVERSE_FIRST,,2026-05-22T19:50:00Z,ADVERSE_FIRST,,2026-05-22T19:50:00Z,ADVERSE_FIRST,,2026-05-22T19:50:00Z,ADVERSE_FIRST,,2026-05-22T19:55:00Z,ADVERSE_FIRST,,2026-05-22T19:55:00Z,ADVERSE_FIRST,,2026-05-22T19:55:00Z,ADVERSE_FIRST,,2026-05-22T19:55:00Z,ADVERSE_FIRST,,2026-05-22T19:55:00Z
SPY:2026-05-26:LONG:2026-05-26T13:44:00+00:00:v1,2026-05-26,LONG,750.650000000000,750.980000000000,0.330000000000,2026-05-26T13:45:00Z,2026-05-26T13:50:00Z,5,WORSE,1.480000000000,1.150000000000,2.280000000000,2.610000000000,-0.160000000000,-0.490000000000,0.330000000000,-0.330000000000,True,10,5,AVAILABLE,AVAILABLE,2026-05-26T13:45:00Z,2026-05-26T13:50:00Z,FAVORABLE_FIRST,2026-05-26T13:45:00Z,2026-05-26T13:50:00Z,ADVERSE_FIRST,2026-05-26T14:04:00Z,2026-05-26T13:50:00Z,ADVERSE_FIRST,2026-05-26T14:07:00Z,2026-05-26T13:50:00Z,ADVERSE_FIRST,2026-05-26T14:20:00Z,2026-05-26T13:50:00Z,ADVERSE_FIRST,2026-05-26T14:04:00Z,2026-05-26T13:50:00Z,ADVERSE_FIRST,2026-05-26T14:07:00Z,2026-05-26T13:50:00Z,ADVERSE_FIRST,2026-05-26T14:20:00Z,2026-05-26T13:50:00Z,ADVERSE_FIRST,,2026-05-26T13:50:00Z,ADVERSE_FIRST,,2026-05-26T13:50:00Z,ADVERSE_FIRST,2026-05-26T14:06:00Z,2026-05-26T13:50:00Z,ADVERSE_FIRST,2026-05-26T14:15:00Z,2026-05-26T13:50:00Z,ADVERSE_FIRST,2026-05-26T14:20:00Z,2026-05-26T13:50:00Z,ADVERSE_FIRST,2026-05-26T14:36:00Z,2026-05-26T13:50:00Z,ADVERSE_FIRST,2026-05-26T14:15:00Z,2026-05-26T13:50:00Z,ADVERSE_FIRST,2026-05-26T14:20:00Z,2026-05-26T13:50:00Z,ADVERSE_FIRST,2026-05-26T14:36:00Z,2026-05-26T13:50:00Z,ADVERSE_FIRST,,2026-05-26T13:50:00Z,ADVERSE_FIRST,,2026-05-26T13:50:00Z
SPY:2026-05-26:LONG:2026-05-26T13:55:00+00:00:v1,2026-05-26,LONG,750.790000000000,751.140000000000,0.350000000000,2026-05-26T14:00:00Z,2026-05-26T14:05:00Z,5,WORSE,1.340000000000,0.990000000000,2.420000000000,2.770000000000,-0.300000000000,-0.650000000000,0.350000000000,-0.350000000000,True,80,75,AVAILABLE,AVAILABLE,2026-05-26T14:00:00Z,2026-05-26T14:05:00Z,ADVERSE_FIRST,2026-05-26T14:03:00Z,2026-05-26T14:00:00Z,ADVERSE_FIRST,2026-05-26T14:07:00Z,2026-05-26T14:00:00Z,ADVERSE_FIRST,2026-05-26T14:18:00Z,2026-05-26T14:00:00Z,ADVERSE_FIRST,2026-05-26T14:21:00Z,2026-05-26T14:00:00Z,FAVORABLE_FIRST,2026-05-26T14:07:00Z,2026-05-26T15:07:00Z,FAVORABLE_FIRST,2026-05-26T14:18:00Z,2026-05-26T15:07:00Z,FAVORABLE_FIRST,2026-05-26T14:21:00Z,2026-05-26T15:07:00Z,ADVERSE_FIRST,,2026-05-26T15:07:00Z,ADVERSE_FIRST,,2026-05-26T15:07:00Z,FAVORABLE_FIRST,2026-05-26T14:07:00Z,2026-05-26T15:02:00Z,FAVORABLE_FIRST,2026-05-26T14:19:00Z,2026-05-26T15:02:00Z,FAVORABLE_FIRST,2026-05-26T14:35:00Z,2026-05-26T15:02:00Z,ADVERSE_FIRST,,2026-05-26T15:02:00Z,FAVORABLE_FIRST,2026-05-26T14:19:00Z,2026-05-26T15:02:00Z,FAVORABLE_FIRST,2026-05-26T14:35:00Z,2026-05-26T15:02:00Z,ADVERSE_FIRST,,2026-05-26T15:02:00Z,ADVERSE_FIRST,,2026-05-26T15:02:00Z,ADVERSE_FIRST,,2026-05-26T15:02:00Z
SPY:2026-05-26:SHORT:2026-05-26T15:45:00+00:00:v1,2026-05-26,SHORT,749.080000000000,748.540000000000,0.540000000000,2026-05-26T15:50:00Z,2026-05-26T15:55:00Z,5,WORSE,0.710000000000,0.170000000000,1.790000000000,2.330000000000,-1.410000000000,-1.950000000000,0.540000000000,-0.540000000000,True,35,30,AVAILABLE,AVAILABLE,2026-05-26T15:50:00Z,2026-05-26T15:55:00Z,FAVORABLE_FIRST,2026-05-26T15:53:00Z,2026-05-26T16:01:00Z,FAVORABLE_FIRST,2026-05-26T15:54:00Z,2026-05-26T16:01:00Z,ADVERSE_FIRST,,2026-05-26T16:01:00Z,ADVERSE_FIRST,,2026-05-26T16:01:00Z,FAVORABLE_FIRST,2026-05-26T15:54:00Z,2026-05-26T16:02:00Z,ADVERSE_FIRST,,2026-05-26T16:02:00Z,ADVERSE_FIRST,,2026-05-26T16:02:00Z,ADVERSE_FIRST,,2026-05-26T16:02:00Z,ADVERSE_FIRST,,2026-05-26T16:02:00Z,ADVERSE_FIRST,,2026-05-26T15:57:00Z,ADVERSE_FIRST,,2026-05-26T15:57:00Z,ADVERSE_FIRST,,2026-05-26T15:57:00Z,ADVERSE_FIRST,,2026-05-26T15:57:00Z,ADVERSE_FIRST,,2026-05-26T15:57:00Z,ADVERSE_FIRST,,2026-05-26T15:57:00Z,ADVERSE_FIRST,,2026-05-26T15:57:00Z,ADVERSE_FIRST,,2026-05-26T15:57:00Z,ADVERSE_FIRST,,2026-05-26T15:57:00Z
SPY:2026-05-26:SHORT:2026-05-26T16:41:00+00:00:v1,2026-05-26,SHORT,749.230000000000,748.880000000000,0.350000000000,2026-05-26T16:45:00Z,2026-05-26T16:50:00Z,5,WORSE,0.730000000000,0.380000000000,1.640000000000,1.990000000000,-1.260000000000,-1.610000000000,0.350000000000,-0.350000000000,True,85,80,AVAILABLE,AVAILABLE,2026-05-26T16:45:00Z,2026-05-26T16:50:00Z,FAVORABLE_FIRST,2026-05-26T16:48:00Z,2026-05-26T18:10:00Z,FAVORABLE_FIRST,2026-05-26T17:20:00Z,2026-05-26T18:10:00Z,ADVERSE_FIRST,,2026-05-26T18:10:00Z,ADVERSE_FIRST,,2026-05-26T18:10:00Z,FAVORABLE_FIRST,2026-05-26T17:20:00Z,2026-05-26T18:10:00Z,ADVERSE_FIRST,,2026-05-26T18:10:00Z,ADVERSE_FIRST,,2026-05-26T18:10:00Z,ADVERSE_FIRST,,2026-05-26T18:10:00Z,ADVERSE_FIRST,,2026-05-26T18:10:00Z,ADVERSE_FIRST,2026-05-26T17:24:00Z,2026-05-26T16:50:00Z,ADVERSE_FIRST,,2026-05-26T16:50:00Z,ADVERSE_FIRST,,2026-05-26T16:50:00Z,ADVERSE_FIRST,,2026-05-26T16:50:00Z,ADVERSE_FIRST,,2026-05-26T16:54:00Z,ADVERSE_FIRST,,2026-05-26T16:54:00Z,ADVERSE_FIRST,,2026-05-26T16:54:00Z,ADVERSE_FIRST,,2026-05-26T16:54:00Z,ADVERSE_FIRST,,2026-05-26T16:54:00Z
SPY:2026-05-26:SHORT:2026-05-26T18:55:00+00:00:v1,2026-05-26,SHORT,749.090000000000,749.200000000000,-0.110000000000,2026-05-26T19:00:00Z,2026-05-26T19:05:00Z,5,BETTER,0.240000000000,0.140000000000,1.780000000000,1.670000000000,-1.400000000000,-1.290000000000,0.100000000000,0.110000000000,True,10,5,AVAILABLE,AVAILABLE,2026-05-26T19:00:00Z,2026-05-26T19:05:00Z,ADVERSE_FIRST,,2026-05-26T19:06:00Z,ADVERSE_FIRST,,2026-05-26T19:06:00Z,ADVERSE_FIRST,,2026-05-26T19:06:00Z,ADVERSE_FIRST,,2026-05-26T19:06:00Z,ADVERSE_FIRST,,2026-05-26T19:09:00Z,ADVERSE_FIRST,,2026-05-26T19:09:00Z,ADVERSE_FIRST,,2026-05-26T19:09:00Z,ADVERSE_FIRST,,2026-05-26T19:09:00Z,ADVERSE_FIRST,,2026-05-26T19:09:00Z,ADVERSE_FIRST,,2026-05-26T19:11:00Z,ADVERSE_FIRST,,2026-05-26T19:11:00Z,ADVERSE_FIRST,,2026-05-26T19:11:00Z,ADVERSE_FIRST,,2026-05-26T19:11:00Z,ADVERSE_FIRST,,2026-05-26T19:18:00Z,ADVERSE_FIRST,,2026-05-26T19:18:00Z,ADVERSE_FIRST,,2026-05-26T19:18:00Z,ADVERSE_FIRST,,2026-05-26T19:18:00Z,ADVERSE_FIRST,,2026-05-26T19:18:00Z
SPY:2026-05-26:LONG:2026-05-26T19:44:00+00:00:v1,2026-05-26,LONG,750.500000000000,750.600000000000,0.100000000000,2026-05-26T19:45:00Z,2026-05-26T19:50:00Z,5,WORSE,0.370000000000,0.270000000000,0.460000000000,0.560000000000,-0.010000000000,-0.110000000000,0.100000000000,-0.100000000000,True,,,AVAILABLE,AVAILABLE,2026-05-26T19:45:00Z,2026-05-26T19:50:00Z,FAVORABLE_FIRST,2026-05-26T19:50:00Z,2026-05-26T19:58:00Z,ADVERSE_FIRST,,2026-05-26T19:58:00Z,ADVERSE_FIRST,,2026-05-26T19:58:00Z,ADVERSE_FIRST,,2026-05-26T19:58:00Z,ADVERSE_FIRST,,2026-05-26T19:58:00Z,ADVERSE_FIRST,,2026-05-26T19:58:00Z,ADVERSE_FIRST,,2026-05-26T19:58:00Z,ADVERSE_FIRST,,2026-05-26T19:58:00Z,ADVERSE_FIRST,,2026-05-26T19:58:00Z,FAVORABLE_FIRST,2026-05-26T19:53:00Z,2026-05-26T19:58:00Z,ADVERSE_FIRST,,2026-05-26T19:58:00Z,ADVERSE_FIRST,,2026-05-26T19:58:00Z,ADVERSE_FIRST,,2026-05-26T19:58:00Z,ADVERSE_FIRST,,2026-05-26T19:58:00Z,ADVERSE_FIRST,,2026-05-26T19:58:00Z,ADVERSE_FIRST,,2026-05-26T19:58:00Z,ADVERSE_FIRST,,2026-05-26T19:58:00Z,ADVERSE_FIRST,,2026-05-26T19:58:00Z
SPY:2026-05-27:SHORT:2026-05-27T13:40:00+00:00:v1,2026-05-27,SHORT,749.460000000000,749.580000000000,-0.120000000000,2026-05-27T13:45:00Z,2026-05-27T13:50:00Z,5,BETTER,1.240000000000,1.360000000000,1.920000000000,1.800000000000,-1.010000000000,-0.890000000000,-0.120000000000,0.120000000000,True,15,10,AVAILABLE,AVAILABLE,2026-05-27T13:45:00Z,2026-05-27T13:50:00Z,ADVERSE_FIRST,2026-05-27T15:19:00Z,2026-05-27T13:45:00Z,ADVERSE_FIRST,2026-05-27T15:21:00Z,2026-05-27T13:45:00Z,ADVERSE_FIRST,2026-05-27T15:44:00Z,2026-05-27T13:45:00Z,ADVERSE_FIRST,2026-05-27T15:48:00Z,2026-05-27T13:45:00Z,ADVERSE_FIRST,2026-05-27T15:21:00Z,2026-05-27T13:45:00Z,ADVERSE_FIRST,2026-05-27T15:44:00Z,2026-05-27T13:45:00Z,ADVERSE_FIRST,2026-05-27T15:48:00Z,2026-05-27T13:45:00Z,ADVERSE_FIRST,,2026-05-27T13:45:00Z,ADVERSE_FIRST,,2026-05-27T13:45:00Z,ADVERSE_FIRST,2026-05-27T14:33:00Z,2026-05-27T13:50:00Z,ADVERSE_FIRST,2026-05-27T15:21:00Z,2026-05-27T13:50:00Z,ADVERSE_FIRST,2026-05-27T15:44:00Z,2026-05-27T13:50:00Z,ADVERSE_FIRST,2026-05-27T15:44:00Z,2026-05-27T13:50:00Z,ADVERSE_FIRST,2026-05-27T15:21:00Z,2026-05-27T13:50:00Z,ADVERSE_FIRST,2026-05-27T15:44:00Z,2026-05-27T13:50:00Z,ADVERSE_FIRST,2026-05-27T15:44:00Z,2026-05-27T13:50:00Z,ADVERSE_FIRST,,2026-05-27T13:50:00Z,ADVERSE_FIRST,,2026-05-27T13:50:00Z
SPY:2026-05-27:SHORT:2026-05-27T14:24:00+00:00:v1,2026-05-27,SHORT,750.120000000000,750.040000000000,0.080000000000,2026-05-27T14:25:00Z,2026-05-27T14:30:00Z,5,WORSE,1.900000000000,1.820000000000,1.010000000000,1.090000000000,-0.350000000000,-0.430000000000,0.080000000000,-0.080000000000,True,15,10,AVAILABLE,AVAILABLE,2026-05-27T14:25:00Z,2026-05-27T14:30:00Z,FAVORABLE_FIRST,2026-05-27T14:25:00Z,2026-05-27T14:30:00Z,FAVORABLE_FIRST,2026-05-27T14:26:00Z,2026-05-27T14:30:00Z,ADVERSE_FIRST,2026-05-27T14:33:00Z,2026-05-27T14:30:00Z,ADVERSE_FIRST,2026-05-27T15:21:00Z,2026-05-27T14:30:00Z,FAVORABLE_FIRST,2026-05-27T14:26:00Z,2026-05-27T14:30:00Z,ADVERSE_FIRST,2026-05-27T14:33:00Z,2026-05-27T14:30:00Z,ADVERSE_FIRST,2026-05-27T15:21:00Z,2026-05-27T14:30:00Z,ADVERSE_FIRST,2026-05-27T15:44:00Z,2026-05-27T14:30:00Z,ADVERSE_FIRST,,2026-05-27T14:30:00Z,ADVERSE_FIRST,2026-05-27T14:33:00Z,2026-05-27T14:30:00Z,ADVERSE_FIRST,2026-05-27T14:33:00Z,2026-05-27T14:30:00Z,ADVERSE_FIRST,2026-05-27T14:33:00Z,2026-05-27T14:30:00Z,ADVERSE_FIRST,2026-05-27T15:21:00Z,2026-05-27T14:30:00Z,ADVERSE_FIRST,2026-05-27T14:33:00Z,2026-05-27T14:30:00Z,ADVERSE_FIRST,2026-05-27T14:33:00Z,2026-05-27T14:30:00Z,ADVERSE_FIRST,2026-05-27T15:21:00Z,2026-05-27T14:30:00Z,ADVERSE_FIRST,2026-05-27T15:44:00Z,2026-05-27T14:30:00Z,ADVERSE_FIRST,,2026-05-27T14:30:00Z
SPY:2026-05-27:SHORT:2026-05-27T14:45:00+00:00:v1,2026-05-27,SHORT,749.980000000000,750.330000000000,-0.350000000000,2026-05-27T14:50:00Z,2026-05-27T14:55:00Z,5,BETTER,1.760000000000,2.110000000000,1.150000000000,0.800000000000,-0.490000000000,-0.140000000000,-0.350000000000,0.350000000000,True,120,115,AVAILABLE,AVAILABLE,2026-05-27T14:50:00Z,2026-05-27T14:55:00Z,ADVERSE_FIRST,2026-05-27T14:56:00Z,2026-05-27T14:50:00Z,ADVERSE_FIRST,2026-05-27T14:56:00Z,2026-05-27T14:50:00Z,ADVERSE_FIRST,2026-05-27T15:19:00Z,2026-05-27T14:50:00Z,ADVERSE_FIRST,2026-05-27T15:21:00Z,2026-05-27T14:50:00Z,ADVERSE_FIRST,2026-05-27T14:56:00Z,2026-05-27T14:50:00Z,ADVERSE_FIRST,2026-05-27T15:19:00Z,2026-05-27T14:50:00Z,ADVERSE_FIRST,2026-05-27T15:21:00Z,2026-05-27T14:50:00Z,ADVERSE_FIRST,2026-05-27T15:48:00Z,2026-05-27T14:50:00Z,ADVERSE_FIRST,,2026-05-27T14:50:00Z,FAVORABLE_FIRST,2026-05-27T14:55:00Z,2026-05-27T16:50:00Z,FAVORABLE_FIRST,2026-05-27T14:56:00Z,2026-05-27T16:50:00Z,FAVORABLE_FIRST,2026-05-27T14:56:00Z,2026-05-27T16:50:00Z,FAVORABLE_FIRST,2026-05-27T15:19:00Z,2026-05-27T16:50:00Z,FAVORABLE_FIRST,2026-05-27T14:56:00Z,2026-05-27T18:25:00Z,FAVORABLE_FIRST,2026-05-27T14:56:00Z,2026-05-27T18:25:00Z,FAVORABLE_FIRST,2026-05-27T15:19:00Z,2026-05-27T18:25:00Z,FAVORABLE_FIRST,2026-05-27T15:44:00Z,2026-05-27T18:25:00Z,FAVORABLE_FIRST,2026-05-27T17:09:00Z,2026-05-27T18:25:00Z
SPY:2026-05-27:SHORT:2026-05-27T16:52:00+00:00:v1,2026-05-27,SHORT,750.100000000000,749.790000000000,0.310000000000,2026-05-27T16:55:00Z,2026-05-27T17:00:00Z,5,WORSE,1.880000000000,1.570000000000,1.030000000000,1.340000000000,-0.370000000000,-0.680000000000,0.310000000000,-0.310000000000,True,90,85,AVAILABLE,AVAILABLE,2026-05-27T16:55:00Z,2026-05-27T17:00:00Z,FAVORABLE_FIRST,2026-05-27T16:56:00Z,2026-05-27T18:18:00Z,FAVORABLE_FIRST,2026-05-27T17:01:00Z,2026-05-27T18:18:00Z,FAVORABLE_FIRST,2026-05-27T17:06:00Z,2026-05-27T18:18:00Z,FAVORABLE_FIRST,2026-05-27T17:06:00Z,2026-05-27T18:18:00Z,FAVORABLE_FIRST,2026-05-27T17:01:00Z,2026-05-27T18:20:00Z,FAVORABLE_FIRST,2026-05-27T17:06:00Z,2026-05-27T18:20:00Z,FAVORABLE_FIRST,2026-05-27T17:06:00Z,2026-05-27T18:20:00Z,FAVORABLE_FIRST,2026-05-27T17:08:00Z,2026-05-27T18:20:00Z,ADVERSE_FIRST,,2026-05-27T18:20:00Z,FAVORABLE_FIRST,2026-05-27T17:01:00Z,2026-05-27T17:55:00Z,FAVORABLE_FIRST,2026-05-27T17:06:00Z,2026-05-27T17:55:00Z,FAVORABLE_FIRST,2026-05-27T17:07:00Z,2026-05-27T17:55:00Z,FAVORABLE_FIRST,2026-05-27T17:08:00Z,2026-05-27T17:55:00Z,FAVORABLE_FIRST,2026-05-27T17:06:00Z,2026-05-27T18:16:00Z,FAVORABLE_FIRST,2026-05-27T17:07:00Z,2026-05-27T18:16:00Z,FAVORABLE_FIRST,2026-05-27T17:08:00Z,2026-05-27T18:16:00Z,FAVORABLE_FIRST,2026-05-27T17:09:00Z,2026-05-27T18:16:00Z,ADVERSE_FIRST,,2026-05-27T18:16:00Z
SPY:2026-05-28:LONG:2026-05-28T14:07:00+00:00:v1,2026-05-28,LONG,750.633000000000,753.050000000000,2.417000000000,2026-05-28T14:10:00Z,2026-05-28T14:15:00Z,5,WORSE,4.517000000000,2.100000000000,0.503000000000,1.320000000000,4.007000000000,1.590000000000,2.417000000000,-0.817000000000,True,,,AVAILABLE,AVAILABLE,2026-05-28T14:10:00Z,2026-05-28T14:15:00Z,ADVERSE_FIRST,2026-05-28T14:12:00Z,2026-05-28T14:10:00Z,ADVERSE_FIRST,2026-05-28T14:12:00Z,2026-05-28T14:10:00Z,ADVERSE_FIRST,2026-05-28T14:12:00Z,2026-05-28T14:10:00Z,ADVERSE_FIRST,2026-05-28T14:12:00Z,2026-05-28T14:10:00Z,ADVERSE_FIRST,2026-05-28T14:12:00Z,2026-05-28T14:10:00Z,ADVERSE_FIRST,2026-05-28T14:12:00Z,2026-05-28T14:10:00Z,ADVERSE_FIRST,2026-05-28T14:12:00Z,2026-05-28T14:10:00Z,ADVERSE_FIRST,2026-05-28T14:12:00Z,2026-05-28T14:10:00Z,ADVERSE_FIRST,2026-05-28T14:12:00Z,2026-05-28T14:10:00Z,ADVERSE_FIRST,2026-05-28T14:18:00Z,2026-05-28T14:15:00Z,ADVERSE_FIRST,2026-05-28T15:02:00Z,2026-05-28T14:15:00Z,ADVERSE_FIRST,2026-05-28T15:05:00Z,2026-05-28T14:15:00Z,ADVERSE_FIRST,2026-05-28T15:27:00Z,2026-05-28T14:15:00Z,ADVERSE_FIRST,2026-05-28T15:02:00Z,2026-05-28T14:15:00Z,ADVERSE_FIRST,2026-05-28T15:05:00Z,2026-05-28T14:15:00Z,ADVERSE_FIRST,2026-05-28T15:27:00Z,2026-05-28T14:15:00Z,ADVERSE_FIRST,2026-05-28T16:24:00Z,2026-05-28T14:15:00Z,ADVERSE_FIRST,2026-05-28T19:32:00Z,2026-05-28T14:15:00Z
SPY:2026-05-29:LONG:2026-05-29T13:35:00+00:00:v1,2026-05-29,LONG,756.730000000000,757.480000000000,0.750000000000,2026-05-29T13:40:00Z,2026-05-29T13:45:00Z,5,WORSE,1.350000000000,0.600000000000,2.040000000000,2.790000000000,-0.330000000000,-1.080000000000,0.750000000000,-0.750000000000,True,45,40,AVAILABLE,AVAILABLE,2026-05-29T13:40:00Z,2026-05-29T13:45:00Z,FAVORABLE_FIRST,2026-05-29T13:41:00Z,2026-05-29T14:19:00Z,FAVORABLE_FIRST,2026-05-29T13:41:00Z,2026-05-29T14:19:00Z,FAVORABLE_FIRST,2026-05-29T13:44:00Z,2026-05-29T14:19:00Z,FAVORABLE_FIRST,2026-05-29T13:45:00Z,2026-05-29T14:19:00Z,FAVORABLE_FIRST,2026-05-29T13:41:00Z,2026-05-29T14:24:00Z,FAVORABLE_FIRST,2026-05-29T13:44:00Z,2026-05-29T14:24:00Z,FAVORABLE_FIRST,2026-05-29T13:45:00Z,2026-05-29T14:24:00Z,ADVERSE_FIRST,,2026-05-29T14:24:00Z,ADVERSE_FIRST,,2026-05-29T14:24:00Z,FAVORABLE_FIRST,2026-05-29T13:45:00Z,2026-05-29T14:11:00Z,FAVORABLE_FIRST,2026-05-29T14:00:00Z,2026-05-29T14:11:00Z,ADVERSE_FIRST,,2026-05-29T14:11:00Z,ADVERSE_FIRST,,2026-05-29T14:11:00Z,FAVORABLE_FIRST,2026-05-29T14:00:00Z,2026-05-29T14:15:00Z,ADVERSE_FIRST,,2026-05-29T14:15:00Z,ADVERSE_FIRST,,2026-05-29T14:15:00Z,ADVERSE_FIRST,,2026-05-29T14:15:00Z,ADVERSE_FIRST,,2026-05-29T14:15:00Z
SPY:2026-05-29:LONG:2026-05-29T14:25:00+00:00:v1,2026-05-29,LONG,756.600000000000,756.900000000000,0.300000000000,2026-05-29T14:30:00Z,2026-05-29T14:35:00Z,5,WORSE,1.220000000000,0.920000000000,1.910000000000,2.210000000000,-0.200000000000,-0.500000000000,0.300000000000,-0.300000000000,True,10,5,AVAILABLE,AVAILABLE,2026-05-29T14:30:00Z,2026-05-29T14:35:00Z,ADVERSE_FIRST,2026-05-29T14:34:00Z,2026-05-29T14:32:00Z,ADVERSE_FIRST,2026-05-29T15:12:00Z,2026-05-29T14:32:00Z,ADVERSE_FIRST,2026-05-29T15:15:00Z,2026-05-29T14:32:00Z,ADVERSE_FIRST,2026-05-29T16:37:00Z,2026-05-29T14:32:00Z,ADVERSE_FIRST,2026-05-29T15:12:00Z,2026-05-29T14:32:00Z,ADVERSE_FIRST,2026-05-29T15:15:00Z,2026-05-29T14:32:00Z,ADVERSE_FIRST,2026-05-29T16:37:00Z,2026-05-29T14:32:00Z,ADVERSE_FIRST,,2026-05-29T14:32:00Z,ADVERSE_FIRST,,2026-05-29T14:32:00Z,ADVERSE_FIRST,2026-05-29T15:12:00Z,2026-05-29T14:35:00Z,ADVERSE_FIRST,2026-05-29T15:15:00Z,2026-05-29T14:35:00Z,ADVERSE_FIRST,2026-05-29T16:39:00Z,2026-05-29T14:35:00Z,ADVERSE_FIRST,,2026-05-29T14:35:00Z,ADVERSE_FIRST,2026-05-29T15:15:00Z,2026-05-29T14:35:00Z,ADVERSE_FIRST,2026-05-29T16:39:00Z,2026-05-29T14:35:00Z,ADVERSE_FIRST,,2026-05-29T14:35:00Z,ADVERSE_FIRST,,2026-05-29T14:35:00Z,ADVERSE_FIRST,,2026-05-29T14:35:00Z
SPY:2026-05-29:SHORT:2026-05-29T14:42:00+00:00:v1,2026-05-29,SHORT,755.122000000000,754.970000000000,0.152000000000,2026-05-29T14:45:00Z,2026-05-29T14:50:00Z,5,WORSE,0.432000000000,0.070000000000,2.698000000000,2.850000000000,-1.278000000000,-1.430000000000,0.362000000000,-0.152000000000,True,10,5,AVAILABLE,AVAILABLE,2026-05-29T14:45:00Z,2026-05-29T14:50:00Z,FAVORABLE_FIRST,2026-05-29T14:45:00Z,2026-05-29T14:51:00Z,ADVERSE_FIRST,,2026-05-29T14:51:00Z,ADVERSE_FIRST,,2026-05-29T14:51:00Z,ADVERSE_FIRST,,2026-05-29T14:51:00Z,ADVERSE_FIRST,,2026-05-29T14:51:00Z,ADVERSE_FIRST,,2026-05-29T14:51:00Z,ADVERSE_FIRST,,2026-05-29T14:51:00Z,ADVERSE_FIRST,,2026-05-29T14:51:00Z,ADVERSE_FIRST,,2026-05-29T14:51:00Z,ADVERSE_FIRST,,2026-05-29T14:50:00Z,ADVERSE_FIRST,,2026-05-29T14:50:00Z,ADVERSE_FIRST,,2026-05-29T14:50:00Z,ADVERSE_FIRST,,2026-05-29T14:50:00Z,ADVERSE_FIRST,,2026-05-29T14:50:00Z,ADVERSE_FIRST,,2026-05-29T14:50:00Z,ADVERSE_FIRST,,2026-05-29T14:50:00Z,ADVERSE_FIRST,,2026-05-29T14:50:00Z,ADVERSE_FIRST,,2026-05-29T14:50:00Z
SPY:2026-05-29:LONG:2026-05-29T15:00:00+00:00:v1,2026-05-29,LONG,756.330000000000,756.700000000000,0.370000000000,2026-05-29T15:05:00Z,2026-05-29T15:10:00Z,5,WORSE,1.490000000000,1.120000000000,1.200000000000,1.570000000000,0.070000000000,-0.300000000000,0.370000000000,-0.370000000000,True,160,155,AVAILABLE,AVAILABLE,2026-05-29T15:05:00Z,2026-05-29T15:10:00Z,ADVERSE_FIRST,2026-05-29T15:08:00Z,2026-05-29T15:05:00Z,ADVERSE_FIRST,2026-05-29T15:10:00Z,2026-05-29T15:05:00Z,ADVERSE_FIRST,2026-05-29T15:12:00Z,2026-05-29T15:05:00Z,ADVERSE_FIRST,2026-05-29T15:15:00Z,2026-05-29T15:05:00Z,ADVERSE_FIRST,2026-05-29T15:10:00Z,2026-05-29T15:05:00Z,ADVERSE_FIRST,2026-05-29T15:12:00Z,2026-05-29T15:05:00Z,ADVERSE_FIRST,2026-05-29T15:15:00Z,2026-05-29T15:05:00Z,ADVERSE_FIRST,,2026-05-29T15:05:00Z,ADVERSE_FIRST,,2026-05-29T15:05:00Z,FAVORABLE_FIRST,2026-05-29T15:11:00Z,2026-05-29T15:20:00Z,FAVORABLE_FIRST,2026-05-29T15:12:00Z,2026-05-29T15:20:00Z,ADVERSE_FIRST,2026-05-29T16:10:00Z,2026-05-29T15:20:00Z,ADVERSE_FIRST,2026-05-29T16:39:00Z,2026-05-29T15:20:00Z,FAVORABLE_FIRST,2026-05-29T15:12:00Z,2026-05-29T15:20:00Z,ADVERSE_FIRST,2026-05-29T16:10:00Z,2026-05-29T15:20:00Z,ADVERSE_FIRST,2026-05-29T16:39:00Z,2026-05-29T15:20:00Z,ADVERSE_FIRST,,2026-05-29T15:20:00Z,ADVERSE_FIRST,,2026-05-29T15:20:00Z
SPY:2026-05-29:LONG:2026-05-29T18:30:00+00:00:v1,2026-05-29,LONG,756.700000000000,756.620000000000,-0.080000000000,2026-05-29T18:35:00Z,2026-05-29T18:40:00Z,5,BETTER,0.930000000000,1.010000000000,1.340000000000,1.260000000000,-0.300000000000,-0.220000000000,-0.080000000000,0.080000000000,True,15,10,AVAILABLE,AVAILABLE,2026-05-29T18:35:00Z,2026-05-29T18:40:00Z,ADVERSE_FIRST,2026-05-29T19:30:00Z,2026-05-29T18:38:00Z,ADVERSE_FIRST,2026-05-29T19:34:00Z,2026-05-29T18:38:00Z,ADVERSE_FIRST,2026-05-29T19:38:00Z,2026-05-29T18:38:00Z,ADVERSE_FIRST,,2026-05-29T18:38:00Z,ADVERSE_FIRST,2026-05-29T19:34:00Z,2026-05-29T18:43:00Z,ADVERSE_FIRST,2026-05-29T19:38:00Z,2026-05-29T18:43:00Z,ADVERSE_FIRST,,2026-05-29T18:43:00Z,ADVERSE_FIRST,,2026-05-29T18:43:00Z,ADVERSE_FIRST,,2026-05-29T18:43:00Z,ADVERSE_FIRST,2026-05-29T19:28:00Z,2026-05-29T18:44:00Z,ADVERSE_FIRST,2026-05-29T19:31:00Z,2026-05-29T18:44:00Z,ADVERSE_FIRST,2026-05-29T19:35:00Z,2026-05-29T18:44:00Z,ADVERSE_FIRST,2026-05-29T19:42:00Z,2026-05-29T18:44:00Z,ADVERSE_FIRST,2026-05-29T19:31:00Z,2026-05-29T18:45:00Z,ADVERSE_FIRST,2026-05-29T19:35:00Z,2026-05-29T18:45:00Z,ADVERSE_FIRST,2026-05-29T19:42:00Z,2026-05-29T18:45:00Z,ADVERSE_FIRST,,2026-05-29T18:45:00Z,ADVERSE_FIRST,,2026-05-29T18:45:00Z
SPY:2026-05-29:LONG:2026-05-29T19:21:00+00:00:v1,2026-05-29,LONG,756.470000000000,756.860000000000,0.390000000000,2026-05-29T19:25:00Z,2026-05-29T19:30:00Z,5,WORSE,1.160000000000,0.770000000000,0.300000000000,0.690000000000,-0.070000000000,-0.460000000000,0.390000000000,-0.390000000000,True,,,AVAILABLE,AVAILABLE,2026-05-29T19:25:00Z,2026-05-29T19:30:00Z,FAVORABLE_FIRST,2026-05-29T19:27:00Z,2026-05-29T19:59:00Z,FAVORABLE_FIRST,2026-05-29T19:30:00Z,2026-05-29T19:59:00Z,FAVORABLE_FIRST,2026-05-29T19:34:00Z,2026-05-29T19:59:00Z,FAVORABLE_FIRST,2026-05-29T19:38:00Z,2026-05-29T19:59:00Z,FAVORABLE_FIRST,2026-05-29T19:30:00Z,2026-05-29T19:59:00Z,FAVORABLE_FIRST,2026-05-29T19:34:00Z,2026-05-29T19:59:00Z,FAVORABLE_FIRST,2026-05-29T19:38:00Z,2026-05-29T19:59:00Z,ADVERSE_FIRST,,2026-05-29T19:59:00Z,ADVERSE_FIRST,,2026-05-29T19:59:00Z,FAVORABLE_FIRST,2026-05-29T19:31:00Z,2026-05-29T19:51:00Z,FAVORABLE_FIRST,2026-05-29T19:35:00Z,2026-05-29T19:51:00Z,FAVORABLE_FIRST,2026-05-29T19:42:00Z,2026-05-29T19:51:00Z,ADVERSE_FIRST,,2026-05-29T19:51:00Z,FAVORABLE_FIRST,2026-05-29T19:35:00Z,2026-05-29T19:51:00Z,FAVORABLE_FIRST,2026-05-29T19:42:00Z,2026-05-29T19:51:00Z,ADVERSE_FIRST,,2026-05-29T19:51:00Z,ADVERSE_FIRST,,2026-05-29T19:51:00Z,ADVERSE_FIRST,,2026-05-29T19:51:00Z
SPY:2026-06-01:LONG:2026-06-01T13:35:00+00:00:v1,2026-06-01,LONG,756.260000000000,756.240000000000,-0.020000000000,2026-06-01T13:40:00Z,2026-06-01T13:45:00Z,5,BETTER,4.020000000000,4.040000000000,0.980000000000,0.960000000000,2.170000000000,2.190000000000,-0.020000000000,0.020000000000,True,15,10,AVAILABLE,AVAILABLE,2026-06-01T13:40:00Z,2026-06-01T13:45:00Z,ADVERSE_FIRST,2026-06-01T13:43:00Z,2026-06-01T13:40:00Z,ADVERSE_FIRST,2026-06-01T13:50:00Z,2026-06-01T13:40:00Z,ADVERSE_FIRST,2026-06-01T15:30:00Z,2026-06-01T13:40:00Z,ADVERSE_FIRST,2026-06-01T15:30:00Z,2026-06-01T13:40:00Z,ADVERSE_FIRST,2026-06-01T13:50:00Z,2026-06-01T13:40:00Z,ADVERSE_FIRST,2026-06-01T15:30:00Z,2026-06-01T13:40:00Z,ADVERSE_FIRST,2026-06-01T15:30:00Z,2026-06-01T13:40:00Z,ADVERSE_FIRST,2026-06-01T16:53:00Z,2026-06-01T13:40:00Z,ADVERSE_FIRST,2026-06-01T17:29:00Z,2026-06-01T13:40:00Z,FAVORABLE_FIRST,2026-06-01T13:45:00Z,2026-06-01T13:51:00Z,FAVORABLE_FIRST,2026-06-01T13:50:00Z,2026-06-01T13:51:00Z,ADVERSE_FIRST,2026-06-01T15:30:00Z,2026-06-01T13:51:00Z,ADVERSE_FIRST,2026-06-01T15:30:00Z,2026-06-01T13:51:00Z,FAVORABLE_FIRST,2026-06-01T13:50:00Z,2026-06-01T13:51:00Z,ADVERSE_FIRST,2026-06-01T15:30:00Z,2026-06-01T13:51:00Z,ADVERSE_FIRST,2026-06-01T15:30:00Z,2026-06-01T13:51:00Z,ADVERSE_FIRST,2026-06-01T16:53:00Z,2026-06-01T13:51:00Z,ADVERSE_FIRST,2026-06-01T17:29:00Z,2026-06-01T13:51:00Z
SPY:2026-06-01:LONG:2026-06-01T15:20:00+00:00:v1,2026-06-01,LONG,756.250000000000,756.140000000000,-0.110000000000,2026-06-01T15:25:00Z,2026-06-01T15:30:00Z,5,BETTER,4.030000000000,4.140000000000,0.379000000000,0.269000000000,2.180000000000,2.290000000000,-0.110000000000,0.110000000000,True,,,AVAILABLE,AVAILABLE,2026-06-01T15:25:00Z,2026-06-01T15:30:00Z,ADVERSE_FIRST,2026-06-01T15:30:00Z,2026-06-01T15:27:00Z,ADVERSE_FIRST,2026-06-01T15:30:00Z,2026-06-01T15:27:00Z,ADVERSE_FIRST,2026-06-01T15:30:00Z,2026-06-01T15:27:00Z,ADVERSE_FIRST,2026-06-01T15:30:00Z,2026-06-01T15:27:00Z,FAVORABLE_FIRST,2026-06-01T15:30:00Z,2026-06-01T16:17:00Z,FAVORABLE_FIRST,2026-06-01T15:30:00Z,2026-06-01T16:17:00Z,FAVORABLE_FIRST,2026-06-01T15:30:00Z,2026-06-01T16:17:00Z,ADVERSE_FIRST,2026-06-01T16:53:00Z,2026-06-01T16:17:00Z,ADVERSE_FIRST,2026-06-01T17:29:00Z,2026-06-01T16:17:00Z,FAVORABLE_FIRST,2026-06-01T15:30:00Z,2026-06-01T16:18:00Z,FAVORABLE_FIRST,2026-06-01T15:30:00Z,2026-06-01T16:18:00Z,FAVORABLE_FIRST,2026-06-01T15:30:00Z,2026-06-01T16:18:00Z,FAVORABLE_FIRST,2026-06-01T15:30:00Z,2026-06-01T16:18:00Z,FAVORABLE_FIRST,2026-06-01T15:30:00Z,,FAVORABLE_FIRST,2026-06-01T15:30:00Z,,FAVORABLE_FIRST,2026-06-01T15:30:00Z,,FAVORABLE_FIRST,2026-06-01T16:53:00Z,,FAVORABLE_FIRST,2026-06-01T17:29:00Z,
SPY:2026-06-02:LONG:2026-06-02T14:04:00+00:00:v1,2026-06-02,LONG,757.780000000000,757.920000000000,0.140000000000,2026-06-02T14:05:00Z,2026-06-02T14:10:00Z,5,WORSE,2.620000000000,2.480000000000,0.240000000000,0.380000000000,1.670000000000,1.530000000000,0.140000000000,-0.140000000000,True,25,20,AVAILABLE,AVAILABLE,2026-06-02T14:05:00Z,2026-06-02T14:10:00Z,FAVORABLE_FIRST,2026-06-02T14:10:00Z,,FAVORABLE_FIRST,2026-06-02T14:11:00Z,,FAVORABLE_FIRST,2026-06-02T14:34:00Z,,FAVORABLE_FIRST,2026-06-02T14:37:00Z,,FAVORABLE_FIRST,2026-06-02T14:11:00Z,,FAVORABLE_FIRST,2026-06-02T14:34:00Z,,FAVORABLE_FIRST,2026-06-02T14:37:00Z,,FAVORABLE_FIRST,2026-06-02T14:49:00Z,,FAVORABLE_FIRST,2026-06-02T15:01:00Z,,FAVORABLE_FIRST,2026-06-02T14:11:00Z,2026-06-02T14:27:00Z,FAVORABLE_FIRST,2026-06-02T14:11:00Z,2026-06-02T14:27:00Z,ADVERSE_FIRST,2026-06-02T14:36:00Z,2026-06-02T14:27:00Z,ADVERSE_FIRST,2026-06-02T14:44:00Z,2026-06-02T14:27:00Z,FAVORABLE_FIRST,2026-06-02T14:11:00Z,2026-06-02T14:27:00Z,ADVERSE_FIRST,2026-06-02T14:36:00Z,2026-06-02T14:27:00Z,ADVERSE_FIRST,2026-06-02T14:44:00Z,2026-06-02T14:27:00Z,ADVERSE_FIRST,2026-06-02T14:51:00Z,2026-06-02T14:27:00Z,ADVERSE_FIRST,2026-06-02T15:07:00Z,2026-06-02T14:27:00Z
SPY:2026-06-02:LONG:2026-06-02T14:30:00+00:00:v1,2026-06-02,LONG,758.550000000000,758.500000000000,-0.050000000000,2026-06-02T14:35:00Z,2026-06-02T14:40:00Z,5,BETTER,1.850000000000,1.900000000000,0.150000000000,0.100000000000,0.900000000000,0.950000000000,-0.050000000000,0.050000000000,True,,,AVAILABLE,AVAILABLE,2026-06-02T14:35:00Z,2026-06-02T14:40:00Z,FAVORABLE_FIRST,2026-06-02T14:37:00Z,,FAVORABLE_FIRST,2026-06-02T14:47:00Z,,FAVORABLE_FIRST,2026-06-02T14:49:00Z,,FAVORABLE_FIRST,2026-06-02T14:53:00Z,,FAVORABLE_FIRST,2026-06-02T14:47:00Z,,FAVORABLE_FIRST,2026-06-02T14:49:00Z,,FAVORABLE_FIRST,2026-06-02T14:53:00Z,,FAVORABLE_FIRST,2026-06-02T15:07:00Z,,NEITHER,,,FAVORABLE_FIRST,2026-06-02T14:43:00Z,,FAVORABLE_FIRST,2026-06-02T14:46:00Z,,FAVORABLE_FIRST,2026-06-02T14:49:00Z,,FAVORABLE_FIRST,2026-06-02T14:53:00Z,,FAVORABLE_FIRST,2026-06-02T14:46:00Z,,FAVORABLE_FIRST,2026-06-02T14:49:00Z,,FAVORABLE_FIRST,2026-06-02T14:53:00Z,,FAVORABLE_FIRST,2026-06-02T15:07:00Z,,NEITHER,,
SPY:2026-06-03:SHORT:2026-06-03T13:35:00+00:00:v1,2026-06-03,SHORT,757.870000000000,756.530000000000,1.340000000000,2026-06-03T13:40:00Z,2026-06-03T13:45:00Z,5,WORSE,4.300000000000,2.960000000000,0,0.480000000000,3.680000000000,2.340000000000,1.340000000000,-0.480000000000,True,,,AVAILABLE,AVAILABLE,2026-06-03T13:40:00Z,2026-06-03T13:45:00Z,FAVORABLE_FIRST,2026-06-03T13:40:00Z,,FAVORABLE_FIRST,2026-06-03T13:42:00Z,,FAVORABLE_FIRST,2026-06-03T13:44:00Z,,FAVORABLE_FIRST,2026-06-03T13:44:00Z,,FAVORABLE_FIRST,2026-06-03T13:42:00Z,,FAVORABLE_FIRST,2026-06-03T13:44:00Z,,FAVORABLE_FIRST,2026-06-03T13:44:00Z,,FAVORABLE_FIRST,2026-06-03T13:45:00Z,,FAVORABLE_FIRST,2026-06-03T13:47:00Z,,FAVORABLE_FIRST,2026-06-03T13:45:00Z,2026-06-03T14:11:00Z,FAVORABLE_FIRST,2026-06-03T13:46:00Z,2026-06-03T14:11:00Z,FAVORABLE_FIRST,2026-06-03T13:47:00Z,2026-06-03T14:11:00Z,FAVORABLE_FIRST,2026-06-03T13:47:00Z,2026-06-03T14:11:00Z,FAVORABLE_FIRST,2026-06-03T13:46:00Z,2026-06-03T14:12:00Z,FAVORABLE_FIRST,2026-06-03T13:47:00Z,2026-06-03T14:12:00Z,FAVORABLE_FIRST,2026-06-03T13:47:00Z,2026-06-03T14:12:00Z,FAVORABLE_FIRST,2026-06-03T13:48:00Z,2026-06-03T14:12:00Z,ADVERSE_FIRST,2026-06-03T16:23:00Z,2026-06-03T14:12:00Z
SPY:2026-06-04:LONG:2026-06-04T14:10:00+00:00:v1,2026-06-04,LONG,753.380000000000,753.190000000000,-0.190000000000,2026-06-04T14:15:00Z,2026-06-04T14:20:00Z,5,BETTER,4.930000000000,5.120000000000,0.300000000000,0.110000000000,3.680000000000,3.870000000000,-0.190000000000,0.190000000000,True,,,AVAILABLE,AVAILABLE,2026-06-04T14:15:00Z,2026-06-04T14:20:00Z,FAVORABLE_FIRST,2026-06-04T14:16:00Z,2026-06-04T14:21:00Z,ADVERSE_FIRST,2026-06-04T14:23:00Z,2026-06-04T14:21:00Z,ADVERSE_FIRST,2026-06-04T14:24:00Z,2026-06-04T14:21:00Z,ADVERSE_FIRST,2026-06-04T15:00:00Z,2026-06-04T14:21:00Z,ADVERSE_FIRST,2026-06-04T14:23:00Z,2026-06-04T14:21:00Z,ADVERSE_FIRST,2026-06-04T14:24:00Z,2026-06-04T14:21:00Z,ADVERSE_FIRST,2026-06-04T15:00:00Z,2026-06-04T14:21:00Z,ADVERSE_FIRST,2026-06-04T15:07:00Z,2026-06-04T14:21:00Z,ADVERSE_FIRST,2026-06-04T15:09:00Z,2026-06-04T14:21:00Z,FAVORABLE_FIRST,2026-06-04T14:21:00Z,,FAVORABLE_FIRST,2026-06-04T14:22:00Z,,FAVORABLE_FIRST,2026-06-04T14:23:00Z,,FAVORABLE_FIRST,2026-06-04T14:24:00Z,,FAVORABLE_FIRST,2026-06-04T14:22:00Z,,FAVORABLE_FIRST,2026-06-04T14:23:00Z,,FAVORABLE_FIRST,2026-06-04T14:24:00Z,,FAVORABLE_FIRST,2026-06-04T15:03:00Z,,FAVORABLE_FIRST,2026-06-04T15:08:00Z,
SPY:2026-06-05:SHORT:2026-06-05T13:38:00+00:00:v1,2026-06-05,SHORT,751.595000000000,750.310000000000,1.285000000000,2026-06-05T13:40:00Z,2026-06-05T13:45:00Z,5,WORSE,16.070000000000,14.785000000000,0.064300000000,0.650000000000,14.175000000000,12.890000000000,1.285000000000,-0.585700000000,True,,,AVAILABLE,AVAILABLE,2026-06-05T13:40:00Z,2026-06-05T13:45:00Z,FAVORABLE_FIRST,2026-06-05T13:40:00Z,,FAVORABLE_FIRST,2026-06-05T13:41:00Z,,FAVORABLE_FIRST,2026-06-05T13:42:00Z,,FAVORABLE_FIRST,2026-06-05T13:42:00Z,,FAVORABLE_FIRST,2026-06-05T13:41:00Z,,FAVORABLE_FIRST,2026-06-05T13:42:00Z,,FAVORABLE_FIRST,2026-06-05T13:42:00Z,,FAVORABLE_FIRST,2026-06-05T13:45:00Z,,FAVORABLE_FIRST,2026-06-05T13:49:00Z,,AMBIGUOUS_SAME_BAR,2026-06-05T13:45:00Z,2026-06-05T13:45:00Z,ADVERSE_FIRST,2026-06-05T13:47:00Z,2026-06-05T13:45:00Z,ADVERSE_FIRST,2026-06-05T13:49:00Z,2026-06-05T13:45:00Z,ADVERSE_FIRST,2026-06-05T13:58:00Z,2026-06-05T13:45:00Z,ADVERSE_FIRST,2026-06-05T13:47:00Z,2026-06-05T13:45:00Z,ADVERSE_FIRST,2026-06-05T13:49:00Z,2026-06-05T13:45:00Z,ADVERSE_FIRST,2026-06-05T13:58:00Z,2026-06-05T13:45:00Z,ADVERSE_FIRST,2026-06-05T13:59:00Z,2026-06-05T13:45:00Z,ADVERSE_FIRST,2026-06-05T14:01:00Z,2026-06-05T13:45:00Z
SPY:2026-06-08:SHORT:2026-06-08T13:57:00+00:00:v1,2026-06-08,SHORT,740.800000000000,741.170000000000,-0.370000000000,2026-06-08T14:00:00Z,2026-06-08T14:05:00Z,5,BETTER,2.610000000000,2.980000000000,4.540000000000,4.170000000000,1.490000000000,1.860000000000,-0.370000000000,0.370000000000,True,10,5,AVAILABLE,AVAILABLE,2026-06-08T14:00:00Z,2026-06-08T14:05:00Z,ADVERSE_FIRST,2026-06-08T17:03:00Z,2026-06-08T14:00:00Z,ADVERSE_FIRST,2026-06-08T17:11:00Z,2026-06-08T14:00:00Z,ADVERSE_FIRST,2026-06-08T19:10:00Z,2026-06-08T14:00:00Z,ADVERSE_FIRST,2026-06-08T19:10:00Z,2026-06-08T14:00:00Z,ADVERSE_FIRST,2026-06-08T17:11:00Z,2026-06-08T14:00:00Z,ADVERSE_FIRST,2026-06-08T19:10:00Z,2026-06-08T14:00:00Z,ADVERSE_FIRST,2026-06-08T19:10:00Z,2026-06-08T14:00:00Z,ADVERSE_FIRST,2026-06-08T19:14:00Z,2026-06-08T14:00:00Z,ADVERSE_FIRST,2026-06-08T19:23:00Z,2026-06-08T14:00:00Z,ADVERSE_FIRST,2026-06-08T14:15:00Z,2026-06-08T14:06:00Z,ADVERSE_FIRST,2026-06-08T17:03:00Z,2026-06-08T14:06:00Z,ADVERSE_FIRST,2026-06-08T17:04:00Z,2026-06-08T14:06:00Z,ADVERSE_FIRST,2026-06-08T17:12:00Z,2026-06-08T14:06:00Z,ADVERSE_FIRST,2026-06-08T17:03:00Z,2026-06-08T14:06:00Z,ADVERSE_FIRST,2026-06-08T17:04:00Z,2026-06-08T14:06:00Z,ADVERSE_FIRST,2026-06-08T17:12:00Z,2026-06-08T14:06:00Z,ADVERSE_FIRST,2026-06-08T19:10:00Z,2026-06-08T14:06:00Z,ADVERSE_FIRST,2026-06-08T19:15:00Z,2026-06-08T14:06:00Z
SPY:2026-06-08:SHORT:2026-06-08T14:10:00+00:00:v1,2026-06-08,SHORT,741.625000000000,741.480000000000,0.145000000000,2026-06-08T14:15:00Z,2026-06-08T14:20:00Z,5,WORSE,3.435000000000,3.290000000000,3.715000000000,3.860000000000,2.315000000000,2.170000000000,0.145000000000,-0.145000000000,True,15,10,AVAILABLE,AVAILABLE,2026-06-08T14:15:00Z,2026-06-08T14:20:00Z,FAVORABLE_FIRST,2026-06-08T14:15:00Z,2026-06-08T14:20:00Z,FAVORABLE_FIRST,2026-06-08T14:15:00Z,2026-06-08T14:20:00Z,FAVORABLE_FIRST,2026-06-08T14:17:00Z,2026-06-08T14:20:00Z,ADVERSE_FIRST,2026-06-08T17:03:00Z,2026-06-08T14:20:00Z,FAVORABLE_FIRST,2026-06-08T14:15:00Z,2026-06-08T14:20:00Z,FAVORABLE_FIRST,2026-06-08T14:17:00Z,2026-06-08T14:20:00Z,ADVERSE_FIRST,2026-06-08T17:03:00Z,2026-06-08T14:20:00Z,ADVERSE_FIRST,2026-06-08T17:12:00Z,2026-06-08T14:20:00Z,ADVERSE_FIRST,2026-06-08T19:10:00Z,2026-06-08T14:20:00Z,ADVERSE_FIRST,2026-06-08T14:21:00Z,2026-06-08T14:20:00Z,ADVERSE_FIRST,2026-06-08T17:02:00Z,2026-06-08T14:20:00Z,ADVERSE_FIRST,2026-06-08T17:02:00Z,2026-06-08T14:20:00Z,ADVERSE_FIRST,2026-06-08T17:04:00Z,2026-06-08T14:20:00Z,ADVERSE_FIRST,2026-06-08T17:02:00Z,2026-06-08T14:20:00Z,ADVERSE_FIRST,2026-06-08T17:02:00Z,2026-06-08T14:20:00Z,ADVERSE_FIRST,2026-06-08T17:04:00Z,2026-06-08T14:20:00Z,ADVERSE_FIRST,2026-06-08T19:10:00Z,2026-06-08T14:20:00Z,ADVERSE_FIRST,2026-06-08T19:11:00Z,2026-06-08T14:20:00Z
SPY:2026-06-08:LONG:2026-06-08T14:57:00+00:00:v1,2026-06-08,LONG,744.980000000000,744.630000000000,-0.350000000000,2026-06-08T15:00:00Z,2026-06-08T15:05:00Z,5,BETTER,0.360000000000,0.710000000000,6.790000000000,6.440000000000,-5.670000000000,-5.320000000000,-0.350000000000,0.350000000000,True,30,25,AVAILABLE,AVAILABLE,2026-06-08T15:00:00Z,2026-06-08T15:05:00Z,FAVORABLE_FIRST,2026-06-08T15:01:00Z,2026-06-08T15:04:00Z,ADVERSE_FIRST,,2026-06-08T15:04:00Z,ADVERSE_FIRST,,2026-06-08T15:04:00Z,ADVERSE_FIRST,,2026-06-08T15:04:00Z,ADVERSE_FIRST,,2026-06-08T15:04:00Z,ADVERSE_FIRST,,2026-06-08T15:04:00Z,ADVERSE_FIRST,,2026-06-08T15:04:00Z,ADVERSE_FIRST,,2026-06-08T15:04:00Z,ADVERSE_FIRST,,2026-06-08T15:04:00Z,FAVORABLE_FIRST,2026-06-08T15:05:00Z,2026-06-08T15:21:00Z,FAVORABLE_FIRST,2026-06-08T15:06:00Z,2026-06-08T15:21:00Z,ADVERSE_FIRST,,2026-06-08T15:21:00Z,ADVERSE_FIRST,,2026-06-08T15:21:00Z,FAVORABLE_FIRST,2026-06-08T15:06:00Z,2026-06-08T15:22:00Z,ADVERSE_FIRST,,2026-06-08T15:22:00Z,ADVERSE_FIRST,,2026-06-08T15:22:00Z,ADVERSE_FIRST,,2026-06-08T15:22:00Z,ADVERSE_FIRST,,2026-06-08T15:22:00Z
SPY:2026-06-08:SHORT:2026-06-08T16:29:00+00:00:v1,2026-06-08,SHORT,742.160000000000,741.960000000000,0.200000000000,2026-06-08T16:30:00Z,2026-06-08T16:35:00Z,5,WORSE,3.970000000000,3.770000000000,0.810000000000,1.010000000000,2.850000000000,2.650000000000,0.200000000000,-0.200000000000,True,20,15,AVAILABLE,AVAILABLE,2026-06-08T16:30:00Z,2026-06-08T16:35:00Z,ADVERSE_FIRST,2026-06-08T16:34:00Z,2026-06-08T16:30:00Z,ADVERSE_FIRST,2026-06-08T16:38:00Z,2026-06-08T16:30:00Z,ADVERSE_FIRST,2026-06-08T17:00:00Z,2026-06-08T16:30:00Z,ADVERSE_FIRST,2026-06-08T17:01:00Z,2026-06-08T16:30:00Z,ADVERSE_FIRST,2026-06-08T16:38:00Z,2026-06-08T16:30:00Z,ADVERSE_FIRST,2026-06-08T17:00:00Z,2026-06-08T16:30:00Z,ADVERSE_FIRST,2026-06-08T17:01:00Z,2026-06-08T16:30:00Z,ADVERSE_FIRST,2026-06-08T17:03:00Z,2026-06-08T16:30:00Z,ADVERSE_FIRST,2026-06-08T17:12:00Z,2026-06-08T16:30:00Z,ADVERSE_FIRST,2026-06-08T16:38:00Z,2026-06-08T16:35:00Z,ADVERSE_FIRST,2026-06-08T17:00:00Z,2026-06-08T16:35:00Z,ADVERSE_FIRST,2026-06-08T17:01:00Z,2026-06-08T16:35:00Z,ADVERSE_FIRST,2026-06-08T17:02:00Z,2026-06-08T16:35:00Z,ADVERSE_FIRST,2026-06-08T17:00:00Z,2026-06-08T16:35:00Z,ADVERSE_FIRST,2026-06-08T17:01:00Z,2026-06-08T16:35:00Z,ADVERSE_FIRST,2026-06-08T17:02:00Z,2026-06-08T16:35:00Z,ADVERSE_FIRST,2026-06-08T17:04:00Z,2026-06-08T16:35:00Z,ADVERSE_FIRST,2026-06-08T19:10:00Z,2026-06-08T16:35:00Z
SPY:2026-06-08:SHORT:2026-06-08T16:55:00+00:00:v1,2026-06-08,SHORT,741.920000000000,740.760000000000,1.160000000000,2026-06-08T17:00:00Z,2026-06-08T17:05:00Z,5,WORSE,3.730000000000,2.570000000000,0.530000000000,1.690000000000,2.610000000000,1.450000000000,1.160000000000,-1.160000000000,True,,,AVAILABLE,AVAILABLE,2026-06-08T17:00:00Z,2026-06-08T17:05:00Z,FAVORABLE_FIRST,2026-06-08T17:00:00Z,2026-06-08T17:30:00Z,FAVORABLE_FIRST,2026-06-08T17:00:00Z,2026-06-08T17:30:00Z,FAVORABLE_FIRST,2026-06-08T17:01:00Z,2026-06-08T17:30:00Z,FAVORABLE_FIRST,2026-06-08T17:02:00Z,2026-06-08T17:30:00Z,FAVORABLE_FIRST,2026-06-08T17:00:00Z,2026-06-08T17:30:00Z,FAVORABLE_FIRST,2026-06-08T17:01:00Z,2026-06-08T17:30:00Z,FAVORABLE_FIRST,2026-06-08T17:02:00Z,2026-06-08T17:30:00Z,FAVORABLE_FIRST,2026-06-08T17:04:00Z,2026-06-08T17:30:00Z,ADVERSE_FIRST,2026-06-08T19:10:00Z,2026-06-08T17:30:00Z,ADVERSE_FIRST,2026-06-08T17:10:00Z,2026-06-08T17:05:00Z,ADVERSE_FIRST,2026-06-08T17:11:00Z,2026-06-08T17:05:00Z,ADVERSE_FIRST,2026-06-08T19:10:00Z,2026-06-08T17:05:00Z,ADVERSE_FIRST,2026-06-08T19:10:00Z,2026-06-08T17:05:00Z,ADVERSE_FIRST,2026-06-08T17:11:00Z,2026-06-08T17:05:00Z,ADVERSE_FIRST,2026-06-08T19:10:00Z,2026-06-08T17:05:00Z,ADVERSE_FIRST,2026-06-08T19:10:00Z,2026-06-08T17:05:00Z,ADVERSE_FIRST,2026-06-08T19:14:00Z,2026-06-08T17:05:00Z,ADVERSE_FIRST,2026-06-08T19:23:00Z,2026-06-08T17:05:00Z
SPY:2026-06-09:LONG:2026-06-09T13:35:00+00:00:v1,2026-06-09,LONG,744.430000000000,745.360000000000,0.930000000000,2026-06-09T13:40:00Z,2026-06-09T13:45:00Z,5,WORSE,2.470000000000,1.540000000000,21.840000000000,22.770000000000,-7.380000000000,-8.310000000000,0.930000000000,-0.930000000000,True,25,20,AVAILABLE,AVAILABLE,2026-06-09T13:40:00Z,2026-06-09T13:45:00Z,ADVERSE_FIRST,2026-06-09T13:42:00Z,2026-06-09T13:40:00Z,ADVERSE_FIRST,2026-06-09T13:42:00Z,2026-06-09T13:40:00Z,ADVERSE_FIRST,2026-06-09T13:43:00Z,2026-06-09T13:40:00Z,ADVERSE_FIRST,2026-06-09T13:45:00Z,2026-06-09T13:40:00Z,ADVERSE_FIRST,2026-06-09T13:42:00Z,2026-06-09T13:40:00Z,ADVERSE_FIRST,2026-06-09T13:43:00Z,2026-06-09T13:40:00Z,ADVERSE_FIRST,2026-06-09T13:45:00Z,2026-06-09T13:40:00Z,ADVERSE_FIRST,2026-06-09T13:46:00Z,2026-06-09T13:40:00Z,ADVERSE_FIRST,2026-06-09T13:47:00Z,2026-06-09T13:40:00Z,FAVORABLE_FIRST,2026-06-09T13:45:00Z,2026-06-09T13:55:00Z,FAVORABLE_FIRST,2026-06-09T13:46:00Z,2026-06-09T13:55:00Z,FAVORABLE_FIRST,2026-06-09T13:47:00Z,2026-06-09T13:55:00Z,FAVORABLE_FIRST,2026-06-09T13:47:00Z,2026-06-09T13:55:00Z,FAVORABLE_FIRST,2026-06-09T13:46:00Z,2026-06-09T13:55:00Z,FAVORABLE_FIRST,2026-06-09T13:47:00Z,2026-06-09T13:55:00Z,FAVORABLE_FIRST,2026-06-09T13:47:00Z,2026-06-09T13:55:00Z,FAVORABLE_FIRST,2026-06-09T13:49:00Z,2026-06-09T13:55:00Z,ADVERSE_FIRST,,2026-06-09T13:55:00Z
SPY:2026-06-09:SHORT:2026-06-09T14:10:00+00:00:v1,2026-06-09,SHORT,741.550000000000,740.130000000000,1.420000000000,2026-06-09T14:15:00Z,2026-06-09T14:20:00Z,5,WORSE,18.960000000000,17.540000000000,0.649100000000,2.069100000000,4.500000000000,3.080000000000,1.420000000000,-1.420000000000,True,,,AVAILABLE,AVAILABLE,2026-06-09T14:15:00Z,2026-06-09T14:20:00Z,AMBIGUOUS_SAME_BAR,2026-06-09T14:15:00Z,2026-06-09T14:15:00Z,ADVERSE_FIRST,2026-06-09T14:16:00Z,2026-06-09T14:15:00Z,ADVERSE_FIRST,2026-06-09T14:16:00Z,2026-06-09T14:15:00Z,ADVERSE_FIRST,2026-06-09T14:17:00Z,2026-06-09T14:15:00Z,ADVERSE_FIRST,2026-06-09T14:16:00Z,2026-06-09T14:15:00Z,ADVERSE_FIRST,2026-06-09T14:16:00Z,2026-06-09T14:15:00Z,ADVERSE_FIRST,2026-06-09T14:17:00Z,2026-06-09T14:15:00Z,ADVERSE_FIRST,2026-06-09T14:17:00Z,2026-06-09T14:15:00Z,ADVERSE_FIRST,2026-06-09T14:18:00Z,2026-06-09T14:15:00Z,FAVORABLE_FIRST,2026-06-09T14:20:00Z,2026-06-09T14:22:00Z,FAVORABLE_FIRST,2026-06-09T14:20:00Z,2026-06-09T14:22:00Z,ADVERSE_FIRST,2026-06-09T14:43:00Z,2026-06-09T14:22:00Z,ADVERSE_FIRST,2026-06-09T14:44:00Z,2026-06-09T14:22:00Z,FAVORABLE_FIRST,2026-06-09T14:20:00Z,2026-06-09T14:22:00Z,ADVERSE_FIRST,2026-06-09T14:43:00Z,2026-06-09T14:22:00Z,ADVERSE_FIRST,2026-06-09T14:44:00Z,2026-06-09T14:22:00Z,ADVERSE_FIRST,2026-06-09T14:44:00Z,2026-06-09T14:22:00Z,ADVERSE_FIRST,2026-06-09T14:45:00Z,2026-06-09T14:22:00Z
SPY:2026-06-10:LONG:2026-06-10T13:37:00+00:00:v1,2026-06-10,LONG,734.590000000000,736.170000000000,1.580000000000,2026-06-10T13:40:00Z,2026-06-10T13:45:00Z,5,WORSE,3.790000000000,2.210000000000,9.260000000000,10.840000000000,-9.170000000000,-10.750000000000,1.580000000000,-1.580000000000,True,80,75,AVAILABLE,AVAILABLE,2026-06-10T13:40:00Z,2026-06-10T13:45:00Z,ADVERSE_FIRST,2026-06-10T13:42:00Z,2026-06-10T13:40:00Z,ADVERSE_FIRST,2026-06-10T13:43:00Z,2026-06-10T13:40:00Z,ADVERSE_FIRST,2026-06-10T13:43:00Z,2026-06-10T13:40:00Z,ADVERSE_FIRST,2026-06-10T13:43:00Z,2026-06-10T13:40:00Z,ADVERSE_FIRST,2026-06-10T13:43:00Z,2026-06-10T13:40:00Z,ADVERSE_FIRST,2026-06-10T13:43:00Z,2026-06-10T13:40:00Z,ADVERSE_FIRST,2026-06-10T13:43:00Z,2026-06-10T13:40:00Z,ADVERSE_FIRST,2026-06-10T13:44:00Z,2026-06-10T13:40:00Z,ADVERSE_FIRST,2026-06-10T13:48:00Z,2026-06-10T13:40:00Z,ADVERSE_FIRST,2026-06-10T13:48:00Z,2026-06-10T13:45:00Z,ADVERSE_FIRST,2026-06-10T13:48:00Z,2026-06-10T13:45:00Z,ADVERSE_FIRST,2026-06-10T13:49:00Z,2026-06-10T13:45:00Z,ADVERSE_FIRST,2026-06-10T14:03:00Z,2026-06-10T13:45:00Z,ADVERSE_FIRST,2026-06-10T13:48:00Z,2026-06-10T13:45:00Z,ADVERSE_FIRST,2026-06-10T13:49:00Z,2026-06-10T13:45:00Z,ADVERSE_FIRST,2026-06-10T14:03:00Z,2026-06-10T13:45:00Z,ADVERSE_FIRST,2026-06-10T14:23:00Z,2026-06-10T13:45:00Z,ADVERSE_FIRST,2026-06-10T14:24:00Z,2026-06-10T13:45:00Z
SPY:2026-06-10:SHORT:2026-06-10T15:10:00+00:00:v1,2026-06-10,SHORT,730.670000000000,730.190000000000,0.480000000000,2026-06-10T15:15:00Z,2026-06-10T15:20:00Z,5,WORSE,5.340000000000,4.860000000000,2.100000000000,2.580000000000,5.250000000000,4.770000000000,0.480000000000,-0.480000000000,True,10,5,AVAILABLE,AVAILABLE,2026-06-10T15:15:00Z,2026-06-10T15:20:00Z,FAVORABLE_FIRST,2026-06-10T15:15:00Z,2026-06-10T15:20:00Z,FAVORABLE_FIRST,2026-06-10T15:15:00Z,2026-06-10T15:20:00Z,FAVORABLE_FIRST,2026-06-10T15:15:00Z,2026-06-10T15:20:00Z,FAVORABLE_FIRST,2026-06-10T15:18:00Z,2026-06-10T15:20:00Z,FAVORABLE_FIRST,2026-06-10T15:15:00Z,2026-06-10T15:21:00Z,FAVORABLE_FIRST,2026-06-10T15:15:00Z,2026-06-10T15:21:00Z,FAVORABLE_FIRST,2026-06-10T15:18:00Z,2026-06-10T15:21:00Z,ADVERSE_FIRST,2026-06-10T15:48:00Z,2026-06-10T15:21:00Z,ADVERSE_FIRST,2026-06-10T15:52:00Z,2026-06-10T15:21:00Z,ADVERSE_FIRST,2026-06-10T15:48:00Z,2026-06-10T15:20:00Z,ADVERSE_FIRST,2026-06-10T15:48:00Z,2026-06-10T15:20:00Z,ADVERSE_FIRST,2026-06-10T15:48:00Z,2026-06-10T15:20:00Z,ADVERSE_FIRST,2026-06-10T15:48:00Z,2026-06-10T15:20:00Z,ADVERSE_FIRST,2026-06-10T15:48:00Z,2026-06-10T15:20:00Z,ADVERSE_FIRST,2026-06-10T15:48:00Z,2026-06-10T15:20:00Z,ADVERSE_FIRST,2026-06-10T15:48:00Z,2026-06-10T15:20:00Z,ADVERSE_FIRST,2026-06-10T15:52:00Z,2026-06-10T15:20:00Z,ADVERSE_FIRST,2026-06-10T17:38:00Z,2026-06-10T15:20:00Z
SPY:2026-06-10:SHORT:2026-06-10T15:25:00+00:00:v1,2026-06-10,SHORT,731.490000000000,730.990000000000,0.500000000000,2026-06-10T15:30:00Z,2026-06-10T15:35:00Z,5,WORSE,6.160000000000,5.660000000000,1.280000000000,1.780000000000,6.070000000000,5.570000000000,0.500000000000,-0.500000000000,True,15,10,AVAILABLE,AVAILABLE,2026-06-10T15:30:00Z,2026-06-10T15:35:00Z,AMBIGUOUS_SAME_BAR,2026-06-10T15:30:00Z,2026-06-10T15:30:00Z,ADVERSE_FIRST,2026-06-10T15:33:00Z,2026-06-10T15:30:00Z,ADVERSE_FIRST,2026-06-10T15:33:00Z,2026-06-10T15:30:00Z,ADVERSE_FIRST,2026-06-10T15:38:00Z,2026-06-10T15:30:00Z,ADVERSE_FIRST,2026-06-10T15:33:00Z,2026-06-10T15:30:00Z,ADVERSE_FIRST,2026-06-10T15:33:00Z,2026-06-10T15:30:00Z,ADVERSE_FIRST,2026-06-10T15:38:00Z,2026-06-10T15:30:00Z,ADVERSE_FIRST,2026-06-10T15:39:00Z,2026-06-10T15:30:00Z,ADVERSE_FIRST,2026-06-10T15:48:00Z,2026-06-10T15:30:00Z,ADVERSE_FIRST,2026-06-10T15:38:00Z,2026-06-10T15:35:00Z,ADVERSE_FIRST,2026-06-10T15:38:00Z,2026-06-10T15:35:00Z,ADVERSE_FIRST,2026-06-10T15:39:00Z,2026-06-10T15:35:00Z,ADVERSE_FIRST,2026-06-10T15:39:00Z,2026-06-10T15:35:00Z,ADVERSE_FIRST,2026-06-10T15:38:00Z,2026-06-10T15:35:00Z,ADVERSE_FIRST,2026-06-10T15:39:00Z,2026-06-10T15:35:00Z,ADVERSE_FIRST,2026-06-10T15:39:00Z,2026-06-10T15:35:00Z,ADVERSE_FIRST,2026-06-10T15:48:00Z,2026-06-10T15:35:00Z,ADVERSE_FIRST,2026-06-10T15:48:00Z,2026-06-10T15:35:00Z
SPY:2026-06-10:SHORT:2026-06-10T15:45:00+00:00:v1,2026-06-10,SHORT,729.940000000000,730.780000000000,-0.840000000000,2026-06-10T15:50:00Z,2026-06-10T15:55:00Z,5,BETTER,4.610000000000,5.450000000000,2.570000000000,1.730000000000,4.520000000000,5.360000000000,-0.840000000000,0.840000000000,True,10,5,AVAILABLE,AVAILABLE,2026-06-10T15:50:00Z,2026-06-10T15:55:00Z,AMBIGUOUS_SAME_BAR,2026-06-10T15:50:00Z,2026-06-10T15:50:00Z,AMBIGUOUS_SAME_BAR,2026-06-10T15:50:00Z,2026-06-10T15:50:00Z,ADVERSE_FIRST,2026-06-10T15:51:00Z,2026-06-10T15:50:00Z,ADVERSE_FIRST,2026-06-10T15:51:00Z,2026-06-10T15:50:00Z,AMBIGUOUS_SAME_BAR,2026-06-10T15:50:00Z,2026-06-10T15:50:00Z,ADVERSE_FIRST,2026-06-10T15:51:00Z,2026-06-10T15:50:00Z,ADVERSE_FIRST,2026-06-10T15:51:00Z,2026-06-10T15:50:00Z,ADVERSE_FIRST,2026-06-10T17:32:00Z,2026-06-10T15:50:00Z,ADVERSE_FIRST,2026-06-10T17:44:00Z,2026-06-10T15:50:00Z,FAVORABLE_FIRST,2026-06-10T15:55:00Z,2026-06-10T15:57:00Z,FAVORABLE_FIRST,2026-06-10T15:55:00Z,2026-06-10T15:57:00Z,ADVERSE_FIRST,2026-06-10T16:11:00Z,2026-06-10T15:57:00Z,ADVERSE_FIRST,2026-06-10T16:46:00Z,2026-06-10T15:57:00Z,FAVORABLE_FIRST,2026-06-10T15:55:00Z,2026-06-10T15:57:00Z,ADVERSE_FIRST,2026-06-10T16:11:00Z,2026-06-10T15:57:00Z,ADVERSE_FIRST,2026-06-10T16:46:00Z,2026-06-10T15:57:00Z,ADVERSE_FIRST,2026-06-10T17:10:00Z,2026-06-10T15:57:00Z,ADVERSE_FIRST,2026-06-10T17:10:00Z,2026-06-10T15:57:00Z
SPY:2026-06-10:SHORT:2026-06-10T16:00:00+00:00:v1,2026-06-10,SHORT,731.510000000000,730.880000000000,0.630000000000,2026-06-10T16:05:00Z,2026-06-10T16:10:00Z,5,WORSE,6.180000000000,5.550000000000,0.800000000000,1.430000000000,6.090000000000,5.460000000000,0.630000000000,-0.630000000000,True,35,30,AVAILABLE,AVAILABLE,2026-06-10T16:05:00Z,2026-06-10T16:10:00Z,FAVORABLE_FIRST,2026-06-10T16:05:00Z,2026-06-10T16:07:00Z,ADVERSE_FIRST,2026-06-10T16:08:00Z,2026-06-10T16:07:00Z,ADVERSE_FIRST,2026-06-10T16:09:00Z,2026-06-10T16:07:00Z,ADVERSE_FIRST,2026-06-10T16:10:00Z,2026-06-10T16:07:00Z,ADVERSE_FIRST,2026-06-10T16:08:00Z,2026-06-10T16:07:00Z,ADVERSE_FIRST,2026-06-10T16:09:00Z,2026-06-10T16:07:00Z,ADVERSE_FIRST,2026-06-10T16:10:00Z,2026-06-10T16:07:00Z,ADVERSE_FIRST,2026-06-10T16:11:00Z,2026-06-10T16:07:00Z,ADVERSE_FIRST,2026-06-10T16:47:00Z,2026-06-10T16:07:00Z,FAVORABLE_FIRST,2026-06-10T16:10:00Z,2026-06-10T16:34:00Z,FAVORABLE_FIRST,2026-06-10T16:10:00Z,2026-06-10T16:34:00Z,FAVORABLE_FIRST,2026-06-10T16:10:00Z,2026-06-10T16:34:00Z,ADVERSE_FIRST,2026-06-10T16:46:00Z,2026-06-10T16:34:00Z,FAVORABLE_FIRST,2026-06-10T16:10:00Z,2026-06-10T16:34:00Z,FAVORABLE_FIRST,2026-06-10T16:10:00Z,2026-06-10T16:34:00Z,ADVERSE_FIRST,2026-06-10T16:46:00Z,2026-06-10T16:34:00Z,ADVERSE_FIRST,2026-06-10T17:10:00Z,2026-06-10T16:34:00Z,ADVERSE_FIRST,2026-06-10T17:10:00Z,2026-06-10T16:34:00Z
SPY:2026-06-10:SHORT:2026-06-10T16:41:00+00:00:v1,2026-06-10,SHORT,730.830000000000,729.970000000000,0.860000000000,2026-06-10T16:45:00Z,2026-06-10T16:50:00Z,5,WORSE,5.500000000000,4.640000000000,0.940000000000,1.800000000000,5.410000000000,4.550000000000,0.860000000000,-0.860000000000,True,,,AVAILABLE,AVAILABLE,2026-06-10T16:45:00Z,2026-06-10T16:50:00Z,FAVORABLE_FIRST,2026-06-10T16:45:00Z,2026-06-10T17:03:00Z,FAVORABLE_FIRST,2026-06-10T16:45:00Z,2026-06-10T17:03:00Z,FAVORABLE_FIRST,2026-06-10T16:46:00Z,2026-06-10T17:03:00Z,FAVORABLE_FIRST,2026-06-10T16:46:00Z,2026-06-10T17:03:00Z,FAVORABLE_FIRST,2026-06-10T16:45:00Z,2026-06-10T17:03:00Z,FAVORABLE_FIRST,2026-06-10T16:46:00Z,2026-06-10T17:03:00Z,FAVORABLE_FIRST,2026-06-10T16:46:00Z,2026-06-10T17:03:00Z,ADVERSE_FIRST,2026-06-10T17:10:00Z,2026-06-10T17:03:00Z,ADVERSE_FIRST,2026-06-10T17:10:00Z,2026-06-10T17:03:00Z,FAVORABLE_FIRST,2026-06-10T16:50:00Z,2026-06-10T16:51:00Z,ADVERSE_FIRST,2026-06-10T17:10:00Z,2026-06-10T16:51:00Z,ADVERSE_FIRST,2026-06-10T17:10:00Z,2026-06-10T16:51:00Z,ADVERSE_FIRST,2026-06-10T17:10:00Z,2026-06-10T16:51:00Z,ADVERSE_FIRST,2026-06-10T17:10:00Z,2026-06-10T16:51:00Z,ADVERSE_FIRST,2026-06-10T17:10:00Z,2026-06-10T16:51:00Z,ADVERSE_FIRST,2026-06-10T17:10:00Z,2026-06-10T16:51:00Z,ADVERSE_FIRST,2026-06-10T17:32:00Z,2026-06-10T16:51:00Z,ADVERSE_FIRST,2026-06-10T17:44:00Z,2026-06-10T16:51:00Z
SPY:2026-06-11:LONG:2026-06-11T13:50:00+00:00:v1,2026-06-11,LONG,731.010000000000,729.750000000000,-1.260000000000,2026-06-11T13:55:00Z,2026-06-11T14:00:00Z,5,BETTER,8.990000000000,10.250000000000,6.605000000000,5.345000000000,6.630000000000,7.890000000000,-1.260000000000,1.260000000000,True,20,15,AVAILABLE,AVAILABLE,2026-06-11T13:55:00Z,2026-06-11T14:00:00Z,FAVORABLE_FIRST,2026-06-11T13:55:00Z,2026-06-11T13:56:00Z,FAVORABLE_FIRST,2026-06-11T13:55:00Z,2026-06-11T13:56:00Z,ADVERSE_FIRST,2026-06-11T17:29:00Z,2026-06-11T13:56:00Z,ADVERSE_FIRST,2026-06-11T17:29:00Z,2026-06-11T13:56:00Z,FAVORABLE_FIRST,2026-06-11T13:55:00Z,2026-06-11T13:57:00Z,ADVERSE_FIRST,2026-06-11T17:29:00Z,2026-06-11T13:57:00Z,ADVERSE_FIRST,2026-06-11T17:29:00Z,2026-06-11T13:57:00Z,ADVERSE_FIRST,2026-06-11T17:29:00Z,2026-06-11T13:57:00Z,ADVERSE_FIRST,2026-06-11T17:30:00Z,2026-06-11T13:57:00Z,FAVORABLE_FIRST,2026-06-11T14:00:00Z,2026-06-11T14:10:00Z,FAVORABLE_FIRST,2026-06-11T14:00:00Z,2026-06-11T14:10:00Z,FAVORABLE_FIRST,2026-06-11T14:01:00Z,2026-06-11T14:10:00Z,FAVORABLE_FIRST,2026-06-11T14:01:00Z,2026-06-11T14:10:00Z,FAVORABLE_FIRST,2026-06-11T14:00:00Z,2026-06-11T14:10:00Z,FAVORABLE_FIRST,2026-06-11T14:01:00Z,2026-06-11T14:10:00Z,FAVORABLE_FIRST,2026-06-11T14:01:00Z,2026-06-11T14:10:00Z,FAVORABLE_FIRST,2026-06-11T14:01:00Z,2026-06-11T14:10:00Z,ADVERSE_FIRST,2026-06-11T17:29:00Z,2026-06-11T14:10:00Z
SPY:2026-06-11:SHORT:2026-06-11T14:55:00+00:00:v1,2026-06-11,SHORT,725.570000000000,725.960000000000,-0.390000000000,2026-06-11T15:00:00Z,2026-06-11T15:05:00Z,5,BETTER,1.165000000000,0.700000000000,14.430000000000,14.040000000000,-12.070000000000,-11.680000000000,0.465000000000,0.390000000000,True,15,10,AVAILABLE,AVAILABLE,2026-06-11T15:00:00Z,2026-06-11T15:05:00Z,FAVORABLE_FIRST,2026-06-11T15:00:00Z,2026-06-11T15:03:00Z,FAVORABLE_FIRST,2026-06-11T15:00:00Z,2026-06-11T15:03:00Z,FAVORABLE_FIRST,2026-06-11T15:01:00Z,2026-06-11T15:03:00Z,FAVORABLE_FIRST,2026-06-11T15:01:00Z,2026-06-11T15:03:00Z,FAVORABLE_FIRST,2026-06-11T15:00:00Z,2026-06-11T15:03:00Z,FAVORABLE_FIRST,2026-06-11T15:01:00Z,2026-06-11T15:03:00Z,FAVORABLE_FIRST,2026-06-11T15:01:00Z,2026-06-11T15:03:00Z,ADVERSE_FIRST,,2026-06-11T15:03:00Z,ADVERSE_FIRST,,2026-06-11T15:03:00Z,FAVORABLE_FIRST,2026-06-11T15:05:00Z,2026-06-11T15:07:00Z,FAVORABLE_FIRST,2026-06-11T15:05:00Z,2026-06-11T15:07:00Z,ADVERSE_FIRST,,2026-06-11T15:07:00Z,ADVERSE_FIRST,,2026-06-11T15:07:00Z,FAVORABLE_FIRST,2026-06-11T15:05:00Z,2026-06-11T15:07:00Z,ADVERSE_FIRST,,2026-06-11T15:07:00Z,ADVERSE_FIRST,,2026-06-11T15:07:00Z,ADVERSE_FIRST,,2026-06-11T15:07:00Z,ADVERSE_FIRST,,2026-06-11T15:07:00Z
SPY:2026-06-11:LONG:2026-06-11T16:10:00+00:00:v1,2026-06-11,LONG,729.950000000000,729.800000000000,-0.150000000000,2026-06-11T16:15:00Z,2026-06-11T16:20:00Z,5,BETTER,10.050000000000,10.200000000000,4.690000000000,4.540000000000,7.690000000000,7.840000000000,-0.150000000000,0.150000000000,True,10,5,AVAILABLE,AVAILABLE,2026-06-11T16:15:00Z,2026-06-11T16:20:00Z,AMBIGUOUS_SAME_BAR,2026-06-11T16:15:00Z,2026-06-11T16:15:00Z,ADVERSE_FIRST,2026-06-11T17:28:00Z,2026-06-11T16:15:00Z,ADVERSE_FIRST,2026-06-11T17:28:00Z,2026-06-11T16:15:00Z,ADVERSE_FIRST,2026-06-11T17:28:00Z,2026-06-11T16:15:00Z,ADVERSE_FIRST,2026-06-11T17:28:00Z,2026-06-11T16:15:00Z,ADVERSE_FIRST,2026-06-11T17:28:00Z,2026-06-11T16:15:00Z,ADVERSE_FIRST,2026-06-11T17:28:00Z,2026-06-11T16:15:00Z,ADVERSE_FIRST,2026-06-11T17:29:00Z,2026-06-11T16:15:00Z,ADVERSE_FIRST,2026-06-11T17:29:00Z,2026-06-11T16:15:00Z,ADVERSE_FIRST,2026-06-11T17:28:00Z,2026-06-11T16:21:00Z,ADVERSE_FIRST,2026-06-11T17:28:00Z,2026-06-11T16:21:00Z,ADVERSE_FIRST,2026-06-11T17:28:00Z,2026-06-11T16:21:00Z,ADVERSE_FIRST,2026-06-11T17:28:00Z,2026-06-11T16:21:00Z,ADVERSE_FIRST,2026-06-11T17:28:00Z,2026-06-11T16:21:00Z,ADVERSE_FIRST,2026-06-11T17:28:00Z,2026-06-11T16:21:00Z,ADVERSE_FIRST,2026-06-11T17:28:00Z,2026-06-11T16:21:00Z,ADVERSE_FIRST,2026-06-11T17:29:00Z,2026-06-11T16:21:00Z,ADVERSE_FIRST,2026-06-11T17:29:00Z,2026-06-11T16:21:00Z
SPY:2026-06-11:SHORT:2026-06-11T16:55:00+00:00:v1,2026-06-11,SHORT,726.540000000000,725.880000000000,0.660000000000,2026-06-11T17:00:00Z,2026-06-11T17:05:00Z,5,WORSE,1.280000000000,0.620000000000,13.460000000000,14.120000000000,-11.100000000000,-11.760000000000,0.660000000000,-0.660000000000,True,30,25,AVAILABLE,AVAILABLE,2026-06-11T17:00:00Z,2026-06-11T17:05:00Z,AMBIGUOUS_SAME_BAR,2026-06-11T17:00:00Z,2026-06-11T17:00:00Z,ADVERSE_FIRST,2026-06-11T17:03:00Z,2026-06-11T17:00:00Z,ADVERSE_FIRST,2026-06-11T17:03:00Z,2026-06-11T17:00:00Z,ADVERSE_FIRST,2026-06-11T17:18:00Z,2026-06-11T17:00:00Z,ADVERSE_FIRST,2026-06-11T17:03:00Z,2026-06-11T17:00:00Z,ADVERSE_FIRST,2026-06-11T17:03:00Z,2026-06-11T17:00:00Z,ADVERSE_FIRST,2026-06-11T17:18:00Z,2026-06-11T17:00:00Z,ADVERSE_FIRST,,2026-06-11T17:00:00Z,ADVERSE_FIRST,,2026-06-11T17:00:00Z,ADVERSE_FIRST,2026-06-11T17:18:00Z,2026-06-11T17:05:00Z,ADVERSE_FIRST,2026-06-11T17:20:00Z,2026-06-11T17:05:00Z,ADVERSE_FIRST,,2026-06-11T17:05:00Z,ADVERSE_FIRST,,2026-06-11T17:05:00Z,ADVERSE_FIRST,2026-06-11T17:20:00Z,2026-06-11T17:05:00Z,ADVERSE_FIRST,,2026-06-11T17:05:00Z,ADVERSE_FIRST,,2026-06-11T17:05:00Z,ADVERSE_FIRST,,2026-06-11T17:05:00Z,ADVERSE_FIRST,,2026-06-11T17:05:00Z
SPY:2026-06-11:LONG:2026-06-11T17:28:00+00:00:v1,2026-06-11,LONG,732.540000000000,734.230000000000,1.690000000000,2026-06-11T17:30:00Z,2026-06-11T17:35:00Z,5,WORSE,7.460000000000,5.770000000000,0.330000000000,1.660000000000,5.100000000000,3.410000000000,1.690000000000,-1.330000000000,True,,,AVAILABLE,AVAILABLE,2026-06-11T17:30:00Z,2026-06-11T17:35:00Z,FAVORABLE_FIRST,2026-06-11T17:30:00Z,2026-06-11T17:31:00Z,FAVORABLE_FIRST,2026-06-11T17:30:00Z,2026-06-11T17:31:00Z,FAVORABLE_FIRST,2026-06-11T17:30:00Z,2026-06-11T17:31:00Z,FAVORABLE_FIRST,2026-06-11T17:30:00Z,2026-06-11T17:31:00Z,FAVORABLE_FIRST,2026-06-11T17:30:00Z,2026-06-11T17:31:00Z,FAVORABLE_FIRST,2026-06-11T17:30:00Z,2026-06-11T17:31:00Z,FAVORABLE_FIRST,2026-06-11T17:30:00Z,2026-06-11T17:31:00Z,FAVORABLE_FIRST,2026-06-11T17:30:00Z,2026-06-11T17:31:00Z,FAVORABLE_FIRST,2026-06-11T17:30:00Z,2026-06-11T17:31:00Z,AMBIGUOUS_SAME_BAR,2026-06-11T17:35:00Z,2026-06-11T17:35:00Z,ADVERSE_FIRST,2026-06-11T17:40:00Z,2026-06-11T17:35:00Z,ADVERSE_FIRST,2026-06-11T17:40:00Z,2026-06-11T17:35:00Z,ADVERSE_FIRST,2026-06-11T17:41:00Z,2026-06-11T17:35:00Z,ADVERSE_FIRST,2026-06-11T17:40:00Z,2026-06-11T17:35:00Z,ADVERSE_FIRST,2026-06-11T17:40:00Z,2026-06-11T17:35:00Z,ADVERSE_FIRST,2026-06-11T17:41:00Z,2026-06-11T17:35:00Z,ADVERSE_FIRST,2026-06-11T17:43:00Z,2026-06-11T17:35:00Z,ADVERSE_FIRST,2026-06-11T17:44:00Z,2026-06-11T17:35:00Z
SPY:2026-06-12:SHORT:2026-06-12T13:40:00+00:00:v1,2026-06-12,SHORT,735.930000000000,735.655000000000,0.275000000000,2026-06-12T13:45:00Z,2026-06-12T13:50:00Z,5,WORSE,0.900000000000,0.435000000000,8.510000000000,8.785000000000,-5.700000000000,-5.975000000000,0.465000000000,-0.275000000000,True,20,15,AVAILABLE,AVAILABLE,2026-06-12T13:45:00Z,2026-06-12T13:50:00Z,AMBIGUOUS_SAME_BAR,2026-06-12T13:45:00Z,2026-06-12T13:45:00Z,AMBIGUOUS_SAME_BAR,2026-06-12T13:45:00Z,2026-06-12T13:45:00Z,AMBIGUOUS_SAME_BAR,2026-06-12T13:45:00Z,2026-06-12T13:45:00Z,ADVERSE_FIRST,,2026-06-12T13:45:00Z,AMBIGUOUS_SAME_BAR,2026-06-12T13:45:00Z,2026-06-12T13:45:00Z,AMBIGUOUS_SAME_BAR,2026-06-12T13:45:00Z,2026-06-12T13:45:00Z,ADVERSE_FIRST,,2026-06-12T13:45:00Z,ADVERSE_FIRST,,2026-06-12T13:45:00Z,ADVERSE_FIRST,,2026-06-12T13:45:00Z,FAVORABLE_FIRST,2026-06-12T13:50:00Z,2026-06-12T13:52:00Z,ADVERSE_FIRST,,2026-06-12T13:52:00Z,ADVERSE_FIRST,,2026-06-12T13:52:00Z,ADVERSE_FIRST,,2026-06-12T13:52:00Z,ADVERSE_FIRST,,2026-06-12T13:52:00Z,ADVERSE_FIRST,,2026-06-12T13:52:00Z,ADVERSE_FIRST,,2026-06-12T13:52:00Z,ADVERSE_FIRST,,2026-06-12T13:52:00Z,ADVERSE_FIRST,,2026-06-12T13:52:00Z
SPY:2026-06-12:LONG:2026-06-12T14:52:00+00:00:v1,2026-06-12,LONG,741.630000000000,742.390000000000,0.760000000000,2026-06-12T14:55:00Z,2026-06-12T15:00:00Z,5,WORSE,2.810000000000,2.050000000000,3.460000000000,4.220000000000,0E-12,-0.760000000000,0.760000000000,-0.760000000000,True,55,50,AVAILABLE,AVAILABLE,2026-06-12T14:55:00Z,2026-06-12T15:00:00Z,AMBIGUOUS_SAME_BAR,2026-06-12T14:55:00Z,2026-06-12T14:55:00Z,AMBIGUOUS_SAME_BAR,2026-06-12T14:55:00Z,2026-06-12T14:55:00Z,AMBIGUOUS_SAME_BAR,2026-06-12T14:55:00Z,2026-06-12T14:55:00Z,AMBIGUOUS_SAME_BAR,2026-06-12T14:55:00Z,2026-06-12T14:55:00Z,AMBIGUOUS_SAME_BAR,2026-06-12T14:55:00Z,2026-06-12T14:55:00Z,AMBIGUOUS_SAME_BAR,2026-06-12T14:55:00Z,2026-06-12T14:55:00Z,AMBIGUOUS_SAME_BAR,2026-06-12T14:55:00Z,2026-06-12T14:55:00Z,ADVERSE_FIRST,2026-06-12T15:14:00Z,2026-06-12T14:55:00Z,ADVERSE_FIRST,2026-06-12T15:19:00Z,2026-06-12T14:55:00Z,AMBIGUOUS_SAME_BAR,2026-06-12T15:00:00Z,2026-06-12T15:00:00Z,AMBIGUOUS_SAME_BAR,2026-06-12T15:00:00Z,2026-06-12T15:00:00Z,ADVERSE_FIRST,2026-06-12T15:14:00Z,2026-06-12T15:00:00Z,ADVERSE_FIRST,2026-06-12T15:14:00Z,2026-06-12T15:00:00Z,AMBIGUOUS_SAME_BAR,2026-06-12T15:00:00Z,2026-06-12T15:00:00Z,ADVERSE_FIRST,2026-06-12T15:14:00Z,2026-06-12T15:00:00Z,ADVERSE_FIRST,2026-06-12T15:14:00Z,2026-06-12T15:00:00Z,ADVERSE_FIRST,2026-06-12T15:23:00Z,2026-06-12T15:00:00Z,ADVERSE_FIRST,2026-06-12T15:24:00Z,2026-06-12T15:00:00Z
SPY:2026-06-12:LONG:2026-06-12T16:46:00+00:00:v1,2026-06-12,LONG,741.370000000000,741.090000000000,-0.280000000000,2026-06-12T16:50:00Z,2026-06-12T16:55:00Z,5,BETTER,1.630000000000,1.910000000000,1.300000000000,1.020000000000,0.260000000000,0.540000000000,-0.280000000000,0.280000000000,True,90,85,AVAILABLE,AVAILABLE,2026-06-12T16:50:00Z,2026-06-12T16:55:00Z,ADVERSE_FIRST,2026-06-12T16:59:00Z,2026-06-12T16:52:00Z,ADVERSE_FIRST,2026-06-12T17:01:00Z,2026-06-12T16:52:00Z,ADVERSE_FIRST,2026-06-12T17:04:00Z,2026-06-12T16:52:00Z,ADVERSE_FIRST,2026-06-12T17:06:00Z,2026-06-12T16:52:00Z,ADVERSE_FIRST,2026-06-12T17:01:00Z,2026-06-12T16:52:00Z,ADVERSE_FIRST,2026-06-12T17:04:00Z,2026-06-12T16:52:00Z,ADVERSE_FIRST,2026-06-12T17:06:00Z,2026-06-12T16:52:00Z,ADVERSE_FIRST,2026-06-12T17:06:00Z,2026-06-12T16:52:00Z,ADVERSE_FIRST,,2026-06-12T16:52:00Z,ADVERSE_FIRST,2026-06-12T16:59:00Z,2026-06-12T16:55:00Z,ADVERSE_FIRST,2026-06-12T16:59:00Z,2026-06-12T16:55:00Z,ADVERSE_FIRST,2026-06-12T17:01:00Z,2026-06-12T16:55:00Z,ADVERSE_FIRST,2026-06-12T17:03:00Z,2026-06-12T16:55:00Z,ADVERSE_FIRST,2026-06-12T16:59:00Z,2026-06-12T16:55:00Z,ADVERSE_FIRST,2026-06-12T17:01:00Z,2026-06-12T16:55:00Z,ADVERSE_FIRST,2026-06-12T17:03:00Z,2026-06-12T16:55:00Z,ADVERSE_FIRST,2026-06-12T17:06:00Z,2026-06-12T16:55:00Z,ADVERSE_FIRST,,2026-06-12T16:55:00Z
SPY:2026-06-12:LONG:2026-06-12T18:27:00+00:00:v1,2026-06-12,LONG,741.250000000000,741.640000000000,0.390000000000,2026-06-12T18:30:00Z,2026-06-12T18:35:00Z,5,WORSE,1.085000000000,0.695000000000,1.180000000000,1.570000000000,0.380000000000,-0.010000000000,0.390000000000,-0.390000000000,True,65,60,AVAILABLE,AVAILABLE,2026-06-12T18:30:00Z,2026-06-12T18:35:00Z,FAVORABLE_FIRST,2026-06-12T18:30:00Z,2026-06-12T18:59:00Z,FAVORABLE_FIRST,2026-06-12T18:32:00Z,2026-06-12T18:59:00Z,FAVORABLE_FIRST,2026-06-12T18:40:00Z,2026-06-12T18:59:00Z,FAVORABLE_FIRST,2026-06-12T18:41:00Z,2026-06-12T18:59:00Z,FAVORABLE_FIRST,2026-06-12T18:32:00Z,2026-06-12T19:00:00Z,FAVORABLE_FIRST,2026-06-12T18:40:00Z,2026-06-12T19:00:00Z,FAVORABLE_FIRST,2026-06-12T18:41:00Z,2026-06-12T19:00:00Z,ADVERSE_FIRST,,2026-06-12T19:00:00Z,ADVERSE_FIRST,,2026-06-12T19:00:00Z,FAVORABLE_FIRST,2026-06-12T18:40:00Z,2026-06-12T18:57:00Z,FAVORABLE_FIRST,2026-06-12T18:41:00Z,2026-06-12T18:57:00Z,ADVERSE_FIRST,,2026-06-12T18:57:00Z,ADVERSE_FIRST,,2026-06-12T18:57:00Z,FAVORABLE_FIRST,2026-06-12T18:41:00Z,2026-06-12T18:57:00Z,ADVERSE_FIRST,,2026-06-12T18:57:00Z,ADVERSE_FIRST,,2026-06-12T18:57:00Z,ADVERSE_FIRST,,2026-06-12T18:57:00Z,ADVERSE_FIRST,,2026-06-12T18:57:00Z
SPY:2026-06-12:LONG:2026-06-12T19:48:00+00:00:v1,2026-06-12,LONG,740.920000000000,741.230000000000,0.310000000000,2026-06-12T19:50:00Z,2026-06-12T19:55:00Z,5,WORSE,1.080000000000,0.770000000000,0.139900000000,0.020000000000,0.710000000000,0.400000000000,0.310000000000,0.119900000000,True,,,AVAILABLE,AVAILABLE,2026-06-12T19:50:00Z,2026-06-12T19:55:00Z,FAVORABLE_FIRST,2026-06-12T19:50:00Z,,FAVORABLE_FIRST,2026-06-12T19:55:00Z,,FAVORABLE_FIRST,2026-06-12T19:55:00Z,,FAVORABLE_FIRST,2026-06-12T19:55:00Z,,FAVORABLE_FIRST,2026-06-12T19:55:00Z,,FAVORABLE_FIRST,2026-06-12T19:55:00Z,,FAVORABLE_FIRST,2026-06-12T19:55:00Z,,NEITHER,,,NEITHER,,,FAVORABLE_FIRST,2026-06-12T19:55:00Z,,FAVORABLE_FIRST,2026-06-12T19:55:00Z,,FAVORABLE_FIRST,2026-06-12T19:59:00Z,,NEITHER,,,FAVORABLE_FIRST,2026-06-12T19:55:00Z,,FAVORABLE_FIRST,2026-06-12T19:59:00Z,,NEITHER,,,NEITHER,,,NEITHER,,
SPY:2026-06-15:LONG:2026-06-15T13:45:00+00:00:v1,2026-06-15,LONG,753.800000000000,753.710000000000,-0.090000000000,2026-06-15T13:50:00Z,2026-06-15T13:55:00Z,5,BETTER,2.880000000000,2.970000000000,1.290000000000,1.200000000000,0.860000000000,0.950000000000,-0.090000000000,0.090000000000,True,25,20,AVAILABLE,AVAILABLE,2026-06-15T13:50:00Z,2026-06-15T13:55:00Z,FAVORABLE_FIRST,2026-06-15T13:51:00Z,2026-06-15T13:56:00Z,ADVERSE_FIRST,2026-06-15T14:57:00Z,2026-06-15T13:56:00Z,ADVERSE_FIRST,2026-06-15T15:03:00Z,2026-06-15T13:56:00Z,ADVERSE_FIRST,2026-06-15T15:15:00Z,2026-06-15T13:56:00Z,ADVERSE_FIRST,2026-06-15T14:57:00Z,2026-06-15T13:56:00Z,ADVERSE_FIRST,2026-06-15T15:03:00Z,2026-06-15T13:56:00Z,ADVERSE_FIRST,2026-06-15T15:15:00Z,2026-06-15T13:56:00Z,ADVERSE_FIRST,2026-06-15T15:32:00Z,2026-06-15T13:56:00Z,ADVERSE_FIRST,2026-06-15T15:47:00Z,2026-06-15T13:56:00Z,FAVORABLE_FIRST,2026-06-15T13:55:00Z,2026-06-15T13:59:00Z,ADVERSE_FIRST,2026-06-15T14:57:00Z,2026-06-15T13:59:00Z,ADVERSE_FIRST,2026-06-15T15:00:00Z,2026-06-15T13:59:00Z,ADVERSE_FIRST,2026-06-15T15:03:00Z,2026-06-15T13:59:00Z,ADVERSE_FIRST,2026-06-15T14:57:00Z,2026-06-15T13:59:00Z,ADVERSE_FIRST,2026-06-15T15:00:00Z,2026-06-15T13:59:00Z,ADVERSE_FIRST,2026-06-15T15:03:00Z,2026-06-15T13:59:00Z,ADVERSE_FIRST,2026-06-15T15:29:00Z,2026-06-15T13:59:00Z,ADVERSE_FIRST,2026-06-15T15:47:00Z,2026-06-15T13:59:00Z
SPY:2026-06-15:LONG:2026-06-15T14:25:00+00:00:v1,2026-06-15,LONG,753.650000000000,753.220000000000,-0.430000000000,2026-06-15T14:30:00Z,2026-06-15T14:35:00Z,5,BETTER,3.030000000000,3.460000000000,0.700000000000,0.180000000000,1.010000000000,1.440000000000,-0.430000000000,0.520000000000,True,,,AVAILABLE,AVAILABLE,2026-06-15T14:30:00Z,2026-06-15T14:35:00Z,ADVERSE_FIRST,2026-06-15T14:51:00Z,2026-06-15T14:30:00Z,ADVERSE_FIRST,2026-06-15T14:57:00Z,2026-06-15T14:30:00Z,ADVERSE_FIRST,2026-06-15T15:00:00Z,2026-06-15T14:30:00Z,ADVERSE_FIRST,2026-06-15T15:03:00Z,2026-06-15T14:30:00Z,ADVERSE_FIRST,2026-06-15T14:57:00Z,2026-06-15T14:30:00Z,ADVERSE_FIRST,2026-06-15T15:00:00Z,2026-06-15T14:30:00Z,ADVERSE_FIRST,2026-06-15T15:03:00Z,2026-06-15T14:30:00Z,ADVERSE_FIRST,2026-06-15T15:29:00Z,2026-06-15T14:30:00Z,ADVERSE_FIRST,2026-06-15T15:45:00Z,2026-06-15T14:30:00Z,FAVORABLE_FIRST,2026-06-15T14:35:00Z,,FAVORABLE_FIRST,2026-06-15T14:48:00Z,,FAVORABLE_FIRST,2026-06-15T14:51:00Z,,FAVORABLE_FIRST,2026-06-15T14:57:00Z,,FAVORABLE_FIRST,2026-06-15T14:48:00Z,,FAVORABLE_FIRST,2026-06-15T14:51:00Z,,FAVORABLE_FIRST,2026-06-15T14:57:00Z,,FAVORABLE_FIRST,2026-06-15T15:03:00Z,,FAVORABLE_FIRST,2026-06-15T15:29:00Z,
SPY:2026-06-16:SHORT:2026-06-16T14:19:00+00:00:v1,2026-06-16,SHORT,753.990000000000,753.560000000000,0.430000000000,2026-06-16T14:20:00Z,2026-06-16T14:25:00Z,5,WORSE,4.110000000000,3.680000000000,0.350000000000,0.410000000000,3.600000000000,3.170000000000,0.430000000000,-0.060000000000,True,,,AVAILABLE,AVAILABLE,2026-06-16T14:20:00Z,2026-06-16T14:25:00Z,ADVERSE_FIRST,2026-06-16T14:22:00Z,2026-06-16T14:21:00Z,ADVERSE_FIRST,2026-06-16T14:22:00Z,2026-06-16T14:21:00Z,ADVERSE_FIRST,2026-06-16T14:23:00Z,2026-06-16T14:21:00Z,ADVERSE_FIRST,2026-06-16T14:30:00Z,2026-06-16T14:21:00Z,ADVERSE_FIRST,2026-06-16T14:22:00Z,2026-06-16T14:21:00Z,ADVERSE_FIRST,2026-06-16T14:23:00Z,2026-06-16T14:21:00Z,ADVERSE_FIRST,2026-06-16T14:30:00Z,2026-06-16T14:21:00Z,ADVERSE_FIRST,2026-06-16T14:31:00Z,2026-06-16T14:21:00Z,ADVERSE_FIRST,2026-06-16T15:46:00Z,2026-06-16T14:21:00Z,ADVERSE_FIRST,2026-06-16T14:27:00Z,2026-06-16T14:26:00Z,ADVERSE_FIRST,2026-06-16T14:29:00Z,2026-06-16T14:26:00Z,ADVERSE_FIRST,2026-06-16T14:30:00Z,2026-06-16T14:26:00Z,ADVERSE_FIRST,2026-06-16T14:31:00Z,2026-06-16T14:26:00Z,ADVERSE_FIRST,2026-06-16T14:29:00Z,2026-06-16T14:26:00Z,ADVERSE_FIRST,2026-06-16T14:30:00Z,2026-06-16T14:26:00Z,ADVERSE_FIRST,2026-06-16T14:31:00Z,2026-06-16T14:26:00Z,ADVERSE_FIRST,2026-06-16T15:46:00Z,2026-06-16T14:26:00Z,ADVERSE_FIRST,2026-06-16T17:39:00Z,2026-06-16T14:26:00Z
SPY:2026-06-17:LONG:2026-06-17T14:20:00+00:00:v1,2026-06-17,LONG,752.110000000000,751.688800000000,-0.421200000000,2026-06-17T14:25:00Z,2026-06-17T14:30:00Z,5,BETTER,0,0.041200000000,12.890000000000,12.468800000000,-11.090000000000,-10.668800000000,-0.041200000000,0.421200000000,True,10,5,AVAILABLE,AVAILABLE,2026-06-17T14:25:00Z,2026-06-17T14:30:00Z,ADVERSE_FIRST,,2026-06-17T14:25:00Z,ADVERSE_FIRST,,2026-06-17T14:25:00Z,ADVERSE_FIRST,,2026-06-17T14:25:00Z,ADVERSE_FIRST,,2026-06-17T14:25:00Z,ADVERSE_FIRST,,2026-06-17T14:25:00Z,ADVERSE_FIRST,,2026-06-17T14:25:00Z,ADVERSE_FIRST,,2026-06-17T14:25:00Z,ADVERSE_FIRST,,2026-06-17T14:25:00Z,ADVERSE_FIRST,,2026-06-17T14:25:00Z,ADVERSE_FIRST,,2026-06-17T14:30:00Z,ADVERSE_FIRST,,2026-06-17T14:30:00Z,ADVERSE_FIRST,,2026-06-17T14:30:00Z,ADVERSE_FIRST,,2026-06-17T14:30:00Z,ADVERSE_FIRST,,2026-06-17T14:30:00Z,ADVERSE_FIRST,,2026-06-17T14:30:00Z,ADVERSE_FIRST,,2026-06-17T14:30:00Z,ADVERSE_FIRST,,2026-06-17T14:30:00Z,ADVERSE_FIRST,,2026-06-17T14:30:00Z
SPY:2026-06-17:SHORT:2026-06-17T14:36:00+00:00:v1,2026-06-17,SHORT,750.040000000000,750.190000000000,-0.150000000000,2026-06-17T14:40:00Z,2026-06-17T14:45:00Z,5,BETTER,10.820000000000,10.970000000000,0.990000000000,0.840000000000,9.020000000000,9.170000000000,-0.150000000000,0.150000000000,True,55,50,AVAILABLE,AVAILABLE,2026-06-17T14:40:00Z,2026-06-17T14:45:00Z,FAVORABLE_FIRST,2026-06-17T14:40:00Z,2026-06-17T14:43:00Z,FAVORABLE_FIRST,2026-06-17T14:40:00Z,2026-06-17T14:43:00Z,FAVORABLE_FIRST,2026-06-17T14:41:00Z,2026-06-17T14:43:00Z,ADVERSE_FIRST,2026-06-17T14:47:00Z,2026-06-17T14:43:00Z,FAVORABLE_FIRST,2026-06-17T14:40:00Z,2026-06-17T14:43:00Z,FAVORABLE_FIRST,2026-06-17T14:41:00Z,2026-06-17T14:43:00Z,ADVERSE_FIRST,2026-06-17T14:47:00Z,2026-06-17T14:43:00Z,ADVERSE_FIRST,2026-06-17T14:47:00Z,2026-06-17T14:43:00Z,ADVERSE_FIRST,2026-06-17T14:47:00Z,2026-06-17T14:43:00Z,ADVERSE_FIRST,2026-06-17T14:47:00Z,2026-06-17T14:46:00Z,ADVERSE_FIRST,2026-06-17T14:47:00Z,2026-06-17T14:46:00Z,ADVERSE_FIRST,2026-06-17T14:47:00Z,2026-06-17T14:46:00Z,ADVERSE_FIRST,2026-06-17T14:47:00Z,2026-06-17T14:46:00Z,ADVERSE_FIRST,2026-06-17T14:47:00Z,2026-06-17T14:46:00Z,ADVERSE_FIRST,2026-06-17T14:47:00Z,2026-06-17T14:46:00Z,ADVERSE_FIRST,2026-06-17T14:47:00Z,2026-06-17T14:46:00Z,ADVERSE_FIRST,2026-06-17T14:47:00Z,2026-06-17T14:46:00Z,ADVERSE_FIRST,2026-06-17T14:47:00Z,2026-06-17T14:46:00Z
SPY:2026-06-17:SHORT:2026-06-17T16:45:00+00:00:v1,2026-06-17,SHORT,750.020000000000,749.990000000000,0.030000000000,2026-06-17T16:50:00Z,2026-06-17T16:55:00Z,5,WORSE,10.800000000000,10.770000000000,0.890000000000,0.920000000000,9.000000000000,8.970000000000,0.030000000000,-0.030000000000,True,65,60,AVAILABLE,AVAILABLE,2026-06-17T16:50:00Z,2026-06-17T16:55:00Z,FAVORABLE_FIRST,2026-06-17T17:00:00Z,2026-06-17T17:52:00Z,FAVORABLE_FIRST,2026-06-17T17:02:00Z,2026-06-17T17:52:00Z,FAVORABLE_FIRST,2026-06-17T17:08:00Z,2026-06-17T17:52:00Z,FAVORABLE_FIRST,2026-06-17T17:08:00Z,2026-06-17T17:52:00Z,FAVORABLE_FIRST,2026-06-17T17:02:00Z,2026-06-17T17:52:00Z,FAVORABLE_FIRST,2026-06-17T17:08:00Z,2026-06-17T17:52:00Z,FAVORABLE_FIRST,2026-06-17T17:08:00Z,2026-06-17T17:52:00Z,FAVORABLE_FIRST,2026-06-17T17:08:00Z,2026-06-17T17:52:00Z,ADVERSE_FIRST,2026-06-17T18:00:00Z,2026-06-17T17:52:00Z,ADVERSE_FIRST,2026-06-17T17:00:00Z,2026-06-17T16:55:00Z,ADVERSE_FIRST,2026-06-17T17:03:00Z,2026-06-17T16:55:00Z,ADVERSE_FIRST,2026-06-17T17:08:00Z,2026-06-17T16:55:00Z,ADVERSE_FIRST,2026-06-17T17:08:00Z,2026-06-17T16:55:00Z,FAVORABLE_FIRST,2026-06-17T17:03:00Z,2026-06-17T17:52:00Z,FAVORABLE_FIRST,2026-06-17T17:08:00Z,2026-06-17T17:52:00Z,FAVORABLE_FIRST,2026-06-17T17:08:00Z,2026-06-17T17:52:00Z,FAVORABLE_FIRST,2026-06-17T17:08:00Z,2026-06-17T17:52:00Z,ADVERSE_FIRST,2026-06-17T18:00:00Z,2026-06-17T17:52:00Z
SPY:2026-06-17:SHORT:2026-06-17T18:00:00+00:00:v1,2026-06-17,SHORT,745.210000000000,746.699900000000,-1.489900000000,2026-06-17T18:05:00Z,2026-06-17T18:10:00Z,5,BETTER,5.990000000000,7.479900000000,5.130000000000,3.640100000000,4.190000000000,5.679900000000,-1.489900000000,1.489900000000,True,,,AVAILABLE,AVAILABLE,2026-06-17T18:05:00Z,2026-06-17T18:10:00Z,FAVORABLE_FIRST,2026-06-17T18:05:00Z,2026-06-17T18:07:00Z,FAVORABLE_FIRST,2026-06-17T18:05:00Z,2026-06-17T18:07:00Z,FAVORABLE_FIRST,2026-06-17T18:05:00Z,2026-06-17T18:07:00Z,FAVORABLE_FIRST,2026-06-17T18:05:00Z,2026-06-17T18:07:00Z,FAVORABLE_FIRST,2026-06-17T18:05:00Z,2026-06-17T18:07:00Z,FAVORABLE_FIRST,2026-06-17T18:05:00Z,2026-06-17T18:07:00Z,FAVORABLE_FIRST,2026-06-17T18:05:00Z,2026-06-17T18:07:00Z,FAVORABLE_FIRST,2026-06-17T18:05:00Z,2026-06-17T18:07:00Z,ADVERSE_FIRST,2026-06-17T19:20:00Z,2026-06-17T18:07:00Z,AMBIGUOUS_SAME_BAR,2026-06-17T18:10:00Z,2026-06-17T18:10:00Z,ADVERSE_FIRST,2026-06-17T18:13:00Z,2026-06-17T18:10:00Z,ADVERSE_FIRST,2026-06-17T18:25:00Z,2026-06-17T18:10:00Z,ADVERSE_FIRST,2026-06-17T18:25:00Z,2026-06-17T18:10:00Z,ADVERSE_FIRST,2026-06-17T18:13:00Z,2026-06-17T18:10:00Z,ADVERSE_FIRST,2026-06-17T18:25:00Z,2026-06-17T18:10:00Z,ADVERSE_FIRST,2026-06-17T18:25:00Z,2026-06-17T18:10:00Z,ADVERSE_FIRST,2026-06-17T18:58:00Z,2026-06-17T18:10:00Z,ADVERSE_FIRST,2026-06-17T19:11:00Z,2026-06-17T18:10:00Z
SPY:2026-06-18:SHORT:2026-06-18T13:35:00+00:00:v1,2026-06-18,SHORT,744.590000000000,744.120000000000,0.470000000000,2026-06-18T13:40:00Z,2026-06-18T13:45:00Z,5,WORSE,0.730000000000,0.260000000000,3.640000000000,4.110000000000,-1.970000000000,-2.440000000000,0.470000000000,-0.470000000000,True,40,35,AVAILABLE,AVAILABLE,2026-06-18T13:40:00Z,2026-06-18T13:45:00Z,FAVORABLE_FIRST,2026-06-18T13:40:00Z,2026-06-18T13:41:00Z,FAVORABLE_FIRST,2026-06-18T13:40:00Z,2026-06-18T13:41:00Z,ADVERSE_FIRST,,2026-06-18T13:41:00Z,ADVERSE_FIRST,,2026-06-18T13:41:00Z,FAVORABLE_FIRST,2026-06-18T13:40:00Z,2026-06-18T13:41:00Z,ADVERSE_FIRST,,2026-06-18T13:41:00Z,ADVERSE_FIRST,,2026-06-18T13:41:00Z,ADVERSE_FIRST,,2026-06-18T13:41:00Z,ADVERSE_FIRST,,2026-06-18T13:41:00Z,ADVERSE_FIRST,2026-06-18T13:47:00Z,2026-06-18T13:45:00Z,ADVERSE_FIRST,,2026-06-18T13:45:00Z,ADVERSE_FIRST,,2026-06-18T13:45:00Z,ADVERSE_FIRST,,2026-06-18T13:45:00Z,ADVERSE_FIRST,,2026-06-18T13:45:00Z,ADVERSE_FIRST,,2026-06-18T13:45:00Z,ADVERSE_FIRST,,2026-06-18T13:45:00Z,ADVERSE_FIRST,,2026-06-18T13:45:00Z,ADVERSE_FIRST,,2026-06-18T13:45:00Z
SPY:2026-06-18:SHORT:2026-06-18T14:27:00+00:00:v1,2026-06-18,SHORT,745.330000000000,745.820000000000,-0.490000000000,2026-06-18T14:30:00Z,2026-06-18T14:35:00Z,5,BETTER,0.999000000000,1.489000000000,2.900000000000,2.410000000000,-1.230000000000,-0.740000000000,-0.490000000000,0.490000000000,True,10,5,AVAILABLE,AVAILABLE,2026-06-18T14:30:00Z,2026-06-18T14:35:00Z,FAVORABLE_FIRST,2026-06-18T14:30:00Z,2026-06-18T14:32:00Z,FAVORABLE_FIRST,2026-06-18T14:30:00Z,2026-06-18T14:32:00Z,FAVORABLE_FIRST,2026-06-18T14:30:00Z,2026-06-18T14:32:00Z,ADVERSE_FIRST,,2026-06-18T14:32:00Z,FAVORABLE_FIRST,2026-06-18T14:30:00Z,2026-06-18T14:34:00Z,FAVORABLE_FIRST,2026-06-18T14:30:00Z,2026-06-18T14:34:00Z,ADVERSE_FIRST,,2026-06-18T14:34:00Z,ADVERSE_FIRST,,2026-06-18T14:34:00Z,ADVERSE_FIRST,,2026-06-18T14:34:00Z,FAVORABLE_FIRST,2026-06-18T14:35:00Z,2026-06-18T14:36:00Z,ADVERSE_FIRST,2026-06-18T15:29:00Z,2026-06-18T14:36:00Z,ADVERSE_FIRST,2026-06-18T15:33:00Z,2026-06-18T14:36:00Z,ADVERSE_FIRST,2026-06-18T15:37:00Z,2026-06-18T14:36:00Z,ADVERSE_FIRST,2026-06-18T15:29:00Z,2026-06-18T14:36:00Z,ADVERSE_FIRST,2026-06-18T15:33:00Z,2026-06-18T14:36:00Z,ADVERSE_FIRST,2026-06-18T15:37:00Z,2026-06-18T14:36:00Z,ADVERSE_FIRST,,2026-06-18T14:36:00Z,ADVERSE_FIRST,,2026-06-18T14:36:00Z
SPY:2026-06-18:SHORT:2026-06-18T15:15:00+00:00:v1,2026-06-18,SHORT,745.690000000000,745.580000000000,0.110000000000,2026-06-18T15:20:00Z,2026-06-18T15:25:00Z,5,WORSE,1.359000000000,1.249000000000,2.540000000000,2.650000000000,-0.870000000000,-0.980000000000,0.110000000000,-0.110000000000,True,35,30,AVAILABLE,AVAILABLE,2026-06-18T15:20:00Z,2026-06-18T15:25:00Z,ADVERSE_FIRST,2026-06-18T15:23:00Z,2026-06-18T15:20:00Z,ADVERSE_FIRST,2026-06-18T15:29:00Z,2026-06-18T15:20:00Z,ADVERSE_FIRST,2026-06-18T15:36:00Z,2026-06-18T15:20:00Z,ADVERSE_FIRST,2026-06-18T15:38:00Z,2026-06-18T15:20:00Z,ADVERSE_FIRST,2026-06-18T15:29:00Z,2026-06-18T15:20:00Z,ADVERSE_FIRST,2026-06-18T15:36:00Z,2026-06-18T15:20:00Z,ADVERSE_FIRST,2026-06-18T15:38:00Z,2026-06-18T15:20:00Z,ADVERSE_FIRST,,2026-06-18T15:20:00Z,ADVERSE_FIRST,,2026-06-18T15:20:00Z,ADVERSE_FIRST,2026-06-18T15:29:00Z,2026-06-18T15:27:00Z,ADVERSE_FIRST,2026-06-18T15:33:00Z,2026-06-18T15:27:00Z,ADVERSE_FIRST,2026-06-18T15:37:00Z,2026-06-18T15:27:00Z,ADVERSE_FIRST,2026-06-18T15:38:00Z,2026-06-18T15:27:00Z,ADVERSE_FIRST,2026-06-18T15:33:00Z,2026-06-18T15:27:00Z,ADVERSE_FIRST,2026-06-18T15:37:00Z,2026-06-18T15:27:00Z,ADVERSE_FIRST,2026-06-18T15:38:00Z,2026-06-18T15:27:00Z,ADVERSE_FIRST,,2026-06-18T15:27:00Z,ADVERSE_FIRST,,2026-06-18T15:27:00Z
SPY:2026-06-22:LONG:2026-06-22T13:56:00+00:00:v1,2026-06-22,LONG,749.910000000000,749.640000000000,-0.270000000000,2026-06-22T14:00:00Z,2026-06-22T14:05:00Z,5,BETTER,0.270000000000,0.540000000000,6.780000000000,6.510000000000,-5.540000000000,-5.270000000000,-0.270000000000,0.270000000000,True,15,10,AVAILABLE,AVAILABLE,2026-06-22T14:00:00Z,2026-06-22T14:05:00Z,ADVERSE_FIRST,2026-06-22T14:10:00Z,2026-06-22T14:00:00Z,ADVERSE_FIRST,,2026-06-22T14:00:00Z,ADVERSE_FIRST,,2026-06-22T14:00:00Z,ADVERSE_FIRST,,2026-06-22T14:00:00Z,ADVERSE_FIRST,,2026-06-22T14:00:00Z,ADVERSE_FIRST,,2026-06-22T14:00:00Z,ADVERSE_FIRST,,2026-06-22T14:00:00Z,ADVERSE_FIRST,,2026-06-22T14:00:00Z,ADVERSE_FIRST,,2026-06-22T14:00:00Z,ADVERSE_FIRST,2026-06-22T14:09:00Z,2026-06-22T14:05:00Z,ADVERSE_FIRST,2026-06-22T14:10:00Z,2026-06-22T14:05:00Z,ADVERSE_FIRST,,2026-06-22T14:05:00Z,ADVERSE_FIRST,,2026-06-22T14:05:00Z,FAVORABLE_FIRST,2026-06-22T14:10:00Z,2026-06-22T14:13:00Z,ADVERSE_FIRST,,2026-06-22T14:13:00Z,ADVERSE_FIRST,,2026-06-22T14:13:00Z,ADVERSE_FIRST,,2026-06-22T14:13:00Z,ADVERSE_FIRST,,2026-06-22T14:13:00Z
SPY:2026-06-22:SHORT:2026-06-22T14:24:00+00:00:v1,2026-06-22,SHORT,747.490000000000,746.510000000000,0.980000000000,2026-06-22T14:25:00Z,2026-06-22T14:30:00Z,5,WORSE,4.360000000000,3.380000000000,0.320000000000,0.100000000000,3.120000000000,2.140000000000,0.980000000000,0.220000000000,True,,,AVAILABLE,AVAILABLE,2026-06-22T14:25:00Z,2026-06-22T14:30:00Z,ADVERSE_FIRST,2026-06-22T14:27:00Z,2026-06-22T14:25:00Z,ADVERSE_FIRST,2026-06-22T14:27:00Z,2026-06-22T14:25:00Z,ADVERSE_FIRST,2026-06-22T14:29:00Z,2026-06-22T14:25:00Z,ADVERSE_FIRST,2026-06-22T14:29:00Z,2026-06-22T14:25:00Z,ADVERSE_FIRST,2026-06-22T14:27:00Z,2026-06-22T14:25:00Z,ADVERSE_FIRST,2026-06-22T14:29:00Z,2026-06-22T14:25:00Z,ADVERSE_FIRST,2026-06-22T14:29:00Z,2026-06-22T14:25:00Z,ADVERSE_FIRST,2026-06-22T14:30:00Z,2026-06-22T14:25:00Z,ADVERSE_FIRST,2026-06-22T14:31:00Z,2026-06-22T14:25:00Z,FAVORABLE_FIRST,2026-06-22T14:30:00Z,,FAVORABLE_FIRST,2026-06-22T14:30:00Z,,FAVORABLE_FIRST,2026-06-22T14:30:00Z,,FAVORABLE_FIRST,2026-06-22T14:31:00Z,,FAVORABLE_FIRST,2026-06-22T14:30:00Z,,FAVORABLE_FIRST,2026-06-22T14:30:00Z,,FAVORABLE_FIRST,2026-06-22T14:31:00Z,,FAVORABLE_FIRST,2026-06-22T14:43:00Z,,FAVORABLE_FIRST,2026-06-22T14:44:00Z,
SPY:2026-06-23:LONG:2026-06-23T13:39:00+00:00:v1,2026-06-23,LONG,734.385000000000,734.890000000000,0.505000000000,2026-06-23T13:40:00Z,2026-06-23T13:45:00Z,5,WORSE,5.245000000000,4.740000000000,1.065000000000,1.570000000000,-0.715000000000,-1.220000000000,0.505000000000,-0.505000000000,True,305,300,AVAILABLE,AVAILABLE,2026-06-23T13:40:00Z,2026-06-23T13:45:00Z,AMBIGUOUS_SAME_BAR,2026-06-23T13:40:00Z,2026-06-23T13:40:00Z,ADVERSE_FIRST,2026-06-23T13:42:00Z,2026-06-23T13:40:00Z,ADVERSE_FIRST,2026-06-23T13:42:00Z,2026-06-23T13:40:00Z,ADVERSE_FIRST,2026-06-23T13:43:00Z,2026-06-23T13:40:00Z,ADVERSE_FIRST,2026-06-23T13:42:00Z,2026-06-23T13:40:00Z,ADVERSE_FIRST,2026-06-23T13:42:00Z,2026-06-23T13:40:00Z,ADVERSE_FIRST,2026-06-23T13:43:00Z,2026-06-23T13:40:00Z,ADVERSE_FIRST,2026-06-23T13:47:00Z,2026-06-23T13:40:00Z,ADVERSE_FIRST,2026-06-23T13:48:00Z,2026-06-23T13:40:00Z,AMBIGUOUS_SAME_BAR,2026-06-23T13:45:00Z,2026-06-23T13:45:00Z,AMBIGUOUS_SAME_BAR,2026-06-23T13:45:00Z,2026-06-23T13:45:00Z,ADVERSE_FIRST,2026-06-23T13:47:00Z,2026-06-23T13:45:00Z,ADVERSE_FIRST,2026-06-23T13:47:00Z,2026-06-23T13:45:00Z,AMBIGUOUS_SAME_BAR,2026-06-23T13:45:00Z,2026-06-23T13:45:00Z,ADVERSE_FIRST,2026-06-23T13:47:00Z,2026-06-23T13:45:00Z,ADVERSE_FIRST,2026-06-23T13:47:00Z,2026-06-23T13:45:00Z,ADVERSE_FIRST,2026-06-23T13:48:00Z,2026-06-23T13:45:00Z,ADVERSE_FIRST,2026-06-23T13:49:00Z,2026-06-23T13:45:00Z
SPY:2026-06-23:LONG:2026-06-23T19:01:00+00:00:v1,2026-06-23,LONG,734.970000000000,734.420000000000,-0.550000000000,2026-06-23T19:05:00Z,2026-06-23T19:10:00Z,5,BETTER,0.630000000000,1.140000000000,1.470000000000,0.920000000000,-1.300000000000,-0.750000000000,-0.510000000000,0.550000000000,True,15,10,AVAILABLE,AVAILABLE,2026-06-23T19:05:00Z,2026-06-23T19:10:00Z,FAVORABLE_FIRST,2026-06-23T19:05:00Z,2026-06-23T19:07:00Z,FAVORABLE_FIRST,2026-06-23T19:05:00Z,2026-06-23T19:07:00Z,ADVERSE_FIRST,,2026-06-23T19:07:00Z,ADVERSE_FIRST,,2026-06-23T19:07:00Z,FAVORABLE_FIRST,2026-06-23T19:05:00Z,2026-06-23T19:07:00Z,ADVERSE_FIRST,,2026-06-23T19:07:00Z,ADVERSE_FIRST,,2026-06-23T19:07:00Z,ADVERSE_FIRST,,2026-06-23T19:07:00Z,ADVERSE_FIRST,,2026-06-23T19:07:00Z,FAVORABLE_FIRST,2026-06-23T19:11:00Z,2026-06-23T19:17:00Z,ADVERSE_FIRST,2026-06-23T19:23:00Z,2026-06-23T19:17:00Z,ADVERSE_FIRST,2026-06-23T19:23:00Z,2026-06-23T19:17:00Z,ADVERSE_FIRST,2026-06-23T19:54:00Z,2026-06-23T19:17:00Z,ADVERSE_FIRST,2026-06-23T19:23:00Z,2026-06-23T19:17:00Z,ADVERSE_FIRST,2026-06-23T19:23:00Z,2026-06-23T19:17:00Z,ADVERSE_FIRST,2026-06-23T19:54:00Z,2026-06-23T19:17:00Z,ADVERSE_FIRST,,2026-06-23T19:17:00Z,ADVERSE_FIRST,,2026-06-23T19:17:00Z
SPY:2026-06-23:LONG:2026-06-23T19:21:00+00:00:v1,2026-06-23,LONG,734.800000000000,735.020000000000,0.220000000000,2026-06-23T19:25:00Z,2026-06-23T19:30:00Z,5,WORSE,0.760000000000,0.540000000000,1.300000000000,1.520000000000,-1.130000000000,-1.350000000000,0.220000000000,-0.220000000000,True,35,30,AVAILABLE,AVAILABLE,2026-06-23T19:25:00Z,2026-06-23T19:30:00Z,FAVORABLE_FIRST,2026-06-23T19:26:00Z,2026-06-23T19:32:00Z,ADVERSE_FIRST,2026-06-23T19:54:00Z,2026-06-23T19:32:00Z,ADVERSE_FIRST,2026-06-23T19:54:00Z,2026-06-23T19:32:00Z,ADVERSE_FIRST,,2026-06-23T19:32:00Z,ADVERSE_FIRST,2026-06-23T19:54:00Z,2026-06-23T19:32:00Z,ADVERSE_FIRST,2026-06-23T19:54:00Z,2026-06-23T19:32:00Z,ADVERSE_FIRST,,2026-06-23T19:32:00Z,ADVERSE_FIRST,,2026-06-23T19:32:00Z,ADVERSE_FIRST,,2026-06-23T19:32:00Z,ADVERSE_FIRST,2026-06-23T19:54:00Z,2026-06-23T19:30:00Z,ADVERSE_FIRST,2026-06-23T19:54:00Z,2026-06-23T19:30:00Z,ADVERSE_FIRST,,2026-06-23T19:30:00Z,ADVERSE_FIRST,,2026-06-23T19:30:00Z,ADVERSE_FIRST,2026-06-23T19:54:00Z,2026-06-23T19:30:00Z,ADVERSE_FIRST,,2026-06-23T19:30:00Z,ADVERSE_FIRST,,2026-06-23T19:30:00Z,ADVERSE_FIRST,,2026-06-23T19:30:00Z,ADVERSE_FIRST,,2026-06-23T19:30:00Z
SPY:2026-06-24:LONG:2026-06-24T14:44:00+00:00:v1,2026-06-24,LONG,737.610000000000,738.320000000000,0.710000000000,2026-06-24T14:45:00Z,2026-06-24T14:50:00Z,5,WORSE,2.335000000000,1.625000000000,6.770000000000,7.480000000000,-4.490000000000,-5.200000000000,0.710000000000,-0.710000000000,True,115,110,AVAILABLE,AVAILABLE,2026-06-24T14:45:00Z,2026-06-24T14:50:00Z,FAVORABLE_FIRST,2026-06-24T14:45:00Z,2026-06-24T16:36:00Z,FAVORABLE_FIRST,2026-06-24T14:46:00Z,2026-06-24T16:36:00Z,FAVORABLE_FIRST,2026-06-24T14:46:00Z,2026-06-24T16:36:00Z,FAVORABLE_FIRST,2026-06-24T14:47:00Z,2026-06-24T16:36:00Z,FAVORABLE_FIRST,2026-06-24T14:46:00Z,2026-06-24T16:36:00Z,FAVORABLE_FIRST,2026-06-24T14:46:00Z,2026-06-24T16:36:00Z,FAVORABLE_FIRST,2026-06-24T14:47:00Z,2026-06-24T16:36:00Z,FAVORABLE_FIRST,2026-06-24T14:58:00Z,2026-06-24T16:36:00Z,FAVORABLE_FIRST,2026-06-24T14:59:00Z,2026-06-24T16:36:00Z,FAVORABLE_FIRST,2026-06-24T14:50:00Z,2026-06-24T15:13:00Z,FAVORABLE_FIRST,2026-06-24T14:50:00Z,2026-06-24T15:13:00Z,FAVORABLE_FIRST,2026-06-24T14:52:00Z,2026-06-24T15:13:00Z,FAVORABLE_FIRST,2026-06-24T14:58:00Z,2026-06-24T15:13:00Z,FAVORABLE_FIRST,2026-06-24T14:50:00Z,2026-06-24T15:13:00Z,FAVORABLE_FIRST,2026-06-24T14:52:00Z,2026-06-24T15:13:00Z,FAVORABLE_FIRST,2026-06-24T14:58:00Z,2026-06-24T15:13:00Z,FAVORABLE_FIRST,2026-06-24T15:01:00Z,2026-06-24T15:13:00Z,ADVERSE_FIRST,,2026-06-24T15:13:00Z
SPY:2026-06-24:SHORT:2026-06-24T17:16:00+00:00:v1,2026-06-24,SHORT,733.810000000000,733.130000000000,0.680000000000,2026-06-24T17:20:00Z,2026-06-24T17:25:00Z,5,WORSE,2.970000000000,2.290000000000,0.850000000000,1.530000000000,0.690000000000,0.010000000000,0.680000000000,-0.680000000000,True,70,65,AVAILABLE,AVAILABLE,2026-06-24T17:20:00Z,2026-06-24T17:25:00Z,FAVORABLE_FIRST,2026-06-24T17:20:00Z,2026-06-24T18:23:00Z,FAVORABLE_FIRST,2026-06-24T17:20:00Z,2026-06-24T18:23:00Z,FAVORABLE_FIRST,2026-06-24T17:23:00Z,2026-06-24T18:23:00Z,FAVORABLE_FIRST,2026-06-24T17:25:00Z,2026-06-24T18:23:00Z,FAVORABLE_FIRST,2026-06-24T17:20:00Z,2026-06-24T18:24:00Z,FAVORABLE_FIRST,2026-06-24T17:23:00Z,2026-06-24T18:24:00Z,FAVORABLE_FIRST,2026-06-24T17:25:00Z,2026-06-24T18:24:00Z,FAVORABLE_FIRST,2026-06-24T17:28:00Z,2026-06-24T18:24:00Z,FAVORABLE_FIRST,2026-06-24T17:31:00Z,2026-06-24T18:24:00Z,FAVORABLE_FIRST,2026-06-24T17:25:00Z,2026-06-24T18:06:00Z,FAVORABLE_FIRST,2026-06-24T17:25:00Z,2026-06-24T18:06:00Z,FAVORABLE_FIRST,2026-06-24T17:28:00Z,2026-06-24T18:06:00Z,FAVORABLE_FIRST,2026-06-24T17:28:00Z,2026-06-24T18:06:00Z,FAVORABLE_FIRST,2026-06-24T17:25:00Z,2026-06-24T18:15:00Z,FAVORABLE_FIRST,2026-06-24T17:28:00Z,2026-06-24T18:15:00Z,FAVORABLE_FIRST,2026-06-24T17:28:00Z,2026-06-24T18:15:00Z,FAVORABLE_FIRST,2026-06-24T17:31:00Z,2026-06-24T18:15:00Z,ADVERSE_FIRST,2026-06-24T19:07:00Z,2026-06-24T18:15:00Z
SPY:2026-06-24:SHORT:2026-06-24T18:30:00+00:00:v1,2026-06-24,SHORT,734.220000000000,733.620000000000,0.600000000000,2026-06-24T18:35:00Z,2026-06-24T18:40:00Z,5,WORSE,3.380000000000,2.780000000000,0.090000000000,0.150000000000,1.100000000000,0.500000000000,0.600000000000,-0.060000000000,True,,,AVAILABLE,AVAILABLE,2026-06-24T18:35:00Z,2026-06-24T18:40:00Z,FAVORABLE_FIRST,2026-06-24T18:35:00Z,,FAVORABLE_FIRST,2026-06-24T18:35:00Z,,FAVORABLE_FIRST,2026-06-24T18:40:00Z,,FAVORABLE_FIRST,2026-06-24T18:40:00Z,,FAVORABLE_FIRST,2026-06-24T18:35:00Z,,FAVORABLE_FIRST,2026-06-24T18:40:00Z,,FAVORABLE_FIRST,2026-06-24T18:40:00Z,,FAVORABLE_FIRST,2026-06-24T18:46:00Z,,FAVORABLE_FIRST,2026-06-24T18:47:00Z,,FAVORABLE_FIRST,2026-06-24T18:40:00Z,,FAVORABLE_FIRST,2026-06-24T18:40:00Z,,FAVORABLE_FIRST,2026-06-24T18:45:00Z,,FAVORABLE_FIRST,2026-06-24T18:46:00Z,,FAVORABLE_FIRST,2026-06-24T18:40:00Z,,FAVORABLE_FIRST,2026-06-24T18:45:00Z,,FAVORABLE_FIRST,2026-06-24T18:46:00Z,,FAVORABLE_FIRST,2026-06-24T18:48:00Z,,FAVORABLE_FIRST,2026-06-24T18:49:00Z,
SPY:2026-06-25:SHORT:2026-06-25T13:40:00+00:00:v1,2026-06-25,SHORT,734.280000000000,732.890000000000,1.390000000000,2026-06-25T13:45:00Z,2026-06-25T13:50:00Z,5,WORSE,4.680000000000,3.290000000000,3.540000000000,4.930000000000,1.020000000000,-0.370000000000,1.390000000000,-1.390000000000,True,70,65,AVAILABLE,AVAILABLE,2026-06-25T13:45:00Z,2026-06-25T13:50:00Z,AMBIGUOUS_SAME_BAR,2026-06-25T13:45:00Z,2026-06-25T13:45:00Z,AMBIGUOUS_SAME_BAR,2026-06-25T13:45:00Z,2026-06-25T13:45:00Z,AMBIGUOUS_SAME_BAR,2026-06-25T13:45:00Z,2026-06-25T13:45:00Z,ADVERSE_FIRST,2026-06-25T13:46:00Z,2026-06-25T13:45:00Z,AMBIGUOUS_SAME_BAR,2026-06-25T13:45:00Z,2026-06-25T13:45:00Z,AMBIGUOUS_SAME_BAR,2026-06-25T13:45:00Z,2026-06-25T13:45:00Z,ADVERSE_FIRST,2026-06-25T13:46:00Z,2026-06-25T13:45:00Z,ADVERSE_FIRST,2026-06-25T13:46:00Z,2026-06-25T13:45:00Z,ADVERSE_FIRST,2026-06-25T13:46:00Z,2026-06-25T13:45:00Z,AMBIGUOUS_SAME_BAR,2026-06-25T13:50:00Z,2026-06-25T13:50:00Z,ADVERSE_FIRST,2026-06-25T13:51:00Z,2026-06-25T13:50:00Z,ADVERSE_FIRST,2026-06-25T13:51:00Z,2026-06-25T13:50:00Z,ADVERSE_FIRST,2026-06-25T13:52:00Z,2026-06-25T13:50:00Z,ADVERSE_FIRST,2026-06-25T13:51:00Z,2026-06-25T13:50:00Z,ADVERSE_FIRST,2026-06-25T13:51:00Z,2026-06-25T13:50:00Z,ADVERSE_FIRST,2026-06-25T13:52:00Z,2026-06-25T13:50:00Z,ADVERSE_FIRST,2026-06-25T13:53:00Z,2026-06-25T13:50:00Z,ADVERSE_FIRST,2026-06-25T13:54:00Z,2026-06-25T13:50:00Z
SPY:2026-06-25:SHORT:2026-06-25T14:56:00+00:00:v1,2026-06-25,SHORT,735.260000000000,736.160100000000,-0.900100000000,2026-06-25T15:00:00Z,2026-06-25T15:05:00Z,5,BETTER,3.930000000000,4.830100000000,1.260000000000,0.359900000000,2.000000000000,2.900100000000,-0.900100000000,0.900100000000,True,,,AVAILABLE,AVAILABLE,2026-06-25T15:00:00Z,2026-06-25T15:05:00Z,FAVORABLE_FIRST,2026-06-25T15:00:00Z,2026-06-25T15:01:00Z,ADVERSE_FIRST,2026-06-25T15:06:00Z,2026-06-25T15:01:00Z,ADVERSE_FIRST,2026-06-25T15:09:00Z,2026-06-25T15:01:00Z,ADVERSE_FIRST,2026-06-25T15:11:00Z,2026-06-25T15:01:00Z,ADVERSE_FIRST,2026-06-25T15:06:00Z,2026-06-25T15:01:00Z,ADVERSE_FIRST,2026-06-25T15:09:00Z,2026-06-25T15:01:00Z,ADVERSE_FIRST,2026-06-25T15:11:00Z,2026-06-25T15:01:00Z,ADVERSE_FIRST,2026-06-25T15:11:00Z,2026-06-25T15:01:00Z,ADVERSE_FIRST,2026-06-25T15:12:00Z,2026-06-25T15:01:00Z,AMBIGUOUS_SAME_BAR,2026-06-25T15:05:00Z,2026-06-25T15:05:00Z,AMBIGUOUS_SAME_BAR,2026-06-25T15:05:00Z,2026-06-25T15:05:00Z,AMBIGUOUS_SAME_BAR,2026-06-25T15:05:00Z,2026-06-25T15:05:00Z,AMBIGUOUS_SAME_BAR,2026-06-25T15:05:00Z,2026-06-25T15:05:00Z,AMBIGUOUS_SAME_BAR,2026-06-25T15:05:00Z,2026-06-25T15:05:00Z,AMBIGUOUS_SAME_BAR,2026-06-25T15:05:00Z,2026-06-25T15:05:00Z,AMBIGUOUS_SAME_BAR,2026-06-25T15:05:00Z,2026-06-25T15:05:00Z,ADVERSE_FIRST,2026-06-25T15:06:00Z,2026-06-25T15:05:00Z,ADVERSE_FIRST,2026-06-25T15:11:00Z,2026-06-25T15:05:00Z
SPY:2026-06-26:LONG:2026-06-26T13:55:00+00:00:v1,2026-06-26,LONG,730.870000000000,732.200000000000,1.330000000000,2026-06-26T14:00:00Z,2026-06-26T14:05:00Z,5,WORSE,5.660000000000,4.330000000000,14.290000000000,15.620000000000,-1.780000000000,-3.110000000000,1.330000000000,-1.330000000000,True,360,355,AVAILABLE,AVAILABLE,2026-06-26T14:00:00Z,2026-06-26T14:05:00Z,FAVORABLE_FIRST,2026-06-26T14:00:00Z,2026-06-26T19:59:00Z,FAVORABLE_FIRST,2026-06-26T14:00:00Z,2026-06-26T19:59:00Z,FAVORABLE_FIRST,2026-06-26T14:00:00Z,2026-06-26T19:59:00Z,FAVORABLE_FIRST,2026-06-26T14:00:00Z,2026-06-26T19:59:00Z,FAVORABLE_FIRST,2026-06-26T14:00:00Z,2026-06-26T19:59:00Z,FAVORABLE_FIRST,2026-06-26T14:00:00Z,2026-06-26T19:59:00Z,FAVORABLE_FIRST,2026-06-26T14:00:00Z,2026-06-26T19:59:00Z,FAVORABLE_FIRST,2026-06-26T14:05:00Z,2026-06-26T19:59:00Z,FAVORABLE_FIRST,2026-06-26T14:06:00Z,2026-06-26T19:59:00Z,FAVORABLE_FIRST,2026-06-26T14:05:00Z,2026-06-26T14:40:00Z,FAVORABLE_FIRST,2026-06-26T14:06:00Z,2026-06-26T14:40:00Z,FAVORABLE_FIRST,2026-06-26T14:06:00Z,2026-06-26T14:40:00Z,FAVORABLE_FIRST,2026-06-26T14:10:00Z,2026-06-26T14:40:00Z,FAVORABLE_FIRST,2026-06-26T14:06:00Z,2026-06-26T14:40:00Z,FAVORABLE_FIRST,2026-06-26T14:06:00Z,2026-06-26T14:40:00Z,FAVORABLE_FIRST,2026-06-26T14:10:00Z,2026-06-26T14:40:00Z,FAVORABLE_FIRST,2026-06-26T14:20:00Z,2026-06-26T14:40:00Z,FAVORABLE_FIRST,2026-06-26T14:20:00Z,2026-06-26T14:40:00Z
SPY:2026-06-29:LONG:2026-06-29T13:44:00+00:00:v1,2026-06-29,LONG,739.250000000000,738.850000000000,-0.400000000000,2026-06-29T13:45:00Z,2026-06-29T13:50:00Z,5,BETTER,2.310000000000,2.710000000000,7.160000000000,6.760000000000,1.630000000000,2.030000000000,-0.400000000000,0.400000000000,True,15,10,AVAILABLE,AVAILABLE,2026-06-29T13:45:00Z,2026-06-29T13:50:00Z,AMBIGUOUS_SAME_BAR,2026-06-29T13:45:00Z,2026-06-29T13:45:00Z,ADVERSE_FIRST,2026-06-29T13:53:00Z,2026-06-29T13:45:00Z,ADVERSE_FIRST,2026-06-29T17:13:00Z,2026-06-29T13:45:00Z,ADVERSE_FIRST,2026-06-29T17:17:00Z,2026-06-29T13:45:00Z,ADVERSE_FIRST,2026-06-29T13:53:00Z,2026-06-29T13:45:00Z,ADVERSE_FIRST,2026-06-29T17:13:00Z,2026-06-29T13:45:00Z,ADVERSE_FIRST,2026-06-29T17:17:00Z,2026-06-29T13:45:00Z,ADVERSE_FIRST,2026-06-29T17:53:00Z,2026-06-29T13:45:00Z,ADVERSE_FIRST,2026-06-29T19:59:00Z,2026-06-29T13:45:00Z,AMBIGUOUS_SAME_BAR,2026-06-29T13:50:00Z,2026-06-29T13:50:00Z,ADVERSE_FIRST,2026-06-29T13:51:00Z,2026-06-29T13:50:00Z,ADVERSE_FIRST,2026-06-29T13:51:00Z,2026-06-29T13:50:00Z,ADVERSE_FIRST,2026-06-29T13:53:00Z,2026-06-29T13:50:00Z,ADVERSE_FIRST,2026-06-29T13:51:00Z,2026-06-29T13:50:00Z,ADVERSE_FIRST,2026-06-29T13:51:00Z,2026-06-29T13:50:00Z,ADVERSE_FIRST,2026-06-29T13:53:00Z,2026-06-29T13:50:00Z,ADVERSE_FIRST,2026-06-29T17:20:00Z,2026-06-29T13:50:00Z,ADVERSE_FIRST,2026-06-29T18:35:00Z,2026-06-29T13:50:00Z
SPY:2026-06-29:SHORT:2026-06-29T14:07:00+00:00:v1,2026-06-29,SHORT,735.080000000000,732.700000000000,2.380000000000,2026-06-29T14:10:00Z,2026-06-29T14:15:00Z,5,WORSE,2.990000000000,0.610000000000,6.480000000000,8.860000000000,-5.800000000000,-8.180000000000,2.380000000000,-2.380000000000,True,20,15,AVAILABLE,AVAILABLE,2026-06-29T14:10:00Z,2026-06-29T14:15:00Z,AMBIGUOUS_SAME_BAR,2026-06-29T14:10:00Z,2026-06-29T14:10:00Z,AMBIGUOUS_SAME_BAR,2026-06-29T14:10:00Z,2026-06-29T14:10:00Z,AMBIGUOUS_SAME_BAR,2026-06-29T14:10:00Z,2026-06-29T14:10:00Z,ADVERSE_FIRST,2026-06-29T14:12:00Z,2026-06-29T14:10:00Z,FAVORABLE_FIRST,2026-06-29T14:10:00Z,2026-06-29T14:27:00Z,FAVORABLE_FIRST,2026-06-29T14:10:00Z,2026-06-29T14:27:00Z,FAVORABLE_FIRST,2026-06-29T14:12:00Z,2026-06-29T14:27:00Z,FAVORABLE_FIRST,2026-06-29T14:13:00Z,2026-06-29T14:27:00Z,FAVORABLE_FIRST,2026-06-29T14:14:00Z,2026-06-29T14:27:00Z,AMBIGUOUS_SAME_BAR,2026-06-29T14:15:00Z,2026-06-29T14:15:00Z,AMBIGUOUS_SAME_BAR,2026-06-29T14:15:00Z,2026-06-29T14:15:00Z,ADVERSE_FIRST,,2026-06-29T14:15:00Z,ADVERSE_FIRST,,2026-06-29T14:15:00Z,AMBIGUOUS_SAME_BAR,2026-06-29T14:15:00Z,2026-06-29T14:15:00Z,ADVERSE_FIRST,,2026-06-29T14:15:00Z,ADVERSE_FIRST,,2026-06-29T14:15:00Z,ADVERSE_FIRST,,2026-06-29T14:15:00Z,ADVERSE_FIRST,,2026-06-29T14:15:00Z
SPY:2026-06-29:LONG:2026-06-29T16:01:00+00:00:v1,2026-06-29,LONG,738.890000000000,738.820100000000,-0.069900000000,2026-06-29T16:05:00Z,2026-06-29T16:10:00Z,5,BETTER,2.670000000000,2.739900000000,0.920000000000,0.850100000000,1.990000000000,2.059900000000,-0.069900000000,0.069900000000,True,10,5,AVAILABLE,AVAILABLE,2026-06-29T16:05:00Z,2026-06-29T16:10:00Z,ADVERSE_FIRST,2026-06-29T17:05:00Z,2026-06-29T16:10:00Z,ADVERSE_FIRST,2026-06-29T17:10:00Z,2026-06-29T16:10:00Z,ADVERSE_FIRST,2026-06-29T17:12:00Z,2026-06-29T16:10:00Z,ADVERSE_FIRST,2026-06-29T17:13:00Z,2026-06-29T16:10:00Z,ADVERSE_FIRST,2026-06-29T17:10:00Z,2026-06-29T16:11:00Z,ADVERSE_FIRST,2026-06-29T17:12:00Z,2026-06-29T16:11:00Z,ADVERSE_FIRST,2026-06-29T17:13:00Z,2026-06-29T16:11:00Z,ADVERSE_FIRST,2026-06-29T17:31:00Z,2026-06-29T16:11:00Z,ADVERSE_FIRST,2026-06-29T18:35:00Z,2026-06-29T16:11:00Z,ADVERSE_FIRST,2026-06-29T17:05:00Z,2026-06-29T16:12:00Z,ADVERSE_FIRST,2026-06-29T17:09:00Z,2026-06-29T16:12:00Z,ADVERSE_FIRST,2026-06-29T17:12:00Z,2026-06-29T16:12:00Z,ADVERSE_FIRST,2026-06-29T17:13:00Z,2026-06-29T16:12:00Z,ADVERSE_FIRST,2026-06-29T17:09:00Z,2026-06-29T16:13:00Z,ADVERSE_FIRST,2026-06-29T17:12:00Z,2026-06-29T16:13:00Z,ADVERSE_FIRST,2026-06-29T17:13:00Z,2026-06-29T16:13:00Z,ADVERSE_FIRST,2026-06-29T17:20:00Z,2026-06-29T16:13:00Z,ADVERSE_FIRST,2026-06-29T18:35:00Z,2026-06-29T16:13:00Z
SPY:2026-06-29:LONG:2026-06-29T17:00:00+00:00:v1,2026-06-29,LONG,739.020000000000,739.280000000000,0.260000000000,2026-06-29T17:05:00Z,2026-06-29T17:10:00Z,5,WORSE,2.540000000000,2.280000000000,0.060000000000,0.020000000000,1.860000000000,1.600000000000,0.260000000000,0.040000000000,True,,,AVAILABLE,AVAILABLE,2026-06-29T17:05:00Z,2026-06-29T17:10:00Z,FAVORABLE_FIRST,2026-06-29T17:09:00Z,,FAVORABLE_FIRST,2026-06-29T17:12:00Z,,FAVORABLE_FIRST,2026-06-29T17:13:00Z,,FAVORABLE_FIRST,2026-06-29T17:13:00Z,,FAVORABLE_FIRST,2026-06-29T17:12:00Z,,FAVORABLE_FIRST,2026-06-29T17:13:00Z,,FAVORABLE_FIRST,2026-06-29T17:13:00Z,,FAVORABLE_FIRST,2026-06-29T17:31:00Z,,FAVORABLE_FIRST,2026-06-29T18:44:00Z,,FAVORABLE_FIRST,2026-06-29T17:12:00Z,,FAVORABLE_FIRST,2026-06-29T17:13:00Z,,FAVORABLE_FIRST,2026-06-29T17:13:00Z,,FAVORABLE_FIRST,2026-06-29T17:17:00Z,,FAVORABLE_FIRST,2026-06-29T17:13:00Z,,FAVORABLE_FIRST,2026-06-29T17:13:00Z,,FAVORABLE_FIRST,2026-06-29T17:17:00Z,,FAVORABLE_FIRST,2026-06-29T17:53:00Z,,FAVORABLE_FIRST,2026-06-29T19:59:00Z,
SPY:2026-06-30:LONG:2026-06-30T13:45:00+00:00:v1,2026-06-30,LONG,741.990000000000,743.180000000000,1.190000000000,2026-06-30T13:50:00Z,2026-06-30T13:55:00Z,5,WORSE,6.030000000000,4.840000000000,0.110000000000,0.320000000000,4.330000000000,3.140000000000,1.190000000000,-0.210000000000,True,,,AVAILABLE,AVAILABLE,2026-06-30T13:50:00Z,2026-06-30T13:55:00Z,FAVORABLE_FIRST,2026-06-30T13:51:00Z,,FAVORABLE_FIRST,2026-06-30T13:51:00Z,,FAVORABLE_FIRST,2026-06-30T13:51:00Z,,FAVORABLE_FIRST,2026-06-30T13:51:00Z,,FAVORABLE_FIRST,2026-06-30T13:51:00Z,,FAVORABLE_FIRST,2026-06-30T13:51:00Z,,FAVORABLE_FIRST,2026-06-30T13:51:00Z,,FAVORABLE_FIRST,2026-06-30T13:55:00Z,,FAVORABLE_FIRST,2026-06-30T14:02:00Z,,FAVORABLE_FIRST,2026-06-30T13:55:00Z,2026-06-30T14:01:00Z,FAVORABLE_FIRST,2026-06-30T13:55:00Z,2026-06-30T14:01:00Z,FAVORABLE_FIRST,2026-06-30T13:59:00Z,2026-06-30T14:01:00Z,ADVERSE_FIRST,2026-06-30T14:03:00Z,2026-06-30T14:01:00Z,FAVORABLE_FIRST,2026-06-30T13:55:00Z,2026-06-30T14:01:00Z,FAVORABLE_FIRST,2026-06-30T13:59:00Z,2026-06-30T14:01:00Z,ADVERSE_FIRST,2026-06-30T14:03:00Z,2026-06-30T14:01:00Z,ADVERSE_FIRST,2026-06-30T14:30:00Z,2026-06-30T14:01:00Z,ADVERSE_FIRST,2026-06-30T14:32:00Z,2026-06-30T14:01:00Z
SPY:2026-07-01:LONG:2026-07-01T13:59:00+00:00:v1,2026-07-01,LONG,745.340000000000,745.420000000000,0.080000000000,2026-07-01T14:00:00Z,2026-07-01T14:05:00Z,5,WORSE,4.095000000000,4.015000000000,0.340000000000,0.260000000000,0.350000000000,0.270000000000,0.080000000000,0.080000000000,True,,,AVAILABLE,AVAILABLE,2026-07-01T14:00:00Z,2026-07-01T14:05:00Z,FAVORABLE_FIRST,2026-07-01T14:00:00Z,2026-07-01T14:01:00Z,ADVERSE_FIRST,2026-07-01T14:05:00Z,2026-07-01T14:01:00Z,ADVERSE_FIRST,2026-07-01T14:07:00Z,2026-07-01T14:01:00Z,ADVERSE_FIRST,2026-07-01T14:10:00Z,2026-07-01T14:01:00Z,ADVERSE_FIRST,2026-07-01T14:05:00Z,2026-07-01T14:01:00Z,ADVERSE_FIRST,2026-07-01T14:07:00Z,2026-07-01T14:01:00Z,ADVERSE_FIRST,2026-07-01T14:10:00Z,2026-07-01T14:01:00Z,ADVERSE_FIRST,2026-07-01T14:13:00Z,2026-07-01T14:01:00Z,ADVERSE_FIRST,2026-07-01T15:02:00Z,2026-07-01T14:01:00Z,FAVORABLE_FIRST,2026-07-01T14:05:00Z,2026-07-01T19:57:00Z,FAVORABLE_FIRST,2026-07-01T14:06:00Z,2026-07-01T19:57:00Z,FAVORABLE_FIRST,2026-07-01T14:07:00Z,2026-07-01T19:57:00Z,FAVORABLE_FIRST,2026-07-01T14:10:00Z,2026-07-01T19:57:00Z,FAVORABLE_FIRST,2026-07-01T14:06:00Z,,FAVORABLE_FIRST,2026-07-01T14:07:00Z,,FAVORABLE_FIRST,2026-07-01T14:10:00Z,,FAVORABLE_FIRST,2026-07-01T14:21:00Z,,FAVORABLE_FIRST,2026-07-01T15:03:00Z,
SPY:2026-07-02:LONG:2026-07-02T13:35:00+00:00:v1,2026-07-02,LONG,748.810000000000,749.760000000000,0.950000000000,2026-07-02T13:40:00Z,2026-07-02T13:45:00Z,5,WORSE,2.500000000000,1.550000000000,8.780000000000,9.730000000000,-4.010000000000,-4.960000000000,0.950000000000,-0.950000000000,True,50,45,AVAILABLE,AVAILABLE,2026-07-02T13:40:00Z,2026-07-02T13:45:00Z,FAVORABLE_FIRST,2026-07-02T13:40:00Z,2026-07-02T14:27:00Z,FAVORABLE_FIRST,2026-07-02T13:41:00Z,2026-07-02T14:27:00Z,FAVORABLE_FIRST,2026-07-02T13:42:00Z,2026-07-02T14:27:00Z,FAVORABLE_FIRST,2026-07-02T13:43:00Z,2026-07-02T14:27:00Z,FAVORABLE_FIRST,2026-07-02T13:41:00Z,2026-07-02T14:27:00Z,FAVORABLE_FIRST,2026-07-02T13:42:00Z,2026-07-02T14:27:00Z,FAVORABLE_FIRST,2026-07-02T13:43:00Z,2026-07-02T14:27:00Z,FAVORABLE_FIRST,2026-07-02T13:47:00Z,2026-07-02T14:27:00Z,FAVORABLE_FIRST,2026-07-02T13:51:00Z,2026-07-02T14:27:00Z,AMBIGUOUS_SAME_BAR,2026-07-02T13:45:00Z,2026-07-02T13:45:00Z,ADVERSE_FIRST,2026-07-02T13:47:00Z,2026-07-02T13:45:00Z,ADVERSE_FIRST,2026-07-02T13:48:00Z,2026-07-02T13:45:00Z,ADVERSE_FIRST,2026-07-02T13:51:00Z,2026-07-02T13:45:00Z,FAVORABLE_FIRST,2026-07-02T13:47:00Z,2026-07-02T14:25:00Z,FAVORABLE_FIRST,2026-07-02T13:48:00Z,2026-07-02T14:25:00Z,FAVORABLE_FIRST,2026-07-02T13:51:00Z,2026-07-02T14:25:00Z,FAVORABLE_FIRST,2026-07-02T14:07:00Z,2026-07-02T14:25:00Z,ADVERSE_FIRST,,2026-07-02T14:25:00Z
SPY:2026-07-02:SHORT:2026-07-02T15:03:00+00:00:v1,2026-07-02,SHORT,746.090000000000,745.365000000000,0.725000000000,2026-07-02T15:05:00Z,2026-07-02T15:10:00Z,5,WORSE,6.060000000000,5.335000000000,0.620000000000,1.345000000000,1.290000000000,0.565000000000,0.725000000000,-0.725000000000,True,,,AVAILABLE,AVAILABLE,2026-07-02T15:05:00Z,2026-07-02T15:10:00Z,AMBIGUOUS_SAME_BAR,2026-07-02T15:05:00Z,2026-07-02T15:05:00Z,ADVERSE_FIRST,2026-07-02T15:06:00Z,2026-07-02T15:05:00Z,ADVERSE_FIRST,2026-07-02T15:06:00Z,2026-07-02T15:05:00Z,ADVERSE_FIRST,2026-07-02T15:07:00Z,2026-07-02T15:05:00Z,FAVORABLE_FIRST,2026-07-02T15:06:00Z,2026-07-02T15:11:00Z,FAVORABLE_FIRST,2026-07-02T15:06:00Z,2026-07-02T15:11:00Z,FAVORABLE_FIRST,2026-07-02T15:07:00Z,2026-07-02T15:11:00Z,FAVORABLE_FIRST,2026-07-02T15:07:00Z,2026-07-02T15:11:00Z,ADVERSE_FIRST,2026-07-02T15:53:00Z,2026-07-02T15:11:00Z,FAVORABLE_FIRST,2026-07-02T15:10:00Z,2026-07-02T15:11:00Z,ADVERSE_FIRST,2026-07-02T15:17:00Z,2026-07-02T15:11:00Z,ADVERSE_FIRST,2026-07-02T15:19:00Z,2026-07-02T15:11:00Z,ADVERSE_FIRST,2026-07-02T15:20:00Z,2026-07-02T15:11:00Z,ADVERSE_FIRST,2026-07-02T15:17:00Z,2026-07-02T15:11:00Z,ADVERSE_FIRST,2026-07-02T15:19:00Z,2026-07-02T15:11:00Z,ADVERSE_FIRST,2026-07-02T15:20:00Z,2026-07-02T15:11:00Z,ADVERSE_FIRST,2026-07-02T16:02:00Z,2026-07-02T15:11:00Z,ADVERSE_FIRST,2026-07-02T16:30:00Z,2026-07-02T15:11:00Z
SPY:2026-07-06:LONG:2026-07-06T14:21:00+00:00:v1,2026-07-06,LONG,749.670000000000,749.930100000000,0.260100000000,2026-07-06T14:25:00Z,2026-07-06T14:30:00Z,5,WORSE,2.740000000000,2.479900000000,0.570000000000,0.830100000000,1.630000000000,1.369900000000,0.260100000000,-0.260100000000,True,,,AVAILABLE,AVAILABLE,2026-07-06T14:25:00Z,2026-07-06T14:30:00Z,FAVORABLE_FIRST,2026-07-06T14:26:00Z,2026-07-06T14:41:00Z,FAVORABLE_FIRST,2026-07-06T14:33:00Z,2026-07-06T14:41:00Z,ADVERSE_FIRST,2026-07-06T15:02:00Z,2026-07-06T14:41:00Z,ADVERSE_FIRST,2026-07-06T15:29:00Z,2026-07-06T14:41:00Z,FAVORABLE_FIRST,2026-07-06T14:33:00Z,2026-07-06T14:41:00Z,ADVERSE_FIRST,2026-07-06T15:02:00Z,2026-07-06T14:41:00Z,ADVERSE_FIRST,2026-07-06T15:29:00Z,2026-07-06T14:41:00Z,ADVERSE_FIRST,2026-07-06T17:05:00Z,2026-07-06T14:41:00Z,ADVERSE_FIRST,2026-07-06T18:51:00Z,2026-07-06T14:41:00Z,ADVERSE_FIRST,2026-07-06T14:59:00Z,2026-07-06T14:34:00Z,ADVERSE_FIRST,2026-07-06T15:25:00Z,2026-07-06T14:34:00Z,ADVERSE_FIRST,2026-07-06T15:29:00Z,2026-07-06T14:34:00Z,ADVERSE_FIRST,2026-07-06T15:31:00Z,2026-07-06T14:34:00Z,ADVERSE_FIRST,2026-07-06T15:25:00Z,2026-07-06T14:34:00Z,ADVERSE_FIRST,2026-07-06T15:29:00Z,2026-07-06T14:34:00Z,ADVERSE_FIRST,2026-07-06T15:31:00Z,2026-07-06T14:34:00Z,ADVERSE_FIRST,2026-07-06T17:06:00Z,2026-07-06T14:34:00Z,ADVERSE_FIRST,2026-07-06T18:56:00Z,2026-07-06T14:34:00Z
SPY:2026-07-07:SHORT:2026-07-07T13:51:00+00:00:v1,2026-07-07,SHORT,748.940000000000,748.850400000000,0.089600000000,2026-07-07T13:55:00Z,2026-07-07T14:00:00Z,5,WORSE,3.730000000000,3.640400000000,0.400000000000,0.489600000000,1.250000000000,1.160400000000,0.089600000000,-0.089600000000,True,,,AVAILABLE,AVAILABLE,2026-07-07T13:55:00Z,2026-07-07T14:00:00Z,FAVORABLE_FIRST,2026-07-07T13:55:00Z,2026-07-07T14:01:00Z,FAVORABLE_FIRST,2026-07-07T13:58:00Z,2026-07-07T14:01:00Z,ADVERSE_FIRST,2026-07-07T14:08:00Z,2026-07-07T14:01:00Z,ADVERSE_FIRST,2026-07-07T14:10:00Z,2026-07-07T14:01:00Z,FAVORABLE_FIRST,2026-07-07T13:58:00Z,2026-07-07T17:05:00Z,FAVORABLE_FIRST,2026-07-07T14:08:00Z,2026-07-07T17:05:00Z,FAVORABLE_FIRST,2026-07-07T14:10:00Z,2026-07-07T17:05:00Z,FAVORABLE_FIRST,2026-07-07T14:14:00Z,2026-07-07T17:05:00Z,FAVORABLE_FIRST,2026-07-07T14:15:00Z,2026-07-07T17:05:00Z,FAVORABLE_FIRST,2026-07-07T14:00:00Z,2026-07-07T14:01:00Z,ADVERSE_FIRST,2026-07-07T14:04:00Z,2026-07-07T14:01:00Z,ADVERSE_FIRST,2026-07-07T14:10:00Z,2026-07-07T14:01:00Z,ADVERSE_FIRST,2026-07-07T14:11:00Z,2026-07-07T14:01:00Z,ADVERSE_FIRST,2026-07-07T14:04:00Z,2026-07-07T14:01:00Z,ADVERSE_FIRST,2026-07-07T14:10:00Z,2026-07-07T14:01:00Z,ADVERSE_FIRST,2026-07-07T14:11:00Z,2026-07-07T14:01:00Z,ADVERSE_FIRST,2026-07-07T14:14:00Z,2026-07-07T14:01:00Z,ADVERSE_FIRST,2026-07-07T14:15:00Z,2026-07-07T14:01:00Z
SPY:2026-07-08:SHORT:2026-07-08T14:35:00+00:00:v1,2026-07-08,SHORT,742.270000000000,742.430000000000,-0.160000000000,2026-07-08T14:40:00Z,2026-07-08T14:45:00Z,5,BETTER,2.760000000000,2.920000000000,3.880000000000,3.720000000000,-3.070000000000,-2.910000000000,-0.160000000000,0.160000000000,True,105,100,AVAILABLE,AVAILABLE,2026-07-08T14:40:00Z,2026-07-08T14:45:00Z,ADVERSE_FIRST,2026-07-08T14:43:00Z,2026-07-08T14:40:00Z,ADVERSE_FIRST,2026-07-08T14:47:00Z,2026-07-08T14:40:00Z,ADVERSE_FIRST,2026-07-08T14:49:00Z,2026-07-08T14:40:00Z,ADVERSE_FIRST,2026-07-08T14:50:00Z,2026-07-08T14:40:00Z,ADVERSE_FIRST,2026-07-08T14:47:00Z,2026-07-08T14:40:00Z,ADVERSE_FIRST,2026-07-08T14:49:00Z,2026-07-08T14:40:00Z,ADVERSE_FIRST,2026-07-08T14:50:00Z,2026-07-08T14:40:00Z,ADVERSE_FIRST,2026-07-08T15:16:00Z,2026-07-08T14:40:00Z,ADVERSE_FIRST,2026-07-08T15:23:00Z,2026-07-08T14:40:00Z,FAVORABLE_FIRST,2026-07-08T14:45:00Z,2026-07-08T14:53:00Z,FAVORABLE_FIRST,2026-07-08T14:45:00Z,2026-07-08T14:53:00Z,FAVORABLE_FIRST,2026-07-08T14:47:00Z,2026-07-08T14:53:00Z,FAVORABLE_FIRST,2026-07-08T14:49:00Z,2026-07-08T14:53:00Z,FAVORABLE_FIRST,2026-07-08T14:45:00Z,2026-07-08T14:53:00Z,FAVORABLE_FIRST,2026-07-08T14:47:00Z,2026-07-08T14:53:00Z,FAVORABLE_FIRST,2026-07-08T14:49:00Z,2026-07-08T14:53:00Z,FAVORABLE_FIRST,2026-07-08T14:50:00Z,2026-07-08T14:53:00Z,ADVERSE_FIRST,2026-07-08T15:17:00Z,2026-07-08T14:53:00Z
SPY:2026-07-08:LONG:2026-07-08T16:46:00+00:00:v1,2026-07-08,LONG,744.290000000000,744.400000000000,0.110000000000,2026-07-08T16:50:00Z,2026-07-08T16:55:00Z,5,WORSE,1.860000000000,1.750000000000,0.340000000000,0.450000000000,1.050000000000,0.940000000000,0.110000000000,-0.110000000000,True,,,AVAILABLE,AVAILABLE,2026-07-08T16:50:00Z,2026-07-08T16:55:00Z,FAVORABLE_FIRST,2026-07-08T16:52:00Z,2026-07-08T17:11:00Z,ADVERSE_FIRST,2026-07-08T17:19:00Z,2026-07-08T17:11:00Z,ADVERSE_FIRST,2026-07-08T17:20:00Z,2026-07-08T17:11:00Z,ADVERSE_FIRST,2026-07-08T17:21:00Z,2026-07-08T17:11:00Z,ADVERSE_FIRST,2026-07-08T17:19:00Z,2026-07-08T17:11:00Z,ADVERSE_FIRST,2026-07-08T17:20:00Z,2026-07-08T17:11:00Z,ADVERSE_FIRST,2026-07-08T17:21:00Z,2026-07-08T17:11:00Z,ADVERSE_FIRST,2026-07-08T17:30:00Z,2026-07-08T17:11:00Z,ADVERSE_FIRST,,2026-07-08T17:11:00Z,FAVORABLE_FIRST,2026-07-08T16:55:00Z,2026-07-08T17:03:00Z,ADVERSE_FIRST,2026-07-08T17:19:00Z,2026-07-08T17:03:00Z,ADVERSE_FIRST,2026-07-08T17:20:00Z,2026-07-08T17:03:00Z,ADVERSE_FIRST,2026-07-08T17:24:00Z,2026-07-08T17:03:00Z,ADVERSE_FIRST,2026-07-08T17:19:00Z,2026-07-08T17:11:00Z,ADVERSE_FIRST,2026-07-08T17:20:00Z,2026-07-08T17:11:00Z,ADVERSE_FIRST,2026-07-08T17:24:00Z,2026-07-08T17:11:00Z,ADVERSE_FIRST,2026-07-08T17:30:00Z,2026-07-08T17:11:00Z,ADVERSE_FIRST,,2026-07-08T17:11:00Z
SPY:2026-07-09:LONG:2026-07-09T13:35:00+00:00:v1,2026-07-09,LONG,748.150000000000,748.400000000000,0.250000000000,2026-07-09T13:40:00Z,2026-07-09T13:45:00Z,5,WORSE,3.820000000000,3.570000000000,2.560000000000,2.810000000000,3.490000000000,3.240000000000,0.250000000000,-0.250000000000,True,40,35,AVAILABLE,AVAILABLE,2026-07-09T13:40:00Z,2026-07-09T13:45:00Z,ADVERSE_FIRST,2026-07-09T13:42:00Z,2026-07-09T13:40:00Z,ADVERSE_FIRST,2026-07-09T13:45:00Z,2026-07-09T13:40:00Z,ADVERSE_FIRST,2026-07-09T13:53:00Z,2026-07-09T13:40:00Z,ADVERSE_FIRST,2026-07-09T13:55:00Z,2026-07-09T13:40:00Z,ADVERSE_FIRST,2026-07-09T13:45:00Z,2026-07-09T13:40:00Z,ADVERSE_FIRST,2026-07-09T13:53:00Z,2026-07-09T13:40:00Z,ADVERSE_FIRST,2026-07-09T13:55:00Z,2026-07-09T13:40:00Z,ADVERSE_FIRST,2026-07-09T15:22:00Z,2026-07-09T13:40:00Z,ADVERSE_FIRST,2026-07-09T15:41:00Z,2026-07-09T13:40:00Z,FAVORABLE_FIRST,2026-07-09T13:45:00Z,2026-07-09T13:48:00Z,ADVERSE_FIRST,2026-07-09T13:53:00Z,2026-07-09T13:48:00Z,ADVERSE_FIRST,2026-07-09T13:55:00Z,2026-07-09T13:48:00Z,ADVERSE_FIRST,2026-07-09T15:06:00Z,2026-07-09T13:48:00Z,ADVERSE_FIRST,2026-07-09T13:53:00Z,2026-07-09T13:48:00Z,ADVERSE_FIRST,2026-07-09T13:55:00Z,2026-07-09T13:48:00Z,ADVERSE_FIRST,2026-07-09T15:06:00Z,2026-07-09T13:48:00Z,ADVERSE_FIRST,2026-07-09T15:24:00Z,2026-07-09T13:48:00Z,ADVERSE_FIRST,2026-07-09T16:03:00Z,2026-07-09T13:48:00Z
SPY:2026-07-09:LONG:2026-07-09T14:27:00+00:00:v1,2026-07-09,LONG,747.860000000000,747.650000000000,-0.210000000000,2026-07-09T14:30:00Z,2026-07-09T14:35:00Z,5,BETTER,4.110000000000,4.320000000000,0.760000000000,0.400000000000,3.780000000000,3.990000000000,-0.210000000000,0.360000000000,True,,,AVAILABLE,AVAILABLE,2026-07-09T14:30:00Z,2026-07-09T14:35:00Z,ADVERSE_FIRST,2026-07-09T14:35:00Z,2026-07-09T14:30:00Z,ADVERSE_FIRST,2026-07-09T14:39:00Z,2026-07-09T14:30:00Z,ADVERSE_FIRST,2026-07-09T14:58:00Z,2026-07-09T14:30:00Z,ADVERSE_FIRST,2026-07-09T14:58:00Z,2026-07-09T14:30:00Z,ADVERSE_FIRST,2026-07-09T14:39:00Z,2026-07-09T14:31:00Z,ADVERSE_FIRST,2026-07-09T14:58:00Z,2026-07-09T14:31:00Z,ADVERSE_FIRST,2026-07-09T14:58:00Z,2026-07-09T14:31:00Z,ADVERSE_FIRST,2026-07-09T15:06:00Z,2026-07-09T14:31:00Z,ADVERSE_FIRST,2026-07-09T15:22:00Z,2026-07-09T14:31:00Z,FAVORABLE_FIRST,2026-07-09T14:35:00Z,2026-07-09T14:52:00Z,FAVORABLE_FIRST,2026-07-09T14:35:00Z,2026-07-09T14:52:00Z,FAVORABLE_FIRST,2026-07-09T14:39:00Z,2026-07-09T14:52:00Z,ADVERSE_FIRST,2026-07-09T14:58:00Z,2026-07-09T14:52:00Z,FAVORABLE_FIRST,2026-07-09T14:35:00Z,2026-07-09T14:53:00Z,FAVORABLE_FIRST,2026-07-09T14:39:00Z,2026-07-09T14:53:00Z,ADVERSE_FIRST,2026-07-09T14:58:00Z,2026-07-09T14:53:00Z,ADVERSE_FIRST,2026-07-09T15:06:00Z,2026-07-09T14:53:00Z,ADVERSE_FIRST,2026-07-09T15:22:00Z,2026-07-09T14:53:00Z
SPY:2026-07-10:LONG:2026-07-10T13:48:00+00:00:v1,2026-07-10,LONG,753.015000000000,752.870000000000,-0.145000000000,2026-07-10T13:50:00Z,2026-07-10T13:55:00Z,5,BETTER,2.405000000000,2.550000000000,4.915000000000,4.770000000000,1.885000000000,2.030000000000,-0.145000000000,0.145000000000,True,25,20,AVAILABLE,AVAILABLE,2026-07-10T13:50:00Z,2026-07-10T13:55:00Z,ADVERSE_FIRST,2026-07-10T14:02:00Z,2026-07-10T13:50:00Z,ADVERSE_FIRST,2026-07-10T16:16:00Z,2026-07-10T13:50:00Z,ADVERSE_FIRST,2026-07-10T16:45:00Z,2026-07-10T13:50:00Z,ADVERSE_FIRST,2026-07-10T16:50:00Z,2026-07-10T13:50:00Z,ADVERSE_FIRST,2026-07-10T16:16:00Z,2026-07-10T13:50:00Z,ADVERSE_FIRST,2026-07-10T16:45:00Z,2026-07-10T13:50:00Z,ADVERSE_FIRST,2026-07-10T16:50:00Z,2026-07-10T13:50:00Z,ADVERSE_FIRST,2026-07-10T18:10:00Z,2026-07-10T13:50:00Z,ADVERSE_FIRST,2026-07-10T19:03:00Z,2026-07-10T13:50:00Z,ADVERSE_FIRST,2026-07-10T13:57:00Z,2026-07-10T13:55:00Z,ADVERSE_FIRST,2026-07-10T15:25:00Z,2026-07-10T13:55:00Z,ADVERSE_FIRST,2026-07-10T16:16:00Z,2026-07-10T13:55:00Z,ADVERSE_FIRST,2026-07-10T16:46:00Z,2026-07-10T13:55:00Z,ADVERSE_FIRST,2026-07-10T15:25:00Z,2026-07-10T14:08:00Z,ADVERSE_FIRST,2026-07-10T16:16:00Z,2026-07-10T14:08:00Z,ADVERSE_FIRST,2026-07-10T16:46:00Z,2026-07-10T14:08:00Z,ADVERSE_FIRST,2026-07-10T17:37:00Z,2026-07-10T14:08:00Z,ADVERSE_FIRST,2026-07-10T19:03:00Z,2026-07-10T14:08:00Z
SPY:2026-07-10:SHORT:2026-07-10T14:32:00+00:00:v1,2026-07-10,SHORT,750.980000000000,751.700000000000,-0.720000000000,2026-07-10T14:35:00Z,2026-07-10T14:40:00Z,5,BETTER,0.550000000000,1.048000000000,4.440000000000,3.720000000000,-3.920000000000,-3.200000000000,-0.498000000000,0.720000000000,True,10,5,AVAILABLE,AVAILABLE,2026-07-10T14:35:00Z,2026-07-10T14:40:00Z,AMBIGUOUS_SAME_BAR,2026-07-10T14:35:00Z,2026-07-10T14:35:00Z,AMBIGUOUS_SAME_BAR,2026-07-10T14:35:00Z,2026-07-10T14:35:00Z,ADVERSE_FIRST,,2026-07-10T14:35:00Z,ADVERSE_FIRST,,2026-07-10T14:35:00Z,AMBIGUOUS_SAME_BAR,2026-07-10T14:35:00Z,2026-07-10T14:35:00Z,ADVERSE_FIRST,,2026-07-10T14:35:00Z,ADVERSE_FIRST,,2026-07-10T14:35:00Z,ADVERSE_FIRST,,2026-07-10T14:35:00Z,ADVERSE_FIRST,,2026-07-10T14:35:00Z,FAVORABLE_FIRST,2026-07-10T14:41:00Z,2026-07-10T14:44:00Z,ADVERSE_FIRST,2026-07-10T14:56:00Z,2026-07-10T14:44:00Z,ADVERSE_FIRST,2026-07-10T15:00:00Z,2026-07-10T14:44:00Z,ADVERSE_FIRST,2026-07-10T15:05:00Z,2026-07-10T14:44:00Z,ADVERSE_FIRST,2026-07-10T14:56:00Z,2026-07-10T14:44:00Z,ADVERSE_FIRST,2026-07-10T15:00:00Z,2026-07-10T14:44:00Z,ADVERSE_FIRST,2026-07-10T15:05:00Z,2026-07-10T14:44:00Z,ADVERSE_FIRST,,2026-07-10T14:44:00Z,ADVERSE_FIRST,,2026-07-10T14:44:00Z
SPY:2026-07-10:SHORT:2026-07-10T14:53:00+00:00:v1,2026-07-10,SHORT,751.930000000000,751.180000000000,0.750000000000,2026-07-10T14:55:00Z,2026-07-10T15:00:00Z,5,WORSE,1.278000000000,0.528000000000,3.490000000000,4.240000000000,-2.970000000000,-3.720000000000,0.750000000000,-0.750000000000,True,25,20,AVAILABLE,AVAILABLE,2026-07-10T14:55:00Z,2026-07-10T15:00:00Z,FAVORABLE_FIRST,2026-07-10T14:55:00Z,2026-07-10T15:15:00Z,FAVORABLE_FIRST,2026-07-10T14:56:00Z,2026-07-10T15:15:00Z,FAVORABLE_FIRST,2026-07-10T14:56:00Z,2026-07-10T15:15:00Z,FAVORABLE_FIRST,2026-07-10T15:00:00Z,2026-07-10T15:15:00Z,FAVORABLE_FIRST,2026-07-10T14:56:00Z,2026-07-10T15:15:00Z,FAVORABLE_FIRST,2026-07-10T14:56:00Z,2026-07-10T15:15:00Z,FAVORABLE_FIRST,2026-07-10T15:00:00Z,2026-07-10T15:15:00Z,ADVERSE_FIRST,,2026-07-10T15:15:00Z,ADVERSE_FIRST,,2026-07-10T15:15:00Z,FAVORABLE_FIRST,2026-07-10T15:00:00Z,2026-07-10T15:01:00Z,ADVERSE_FIRST,2026-07-10T15:05:00Z,2026-07-10T15:01:00Z,ADVERSE_FIRST,,2026-07-10T15:01:00Z,ADVERSE_FIRST,,2026-07-10T15:01:00Z,FAVORABLE_FIRST,2026-07-10T15:05:00Z,2026-07-10T15:07:00Z,ADVERSE_FIRST,,2026-07-10T15:07:00Z,ADVERSE_FIRST,,2026-07-10T15:07:00Z,ADVERSE_FIRST,,2026-07-10T15:07:00Z,ADVERSE_FIRST,,2026-07-10T15:07:00Z
SPY:2026-07-10:LONG:2026-07-10T15:23:00+00:00:v1,2026-07-10,LONG,753.050000000000,753.250000000000,0.200000000000,2026-07-10T15:25:00Z,2026-07-10T15:30:00Z,5,WORSE,2.370000000000,2.170000000000,1.670000000000,1.870000000000,1.850000000000,1.650000000000,0.200000000000,-0.200000000000,True,15,10,AVAILABLE,AVAILABLE,2026-07-10T15:25:00Z,2026-07-10T15:30:00Z,FAVORABLE_FIRST,2026-07-10T15:25:00Z,2026-07-10T15:35:00Z,ADVERSE_FIRST,2026-07-10T16:16:00Z,2026-07-10T15:35:00Z,ADVERSE_FIRST,2026-07-10T16:45:00Z,2026-07-10T15:35:00Z,ADVERSE_FIRST,2026-07-10T16:50:00Z,2026-07-10T15:35:00Z,ADVERSE_FIRST,2026-07-10T16:16:00Z,2026-07-10T15:35:00Z,ADVERSE_FIRST,2026-07-10T16:45:00Z,2026-07-10T15:35:00Z,ADVERSE_FIRST,2026-07-10T16:50:00Z,2026-07-10T15:35:00Z,ADVERSE_FIRST,2026-07-10T18:10:00Z,2026-07-10T15:35:00Z,ADVERSE_FIRST,2026-07-10T19:04:00Z,2026-07-10T15:35:00Z,ADVERSE_FIRST,2026-07-10T16:16:00Z,2026-07-10T15:31:00Z,ADVERSE_FIRST,2026-07-10T16:45:00Z,2026-07-10T15:31:00Z,ADVERSE_FIRST,2026-07-10T16:50:00Z,2026-07-10T15:31:00Z,ADVERSE_FIRST,2026-07-10T17:37:00Z,2026-07-10T15:31:00Z,ADVERSE_FIRST,2026-07-10T16:45:00Z,2026-07-10T15:31:00Z,ADVERSE_FIRST,2026-07-10T16:50:00Z,2026-07-10T15:31:00Z,ADVERSE_FIRST,2026-07-10T17:37:00Z,2026-07-10T15:31:00Z,ADVERSE_FIRST,2026-07-10T19:03:00Z,2026-07-10T15:31:00Z,ADVERSE_FIRST,2026-07-10T19:50:00Z,2026-07-10T15:31:00Z
SPY:2026-07-10:LONG:2026-07-10T16:00:00+00:00:v1,2026-07-10,LONG,753.180000000000,752.970000000000,-0.210000000000,2026-07-10T16:05:00Z,2026-07-10T16:10:00Z,5,BETTER,2.240000000000,2.450000000000,0.340000000000,0.130000000000,1.720000000000,1.930000000000,-0.210000000000,0.210000000000,True,,,AVAILABLE,AVAILABLE,2026-07-10T16:05:00Z,2026-07-10T16:10:00Z,ADVERSE_FIRST,2026-07-10T16:16:00Z,2026-07-10T16:06:00Z,ADVERSE_FIRST,2026-07-10T16:16:00Z,2026-07-10T16:06:00Z,ADVERSE_FIRST,2026-07-10T16:46:00Z,2026-07-10T16:06:00Z,ADVERSE_FIRST,2026-07-10T17:36:00Z,2026-07-10T16:06:00Z,ADVERSE_FIRST,2026-07-10T16:16:00Z,2026-07-10T16:07:00Z,ADVERSE_FIRST,2026-07-10T16:46:00Z,2026-07-10T16:07:00Z,ADVERSE_FIRST,2026-07-10T17:36:00Z,2026-07-10T16:07:00Z,ADVERSE_FIRST,2026-07-10T18:25:00Z,2026-07-10T16:07:00Z,ADVERSE_FIRST,2026-07-10T19:16:00Z,2026-07-10T16:07:00Z,FAVORABLE_FIRST,2026-07-10T16:13:00Z,,FAVORABLE_FIRST,2026-07-10T16:16:00Z,,FAVORABLE_FIRST,2026-07-10T16:45:00Z,,FAVORABLE_FIRST,2026-07-10T16:50:00Z,,FAVORABLE_FIRST,2026-07-10T16:16:00Z,,FAVORABLE_FIRST,2026-07-10T16:45:00Z,,FAVORABLE_FIRST,2026-07-10T16:50:00Z,,FAVORABLE_FIRST,2026-07-10T18:10:00Z,,FAVORABLE_FIRST,2026-07-10T19:03:00Z,
SPY:2026-07-13:SHORT:2026-07-13T14:35:00+00:00:v1,2026-07-13,SHORT,752.200000000000,751.510000000000,0.690000000000,2026-07-13T14:40:00Z,2026-07-13T14:45:00Z,5,WORSE,4.200000000000,3.510000000000,0.855000000000,1.545000000000,3.100000000000,2.410000000000,0.690000000000,-0.690000000000,True,20,15,AVAILABLE,AVAILABLE,2026-07-13T14:40:00Z,2026-07-13T14:45:00Z,FAVORABLE_FIRST,2026-07-13T14:40:00Z,2026-07-13T14:49:00Z,FAVORABLE_FIRST,2026-07-13T14:40:00Z,2026-07-13T14:49:00Z,FAVORABLE_FIRST,2026-07-13T14:43:00Z,2026-07-13T14:49:00Z,FAVORABLE_FIRST,2026-07-13T14:45:00Z,2026-07-13T14:49:00Z,FAVORABLE_FIRST,2026-07-13T14:40:00Z,2026-07-13T14:59:00Z,FAVORABLE_FIRST,2026-07-13T14:43:00Z,2026-07-13T14:59:00Z,FAVORABLE_FIRST,2026-07-13T14:45:00Z,2026-07-13T14:59:00Z,ADVERSE_FIRST,2026-07-13T16:18:00Z,2026-07-13T14:59:00Z,ADVERSE_FIRST,2026-07-13T16:26:00Z,2026-07-13T14:59:00Z,FAVORABLE_FIRST,2026-07-13T14:45:00Z,2026-07-13T14:47:00Z,FAVORABLE_FIRST,2026-07-13T14:46:00Z,2026-07-13T14:47:00Z,ADVERSE_FIRST,2026-07-13T16:17:00Z,2026-07-13T14:47:00Z,ADVERSE_FIRST,2026-07-13T16:25:00Z,2026-07-13T14:47:00Z,FAVORABLE_FIRST,2026-07-13T14:46:00Z,2026-07-13T14:47:00Z,ADVERSE_FIRST,2026-07-13T16:17:00Z,2026-07-13T14:47:00Z,ADVERSE_FIRST,2026-07-13T16:25:00Z,2026-07-13T14:47:00Z,ADVERSE_FIRST,2026-07-13T16:29:00Z,2026-07-13T14:47:00Z,ADVERSE_FIRST,2026-07-13T16:35:00Z,2026-07-13T14:47:00Z
SPY:2026-07-13:SHORT:2026-07-13T15:04:00+00:00:v1,2026-07-13,SHORT,752.340000000000,752.255000000000,0.085000000000,2026-07-13T15:05:00Z,2026-07-13T15:10:00Z,5,WORSE,4.340000000000,4.255000000000,0.250000000000,0.313000000000,3.240000000000,3.155000000000,0.085000000000,-0.063000000000,True,20,15,AVAILABLE,AVAILABLE,2026-07-13T15:05:00Z,2026-07-13T15:10:00Z,ADVERSE_FIRST,2026-07-13T15:13:00Z,2026-07-13T15:06:00Z,ADVERSE_FIRST,2026-07-13T15:42:00Z,2026-07-13T15:06:00Z,ADVERSE_FIRST,2026-07-13T15:45:00Z,2026-07-13T15:06:00Z,ADVERSE_FIRST,2026-07-13T15:51:00Z,2026-07-13T15:06:00Z,FAVORABLE_FIRST,2026-07-13T15:42:00Z,,FAVORABLE_FIRST,2026-07-13T15:45:00Z,,FAVORABLE_FIRST,2026-07-13T15:51:00Z,,FAVORABLE_FIRST,2026-07-13T16:16:00Z,,FAVORABLE_FIRST,2026-07-13T16:26:00Z,,ADVERSE_FIRST,2026-07-13T15:13:00Z,2026-07-13T15:10:00Z,ADVERSE_FIRST,2026-07-13T15:44:00Z,2026-07-13T15:10:00Z,ADVERSE_FIRST,2026-07-13T15:49:00Z,2026-07-13T15:10:00Z,ADVERSE_FIRST,2026-07-13T15:51:00Z,2026-07-13T15:10:00Z,ADVERSE_FIRST,2026-07-13T15:44:00Z,2026-07-13T15:11:00Z,ADVERSE_FIRST,2026-07-13T15:49:00Z,2026-07-13T15:11:00Z,ADVERSE_FIRST,2026-07-13T15:51:00Z,2026-07-13T15:11:00Z,ADVERSE_FIRST,2026-07-13T16:17:00Z,2026-07-13T15:11:00Z,ADVERSE_FIRST,2026-07-13T16:26:00Z,2026-07-13T15:11:00Z
SPY:2026-07-13:SHORT:2026-07-13T15:25:00+00:00:v1,2026-07-13,SHORT,752.390000000000,752.160000000000,0.230000000000,2026-07-13T15:30:00Z,2026-07-13T15:35:00Z,5,WORSE,4.390000000000,4.160000000000,0.135000000000,0.130000000000,3.290000000000,3.060000000000,0.230000000000,0.005000000000,True,,,AVAILABLE,AVAILABLE,2026-07-13T15:30:00Z,2026-07-13T15:35:00Z,FAVORABLE_FIRST,2026-07-13T15:30:00Z,,FAVORABLE_FIRST,2026-07-13T15:36:00Z,,FAVORABLE_FIRST,2026-07-13T15:45:00Z,,FAVORABLE_FIRST,2026-07-13T15:51:00Z,,FAVORABLE_FIRST,2026-07-13T15:36:00Z,,FAVORABLE_FIRST,2026-07-13T15:45:00Z,,FAVORABLE_FIRST,2026-07-13T15:51:00Z,,FAVORABLE_FIRST,2026-07-13T16:16:00Z,,FAVORABLE_FIRST,2026-07-13T16:26:00Z,,FAVORABLE_FIRST,2026-07-13T15:36:00Z,,FAVORABLE_FIRST,2026-07-13T15:45:00Z,,FAVORABLE_FIRST,2026-07-13T15:51:00Z,,FAVORABLE_FIRST,2026-07-13T15:51:00Z,,FAVORABLE_FIRST,2026-07-13T15:45:00Z,,FAVORABLE_FIRST,2026-07-13T15:51:00Z,,FAVORABLE_FIRST,2026-07-13T15:51:00Z,,FAVORABLE_FIRST,2026-07-13T16:23:00Z,,FAVORABLE_FIRST,2026-07-13T16:27:00Z,
SPY:2026-07-14:LONG:2026-07-14T13:38:00+00:00:v1,2026-07-14,LONG,751.180000000000,751.305000000000,0.125000000000,2026-07-14T13:40:00Z,2026-07-14T13:45:00Z,5,WORSE,2.160000000000,2.035000000000,2.520000000000,2.645000000000,0.670000000000,0.545000000000,0.125000000000,-0.125000000000,True,10,5,AVAILABLE,AVAILABLE,2026-07-14T13:40:00Z,2026-07-14T13:45:00Z,ADVERSE_FIRST,2026-07-14T13:42:00Z,2026-07-14T13:40:00Z,ADVERSE_FIRST,2026-07-14T13:45:00Z,2026-07-14T13:40:00Z,ADVERSE_FIRST,2026-07-14T14:34:00Z,2026-07-14T13:40:00Z,ADVERSE_FIRST,2026-07-14T14:34:00Z,2026-07-14T13:40:00Z,ADVERSE_FIRST,2026-07-14T13:45:00Z,2026-07-14T13:40:00Z,ADVERSE_FIRST,2026-07-14T14:34:00Z,2026-07-14T13:40:00Z,ADVERSE_FIRST,2026-07-14T14:34:00Z,2026-07-14T13:40:00Z,ADVERSE_FIRST,2026-07-14T14:34:00Z,2026-07-14T13:40:00Z,ADVERSE_FIRST,2026-07-14T14:34:00Z,2026-07-14T13:40:00Z,FAVORABLE_FIRST,2026-07-14T13:45:00Z,2026-07-14T13:47:00Z,ADVERSE_FIRST,2026-07-14T14:34:00Z,2026-07-14T13:47:00Z,ADVERSE_FIRST,2026-07-14T14:34:00Z,2026-07-14T13:47:00Z,ADVERSE_FIRST,2026-07-14T14:34:00Z,2026-07-14T13:47:00Z,ADVERSE_FIRST,2026-07-14T14:34:00Z,2026-07-14T13:47:00Z,ADVERSE_FIRST,2026-07-14T14:34:00Z,2026-07-14T13:47:00Z,ADVERSE_FIRST,2026-07-14T14:34:00Z,2026-07-14T13:47:00Z,ADVERSE_FIRST,2026-07-14T14:34:00Z,2026-07-14T13:47:00Z,ADVERSE_FIRST,2026-07-14T14:34:00Z,2026-07-14T13:47:00Z
SPY:2026-07-14:LONG:2026-07-14T13:50:00+00:00:v1,2026-07-14,LONG,751.110000000000,751.320000000000,0.210000000000,2026-07-14T13:55:00Z,2026-07-14T14:00:00Z,5,WORSE,2.230000000000,2.020000000000,2.450000000000,2.660000000000,0.740000000000,0.530000000000,0.210000000000,-0.210000000000,True,10,5,AVAILABLE,AVAILABLE,2026-07-14T13:55:00Z,2026-07-14T14:00:00Z,ADVERSE_FIRST,2026-07-14T13:57:00Z,2026-07-14T13:55:00Z,ADVERSE_FIRST,2026-07-14T14:34:00Z,2026-07-14T13:55:00Z,ADVERSE_FIRST,2026-07-14T14:34:00Z,2026-07-14T13:55:00Z,ADVERSE_FIRST,2026-07-14T14:34:00Z,2026-07-14T13:55:00Z,ADVERSE_FIRST,2026-07-14T14:34:00Z,2026-07-14T13:55:00Z,ADVERSE_FIRST,2026-07-14T14:34:00Z,2026-07-14T13:55:00Z,ADVERSE_FIRST,2026-07-14T14:34:00Z,2026-07-14T13:55:00Z,ADVERSE_FIRST,2026-07-14T14:34:00Z,2026-07-14T13:55:00Z,ADVERSE_FIRST,2026-07-14T14:34:00Z,2026-07-14T13:55:00Z,ADVERSE_FIRST,2026-07-14T14:33:00Z,2026-07-14T14:00:00Z,ADVERSE_FIRST,2026-07-14T14:34:00Z,2026-07-14T14:00:00Z,ADVERSE_FIRST,2026-07-14T14:34:00Z,2026-07-14T14:00:00Z,ADVERSE_FIRST,2026-07-14T14:34:00Z,2026-07-14T14:00:00Z,ADVERSE_FIRST,2026-07-14T14:34:00Z,2026-07-14T14:00:00Z,ADVERSE_FIRST,2026-07-14T14:34:00Z,2026-07-14T14:00:00Z,ADVERSE_FIRST,2026-07-14T14:34:00Z,2026-07-14T14:00:00Z,ADVERSE_FIRST,2026-07-14T14:34:00Z,2026-07-14T14:00:00Z,ADVERSE_FIRST,2026-07-14T14:34:00Z,2026-07-14T14:00:00Z
SPY:2026-07-14:LONG:2026-07-14T14:32:00+00:00:v1,2026-07-14,LONG,752.040000000000,751.910000000000,-0.130000000000,2026-07-14T14:35:00Z,2026-07-14T14:40:00Z,5,BETTER,1.040000000000,1.170000000000,2.040000000000,1.910000000000,-0.190000000000,-0.060000000000,-0.130000000000,0.130000000000,True,15,10,AVAILABLE,AVAILABLE,2026-07-14T14:35:00Z,2026-07-14T14:40:00Z,ADVERSE_FIRST,2026-07-14T15:04:00Z,2026-07-14T14:35:00Z,ADVERSE_FIRST,2026-07-14T15:04:00Z,2026-07-14T14:35:00Z,ADVERSE_FIRST,2026-07-14T15:04:00Z,2026-07-14T14:35:00Z,ADVERSE_FIRST,2026-07-14T15:04:00Z,2026-07-14T14:35:00Z,ADVERSE_FIRST,2026-07-14T15:04:00Z,2026-07-14T14:35:00Z,ADVERSE_FIRST,2026-07-14T15:04:00Z,2026-07-14T14:35:00Z,ADVERSE_FIRST,2026-07-14T15:04:00Z,2026-07-14T14:35:00Z,ADVERSE_FIRST,,2026-07-14T14:35:00Z,ADVERSE_FIRST,,2026-07-14T14:35:00Z,FAVORABLE_FIRST,2026-07-14T14:40:00Z,2026-07-14T14:42:00Z,ADVERSE_FIRST,2026-07-14T15:04:00Z,2026-07-14T14:42:00Z,ADVERSE_FIRST,2026-07-14T15:04:00Z,2026-07-14T14:42:00Z,ADVERSE_FIRST,2026-07-14T15:04:00Z,2026-07-14T14:42:00Z,ADVERSE_FIRST,2026-07-14T15:04:00Z,2026-07-14T14:43:00Z,ADVERSE_FIRST,2026-07-14T15:04:00Z,2026-07-14T14:43:00Z,ADVERSE_FIRST,2026-07-14T15:04:00Z,2026-07-14T14:43:00Z,ADVERSE_FIRST,,2026-07-14T14:43:00Z,ADVERSE_FIRST,,2026-07-14T14:43:00Z
SPY:2026-07-14:LONG:2026-07-14T14:51:00+00:00:v1,2026-07-14,LONG,751.610000000000,751.710000000000,0.100000000000,2026-07-14T14:55:00Z,2026-07-14T15:00:00Z,5,WORSE,1.470000000000,1.370000000000,1.610000000000,1.710000000000,0.240000000000,0.140000000000,0.100000000000,-0.100000000000,True,60,55,AVAILABLE,AVAILABLE,2026-07-14T14:55:00Z,2026-07-14T15:00:00Z,FAVORABLE_FIRST,2026-07-14T14:57:00Z,2026-07-14T15:03:00Z,ADVERSE_FIRST,2026-07-14T15:04:00Z,2026-07-14T15:03:00Z,ADVERSE_FIRST,2026-07-14T15:04:00Z,2026-07-14T15:03:00Z,ADVERSE_FIRST,2026-07-14T15:04:00Z,2026-07-14T15:03:00Z,AMBIGUOUS_SAME_BAR,2026-07-14T15:04:00Z,2026-07-14T15:04:00Z,AMBIGUOUS_SAME_BAR,2026-07-14T15:04:00Z,2026-07-14T15:04:00Z,AMBIGUOUS_SAME_BAR,2026-07-14T15:04:00Z,2026-07-14T15:04:00Z,ADVERSE_FIRST,,2026-07-14T15:04:00Z,ADVERSE_FIRST,,2026-07-14T15:04:00Z,FAVORABLE_FIRST,2026-07-14T15:00:00Z,2026-07-14T15:02:00Z,ADVERSE_FIRST,2026-07-14T15:04:00Z,2026-07-14T15:02:00Z,ADVERSE_FIRST,2026-07-14T15:04:00Z,2026-07-14T15:02:00Z,ADVERSE_FIRST,2026-07-14T15:04:00Z,2026-07-14T15:02:00Z,ADVERSE_FIRST,2026-07-14T15:04:00Z,2026-07-14T15:02:00Z,ADVERSE_FIRST,2026-07-14T15:04:00Z,2026-07-14T15:02:00Z,ADVERSE_FIRST,2026-07-14T15:04:00Z,2026-07-14T15:02:00Z,ADVERSE_FIRST,,2026-07-14T15:02:00Z,ADVERSE_FIRST,,2026-07-14T15:02:00Z
SPY:2026-07-14:LONG:2026-07-14T16:32:00+00:00:v1,2026-07-14,LONG,751.050000000000,751.213800000000,0.163800000000,2026-07-14T16:35:00Z,2026-07-14T16:40:00Z,5,WORSE,1.720000000000,1.556200000000,0.099400000000,0.253800000000,0.800000000000,0.636200000000,0.163800000000,-0.154400000000,True,,,AVAILABLE,AVAILABLE,2026-07-14T16:35:00Z,2026-07-14T16:40:00Z,FAVORABLE_FIRST,2026-07-14T16:36:00Z,,FAVORABLE_FIRST,2026-07-14T16:41:00Z,,FAVORABLE_FIRST,2026-07-14T16:59:00Z,,FAVORABLE_FIRST,2026-07-14T17:02:00Z,,FAVORABLE_FIRST,2026-07-14T16:41:00Z,,FAVORABLE_FIRST,2026-07-14T16:59:00Z,,FAVORABLE_FIRST,2026-07-14T17:02:00Z,,FAVORABLE_FIRST,2026-07-14T17:24:00Z,,NEITHER,,,FAVORABLE_FIRST,2026-07-14T16:41:00Z,2026-07-14T16:48:00Z,FAVORABLE_FIRST,2026-07-14T16:43:00Z,2026-07-14T16:48:00Z,ADVERSE_FIRST,2026-07-14T17:00:00Z,2026-07-14T16:48:00Z,ADVERSE_FIRST,2026-07-14T17:21:00Z,2026-07-14T16:48:00Z,FAVORABLE_FIRST,2026-07-14T16:43:00Z,,FAVORABLE_FIRST,2026-07-14T17:00:00Z,,FAVORABLE_FIRST,2026-07-14T17:21:00Z,,FAVORABLE_FIRST,2026-07-14T18:15:00Z,,NEITHER,,
SPY:2026-07-15:SHORT:2026-07-15T13:45:00+00:00:v1,2026-07-15,SHORT,753.580000000000,754.060000000000,-0.480000000000,2026-07-15T13:50:00Z,2026-07-15T13:55:00Z,5,BETTER,3.380000000000,3.860000000000,1.980000000000,1.500000000000,-1.160000000000,-0.680000000000,-0.480000000000,0.480000000000,True,10,5,AVAILABLE,AVAILABLE,2026-07-15T13:50:00Z,2026-07-15T13:55:00Z,FAVORABLE_FIRST,2026-07-15T13:50:00Z,2026-07-15T13:54:00Z,ADVERSE_FIRST,2026-07-15T14:42:00Z,2026-07-15T13:54:00Z,ADVERSE_FIRST,2026-07-15T14:42:00Z,2026-07-15T13:54:00Z,ADVERSE_FIRST,2026-07-15T15:16:00Z,2026-07-15T13:54:00Z,ADVERSE_FIRST,2026-07-15T14:42:00Z,2026-07-15T13:54:00Z,ADVERSE_FIRST,2026-07-15T14:42:00Z,2026-07-15T13:54:00Z,ADVERSE_FIRST,2026-07-15T15:16:00Z,2026-07-15T13:54:00Z,ADVERSE_FIRST,2026-07-15T16:02:00Z,2026-07-15T13:54:00Z,ADVERSE_FIRST,2026-07-15T16:06:00Z,2026-07-15T13:54:00Z,ADVERSE_FIRST,2026-07-15T14:24:00Z,2026-07-15T13:55:00Z,ADVERSE_FIRST,2026-07-15T14:24:00Z,2026-07-15T13:55:00Z,ADVERSE_FIRST,2026-07-15T14:42:00Z,2026-07-15T13:55:00Z,ADVERSE_FIRST,2026-07-15T14:42:00Z,2026-07-15T13:55:00Z,ADVERSE_FIRST,2026-07-15T14:24:00Z,2026-07-15T13:55:00Z,ADVERSE_FIRST,2026-07-15T14:42:00Z,2026-07-15T13:55:00Z,ADVERSE_FIRST,2026-07-15T14:42:00Z,2026-07-15T13:55:00Z,ADVERSE_FIRST,2026-07-15T15:16:00Z,2026-07-15T13:55:00Z,ADVERSE_FIRST,2026-07-15T16:02:00Z,2026-07-15T13:55:00Z
SPY:2026-07-15:SHORT:2026-07-15T14:36:00+00:00:v1,2026-07-15,SHORT,753.670000000000,753.505000000000,0.165000000000,2026-07-15T14:40:00Z,2026-07-15T14:45:00Z,5,WORSE,3.470000000000,3.305000000000,1.250000000000,1.415000000000,-1.070000000000,-1.235000000000,0.165000000000,-0.165000000000,True,195,190,AVAILABLE,AVAILABLE,2026-07-15T14:40:00Z,2026-07-15T14:45:00Z,ADVERSE_FIRST,2026-07-15T14:42:00Z,2026-07-15T14:40:00Z,ADVERSE_FIRST,2026-07-15T14:42:00Z,2026-07-15T14:40:00Z,ADVERSE_FIRST,2026-07-15T14:42:00Z,2026-07-15T14:40:00Z,ADVERSE_FIRST,2026-07-15T15:15:00Z,2026-07-15T14:40:00Z,ADVERSE_FIRST,2026-07-15T14:42:00Z,2026-07-15T14:40:00Z,ADVERSE_FIRST,2026-07-15T14:42:00Z,2026-07-15T14:40:00Z,ADVERSE_FIRST,2026-07-15T15:15:00Z,2026-07-15T14:40:00Z,ADVERSE_FIRST,2026-07-15T16:01:00Z,2026-07-15T14:40:00Z,ADVERSE_FIRST,2026-07-15T16:06:00Z,2026-07-15T14:40:00Z,FAVORABLE_FIRST,2026-07-15T14:45:00Z,2026-07-15T14:49:00Z,FAVORABLE_FIRST,2026-07-15T14:45:00Z,2026-07-15T14:49:00Z,ADVERSE_FIRST,2026-07-15T14:54:00Z,2026-07-15T14:49:00Z,ADVERSE_FIRST,2026-07-15T15:17:00Z,2026-07-15T14:49:00Z,FAVORABLE_FIRST,2026-07-15T14:45:00Z,2026-07-15T14:49:00Z,ADVERSE_FIRST,2026-07-15T14:54:00Z,2026-07-15T14:49:00Z,ADVERSE_FIRST,2026-07-15T15:17:00Z,2026-07-15T14:49:00Z,ADVERSE_FIRST,2026-07-15T16:03:00Z,2026-07-15T14:49:00Z,ADVERSE_FIRST,2026-07-15T16:06:00Z,2026-07-15T14:49:00Z
SPY:2026-07-15:SHORT:2026-07-15T18:44:00+00:00:v1,2026-07-15,SHORT,754.030000000000,753.650000000000,0.380000000000,2026-07-15T18:45:00Z,2026-07-15T18:50:00Z,5,WORSE,0.980000000000,0.600000000000,0.770000000000,1.150000000000,-0.710000000000,-1.090000000000,0.380000000000,-0.380000000000,True,75,70,AVAILABLE,AVAILABLE,2026-07-15T18:45:00Z,2026-07-15T18:50:00Z,FAVORABLE_FIRST,2026-07-15T18:46:00Z,2026-07-15T19:55:00Z,FAVORABLE_FIRST,2026-07-15T18:46:00Z,2026-07-15T19:55:00Z,FAVORABLE_FIRST,2026-07-15T18:51:00Z,2026-07-15T19:55:00Z,ADVERSE_FIRST,,2026-07-15T19:55:00Z,FAVORABLE_FIRST,2026-07-15T18:46:00Z,2026-07-15T19:55:00Z,FAVORABLE_FIRST,2026-07-15T18:51:00Z,2026-07-15T19:55:00Z,ADVERSE_FIRST,,2026-07-15T19:55:00Z,ADVERSE_FIRST,,2026-07-15T19:55:00Z,ADVERSE_FIRST,,2026-07-15T19:55:00Z,FAVORABLE_FIRST,2026-07-15T18:51:00Z,2026-07-15T19:12:00Z,FAVORABLE_FIRST,2026-07-15T18:58:00Z,2026-07-15T19:12:00Z,ADVERSE_FIRST,,2026-07-15T19:12:00Z,ADVERSE_FIRST,,2026-07-15T19:12:00Z,FAVORABLE_FIRST,2026-07-15T18:58:00Z,2026-07-15T19:40:00Z,ADVERSE_FIRST,,2026-07-15T19:40:00Z,ADVERSE_FIRST,,2026-07-15T19:40:00Z,ADVERSE_FIRST,,2026-07-15T19:40:00Z,ADVERSE_FIRST,,2026-07-15T19:40:00Z
SPY:2026-07-16:SHORT:2026-07-16T13:35:00+00:00:v1,2026-07-16,SHORT,751.720000000000,751.300000000000,0.420000000000,2026-07-16T13:40:00Z,2026-07-16T13:45:00Z,5,WORSE,3.840000000000,3.420000000000,2.850000000000,3.270000000000,0.960000000000,0.540000000000,0.420000000000,-0.420000000000,True,25,20,AVAILABLE,AVAILABLE,2026-07-16T13:40:00Z,2026-07-16T13:45:00Z,ADVERSE_FIRST,2026-07-16T13:41:00Z,2026-07-16T13:40:00Z,ADVERSE_FIRST,2026-07-16T13:42:00Z,2026-07-16T13:40:00Z,ADVERSE_FIRST,2026-07-16T13:48:00Z,2026-07-16T13:40:00Z,ADVERSE_FIRST,2026-07-16T13:48:00Z,2026-07-16T13:40:00Z,ADVERSE_FIRST,2026-07-16T13:42:00Z,2026-07-16T13:40:00Z,ADVERSE_FIRST,2026-07-16T13:48:00Z,2026-07-16T13:40:00Z,ADVERSE_FIRST,2026-07-16T13:48:00Z,2026-07-16T13:40:00Z,ADVERSE_FIRST,2026-07-16T18:40:00Z,2026-07-16T13:40:00Z,ADVERSE_FIRST,2026-07-16T19:10:00Z,2026-07-16T13:40:00Z,ADVERSE_FIRST,2026-07-16T13:48:00Z,2026-07-16T13:45:00Z,ADVERSE_FIRST,2026-07-16T13:48:00Z,2026-07-16T13:45:00Z,ADVERSE_FIRST,2026-07-16T18:07:00Z,2026-07-16T13:45:00Z,ADVERSE_FIRST,2026-07-16T18:40:00Z,2026-07-16T13:45:00Z,ADVERSE_FIRST,2026-07-16T13:48:00Z,2026-07-16T13:45:00Z,ADVERSE_FIRST,2026-07-16T18:07:00Z,2026-07-16T13:45:00Z,ADVERSE_FIRST,2026-07-16T18:40:00Z,2026-07-16T13:45:00Z,ADVERSE_FIRST,2026-07-16T19:09:00Z,2026-07-16T13:45:00Z,ADVERSE_FIRST,2026-07-16T19:25:00Z,2026-07-16T13:45:00Z
SPY:2026-07-16:LONG:2026-07-16T14:16:00+00:00:v1,2026-07-16,LONG,753.870000000000,753.640000000000,-0.230000000000,2026-07-16T14:20:00Z,2026-07-16T14:25:00Z,5,BETTER,0.700000000000,0.930000000000,5.990000000000,5.760000000000,-3.110000000000,-2.880000000000,-0.230000000000,0.230000000000,True,55,50,AVAILABLE,AVAILABLE,2026-07-16T14:20:00Z,2026-07-16T14:25:00Z,ADVERSE_FIRST,2026-07-16T14:27:00Z,2026-07-16T14:20:00Z,ADVERSE_FIRST,2026-07-16T14:29:00Z,2026-07-16T14:20:00Z,ADVERSE_FIRST,,2026-07-16T14:20:00Z,ADVERSE_FIRST,,2026-07-16T14:20:00Z,ADVERSE_FIRST,2026-07-16T14:29:00Z,2026-07-16T14:20:00Z,ADVERSE_FIRST,,2026-07-16T14:20:00Z,ADVERSE_FIRST,,2026-07-16T14:20:00Z,ADVERSE_FIRST,,2026-07-16T14:20:00Z,ADVERSE_FIRST,,2026-07-16T14:20:00Z,ADVERSE_FIRST,2026-07-16T14:27:00Z,2026-07-16T14:25:00Z,ADVERSE_FIRST,2026-07-16T14:27:00Z,2026-07-16T14:25:00Z,ADVERSE_FIRST,2026-07-16T14:32:00Z,2026-07-16T14:25:00Z,ADVERSE_FIRST,,2026-07-16T14:25:00Z,ADVERSE_FIRST,2026-07-16T14:27:00Z,2026-07-16T14:25:00Z,ADVERSE_FIRST,2026-07-16T14:32:00Z,2026-07-16T14:25:00Z,ADVERSE_FIRST,,2026-07-16T14:25:00Z,ADVERSE_FIRST,,2026-07-16T14:25:00Z,ADVERSE_FIRST,,2026-07-16T14:25:00Z
SPY:2026-07-16:LONG:2026-07-16T15:15:00+00:00:v1,2026-07-16,LONG,753.620000000000,753.620000000000,0E-12,2026-07-16T15:20:00Z,2026-07-16T15:25:00Z,5,UNCHANGED_WITHIN_ONE_CENT,0.820000000000,0.820000000000,5.740000000000,5.740000000000,-2.860000000000,-2.860000000000,0E-12,0E-12,True,45,40,AVAILABLE,AVAILABLE,2026-07-16T15:20:00Z,2026-07-16T15:25:00Z,ADVERSE_FIRST,2026-07-16T15:25:00Z,2026-07-16T15:20:00Z,ADVERSE_FIRST,2026-07-16T15:25:00Z,2026-07-16T15:20:00Z,ADVERSE_FIRST,2026-07-16T15:26:00Z,2026-07-16T15:20:00Z,ADVERSE_FIRST,,2026-07-16T15:20:00Z,ADVERSE_FIRST,2026-07-16T15:25:00Z,2026-07-16T15:21:00Z,ADVERSE_FIRST,2026-07-16T15:26:00Z,2026-07-16T15:21:00Z,ADVERSE_FIRST,,2026-07-16T15:21:00Z,ADVERSE_FIRST,,2026-07-16T15:21:00Z,ADVERSE_FIRST,,2026-07-16T15:21:00Z,FAVORABLE_FIRST,2026-07-16T15:25:00Z,2026-07-16T15:30:00Z,FAVORABLE_FIRST,2026-07-16T15:25:00Z,2026-07-16T15:30:00Z,FAVORABLE_FIRST,2026-07-16T15:26:00Z,2026-07-16T15:30:00Z,ADVERSE_FIRST,,2026-07-16T15:30:00Z,FAVORABLE_FIRST,2026-07-16T15:25:00Z,2026-07-16T15:30:00Z,FAVORABLE_FIRST,2026-07-16T15:26:00Z,2026-07-16T15:30:00Z,ADVERSE_FIRST,,2026-07-16T15:30:00Z,ADVERSE_FIRST,,2026-07-16T15:30:00Z,ADVERSE_FIRST,,2026-07-16T15:30:00Z
SPY:2026-07-16:SHORT:2026-07-16T16:20:00+00:00:v1,2026-07-16,SHORT,751.630000000000,751.940000000000,-0.310000000000,2026-07-16T16:25:00Z,2026-07-16T16:30:00Z,5,BETTER,3.750000000000,4.060000000000,1.340000000000,1.030000000000,0.870000000000,1.180000000000,-0.310000000000,0.310000000000,True,10,5,AVAILABLE,AVAILABLE,2026-07-16T16:25:00Z,2026-07-16T16:30:00Z,ADVERSE_FIRST,2026-07-16T17:40:00Z,2026-07-16T16:26:00Z,ADVERSE_FIRST,2026-07-16T17:43:00Z,2026-07-16T16:26:00Z,ADVERSE_FIRST,2026-07-16T18:05:00Z,2026-07-16T16:26:00Z,ADVERSE_FIRST,2026-07-16T18:07:00Z,2026-07-16T16:26:00Z,ADVERSE_FIRST,2026-07-16T17:43:00Z,2026-07-16T16:27:00Z,ADVERSE_FIRST,2026-07-16T18:05:00Z,2026-07-16T16:27:00Z,ADVERSE_FIRST,2026-07-16T18:07:00Z,2026-07-16T16:27:00Z,ADVERSE_FIRST,2026-07-16T18:40:00Z,2026-07-16T16:27:00Z,ADVERSE_FIRST,2026-07-16T19:10:00Z,2026-07-16T16:27:00Z,ADVERSE_FIRST,2026-07-16T16:46:00Z,2026-07-16T16:31:00Z,ADVERSE_FIRST,2026-07-16T17:40:00Z,2026-07-16T16:31:00Z,ADVERSE_FIRST,2026-07-16T17:41:00Z,2026-07-16T16:31:00Z,ADVERSE_FIRST,2026-07-16T18:04:00Z,2026-07-16T16:31:00Z,ADVERSE_FIRST,2026-07-16T17:40:00Z,2026-07-16T16:31:00Z,ADVERSE_FIRST,2026-07-16T17:41:00Z,2026-07-16T16:31:00Z,ADVERSE_FIRST,2026-07-16T18:04:00Z,2026-07-16T16:31:00Z,ADVERSE_FIRST,2026-07-16T18:36:00Z,2026-07-16T16:31:00Z,ADVERSE_FIRST,2026-07-16T18:40:00Z,2026-07-16T16:31:00Z
SPY:2026-07-16:SHORT:2026-07-16T16:35:00+00:00:v1,2026-07-16,SHORT,751.900000000000,751.970000000000,-0.070000000000,2026-07-16T16:40:00Z,2026-07-16T16:45:00Z,5,BETTER,4.020000000000,4.090000000000,1.070000000000,1.000000000000,1.140000000000,1.210000000000,-0.070000000000,0.070000000000,True,15,10,AVAILABLE,AVAILABLE,2026-07-16T16:40:00Z,2026-07-16T16:45:00Z,ADVERSE_FIRST,2026-07-16T16:46:00Z,2026-07-16T16:41:00Z,ADVERSE_FIRST,2026-07-16T17:40:00Z,2026-07-16T16:41:00Z,ADVERSE_FIRST,2026-07-16T17:43:00Z,2026-07-16T16:41:00Z,ADVERSE_FIRST,2026-07-16T18:04:00Z,2026-07-16T16:41:00Z,ADVERSE_FIRST,2026-07-16T17:40:00Z,2026-07-16T16:41:00Z,ADVERSE_FIRST,2026-07-16T17:43:00Z,2026-07-16T16:41:00Z,ADVERSE_FIRST,2026-07-16T18:04:00Z,2026-07-16T16:41:00Z,ADVERSE_FIRST,2026-07-16T18:36:00Z,2026-07-16T16:41:00Z,ADVERSE_FIRST,2026-07-16T19:08:00Z,2026-07-16T16:41:00Z,FAVORABLE_FIRST,2026-07-16T16:46:00Z,2026-07-16T16:50:00Z,ADVERSE_FIRST,2026-07-16T17:40:00Z,2026-07-16T16:50:00Z,ADVERSE_FIRST,2026-07-16T17:41:00Z,2026-07-16T16:50:00Z,ADVERSE_FIRST,2026-07-16T18:04:00Z,2026-07-16T16:50:00Z,ADVERSE_FIRST,2026-07-16T17:40:00Z,2026-07-16T16:50:00Z,ADVERSE_FIRST,2026-07-16T17:41:00Z,2026-07-16T16:50:00Z,ADVERSE_FIRST,2026-07-16T18:04:00Z,2026-07-16T16:50:00Z,ADVERSE_FIRST,2026-07-16T18:08:00Z,2026-07-16T16:50:00Z,ADVERSE_FIRST,2026-07-16T18:40:00Z,2026-07-16T16:50:00Z
SPY:2026-07-16:SHORT:2026-07-16T17:35:00+00:00:v1,2026-07-16,SHORT,751.640000000000,751.430000000000,0.210000000000,2026-07-16T17:40:00Z,2026-07-16T17:45:00Z,5,WORSE,3.760000000000,3.550000000000,0.250000000000,0.460000000000,0.880000000000,0.670000000000,0.210000000000,-0.210000000000,True,,,AVAILABLE,AVAILABLE,2026-07-16T17:40:00Z,2026-07-16T17:45:00Z,FAVORABLE_FIRST,2026-07-16T17:40:00Z,2026-07-16T17:49:00Z,FAVORABLE_FIRST,2026-07-16T17:43:00Z,2026-07-16T17:49:00Z,ADVERSE_FIRST,2026-07-16T18:04:00Z,2026-07-16T17:49:00Z,ADVERSE_FIRST,2026-07-16T18:07:00Z,2026-07-16T17:49:00Z,FAVORABLE_FIRST,2026-07-16T17:43:00Z,,FAVORABLE_FIRST,2026-07-16T18:04:00Z,,FAVORABLE_FIRST,2026-07-16T18:07:00Z,,FAVORABLE_FIRST,2026-07-16T18:40:00Z,,FAVORABLE_FIRST,2026-07-16T19:10:00Z,,FAVORABLE_FIRST,2026-07-16T17:45:00Z,2026-07-16T17:47:00Z,ADVERSE_FIRST,2026-07-16T18:04:00Z,2026-07-16T17:47:00Z,ADVERSE_FIRST,2026-07-16T18:07:00Z,2026-07-16T17:47:00Z,ADVERSE_FIRST,2026-07-16T18:36:00Z,2026-07-16T17:47:00Z,ADVERSE_FIRST,2026-07-16T18:04:00Z,2026-07-16T17:48:00Z,ADVERSE_FIRST,2026-07-16T18:07:00Z,2026-07-16T17:48:00Z,ADVERSE_FIRST,2026-07-16T18:36:00Z,2026-07-16T17:48:00Z,ADVERSE_FIRST,2026-07-16T18:40:00Z,2026-07-16T17:48:00Z,ADVERSE_FIRST,2026-07-16T19:18:00Z,2026-07-16T17:48:00Z
SPY:2026-07-17:LONG:2026-07-17T13:47:00+00:00:v1,2026-07-17,LONG,743.010000000000,743.880000000000,0.870000000000,2026-07-17T13:50:00Z,2026-07-17T13:55:00Z,5,WORSE,4.280000000000,3.410000000000,0.880000000000,1.750000000000,0.220000000000,-0.650000000000,0.870000000000,-0.870000000000,True,335,330,AVAILABLE,AVAILABLE,2026-07-17T13:50:00Z,2026-07-17T13:55:00Z,FAVORABLE_FIRST,2026-07-17T13:50:00Z,2026-07-17T19:14:00Z,FAVORABLE_FIRST,2026-07-17T13:52:00Z,2026-07-17T19:14:00Z,FAVORABLE_FIRST,2026-07-17T13:53:00Z,2026-07-17T19:14:00Z,FAVORABLE_FIRST,2026-07-17T13:53:00Z,2026-07-17T19:14:00Z,FAVORABLE_FIRST,2026-07-17T13:52:00Z,2026-07-17T19:15:00Z,FAVORABLE_FIRST,2026-07-17T13:53:00Z,2026-07-17T19:15:00Z,FAVORABLE_FIRST,2026-07-17T13:53:00Z,2026-07-17T19:15:00Z,FAVORABLE_FIRST,2026-07-17T13:58:00Z,2026-07-17T19:15:00Z,FAVORABLE_FIRST,2026-07-17T14:00:00Z,2026-07-17T19:15:00Z,AMBIGUOUS_SAME_BAR,2026-07-17T13:55:00Z,2026-07-17T13:55:00Z,ADVERSE_FIRST,2026-07-17T13:57:00Z,2026-07-17T13:55:00Z,ADVERSE_FIRST,2026-07-17T13:58:00Z,2026-07-17T13:55:00Z,ADVERSE_FIRST,2026-07-17T14:00:00Z,2026-07-17T13:55:00Z,FAVORABLE_FIRST,2026-07-17T13:57:00Z,2026-07-17T18:20:00Z,FAVORABLE_FIRST,2026-07-17T13:58:00Z,2026-07-17T18:20:00Z,FAVORABLE_FIRST,2026-07-17T14:00:00Z,2026-07-17T18:20:00Z,FAVORABLE_FIRST,2026-07-17T14:00:00Z,2026-07-17T18:20:00Z,FAVORABLE_FIRST,2026-07-17T14:05:00Z,2026-07-17T18:20:00Z
SPY:2026-07-17:LONG:2026-07-17T19:27:00+00:00:v1,2026-07-17,LONG,743.170000000000,743.030000000000,-0.140000000000,2026-07-17T19:30:00Z,2026-07-17T19:35:00Z,5,BETTER,1.230000000000,1.370000000000,0.570000000000,0.430000000000,0.060000000000,0.200000000000,-0.140000000000,0.140000000000,True,,,AVAILABLE,AVAILABLE,2026-07-17T19:30:00Z,2026-07-17T19:35:00Z,AMBIGUOUS_SAME_BAR,2026-07-17T19:30:00Z,2026-07-17T19:30:00Z,ADVERSE_FIRST,2026-07-17T19:45:00Z,2026-07-17T19:30:00Z,ADVERSE_FIRST,2026-07-17T19:45:00Z,2026-07-17T19:30:00Z,ADVERSE_FIRST,2026-07-17T19:50:00Z,2026-07-17T19:30:00Z,ADVERSE_FIRST,2026-07-17T19:45:00Z,2026-07-17T19:31:00Z,ADVERSE_FIRST,2026-07-17T19:45:00Z,2026-07-17T19:31:00Z,ADVERSE_FIRST,2026-07-17T19:50:00Z,2026-07-17T19:31:00Z,ADVERSE_FIRST,,2026-07-17T19:31:00Z,ADVERSE_FIRST,,2026-07-17T19:31:00Z,FAVORABLE_FIRST,2026-07-17T19:37:00Z,2026-07-17T19:39:00Z,FAVORABLE_FIRST,2026-07-17T19:37:00Z,2026-07-17T19:39:00Z,ADVERSE_FIRST,2026-07-17T19:45:00Z,2026-07-17T19:39:00Z,ADVERSE_FIRST,2026-07-17T19:48:00Z,2026-07-17T19:39:00Z,FAVORABLE_FIRST,2026-07-17T19:37:00Z,2026-07-17T19:39:00Z,ADVERSE_FIRST,2026-07-17T19:45:00Z,2026-07-17T19:39:00Z,ADVERSE_FIRST,2026-07-17T19:48:00Z,2026-07-17T19:39:00Z,ADVERSE_FIRST,,2026-07-17T19:39:00Z,ADVERSE_FIRST,,2026-07-17T19:39:00Z
SPY:2026-07-20:LONG:2026-07-20T13:35:00+00:00:v1,2026-07-20,LONG,748.170000000000,748.570000000000,0.400000000000,2026-07-20T13:40:00Z,2026-07-20T13:45:00Z,5,WORSE,0.560000000000,0.160000000000,6.659700000000,7.059700000000,-6.070000000000,-6.470000000000,0.400000000000,-0.400000000000,True,10,5,AVAILABLE,AVAILABLE,2026-07-20T13:40:00Z,2026-07-20T13:45:00Z,FAVORABLE_FIRST,2026-07-20T13:43:00Z,2026-07-20T13:46:00Z,FAVORABLE_FIRST,2026-07-20T13:45:00Z,2026-07-20T13:46:00Z,ADVERSE_FIRST,,2026-07-20T13:46:00Z,ADVERSE_FIRST,,2026-07-20T13:46:00Z,FAVORABLE_FIRST,2026-07-20T13:45:00Z,2026-07-20T13:47:00Z,ADVERSE_FIRST,,2026-07-20T13:47:00Z,ADVERSE_FIRST,,2026-07-20T13:47:00Z,ADVERSE_FIRST,,2026-07-20T13:47:00Z,ADVERSE_FIRST,,2026-07-20T13:47:00Z,ADVERSE_FIRST,,2026-07-20T13:45:00Z,ADVERSE_FIRST,,2026-07-20T13:45:00Z,ADVERSE_FIRST,,2026-07-20T13:45:00Z,ADVERSE_FIRST,,2026-07-20T13:45:00Z,ADVERSE_FIRST,,2026-07-20T13:45:00Z,ADVERSE_FIRST,,2026-07-20T13:45:00Z,ADVERSE_FIRST,,2026-07-20T13:45:00Z,ADVERSE_FIRST,,2026-07-20T13:45:00Z,ADVERSE_FIRST,,2026-07-20T13:45:00Z
SPY:2026-07-20:SHORT:2026-07-20T13:52:00+00:00:v1,2026-07-20,SHORT,746.450000000000,745.680000000000,0.770000000000,2026-07-20T13:55:00Z,2026-07-20T14:00:00Z,5,WORSE,4.939700000000,4.169700000000,0.555000000000,1.325000000000,4.350000000000,3.580000000000,0.770000000000,-0.770000000000,True,135,130,AVAILABLE,AVAILABLE,2026-07-20T13:55:00Z,2026-07-20T14:00:00Z,FAVORABLE_FIRST,2026-07-20T13:55:00Z,2026-07-20T16:08:00Z,FAVORABLE_FIRST,2026-07-20T13:56:00Z,2026-07-20T16:08:00Z,FAVORABLE_FIRST,2026-07-20T13:58:00Z,2026-07-20T16:08:00Z,FAVORABLE_FIRST,2026-07-20T14:01:00Z,2026-07-20T16:08:00Z,FAVORABLE_FIRST,2026-07-20T13:56:00Z,2026-07-20T16:08:00Z,FAVORABLE_FIRST,2026-07-20T13:58:00Z,2026-07-20T16:08:00Z,FAVORABLE_FIRST,2026-07-20T14:01:00Z,2026-07-20T16:08:00Z,FAVORABLE_FIRST,2026-07-20T14:11:00Z,2026-07-20T16:08:00Z,FAVORABLE_FIRST,2026-07-20T14:20:00Z,2026-07-20T16:08:00Z,ADVERSE_FIRST,2026-07-20T14:01:00Z,2026-07-20T14:00:00Z,ADVERSE_FIRST,2026-07-20T14:10:00Z,2026-07-20T14:00:00Z,ADVERSE_FIRST,2026-07-20T14:11:00Z,2026-07-20T14:00:00Z,ADVERSE_FIRST,2026-07-20T14:19:00Z,2026-07-20T14:00:00Z,ADVERSE_FIRST,2026-07-20T14:10:00Z,2026-07-20T14:00:00Z,ADVERSE_FIRST,2026-07-20T14:11:00Z,2026-07-20T14:00:00Z,ADVERSE_FIRST,2026-07-20T14:19:00Z,2026-07-20T14:00:00Z,ADVERSE_FIRST,2026-07-20T14:53:00Z,2026-07-20T14:00:00Z,ADVERSE_FIRST,2026-07-20T17:15:00Z,2026-07-20T14:00:00Z
SPY:2026-07-20:SHORT:2026-07-20T16:10:00+00:00:v1,2026-07-20,SHORT,746.830000000000,746.700000000000,0.130000000000,2026-07-20T16:15:00Z,2026-07-20T16:20:00Z,5,WORSE,5.319700000000,5.189700000000,0.050000000000,0.180000000000,4.730000000000,4.600000000000,0.130000000000,-0.130000000000,True,,,AVAILABLE,AVAILABLE,2026-07-20T16:15:00Z,2026-07-20T16:20:00Z,FAVORABLE_FIRST,2026-07-20T16:15:00Z,,FAVORABLE_FIRST,2026-07-20T16:16:00Z,,FAVORABLE_FIRST,2026-07-20T16:33:00Z,,FAVORABLE_FIRST,2026-07-20T16:34:00Z,,FAVORABLE_FIRST,2026-07-20T16:16:00Z,,FAVORABLE_FIRST,2026-07-20T16:33:00Z,,FAVORABLE_FIRST,2026-07-20T16:34:00Z,,FAVORABLE_FIRST,2026-07-20T16:41:00Z,,FAVORABLE_FIRST,2026-07-20T16:41:00Z,,FAVORABLE_FIRST,2026-07-20T16:25:00Z,,FAVORABLE_FIRST,2026-07-20T16:26:00Z,,FAVORABLE_FIRST,2026-07-20T16:33:00Z,,FAVORABLE_FIRST,2026-07-20T16:41:00Z,,FAVORABLE_FIRST,2026-07-20T16:26:00Z,,FAVORABLE_FIRST,2026-07-20T16:33:00Z,,FAVORABLE_FIRST,2026-07-20T16:41:00Z,,FAVORABLE_FIRST,2026-07-20T16:41:00Z,,FAVORABLE_FIRST,2026-07-20T16:41:00Z,
SPY:2026-07-21:SHORT:2026-07-21T13:40:00+00:00:v1,2026-07-21,SHORT,744.520000000000,744.970000000000,-0.450000000000,2026-07-21T13:45:00Z,2026-07-21T13:50:00Z,5,BETTER,0.340000000000,0.710000000000,4.520000000000,4.070000000000,-3.795000000000,-3.345000000000,-0.370000000000,0.450000000000,True,15,10,AVAILABLE,AVAILABLE,2026-07-21T13:45:00Z,2026-07-21T13:50:00Z,ADVERSE_FIRST,2026-07-21T13:47:00Z,2026-07-21T13:46:00Z,ADVERSE_FIRST,,2026-07-21T13:46:00Z,ADVERSE_FIRST,,2026-07-21T13:46:00Z,ADVERSE_FIRST,,2026-07-21T13:46:00Z,ADVERSE_FIRST,,2026-07-21T13:48:00Z,ADVERSE_FIRST,,2026-07-21T13:48:00Z,ADVERSE_FIRST,,2026-07-21T13:48:00Z,ADVERSE_FIRST,,2026-07-21T13:48:00Z,ADVERSE_FIRST,,2026-07-21T13:48:00Z,ADVERSE_FIRST,2026-07-21T13:51:00Z,2026-07-21T13:50:00Z,ADVERSE_FIRST,2026-07-21T13:51:00Z,2026-07-21T13:50:00Z,ADVERSE_FIRST,,2026-07-21T13:50:00Z,ADVERSE_FIRST,,2026-07-21T13:50:00Z,ADVERSE_FIRST,2026-07-21T13:51:00Z,2026-07-21T13:50:00Z,ADVERSE_FIRST,,2026-07-21T13:50:00Z,ADVERSE_FIRST,,2026-07-21T13:50:00Z,ADVERSE_FIRST,,2026-07-21T13:50:00Z,ADVERSE_FIRST,,2026-07-21T13:50:00Z
SPY:2026-07-21:LONG:2026-07-21T14:27:00+00:00:v1,2026-07-21,LONG,746.850000000000,746.795000000000,-0.055000000000,2026-07-21T14:30:00Z,2026-07-21T14:35:00Z,5,BETTER,2.190000000000,2.245000000000,1.080000000000,1.025000000000,1.465000000000,1.520000000000,-0.055000000000,0.055000000000,True,10,5,AVAILABLE,AVAILABLE,2026-07-21T14:30:00Z,2026-07-21T14:35:00Z,FAVORABLE_FIRST,2026-07-21T14:31:00Z,2026-07-21T14:34:00Z,ADVERSE_FIRST,2026-07-21T15:12:00Z,2026-07-21T14:34:00Z,ADVERSE_FIRST,2026-07-21T15:21:00Z,2026-07-21T14:34:00Z,ADVERSE_FIRST,2026-07-21T15:21:00Z,2026-07-21T14:34:00Z,ADVERSE_FIRST,2026-07-21T15:12:00Z,2026-07-21T14:36:00Z,ADVERSE_FIRST,2026-07-21T15:21:00Z,2026-07-21T14:36:00Z,ADVERSE_FIRST,2026-07-21T15:21:00Z,2026-07-21T14:36:00Z,ADVERSE_FIRST,2026-07-21T16:15:00Z,2026-07-21T14:36:00Z,ADVERSE_FIRST,2026-07-21T16:52:00Z,2026-07-21T14:36:00Z,ADVERSE_FIRST,2026-07-21T14:48:00Z,2026-07-21T14:36:00Z,ADVERSE_FIRST,2026-07-21T15:12:00Z,2026-07-21T14:36:00Z,ADVERSE_FIRST,2026-07-21T15:19:00Z,2026-07-21T14:36:00Z,ADVERSE_FIRST,2026-07-21T15:21:00Z,2026-07-21T14:36:00Z,ADVERSE_FIRST,2026-07-21T15:12:00Z,2026-07-21T14:36:00Z,ADVERSE_FIRST,2026-07-21T15:19:00Z,2026-07-21T14:36:00Z,ADVERSE_FIRST,2026-07-21T15:21:00Z,2026-07-21T14:36:00Z,ADVERSE_FIRST,2026-07-21T16:08:00Z,2026-07-21T14:36:00Z,ADVERSE_FIRST,2026-07-21T16:51:00Z,2026-07-21T14:36:00Z
SPY:2026-07-21:LONG:2026-07-21T15:07:00+00:00:v1,2026-07-21,LONG,746.980000000000,747.210000000000,0.230000000000,2026-07-21T15:10:00Z,2026-07-21T15:15:00Z,5,WORSE,2.060000000000,1.830000000000,0.040000000000,0.051200000000,1.335000000000,1.105000000000,0.230000000000,-0.011200000000,True,,,AVAILABLE,AVAILABLE,2026-07-21T15:10:00Z,2026-07-21T15:15:00Z,FAVORABLE_FIRST,2026-07-21T15:12:00Z,,FAVORABLE_FIRST,2026-07-21T15:13:00Z,,FAVORABLE_FIRST,2026-07-21T15:21:00Z,,FAVORABLE_FIRST,2026-07-21T15:21:00Z,,FAVORABLE_FIRST,2026-07-21T15:13:00Z,,FAVORABLE_FIRST,2026-07-21T15:21:00Z,,FAVORABLE_FIRST,2026-07-21T15:21:00Z,,FAVORABLE_FIRST,2026-07-21T16:15:00Z,,FAVORABLE_FIRST,2026-07-21T16:54:00Z,,FAVORABLE_FIRST,2026-07-21T15:18:00Z,,FAVORABLE_FIRST,2026-07-21T15:21:00Z,,FAVORABLE_FIRST,2026-07-21T15:21:00Z,,FAVORABLE_FIRST,2026-07-21T16:04:00Z,,FAVORABLE_FIRST,2026-07-21T15:21:00Z,,FAVORABLE_FIRST,2026-07-21T15:21:00Z,,FAVORABLE_FIRST,2026-07-21T16:04:00Z,,FAVORABLE_FIRST,2026-07-21T16:23:00Z,,NEITHER,,
SPY:2026-07-22:LONG:2026-07-22T13:45:00+00:00:v1,2026-07-22,LONG,747.740000000000,748.130000000000,0.390000000000,2026-07-22T13:50:00Z,2026-07-22T13:55:00Z,5,WORSE,2.280000000000,1.890000000000,1.060000000000,1.450000000000,-0.350000000000,-0.740000000000,0.390000000000,-0.390000000000,True,40,35,AVAILABLE,AVAILABLE,2026-07-22T13:50:00Z,2026-07-22T13:55:00Z,ADVERSE_FIRST,2026-07-22T13:52:00Z,2026-07-22T13:50:00Z,ADVERSE_FIRST,2026-07-22T13:56:00Z,2026-07-22T13:50:00Z,ADVERSE_FIRST,2026-07-22T13:57:00Z,2026-07-22T13:50:00Z,ADVERSE_FIRST,2026-07-22T13:59:00Z,2026-07-22T13:50:00Z,ADVERSE_FIRST,2026-07-22T13:56:00Z,2026-07-22T13:51:00Z,ADVERSE_FIRST,2026-07-22T13:57:00Z,2026-07-22T13:51:00Z,ADVERSE_FIRST,2026-07-22T13:59:00Z,2026-07-22T13:51:00Z,ADVERSE_FIRST,2026-07-22T14:05:00Z,2026-07-22T13:51:00Z,ADVERSE_FIRST,2026-07-22T15:59:00Z,2026-07-22T13:51:00Z,FAVORABLE_FIRST,2026-07-22T13:56:00Z,2026-07-22T14:16:00Z,FAVORABLE_FIRST,2026-07-22T13:57:00Z,2026-07-22T14:16:00Z,FAVORABLE_FIRST,2026-07-22T14:00:00Z,2026-07-22T14:16:00Z,FAVORABLE_FIRST,2026-07-22T14:05:00Z,2026-07-22T14:16:00Z,FAVORABLE_FIRST,2026-07-22T13:57:00Z,2026-07-22T14:17:00Z,FAVORABLE_FIRST,2026-07-22T14:00:00Z,2026-07-22T14:17:00Z,FAVORABLE_FIRST,2026-07-22T14:05:00Z,2026-07-22T14:17:00Z,ADVERSE_FIRST,2026-07-22T15:27:00Z,2026-07-22T14:17:00Z,ADVERSE_FIRST,,2026-07-22T14:17:00Z
SPY:2026-07-22:LONG:2026-07-22T14:57:00+00:00:v1,2026-07-22,LONG,747.930000000000,748.300000000000,0.370000000000,2026-07-22T15:00:00Z,2026-07-22T15:05:00Z,5,WORSE,2.090000000000,1.720000000000,0.635000000000,1.005000000000,-0.540000000000,-0.910000000000,0.370000000000,-0.370000000000,True,280,275,AVAILABLE,AVAILABLE,2026-07-22T15:00:00Z,2026-07-22T15:05:00Z,FAVORABLE_FIRST,2026-07-22T15:03:00Z,2026-07-22T19:26:00Z,FAVORABLE_FIRST,2026-07-22T15:04:00Z,2026-07-22T19:26:00Z,FAVORABLE_FIRST,2026-07-22T15:08:00Z,2026-07-22T19:26:00Z,FAVORABLE_FIRST,2026-07-22T15:10:00Z,2026-07-22T19:26:00Z,FAVORABLE_FIRST,2026-07-22T15:04:00Z,2026-07-22T19:36:00Z,FAVORABLE_FIRST,2026-07-22T15:08:00Z,2026-07-22T19:36:00Z,FAVORABLE_FIRST,2026-07-22T15:10:00Z,2026-07-22T19:36:00Z,FAVORABLE_FIRST,2026-07-22T15:25:00Z,2026-07-22T19:36:00Z,FAVORABLE_FIRST,2026-07-22T16:18:00Z,2026-07-22T19:36:00Z,FAVORABLE_FIRST,2026-07-22T15:06:00Z,2026-07-22T18:13:00Z,FAVORABLE_FIRST,2026-07-22T15:10:00Z,2026-07-22T18:13:00Z,FAVORABLE_FIRST,2026-07-22T15:20:00Z,2026-07-22T18:13:00Z,FAVORABLE_FIRST,2026-07-22T15:24:00Z,2026-07-22T18:13:00Z,FAVORABLE_FIRST,2026-07-22T15:10:00Z,2026-07-22T19:12:00Z,FAVORABLE_FIRST,2026-07-22T15:20:00Z,2026-07-22T19:12:00Z,FAVORABLE_FIRST,2026-07-22T15:24:00Z,2026-07-22T19:12:00Z,FAVORABLE_FIRST,2026-07-22T16:00:00Z,2026-07-22T19:12:00Z,ADVERSE_FIRST,,2026-07-22T19:12:00Z
SPY:2026-07-22:LONG:2026-07-22T19:40:00+00:00:v1,2026-07-22,LONG,747.795000000000,747.990000000000,0.195000000000,2026-07-22T19:45:00Z,2026-07-22T19:50:00Z,5,WORSE,0.505000000000,0.310000000000,0.500000000000,0.695000000000,-0.405000000000,-0.600000000000,0.195000000000,-0.195000000000,True,15,10,AVAILABLE,AVAILABLE,2026-07-22T19:45:00Z,2026-07-22T19:50:00Z,FAVORABLE_FIRST,2026-07-22T19:49:00Z,2026-07-22T19:59:00Z,FAVORABLE_FIRST,2026-07-22T19:50:00Z,2026-07-22T19:59:00Z,ADVERSE_FIRST,,2026-07-22T19:59:00Z,ADVERSE_FIRST,,2026-07-22T19:59:00Z,FAVORABLE_FIRST,2026-07-22T19:50:00Z,2026-07-22T19:59:00Z,ADVERSE_FIRST,,2026-07-22T19:59:00Z,ADVERSE_FIRST,,2026-07-22T19:59:00Z,ADVERSE_FIRST,,2026-07-22T19:59:00Z,ADVERSE_FIRST,,2026-07-22T19:59:00Z,FAVORABLE_FIRST,2026-07-22T19:50:00Z,2026-07-22T19:51:00Z,ADVERSE_FIRST,,2026-07-22T19:51:00Z,ADVERSE_FIRST,,2026-07-22T19:51:00Z,ADVERSE_FIRST,,2026-07-22T19:51:00Z,ADVERSE_FIRST,,2026-07-22T19:51:00Z,ADVERSE_FIRST,,2026-07-22T19:51:00Z,ADVERSE_FIRST,,2026-07-22T19:51:00Z,ADVERSE_FIRST,,2026-07-22T19:51:00Z,ADVERSE_FIRST,,2026-07-22T19:51:00Z
SPY:2026-07-23:LONG:2026-07-23T13:35:00+00:00:v1,2026-07-23,LONG,741.420000000000,741.850000000000,0.430000000000,2026-07-23T13:40:00Z,2026-07-23T13:45:00Z,5,WORSE,1.140000000000,0.145000000000,6.210000000000,6.640000000000,-3.180000000000,-3.610000000000,0.995000000000,-0.430000000000,True,10,5,AVAILABLE,AVAILABLE,2026-07-23T13:40:00Z,2026-07-23T13:45:00Z,FAVORABLE_FIRST,2026-07-23T13:40:00Z,2026-07-23T13:48:00Z,FAVORABLE_FIRST,2026-07-23T13:42:00Z,2026-07-23T13:48:00Z,FAVORABLE_FIRST,2026-07-23T13:42:00Z,2026-07-23T13:48:00Z,FAVORABLE_FIRST,2026-07-23T13:43:00Z,2026-07-23T13:48:00Z,FAVORABLE_FIRST,2026-07-23T13:42:00Z,2026-07-23T13:48:00Z,FAVORABLE_FIRST,2026-07-23T13:42:00Z,2026-07-23T13:48:00Z,FAVORABLE_FIRST,2026-07-23T13:43:00Z,2026-07-23T13:48:00Z,ADVERSE_FIRST,,2026-07-23T13:48:00Z,ADVERSE_FIRST,,2026-07-23T13:48:00Z,ADVERSE_FIRST,,2026-07-23T13:45:00Z,ADVERSE_FIRST,,2026-07-23T13:45:00Z,ADVERSE_FIRST,,2026-07-23T13:45:00Z,ADVERSE_FIRST,,2026-07-23T13:45:00Z,ADVERSE_FIRST,,2026-07-23T13:45:00Z,ADVERSE_FIRST,,2026-07-23T13:45:00Z,ADVERSE_FIRST,,2026-07-23T13:45:00Z,ADVERSE_FIRST,,2026-07-23T13:45:00Z,ADVERSE_FIRST,,2026-07-23T13:45:00Z
SPY:2026-07-23:SHORT:2026-07-23T14:50:00+00:00:v1,2026-07-23,SHORT,738.155000000000,738.320000000000,-0.165000000000,2026-07-23T14:55:00Z,2026-07-23T15:00:00Z,5,BETTER,2.945000000000,3.110000000000,1.565000000000,1.400000000000,-0.085000000000,0.080000000000,-0.165000000000,0.165000000000,True,75,70,AVAILABLE,AVAILABLE,2026-07-23T14:55:00Z,2026-07-23T15:00:00Z,ADVERSE_FIRST,2026-07-23T15:01:00Z,2026-07-23T14:56:00Z,ADVERSE_FIRST,2026-07-23T15:03:00Z,2026-07-23T14:56:00Z,ADVERSE_FIRST,2026-07-23T15:05:00Z,2026-07-23T14:56:00Z,ADVERSE_FIRST,2026-07-23T15:06:00Z,2026-07-23T14:56:00Z,ADVERSE_FIRST,2026-07-23T15:03:00Z,2026-07-23T14:57:00Z,ADVERSE_FIRST,2026-07-23T15:05:00Z,2026-07-23T14:57:00Z,ADVERSE_FIRST,2026-07-23T15:06:00Z,2026-07-23T14:57:00Z,ADVERSE_FIRST,2026-07-23T15:12:00Z,2026-07-23T14:57:00Z,ADVERSE_FIRST,2026-07-23T15:22:00Z,2026-07-23T14:57:00Z,FAVORABLE_FIRST,2026-07-23T15:01:00Z,2026-07-23T16:10:00Z,FAVORABLE_FIRST,2026-07-23T15:01:00Z,2026-07-23T16:10:00Z,FAVORABLE_FIRST,2026-07-23T15:04:00Z,2026-07-23T16:10:00Z,FAVORABLE_FIRST,2026-07-23T15:05:00Z,2026-07-23T16:10:00Z,FAVORABLE_FIRST,2026-07-23T15:01:00Z,2026-07-23T16:11:00Z,FAVORABLE_FIRST,2026-07-23T15:04:00Z,2026-07-23T16:11:00Z,FAVORABLE_FIRST,2026-07-23T15:05:00Z,2026-07-23T16:11:00Z,FAVORABLE_FIRST,2026-07-23T15:12:00Z,2026-07-23T16:11:00Z,FAVORABLE_FIRST,2026-07-23T15:22:00Z,2026-07-23T16:11:00Z
SPY:2026-07-23:SHORT:2026-07-23T16:45:00+00:00:v1,2026-07-23,SHORT,738.020000000000,737.980000000000,0.040000000000,2026-07-23T16:50:00Z,2026-07-23T16:55:00Z,5,WORSE,2.300000000000,2.260000000000,1.180000000000,1.220000000000,-0.220000000000,-0.260000000000,0.040000000000,-0.040000000000,True,10,5,AVAILABLE,AVAILABLE,2026-07-23T16:50:00Z,2026-07-23T16:55:00Z,ADVERSE_FIRST,2026-07-23T16:53:00Z,2026-07-23T16:52:00Z,ADVERSE_FIRST,2026-07-23T17:36:00Z,2026-07-23T16:52:00Z,ADVERSE_FIRST,2026-07-23T17:41:00Z,2026-07-23T16:52:00Z,ADVERSE_FIRST,2026-07-23T18:01:00Z,2026-07-23T16:52:00Z,ADVERSE_FIRST,2026-07-23T17:36:00Z,2026-07-23T16:52:00Z,ADVERSE_FIRST,2026-07-23T17:41:00Z,2026-07-23T16:52:00Z,ADVERSE_FIRST,2026-07-23T18:01:00Z,2026-07-23T16:52:00Z,ADVERSE_FIRST,2026-07-23T19:10:00Z,2026-07-23T16:52:00Z,ADVERSE_FIRST,2026-07-23T19:46:00Z,2026-07-23T16:52:00Z,ADVERSE_FIRST,2026-07-23T17:35:00Z,2026-07-23T16:55:00Z,ADVERSE_FIRST,2026-07-23T17:36:00Z,2026-07-23T16:55:00Z,ADVERSE_FIRST,2026-07-23T17:57:00Z,2026-07-23T16:55:00Z,ADVERSE_FIRST,2026-07-23T18:01:00Z,2026-07-23T16:55:00Z,ADVERSE_FIRST,2026-07-23T17:36:00Z,2026-07-23T16:55:00Z,ADVERSE_FIRST,2026-07-23T17:57:00Z,2026-07-23T16:55:00Z,ADVERSE_FIRST,2026-07-23T18:01:00Z,2026-07-23T16:55:00Z,ADVERSE_FIRST,2026-07-23T19:11:00Z,2026-07-23T16:55:00Z,ADVERSE_FIRST,2026-07-23T19:46:00Z,2026-07-23T16:55:00Z
SPY:2026-07-23:SHORT:2026-07-23T17:31:00+00:00:v1,2026-07-23,SHORT,738.055000000000,737.620000000000,0.435000000000,2026-07-23T17:35:00Z,2026-07-23T17:40:00Z,5,WORSE,2.335000000000,1.900000000000,0.595000000000,1.030000000000,-0.185000000000,-0.620000000000,0.435000000000,-0.435000000000,True,,,AVAILABLE,AVAILABLE,2026-07-23T17:35:00Z,2026-07-23T17:40:00Z,FAVORABLE_FIRST,2026-07-23T17:35:00Z,2026-07-23T19:58:00Z,FAVORABLE_FIRST,2026-07-23T17:36:00Z,2026-07-23T19:58:00Z,FAVORABLE_FIRST,2026-07-23T17:40:00Z,2026-07-23T19:58:00Z,FAVORABLE_FIRST,2026-07-23T18:00:00Z,2026-07-23T19:58:00Z,FAVORABLE_FIRST,2026-07-23T17:36:00Z,2026-07-23T19:58:00Z,FAVORABLE_FIRST,2026-07-23T17:40:00Z,2026-07-23T19:58:00Z,FAVORABLE_FIRST,2026-07-23T18:00:00Z,2026-07-23T19:58:00Z,FAVORABLE_FIRST,2026-07-23T19:10:00Z,2026-07-23T19:58:00Z,FAVORABLE_FIRST,2026-07-23T19:46:00Z,2026-07-23T19:58:00Z,FAVORABLE_FIRST,2026-07-23T17:40:00Z,2026-07-23T17:45:00Z,ADVERSE_FIRST,2026-07-23T18:00:00Z,2026-07-23T17:45:00Z,ADVERSE_FIRST,2026-07-23T18:05:00Z,2026-07-23T17:45:00Z,ADVERSE_FIRST,2026-07-23T18:42:00Z,2026-07-23T17:45:00Z,ADVERSE_FIRST,2026-07-23T18:00:00Z,2026-07-23T17:45:00Z,ADVERSE_FIRST,2026-07-23T18:05:00Z,2026-07-23T17:45:00Z,ADVERSE_FIRST,2026-07-23T18:42:00Z,2026-07-23T17:45:00Z,ADVERSE_FIRST,2026-07-23T19:46:00Z,2026-07-23T17:45:00Z,ADVERSE_FIRST,,2026-07-23T17:45:00Z
SPY:2026-07-24:SHORT:2026-07-24T13:51:00+00:00:v1,2026-07-24,SHORT,737.830000000000,737.500000000000,0.330000000000,2026-07-24T13:55:00Z,2026-07-24T14:00:00Z,5,WORSE,0.540000000000,0.210000000000,5.890000000000,6.220000000000,-1.020000000000,-1.350000000000,0.330000000000,-0.330000000000,True,15,10,AVAILABLE,AVAILABLE,2026-07-24T13:55:00Z,2026-07-24T14:00:00Z,FAVORABLE_FIRST,2026-07-24T13:55:00Z,2026-07-24T13:58:00Z,ADVERSE_FIRST,2026-07-24T19:24:00Z,2026-07-24T13:58:00Z,ADVERSE_FIRST,,2026-07-24T13:58:00Z,ADVERSE_FIRST,,2026-07-24T13:58:00Z,ADVERSE_FIRST,2026-07-24T19:24:00Z,2026-07-24T13:58:00Z,ADVERSE_FIRST,,2026-07-24T13:58:00Z,ADVERSE_FIRST,,2026-07-24T13:58:00Z,ADVERSE_FIRST,,2026-07-24T13:58:00Z,ADVERSE_FIRST,,2026-07-24T13:58:00Z,ADVERSE_FIRST,,2026-07-24T14:00:00Z,ADVERSE_FIRST,,2026-07-24T14:00:00Z,ADVERSE_FIRST,,2026-07-24T14:00:00Z,ADVERSE_FIRST,,2026-07-24T14:00:00Z,ADVERSE_FIRST,,2026-07-24T14:00:00Z,ADVERSE_FIRST,,2026-07-24T14:00:00Z,ADVERSE_FIRST,,2026-07-24T14:00:00Z,ADVERSE_FIRST,,2026-07-24T14:00:00Z,ADVERSE_FIRST,,2026-07-24T14:00:00Z
SPY:2026-07-24:SHORT:2026-07-24T14:34:00+00:00:v1,2026-07-24,SHORT,738.335000000000,738.030000000000,0.305000000000,2026-07-24T14:35:00Z,2026-07-24T14:40:00Z,5,WORSE,1.045000000000,0.740000000000,5.385000000000,5.690000000000,-0.515000000000,-0.820000000000,0.305000000000,-0.305000000000,True,15,10,AVAILABLE,AVAILABLE,2026-07-24T14:35:00Z,2026-07-24T14:40:00Z,ADVERSE_FIRST,2026-07-24T14:39:00Z,2026-07-24T14:35:00Z,ADVERSE_FIRST,2026-07-24T14:45:00Z,2026-07-24T14:35:00Z,ADVERSE_FIRST,2026-07-24T14:45:00Z,2026-07-24T14:35:00Z,ADVERSE_FIRST,2026-07-24T19:24:00Z,2026-07-24T14:35:00Z,ADVERSE_FIRST,2026-07-24T14:45:00Z,2026-07-24T14:35:00Z,ADVERSE_FIRST,2026-07-24T14:45:00Z,2026-07-24T14:35:00Z,ADVERSE_FIRST,2026-07-24T19:24:00Z,2026-07-24T14:35:00Z,ADVERSE_FIRST,,2026-07-24T14:35:00Z,ADVERSE_FIRST,,2026-07-24T14:35:00Z,ADVERSE_FIRST,2026-07-24T14:45:00Z,2026-07-24T14:40:00Z,ADVERSE_FIRST,2026-07-24T14:45:00Z,2026-07-24T14:40:00Z,ADVERSE_FIRST,,2026-07-24T14:40:00Z,ADVERSE_FIRST,,2026-07-24T14:40:00Z,ADVERSE_FIRST,2026-07-24T14:45:00Z,2026-07-24T14:40:00Z,ADVERSE_FIRST,,2026-07-24T14:40:00Z,ADVERSE_FIRST,,2026-07-24T14:40:00Z,ADVERSE_FIRST,,2026-07-24T14:40:00Z,ADVERSE_FIRST,,2026-07-24T14:40:00Z
SPY:2026-07-24:LONG:2026-07-24T14:56:00+00:00:v1,2026-07-24,LONG,740.590000000000,740.230000000000,-0.360000000000,2026-07-24T15:00:00Z,2026-07-24T15:05:00Z,5,BETTER,3.130000000000,3.490000000000,3.300000000000,2.940000000000,-1.740000000000,-1.380000000000,-0.360000000000,0.360000000000,True,210,205,AVAILABLE,AVAILABLE,2026-07-24T15:00:00Z,2026-07-24T15:05:00Z,AMBIGUOUS_SAME_BAR,2026-07-24T15:00:00Z,2026-07-24T15:00:00Z,ADVERSE_FIRST,2026-07-24T15:11:00Z,2026-07-24T15:00:00Z,ADVERSE_FIRST,2026-07-24T15:11:00Z,2026-07-24T15:00:00Z,ADVERSE_FIRST,2026-07-24T15:11:00Z,2026-07-24T15:00:00Z,ADVERSE_FIRST,2026-07-24T15:11:00Z,2026-07-24T15:02:00Z,ADVERSE_FIRST,2026-07-24T15:11:00Z,2026-07-24T15:02:00Z,ADVERSE_FIRST,2026-07-24T15:11:00Z,2026-07-24T15:02:00Z,ADVERSE_FIRST,2026-07-24T15:14:00Z,2026-07-24T15:02:00Z,ADVERSE_FIRST,2026-07-24T15:15:00Z,2026-07-24T15:02:00Z,FAVORABLE_FIRST,2026-07-24T15:05:00Z,2026-07-24T15:07:00Z,ADVERSE_FIRST,2026-07-24T15:10:00Z,2026-07-24T15:07:00Z,ADVERSE_FIRST,2026-07-24T15:11:00Z,2026-07-24T15:07:00Z,ADVERSE_FIRST,2026-07-24T15:11:00Z,2026-07-24T15:07:00Z,ADVERSE_FIRST,2026-07-24T15:10:00Z,2026-07-24T15:07:00Z,ADVERSE_FIRST,2026-07-24T15:11:00Z,2026-07-24T15:07:00Z,ADVERSE_FIRST,2026-07-24T15:11:00Z,2026-07-24T15:07:00Z,ADVERSE_FIRST,2026-07-24T15:11:00Z,2026-07-24T15:07:00Z,ADVERSE_FIRST,2026-07-24T15:15:00Z,2026-07-24T15:07:00Z
SPY:2026-07-24:SHORT:2026-07-24T18:33:00+00:00:v1,2026-07-24,SHORT,738.190000000000,738.270000000000,-0.080000000000,2026-07-24T18:35:00Z,2026-07-24T18:40:00Z,5,BETTER,0.900000000000,0.980000000000,0.910000000000,0.830000000000,-0.660000000000,-0.580000000000,-0.080000000000,0.080000000000,True,80,75,AVAILABLE,AVAILABLE,2026-07-24T18:35:00Z,2026-07-24T18:40:00Z,FAVORABLE_FIRST,2026-07-24T18:35:00Z,2026-07-24T18:36:00Z,ADVERSE_FIRST,2026-07-24T18:42:00Z,2026-07-24T18:36:00Z,ADVERSE_FIRST,2026-07-24T19:16:00Z,2026-07-24T18:36:00Z,ADVERSE_FIRST,,2026-07-24T18:36:00Z,ADVERSE_FIRST,2026-07-24T18:42:00Z,2026-07-24T18:36:00Z,ADVERSE_FIRST,2026-07-24T19:16:00Z,2026-07-24T18:36:00Z,ADVERSE_FIRST,,2026-07-24T18:36:00Z,ADVERSE_FIRST,,2026-07-24T18:36:00Z,ADVERSE_FIRST,,2026-07-24T18:36:00Z,FAVORABLE_FIRST,2026-07-24T18:40:00Z,2026-07-24T18:46:00Z,FAVORABLE_FIRST,2026-07-24T18:41:00Z,2026-07-24T18:46:00Z,ADVERSE_FIRST,2026-07-24T19:10:00Z,2026-07-24T18:46:00Z,ADVERSE_FIRST,,2026-07-24T18:46:00Z,FAVORABLE_FIRST,2026-07-24T18:41:00Z,2026-07-24T18:46:00Z,ADVERSE_FIRST,2026-07-24T19:10:00Z,2026-07-24T18:46:00Z,ADVERSE_FIRST,,2026-07-24T18:46:00Z,ADVERSE_FIRST,,2026-07-24T18:46:00Z,ADVERSE_FIRST,,2026-07-24T18:46:00Z
SPY:2026-07-27:SHORT:2026-07-27T13:42:00+00:00:v1,2026-07-27,SHORT,743.480000000000,743.850000000000,-0.370000000000,2026-07-27T13:45:00Z,2026-07-27T13:50:00Z,5,BETTER,7.610000000000,7.980000000000,0.690000000000,0.320000000000,4.460000000000,4.830000000000,-0.370000000000,0.370000000000,True,,,AVAILABLE,AVAILABLE,2026-07-27T13:45:00Z,2026-07-27T13:50:00Z,ADVERSE_FIRST,2026-07-27T13:47:00Z,2026-07-27T13:45:00Z,ADVERSE_FIRST,2026-07-27T13:56:00Z,2026-07-27T13:45:00Z,ADVERSE_FIRST,2026-07-27T13:56:00Z,2026-07-27T13:45:00Z,ADVERSE_FIRST,2026-07-27T13:57:00Z,2026-07-27T13:45:00Z,ADVERSE_FIRST,2026-07-27T13:56:00Z,2026-07-27T13:45:00Z,ADVERSE_FIRST,2026-07-27T13:56:00Z,2026-07-27T13:45:00Z,ADVERSE_FIRST,2026-07-27T13:57:00Z,2026-07-27T13:45:00Z,ADVERSE_FIRST,2026-07-27T13:58:00Z,2026-07-27T13:45:00Z,ADVERSE_FIRST,2026-07-27T14:00:00Z,2026-07-27T13:45:00Z,ADVERSE_FIRST,2026-07-27T13:53:00Z,2026-07-27T13:52:00Z,ADVERSE_FIRST,2026-07-27T13:55:00Z,2026-07-27T13:52:00Z,ADVERSE_FIRST,2026-07-27T13:55:00Z,2026-07-27T13:52:00Z,ADVERSE_FIRST,2026-07-27T13:56:00Z,2026-07-27T13:52:00Z,ADVERSE_FIRST,2026-07-27T13:55:00Z,2026-07-27T13:52:00Z,ADVERSE_FIRST,2026-07-27T13:55:00Z,2026-07-27T13:52:00Z,ADVERSE_FIRST,2026-07-27T13:56:00Z,2026-07-27T13:52:00Z,ADVERSE_FIRST,2026-07-27T13:58:00Z,2026-07-27T13:52:00Z,ADVERSE_FIRST,2026-07-27T13:59:00Z,2026-07-27T13:52:00Z
SPY:2026-07-28:SHORT:2026-07-28T13:38:00+00:00:v1,2026-07-28,SHORT,737.790000000000,737.050000000000,0.740000000000,2026-07-28T13:40:00Z,2026-07-28T13:45:00Z,5,WORSE,1.810000000000,1.070000000000,5.000100000000,5.740100000000,-2.970000000000,-3.710000000000,0.740000000000,-0.740000000000,True,65,60,AVAILABLE,AVAILABLE,2026-07-28T13:40:00Z,2026-07-28T13:45:00Z,ADVERSE_FIRST,2026-07-28T13:42:00Z,2026-07-28T13:40:00Z,ADVERSE_FIRST,2026-07-28T13:42:00Z,2026-07-28T13:40:00Z,ADVERSE_FIRST,2026-07-28T13:43:00Z,2026-07-28T13:40:00Z,ADVERSE_FIRST,2026-07-28T13:43:00Z,2026-07-28T13:40:00Z,ADVERSE_FIRST,2026-07-28T13:42:00Z,2026-07-28T13:40:00Z,ADVERSE_FIRST,2026-07-28T13:43:00Z,2026-07-28T13:40:00Z,ADVERSE_FIRST,2026-07-28T13:43:00Z,2026-07-28T13:40:00Z,ADVERSE_FIRST,2026-07-28T13:46:00Z,2026-07-28T13:40:00Z,ADVERSE_FIRST,,2026-07-28T13:40:00Z,AMBIGUOUS_SAME_BAR,2026-07-28T13:45:00Z,2026-07-28T13:45:00Z,ADVERSE_FIRST,2026-07-28T13:46:00Z,2026-07-28T13:45:00Z,ADVERSE_FIRST,2026-07-28T13:46:00Z,2026-07-28T13:45:00Z,ADVERSE_FIRST,2026-07-28T13:47:00Z,2026-07-28T13:45:00Z,FAVORABLE_FIRST,2026-07-28T13:46:00Z,2026-07-28T13:49:00Z,FAVORABLE_FIRST,2026-07-28T13:46:00Z,2026-07-28T13:49:00Z,FAVORABLE_FIRST,2026-07-28T13:47:00Z,2026-07-28T13:49:00Z,ADVERSE_FIRST,,2026-07-28T13:49:00Z,ADVERSE_FIRST,,2026-07-28T13:49:00Z
SPY:2026-07-28:LONG:2026-07-28T15:15:00+00:00:v1,2026-07-28,LONG,740.570000000000,741.360000000000,0.790000000000,2026-07-28T15:20:00Z,2026-07-28T15:25:00Z,5,WORSE,2.220100000000,1.430100000000,0.150000000000,0.940000000000,0.190000000000,-0.600000000000,0.790000000000,-0.790000000000,True,,,AVAILABLE,AVAILABLE,2026-07-28T15:20:00Z,2026-07-28T15:25:00Z,FAVORABLE_FIRST,2026-07-28T15:20:00Z,,FAVORABLE_FIRST,2026-07-28T15:20:00Z,,FAVORABLE_FIRST,2026-07-28T15:24:00Z,,FAVORABLE_FIRST,2026-07-28T15:26:00Z,,FAVORABLE_FIRST,2026-07-28T15:20:00Z,,FAVORABLE_FIRST,2026-07-28T15:24:00Z,,FAVORABLE_FIRST,2026-07-28T15:26:00Z,,FAVORABLE_FIRST,2026-07-28T15:44:00Z,,FAVORABLE_FIRST,2026-07-28T16:53:00Z,,FAVORABLE_FIRST,2026-07-28T15:26:00Z,2026-07-28T15:28:00Z,FAVORABLE_FIRST,2026-07-28T15:26:00Z,2026-07-28T15:28:00Z,ADVERSE_FIRST,2026-07-28T15:45:00Z,2026-07-28T15:28:00Z,ADVERSE_FIRST,2026-07-28T15:48:00Z,2026-07-28T15:28:00Z,FAVORABLE_FIRST,2026-07-28T15:26:00Z,2026-07-28T15:29:00Z,ADVERSE_FIRST,2026-07-28T15:45:00Z,2026-07-28T15:29:00Z,ADVERSE_FIRST,2026-07-28T15:48:00Z,2026-07-28T15:29:00Z,ADVERSE_FIRST,,2026-07-28T15:29:00Z,ADVERSE_FIRST,,2026-07-28T15:29:00Z
SPY:2026-07-29:SHORT:2026-07-29T13:50:00+00:00:v1,2026-07-29,SHORT,737.780000000000,737.430000000000,0.350000000000,2026-07-29T13:55:00Z,2026-07-29T14:00:00Z,5,WORSE,8.680000000000,8.330000000000,4.900000000000,5.250000000000,8.270000000000,7.920000000000,0.350000000000,-0.350000000000,True,285,280,AVAILABLE,AVAILABLE,2026-07-29T13:55:00Z,2026-07-29T14:00:00Z,FAVORABLE_FIRST,2026-07-29T13:55:00Z,2026-07-29T14:02:00Z,FAVORABLE_FIRST,2026-07-29T13:55:00Z,2026-07-29T14:02:00Z,FAVORABLE_FIRST,2026-07-29T13:56:00Z,2026-07-29T14:02:00Z,FAVORABLE_FIRST,2026-07-29T13:57:00Z,2026-07-29T14:02:00Z,FAVORABLE_FIRST,2026-07-29T13:55:00Z,2026-07-29T14:02:00Z,FAVORABLE_FIRST,2026-07-29T13:56:00Z,2026-07-29T14:02:00Z,FAVORABLE_FIRST,2026-07-29T13:57:00Z,2026-07-29T14:02:00Z,ADVERSE_FIRST,2026-07-29T14:12:00Z,2026-07-29T14:02:00Z,ADVERSE_FIRST,2026-07-29T14:12:00Z,2026-07-29T14:02:00Z,ADVERSE_FIRST,2026-07-29T14:07:00Z,2026-07-29T14:00:00Z,ADVERSE_FIRST,2026-07-29T14:07:00Z,2026-07-29T14:00:00Z,ADVERSE_FIRST,2026-07-29T14:10:00Z,2026-07-29T14:00:00Z,ADVERSE_FIRST,2026-07-29T14:12:00Z,2026-07-29T14:00:00Z,ADVERSE_FIRST,2026-07-29T14:07:00Z,2026-07-29T14:00:00Z,ADVERSE_FIRST,2026-07-29T14:10:00Z,2026-07-29T14:00:00Z,ADVERSE_FIRST,2026-07-29T14:12:00Z,2026-07-29T14:00:00Z,ADVERSE_FIRST,2026-07-29T14:12:00Z,2026-07-29T14:00:00Z,ADVERSE_FIRST,2026-07-29T14:13:00Z,2026-07-29T14:00:00Z
SPY:2026-07-29:LONG:2026-07-29T18:43:00+00:00:v1,2026-07-29,LONG,740.720000000000,741.945000000000,1.225000000000,2026-07-29T18:45:00Z,2026-07-29T18:50:00Z,5,WORSE,1.960000000000,0.735000000000,11.620000000000,12.845000000000,-11.210000000000,-12.435000000000,1.225000000000,-1.225000000000,True,25,20,AVAILABLE,AVAILABLE,2026-07-29T18:45:00Z,2026-07-29T18:50:00Z,AMBIGUOUS_SAME_BAR,2026-07-29T18:45:00Z,2026-07-29T18:45:00Z,ADVERSE_FIRST,2026-07-29T18:46:00Z,2026-07-29T18:45:00Z,ADVERSE_FIRST,2026-07-29T18:47:00Z,2026-07-29T18:45:00Z,ADVERSE_FIRST,2026-07-29T18:47:00Z,2026-07-29T18:45:00Z,FAVORABLE_FIRST,2026-07-29T18:46:00Z,2026-07-29T19:04:00Z,FAVORABLE_FIRST,2026-07-29T18:47:00Z,2026-07-29T19:04:00Z,FAVORABLE_FIRST,2026-07-29T18:47:00Z,2026-07-29T19:04:00Z,FAVORABLE_FIRST,2026-07-29T18:53:00Z,2026-07-29T19:04:00Z,ADVERSE_FIRST,,2026-07-29T19:04:00Z,ADVERSE_FIRST,2026-07-29T18:53:00Z,2026-07-29T18:50:00Z,ADVERSE_FIRST,2026-07-29T18:53:00Z,2026-07-29T18:50:00Z,ADVERSE_FIRST,,2026-07-29T18:50:00Z,ADVERSE_FIRST,,2026-07-29T18:50:00Z,ADVERSE_FIRST,2026-07-29T18:53:00Z,2026-07-29T18:50:00Z,ADVERSE_FIRST,,2026-07-29T18:50:00Z,ADVERSE_FIRST,,2026-07-29T18:50:00Z,ADVERSE_FIRST,,2026-07-29T18:50:00Z,ADVERSE_FIRST,,2026-07-29T18:50:00Z
SPY:2026-07-29:SHORT:2026-07-29T19:15:00+00:00:v1,2026-07-29,SHORT,737.590000000000,735.370000000000,2.220000000000,2026-07-29T19:20:00Z,2026-07-29T19:25:00Z,5,WORSE,8.490000000000,6.270000000000,0.080000000000,0.370000000000,8.080000000000,5.860000000000,2.220000000000,-0.290000000000,True,,,AVAILABLE,AVAILABLE,2026-07-29T19:20:00Z,2026-07-29T19:25:00Z,FAVORABLE_FIRST,2026-07-29T19:20:00Z,,FAVORABLE_FIRST,2026-07-29T19:20:00Z,,FAVORABLE_FIRST,2026-07-29T19:20:00Z,,FAVORABLE_FIRST,2026-07-29T19:21:00Z,,FAVORABLE_FIRST,2026-07-29T19:20:00Z,,FAVORABLE_FIRST,2026-07-29T19:20:00Z,,FAVORABLE_FIRST,2026-07-29T19:21:00Z,,FAVORABLE_FIRST,2026-07-29T19:21:00Z,,FAVORABLE_FIRST,2026-07-29T19:22:00Z,,AMBIGUOUS_SAME_BAR,2026-07-29T19:25:00Z,2026-07-29T19:25:00Z,ADVERSE_FIRST,2026-07-29T19:26:00Z,2026-07-29T19:25:00Z,ADVERSE_FIRST,2026-07-29T19:26:00Z,2026-07-29T19:25:00Z,ADVERSE_FIRST,2026-07-29T19:26:00Z,2026-07-29T19:25:00Z,ADVERSE_FIRST,2026-07-29T19:26:00Z,2026-07-29T19:25:00Z,ADVERSE_FIRST,2026-07-29T19:26:00Z,2026-07-29T19:25:00Z,ADVERSE_FIRST,2026-07-29T19:26:00Z,2026-07-29T19:25:00Z,ADVERSE_FIRST,2026-07-29T19:33:00Z,2026-07-29T19:25:00Z,ADVERSE_FIRST,2026-07-29T19:33:00Z,2026-07-29T19:25:00Z
SPY:2026-07-30:LONG:2026-07-30T13:43:00+00:00:v1,2026-07-30,LONG,736.390000000000,737.390000000000,1.000000000000,2026-07-30T13:45:00Z,2026-07-30T13:50:00Z,5,WORSE,6.060000000000,5.060000000000,1.800000000000,2.800000000000,5.320000000000,4.320000000000,1.000000000000,-1.000000000000,True,70,65,AVAILABLE,AVAILABLE,2026-07-30T13:45:00Z,2026-07-30T13:50:00Z,FAVORABLE_FIRST,2026-07-30T13:45:00Z,2026-07-30T14:54:00Z,FAVORABLE_FIRST,2026-07-30T13:45:00Z,2026-07-30T14:54:00Z,FAVORABLE_FIRST,2026-07-30T13:46:00Z,2026-07-30T14:54:00Z,FAVORABLE_FIRST,2026-07-30T13:49:00Z,2026-07-30T14:54:00Z,FAVORABLE_FIRST,2026-07-30T13:45:00Z,2026-07-30T14:54:00Z,FAVORABLE_FIRST,2026-07-30T13:46:00Z,2026-07-30T14:54:00Z,FAVORABLE_FIRST,2026-07-30T13:49:00Z,2026-07-30T14:54:00Z,FAVORABLE_FIRST,2026-07-30T13:50:00Z,2026-07-30T14:54:00Z,FAVORABLE_FIRST,2026-07-30T13:59:00Z,2026-07-30T14:54:00Z,AMBIGUOUS_SAME_BAR,2026-07-30T13:50:00Z,2026-07-30T13:50:00Z,AMBIGUOUS_SAME_BAR,2026-07-30T13:50:00Z,2026-07-30T13:50:00Z,AMBIGUOUS_SAME_BAR,2026-07-30T13:50:00Z,2026-07-30T13:50:00Z,ADVERSE_FIRST,2026-07-30T13:59:00Z,2026-07-30T13:50:00Z,AMBIGUOUS_SAME_BAR,2026-07-30T13:50:00Z,2026-07-30T13:50:00Z,AMBIGUOUS_SAME_BAR,2026-07-30T13:50:00Z,2026-07-30T13:50:00Z,ADVERSE_FIRST,2026-07-30T13:59:00Z,2026-07-30T13:50:00Z,ADVERSE_FIRST,2026-07-30T14:01:00Z,2026-07-30T13:50:00Z,ADVERSE_FIRST,2026-07-30T17:00:00Z,2026-07-30T13:50:00Z
SPY:2026-07-30:LONG:2026-07-30T15:41:00+00:00:v1,2026-07-30,LONG,736.650000000000,737.080000000000,0.430000000000,2026-07-30T15:45:00Z,2026-07-30T15:50:00Z,5,WORSE,5.800000000000,5.370000000000,0.270000000000,0.700000000000,5.060000000000,4.630000000000,0.430000000000,-0.430000000000,True,,,AVAILABLE,AVAILABLE,2026-07-30T15:45:00Z,2026-07-30T15:50:00Z,FAVORABLE_FIRST,2026-07-30T15:45:00Z,2026-07-30T15:52:00Z,FAVORABLE_FIRST,2026-07-30T15:46:00Z,2026-07-30T15:52:00Z,ADVERSE_FIRST,2026-07-30T15:55:00Z,2026-07-30T15:52:00Z,ADVERSE_FIRST,2026-07-30T15:56:00Z,2026-07-30T15:52:00Z,FAVORABLE_FIRST,2026-07-30T15:46:00Z,,FAVORABLE_FIRST,2026-07-30T15:55:00Z,,FAVORABLE_FIRST,2026-07-30T15:56:00Z,,FAVORABLE_FIRST,2026-07-30T16:04:00Z,,FAVORABLE_FIRST,2026-07-30T16:11:00Z,,ADVERSE_FIRST,2026-07-30T15:55:00Z,2026-07-30T15:50:00Z,ADVERSE_FIRST,2026-07-30T15:56:00Z,2026-07-30T15:50:00Z,ADVERSE_FIRST,2026-07-30T16:03:00Z,2026-07-30T15:50:00Z,ADVERSE_FIRST,2026-07-30T16:04:00Z,2026-07-30T15:50:00Z,ADVERSE_FIRST,2026-07-30T15:56:00Z,2026-07-30T15:50:00Z,ADVERSE_FIRST,2026-07-30T16:03:00Z,2026-07-30T15:50:00Z,ADVERSE_FIRST,2026-07-30T16:04:00Z,2026-07-30T15:50:00Z,ADVERSE_FIRST,2026-07-30T16:11:00Z,2026-07-30T15:50:00Z,ADVERSE_FIRST,2026-07-30T16:17:00Z,2026-07-30T15:50:00Z
SPY:2026-07-31:SHORT:2026-07-31T13:39:00+00:00:v1,2026-07-31,SHORT,744.130000000000,743.120000000000,1.010000000000,2026-07-31T13:40:00Z,2026-07-31T13:45:00Z,5,WORSE,6.450000000000,5.440000000000,4.765000000000,5.775000000000,-2.680000000000,-3.690000000000,1.010000000000,-1.010000000000,True,175,170,AVAILABLE,AVAILABLE,2026-07-31T13:40:00Z,2026-07-31T13:45:00Z,FAVORABLE_FIRST,2026-07-31T13:40:00Z,2026-07-31T16:24:00Z,FAVORABLE_FIRST,2026-07-31T13:40:00Z,2026-07-31T16:24:00Z,FAVORABLE_FIRST,2026-07-31T13:42:00Z,2026-07-31T16:24:00Z,FAVORABLE_FIRST,2026-07-31T13:42:00Z,2026-07-31T16:24:00Z,FAVORABLE_FIRST,2026-07-31T13:40:00Z,2026-07-31T16:24:00Z,FAVORABLE_FIRST,2026-07-31T13:42:00Z,2026-07-31T16:24:00Z,FAVORABLE_FIRST,2026-07-31T13:42:00Z,2026-07-31T16:24:00Z,FAVORABLE_FIRST,2026-07-31T13:45:00Z,2026-07-31T16:24:00Z,FAVORABLE_FIRST,2026-07-31T13:49:00Z,2026-07-31T16:24:00Z,AMBIGUOUS_SAME_BAR,2026-07-31T13:45:00Z,2026-07-31T13:45:00Z,ADVERSE_FIRST,2026-07-31T13:46:00Z,2026-07-31T13:45:00Z,ADVERSE_FIRST,2026-07-31T13:48:00Z,2026-07-31T13:45:00Z,ADVERSE_FIRST,2026-07-31T13:49:00Z,2026-07-31T13:45:00Z,ADVERSE_FIRST,2026-07-31T13:46:00Z,2026-07-31T13:45:00Z,ADVERSE_FIRST,2026-07-31T13:48:00Z,2026-07-31T13:45:00Z,ADVERSE_FIRST,2026-07-31T13:49:00Z,2026-07-31T13:45:00Z,ADVERSE_FIRST,2026-07-31T13:53:00Z,2026-07-31T13:45:00Z,ADVERSE_FIRST,2026-07-31T14:01:00Z,2026-07-31T13:45:00Z
SPY:2026-07-31:SHORT:2026-07-31T16:36:00+00:00:v1,2026-07-31,SHORT,744.530000000000,744.160000000000,0.370000000000,2026-07-31T16:40:00Z,2026-07-31T16:45:00Z,5,WORSE,0.540000000000,0.170000000000,4.365000000000,4.735000000000,-2.280000000000,-2.650000000000,0.370000000000,-0.370000000000,True,15,10,AVAILABLE,AVAILABLE,2026-07-31T16:40:00Z,2026-07-31T16:45:00Z,FAVORABLE_FIRST,2026-07-31T16:41:00Z,2026-07-31T16:50:00Z,FAVORABLE_FIRST,2026-07-31T16:45:00Z,2026-07-31T16:50:00Z,ADVERSE_FIRST,,2026-07-31T16:50:00Z,ADVERSE_FIRST,,2026-07-31T16:50:00Z,FAVORABLE_FIRST,2026-07-31T16:45:00Z,2026-07-31T16:51:00Z,ADVERSE_FIRST,,2026-07-31T16:51:00Z,ADVERSE_FIRST,,2026-07-31T16:51:00Z,ADVERSE_FIRST,,2026-07-31T16:51:00Z,ADVERSE_FIRST,,2026-07-31T16:51:00Z,ADVERSE_FIRST,,2026-07-31T16:46:00Z,ADVERSE_FIRST,,2026-07-31T16:46:00Z,ADVERSE_FIRST,,2026-07-31T16:46:00Z,ADVERSE_FIRST,,2026-07-31T16:46:00Z,ADVERSE_FIRST,,2026-07-31T16:46:00Z,ADVERSE_FIRST,,2026-07-31T16:46:00Z,ADVERSE_FIRST,,2026-07-31T16:46:00Z,ADVERSE_FIRST,,2026-07-31T16:46:00Z,ADVERSE_FIRST,,2026-07-31T16:46:00Z
SPY:2026-07-31:LONG:2026-07-31T19:10:00+00:00:v1,2026-07-31,LONG,746.325000000000,747.520000000000,1.195000000000,2026-07-31T19:15:00Z,2026-07-31T19:20:00Z,5,WORSE,2.570000000000,1.375000000000,0.065000000000,1.180000000000,0.485000000000,-0.710000000000,1.195000000000,-1.115000000000,True,,,AVAILABLE,AVAILABLE,2026-07-31T19:15:00Z,2026-07-31T19:20:00Z,FAVORABLE_FIRST,2026-07-31T19:16:00Z,,FAVORABLE_FIRST,2026-07-31T19:17:00Z,,FAVORABLE_FIRST,2026-07-31T19:18:00Z,,FAVORABLE_FIRST,2026-07-31T19:19:00Z,,FAVORABLE_FIRST,2026-07-31T19:17:00Z,,FAVORABLE_FIRST,2026-07-31T19:18:00Z,,FAVORABLE_FIRST,2026-07-31T19:19:00Z,,FAVORABLE_FIRST,2026-07-31T19:22:00Z,,FAVORABLE_FIRST,2026-07-31T19:45:00Z,,FAVORABLE_FIRST,2026-07-31T19:22:00Z,2026-07-31T19:30:00Z,ADVERSE_FIRST,2026-07-31T19:44:00Z,2026-07-31T19:30:00Z,ADVERSE_FIRST,2026-07-31T19:45:00Z,2026-07-31T19:30:00Z,ADVERSE_FIRST,2026-07-31T19:50:00Z,2026-07-31T19:30:00Z,ADVERSE_FIRST,2026-07-31T19:44:00Z,2026-07-31T19:30:00Z,ADVERSE_FIRST,2026-07-31T19:45:00Z,2026-07-31T19:30:00Z,ADVERSE_FIRST,2026-07-31T19:50:00Z,2026-07-31T19:30:00Z,ADVERSE_FIRST,,2026-07-31T19:30:00Z,ADVERSE_FIRST,,2026-07-31T19:30:00Z
SPY:2026-08-03:LONG:2026-08-03T13:35:00+00:00:v1,2026-08-03,LONG,751.700000000000,751.590000000000,-0.110000000000,2026-08-03T13:40:00Z,2026-08-03T13:45:00Z,5,BETTER,6.880000000000,6.990000000000,0.730000000000,0.220000000000,5.970000000000,6.080000000000,-0.110000000000,0.510000000000,True,,,AVAILABLE,AVAILABLE,2026-08-03T13:40:00Z,2026-08-03T13:45:00Z,ADVERSE_FIRST,2026-08-03T13:47:00Z,2026-08-03T13:40:00Z,ADVERSE_FIRST,2026-08-03T13:48:00Z,2026-08-03T13:40:00Z,ADVERSE_FIRST,2026-08-03T13:51:00Z,2026-08-03T13:40:00Z,ADVERSE_FIRST,2026-08-03T13:53:00Z,2026-08-03T13:40:00Z,ADVERSE_FIRST,2026-08-03T13:48:00Z,2026-08-03T13:40:00Z,ADVERSE_FIRST,2026-08-03T13:51:00Z,2026-08-03T13:40:00Z,ADVERSE_FIRST,2026-08-03T13:53:00Z,2026-08-03T13:40:00Z,ADVERSE_FIRST,2026-08-03T13:57:00Z,2026-08-03T13:40:00Z,ADVERSE_FIRST,2026-08-03T14:02:00Z,2026-08-03T13:40:00Z,FAVORABLE_FIRST,2026-08-03T13:45:00Z,,FAVORABLE_FIRST,2026-08-03T13:48:00Z,,FAVORABLE_FIRST,2026-08-03T13:51:00Z,,FAVORABLE_FIRST,2026-08-03T13:53:00Z,,FAVORABLE_FIRST,2026-08-03T13:48:00Z,,FAVORABLE_FIRST,2026-08-03T13:51:00Z,,FAVORABLE_FIRST,2026-08-03T13:53:00Z,,FAVORABLE_FIRST,2026-08-03T13:55:00Z,,FAVORABLE_FIRST,2026-08-03T13:59:00Z,
SPY:2026-08-04:LONG:2026-08-04T13:45:00+00:00:v1,2026-08-04,LONG,762.540000000000,763.440000000000,0.900000000000,2026-08-04T13:50:00Z,2026-08-04T13:55:00Z,5,WORSE,10.870000000000,9.970000000000,0.140000000000,0.774900000000,8.710000000000,7.810000000000,0.900000000000,-0.634900000000,True,,,AVAILABLE,AVAILABLE,2026-08-04T13:50:00Z,2026-08-04T13:55:00Z,FAVORABLE_FIRST,2026-08-04T13:50:00Z,,FAVORABLE_FIRST,2026-08-04T13:50:00Z,,FAVORABLE_FIRST,2026-08-04T13:54:00Z,,FAVORABLE_FIRST,2026-08-04T14:01:00Z,,FAVORABLE_FIRST,2026-08-04T13:50:00Z,,FAVORABLE_FIRST,2026-08-04T13:54:00Z,,FAVORABLE_FIRST,2026-08-04T14:01:00Z,,FAVORABLE_FIRST,2026-08-04T14:02:00Z,,FAVORABLE_FIRST,2026-08-04T14:08:00Z,,ADVERSE_FIRST,2026-08-04T14:01:00Z,2026-08-04T13:55:00Z,ADVERSE_FIRST,2026-08-04T14:02:00Z,2026-08-04T13:55:00Z,ADVERSE_FIRST,2026-08-04T14:05:00Z,2026-08-04T13:55:00Z,ADVERSE_FIRST,2026-08-04T14:06:00Z,2026-08-04T13:55:00Z,ADVERSE_FIRST,2026-08-04T14:02:00Z,2026-08-04T13:55:00Z,ADVERSE_FIRST,2026-08-04T14:05:00Z,2026-08-04T13:55:00Z,ADVERSE_FIRST,2026-08-04T14:06:00Z,2026-08-04T13:55:00Z,ADVERSE_FIRST,2026-08-04T14:15:00Z,2026-08-04T13:55:00Z,ADVERSE_FIRST,2026-08-04T14:38:00Z,2026-08-04T13:55:00Z
SPY:2026-08-05:SHORT:2026-08-05T14:28:00+00:00:v1,2026-08-05,SHORT,774.780000000000,774.570000000000,0.210000000000,2026-08-05T14:30:00Z,2026-08-05T14:35:00Z,5,WORSE,5.270000000000,5.060000000000,0.240100000000,0.270000000000,5.020000000000,4.810000000000,0.210000000000,-0.029900000000,True,,,AVAILABLE,AVAILABLE,2026-08-05T14:30:00Z,2026-08-05T14:35:00Z,FAVORABLE_FIRST,2026-08-05T14:30:00Z,,FAVORABLE_FIRST,2026-08-05T14:31:00Z,,FAVORABLE_FIRST,2026-08-05T14:37:00Z,,FAVORABLE_FIRST,2026-08-05T14:40:00Z,,FAVORABLE_FIRST,2026-08-05T14:31:00Z,,FAVORABLE_FIRST,2026-08-05T14:37:00Z,,FAVORABLE_FIRST,2026-08-05T14:40:00Z,,FAVORABLE_FIRST,2026-08-05T14:53:00Z,,FAVORABLE_FIRST,2026-08-05T14:53:00Z,,ADVERSE_FIRST,2026-08-05T14:36:00Z,2026-08-05T14:35:00Z,ADVERSE_FIRST,2026-08-05T14:37:00Z,2026-08-05T14:35:00Z,ADVERSE_FIRST,2026-08-05T14:40:00Z,2026-08-05T14:35:00Z,ADVERSE_FIRST,2026-08-05T14:52:00Z,2026-08-05T14:35:00Z,FAVORABLE_FIRST,2026-08-05T14:37:00Z,,FAVORABLE_FIRST,2026-08-05T14:40:00Z,,FAVORABLE_FIRST,2026-08-05T14:52:00Z,,FAVORABLE_FIRST,2026-08-05T14:53:00Z,,FAVORABLE_FIRST,2026-08-05T14:53:00Z,
SPY:2026-08-06:LONG:2026-08-06T13:45:00+00:00:v1,2026-08-06,LONG,771.310000000000,770.925000000000,-0.385000000000,2026-08-06T13:50:00Z,2026-08-06T13:55:00Z,5,BETTER,0.510000000000,0.895000000000,3.850000000000,3.465000000000,-2.780000000000,-2.395000000000,-0.385000000000,0.385000000000,True,40,35,AVAILABLE,AVAILABLE,2026-08-06T13:50:00Z,2026-08-06T13:55:00Z,ADVERSE_FIRST,2026-08-06T14:10:00Z,2026-08-06T13:51:00Z,ADVERSE_FIRST,2026-08-06T14:19:00Z,2026-08-06T13:51:00Z,ADVERSE_FIRST,,2026-08-06T13:51:00Z,ADVERSE_FIRST,,2026-08-06T13:51:00Z,ADVERSE_FIRST,2026-08-06T14:19:00Z,2026-08-06T13:54:00Z,ADVERSE_FIRST,,2026-08-06T13:54:00Z,ADVERSE_FIRST,,2026-08-06T13:54:00Z,ADVERSE_FIRST,,2026-08-06T13:54:00Z,ADVERSE_FIRST,,2026-08-06T13:54:00Z,AMBIGUOUS_SAME_BAR,2026-08-06T13:56:00Z,2026-08-06T13:56:00Z,ADVERSE_FIRST,2026-08-06T14:07:00Z,2026-08-06T13:56:00Z,ADVERSE_FIRST,2026-08-06T14:11:00Z,2026-08-06T13:56:00Z,ADVERSE_FIRST,,2026-08-06T13:56:00Z,ADVERSE_FIRST,2026-08-06T14:07:00Z,2026-08-06T13:59:00Z,ADVERSE_FIRST,2026-08-06T14:11:00Z,2026-08-06T13:59:00Z,ADVERSE_FIRST,,2026-08-06T13:59:00Z,ADVERSE_FIRST,,2026-08-06T13:59:00Z,ADVERSE_FIRST,,2026-08-06T13:59:00Z
SPY:2026-08-06:SHORT:2026-08-06T15:19:00+00:00:v1,2026-08-06,SHORT,768.975000000000,768.930000000000,0.045000000000,2026-08-06T15:20:00Z,2026-08-06T15:25:00Z,5,WORSE,1.515000000000,1.470000000000,0.815000000000,0.860000000000,0.445000000000,0.400000000000,0.045000000000,-0.045000000000,True,10,5,AVAILABLE,AVAILABLE,2026-08-06T15:20:00Z,2026-08-06T15:25:00Z,ADVERSE_FIRST,2026-08-06T15:23:00Z,2026-08-06T15:20:00Z,ADVERSE_FIRST,2026-08-06T15:35:00Z,2026-08-06T15:20:00Z,ADVERSE_FIRST,2026-08-06T15:54:00Z,2026-08-06T15:20:00Z,ADVERSE_FIRST,2026-08-06T15:55:00Z,2026-08-06T15:20:00Z,ADVERSE_FIRST,2026-08-06T15:35:00Z,2026-08-06T15:27:00Z,ADVERSE_FIRST,2026-08-06T15:54:00Z,2026-08-06T15:27:00Z,ADVERSE_FIRST,2026-08-06T15:55:00Z,2026-08-06T15:27:00Z,ADVERSE_FIRST,2026-08-06T16:16:00Z,2026-08-06T15:27:00Z,ADVERSE_FIRST,,2026-08-06T15:27:00Z,FAVORABLE_FIRST,2026-08-06T15:25:00Z,2026-08-06T15:26:00Z,ADVERSE_FIRST,2026-08-06T15:35:00Z,2026-08-06T15:26:00Z,ADVERSE_FIRST,2026-08-06T15:54:00Z,2026-08-06T15:26:00Z,ADVERSE_FIRST,2026-08-06T16:01:00Z,2026-08-06T15:26:00Z,ADVERSE_FIRST,2026-08-06T15:35:00Z,2026-08-06T15:26:00Z,ADVERSE_FIRST,2026-08-06T15:54:00Z,2026-08-06T15:26:00Z,ADVERSE_FIRST,2026-08-06T16:01:00Z,2026-08-06T15:26:00Z,ADVERSE_FIRST,,2026-08-06T15:26:00Z,ADVERSE_FIRST,,2026-08-06T15:26:00Z
SPY:2026-08-06:SHORT:2026-08-06T15:31:00+00:00:v1,2026-08-06,SHORT,768.530000000000,768.690000000000,-0.160000000000,2026-08-06T15:35:00Z,2026-08-06T15:40:00Z,5,BETTER,1.070000000000,1.230000000000,1.260000000000,1.100000000000,-0E-12,0.160000000000,-0.160000000000,0.160000000000,True,15,10,AVAILABLE,AVAILABLE,2026-08-06T15:35:00Z,2026-08-06T15:40:00Z,ADVERSE_FIRST,2026-08-06T15:54:00Z,2026-08-06T15:36:00Z,ADVERSE_FIRST,2026-08-06T15:55:00Z,2026-08-06T15:36:00Z,ADVERSE_FIRST,2026-08-06T16:01:00Z,2026-08-06T15:36:00Z,ADVERSE_FIRST,2026-08-06T16:16:00Z,2026-08-06T15:36:00Z,ADVERSE_FIRST,2026-08-06T15:55:00Z,2026-08-06T15:39:00Z,ADVERSE_FIRST,2026-08-06T16:01:00Z,2026-08-06T15:39:00Z,ADVERSE_FIRST,2026-08-06T16:16:00Z,2026-08-06T15:39:00Z,ADVERSE_FIRST,,2026-08-06T15:39:00Z,ADVERSE_FIRST,,2026-08-06T15:39:00Z,ADVERSE_FIRST,2026-08-06T15:43:00Z,2026-08-06T15:41:00Z,ADVERSE_FIRST,2026-08-06T15:54:00Z,2026-08-06T15:41:00Z,ADVERSE_FIRST,2026-08-06T16:00:00Z,2026-08-06T15:41:00Z,ADVERSE_FIRST,2026-08-06T16:16:00Z,2026-08-06T15:41:00Z,ADVERSE_FIRST,2026-08-06T15:54:00Z,2026-08-06T15:46:00Z,ADVERSE_FIRST,2026-08-06T16:00:00Z,2026-08-06T15:46:00Z,ADVERSE_FIRST,2026-08-06T16:16:00Z,2026-08-06T15:46:00Z,ADVERSE_FIRST,,2026-08-06T15:46:00Z,ADVERSE_FIRST,,2026-08-06T15:46:00Z
SPY:2026-08-06:SHORT:2026-08-06T15:51:00+00:00:v1,2026-08-06,SHORT,768.110000000000,768.160000000000,-0.050000000000,2026-08-06T15:55:00Z,2026-08-06T16:00:00Z,5,BETTER,0.650000000000,0.700000000000,1.680000000000,1.630000000000,-0.420000000000,-0.370000000000,-0.050000000000,0.050000000000,True,140,135,AVAILABLE,AVAILABLE,2026-08-06T15:55:00Z,2026-08-06T16:00:00Z,ADVERSE_FIRST,2026-08-06T16:01:00Z,2026-08-06T15:56:00Z,ADVERSE_FIRST,2026-08-06T16:16:00Z,2026-08-06T15:56:00Z,ADVERSE_FIRST,,2026-08-06T15:56:00Z,ADVERSE_FIRST,,2026-08-06T15:56:00Z,ADVERSE_FIRST,2026-08-06T16:16:00Z,2026-08-06T15:56:00Z,ADVERSE_FIRST,,2026-08-06T15:56:00Z,ADVERSE_FIRST,,2026-08-06T15:56:00Z,ADVERSE_FIRST,,2026-08-06T15:56:00Z,ADVERSE_FIRST,,2026-08-06T15:56:00Z,FAVORABLE_FIRST,2026-08-06T16:01:00Z,2026-08-06T16:08:00Z,ADVERSE_FIRST,2026-08-06T16:16:00Z,2026-08-06T16:08:00Z,ADVERSE_FIRST,,2026-08-06T16:08:00Z,ADVERSE_FIRST,,2026-08-06T16:08:00Z,ADVERSE_FIRST,2026-08-06T16:16:00Z,2026-08-06T16:08:00Z,ADVERSE_FIRST,,2026-08-06T16:08:00Z,ADVERSE_FIRST,,2026-08-06T16:08:00Z,ADVERSE_FIRST,,2026-08-06T16:08:00Z,ADVERSE_FIRST,,2026-08-06T16:08:00Z
SPY:2026-08-06:SHORT:2026-08-06T18:37:00+00:00:v1,2026-08-06,SHORT,768.845000000000,768.785000000000,0.060000000000,2026-08-06T18:40:00Z,2026-08-06T18:45:00Z,5,WORSE,1.145000000000,1.085000000000,0.945000000000,1.005000000000,0.315000000000,0.255000000000,0.060000000000,-0.060000000000,True,25,20,AVAILABLE,AVAILABLE,2026-08-06T18:40:00Z,2026-08-06T18:45:00Z,FAVORABLE_FIRST,2026-08-06T18:42:00Z,2026-08-06T18:48:00Z,ADVERSE_FIRST,2026-08-06T19:41:00Z,2026-08-06T18:48:00Z,ADVERSE_FIRST,2026-08-06T19:46:00Z,2026-08-06T18:48:00Z,ADVERSE_FIRST,2026-08-06T19:50:00Z,2026-08-06T18:48:00Z,ADVERSE_FIRST,2026-08-06T19:41:00Z,2026-08-06T18:48:00Z,ADVERSE_FIRST,2026-08-06T19:46:00Z,2026-08-06T18:48:00Z,ADVERSE_FIRST,2026-08-06T19:50:00Z,2026-08-06T18:48:00Z,ADVERSE_FIRST,,2026-08-06T18:48:00Z,ADVERSE_FIRST,,2026-08-06T18:48:00Z,ADVERSE_FIRST,2026-08-06T19:30:00Z,2026-08-06T18:46:00Z,ADVERSE_FIRST,2026-08-06T19:41:00Z,2026-08-06T18:46:00Z,ADVERSE_FIRST,2026-08-06T19:47:00Z,2026-08-06T18:46:00Z,ADVERSE_FIRST,2026-08-06T19:50:00Z,2026-08-06T18:46:00Z,ADVERSE_FIRST,2026-08-06T19:41:00Z,2026-08-06T18:48:00Z,ADVERSE_FIRST,2026-08-06T19:47:00Z,2026-08-06T18:48:00Z,ADVERSE_FIRST,2026-08-06T19:50:00Z,2026-08-06T18:48:00Z,ADVERSE_FIRST,,2026-08-06T18:48:00Z,ADVERSE_FIRST,,2026-08-06T18:48:00Z
SPY:2026-08-06:SHORT:2026-08-06T19:24:00+00:00:v1,2026-08-06,SHORT,768.830000000000,768.655000000000,0.175000000000,2026-08-06T19:25:00Z,2026-08-06T19:30:00Z,5,WORSE,1.130000000000,0.955000000000,0.170000000000,0.345000000000,0.300000000000,0.125000000000,0.175000000000,-0.175000000000,True,,,AVAILABLE,AVAILABLE,2026-08-06T19:25:00Z,2026-08-06T19:30:00Z,FAVORABLE_FIRST,2026-08-06T19:25:00Z,,FAVORABLE_FIRST,2026-08-06T19:41:00Z,,FAVORABLE_FIRST,2026-08-06T19:46:00Z,,FAVORABLE_FIRST,2026-08-06T19:50:00Z,,FAVORABLE_FIRST,2026-08-06T19:41:00Z,,FAVORABLE_FIRST,2026-08-06T19:46:00Z,,FAVORABLE_FIRST,2026-08-06T19:50:00Z,,NEITHER,,,NEITHER,,,ADVERSE_FIRST,2026-08-06T19:41:00Z,2026-08-06T19:32:00Z,ADVERSE_FIRST,2026-08-06T19:42:00Z,2026-08-06T19:32:00Z,ADVERSE_FIRST,2026-08-06T19:50:00Z,2026-08-06T19:32:00Z,ADVERSE_FIRST,,2026-08-06T19:32:00Z,ADVERSE_FIRST,2026-08-06T19:42:00Z,2026-08-06T19:32:00Z,ADVERSE_FIRST,2026-08-06T19:50:00Z,2026-08-06T19:32:00Z,ADVERSE_FIRST,,2026-08-06T19:32:00Z,ADVERSE_FIRST,,2026-08-06T19:32:00Z,ADVERSE_FIRST,,2026-08-06T19:32:00Z
SPY:2026-08-07:LONG:2026-08-07T13:41:00+00:00:v1,2026-08-07,LONG,771.990000000000,771.730000000000,-0.260000000000,2026-08-07T13:45:00Z,2026-08-07T13:50:00Z,5,BETTER,1.925000000000,2.185000000000,2.380000000000,2.120000000000,1.210000000000,1.470000000000,-0.260000000000,0.260000000000,True,15,10,AVAILABLE,AVAILABLE,2026-08-07T13:45:00Z,2026-08-07T13:50:00Z,AMBIGUOUS_SAME_BAR,2026-08-07T13:45:00Z,2026-08-07T13:45:00Z,ADVERSE_FIRST,2026-08-07T14:25:00Z,2026-08-07T13:45:00Z,ADVERSE_FIRST,2026-08-07T14:26:00Z,2026-08-07T13:45:00Z,ADVERSE_FIRST,2026-08-07T14:28:00Z,2026-08-07T13:45:00Z,ADVERSE_FIRST,2026-08-07T14:25:00Z,2026-08-07T13:45:00Z,ADVERSE_FIRST,2026-08-07T14:26:00Z,2026-08-07T13:45:00Z,ADVERSE_FIRST,2026-08-07T14:28:00Z,2026-08-07T13:45:00Z,ADVERSE_FIRST,2026-08-07T15:23:00Z,2026-08-07T13:45:00Z,ADVERSE_FIRST,,2026-08-07T13:45:00Z,FAVORABLE_FIRST,2026-08-07T13:50:00Z,2026-08-07T13:56:00Z,FAVORABLE_FIRST,2026-08-07T13:52:00Z,2026-08-07T13:56:00Z,ADVERSE_FIRST,2026-08-07T14:25:00Z,2026-08-07T13:56:00Z,ADVERSE_FIRST,2026-08-07T14:26:00Z,2026-08-07T13:56:00Z,FAVORABLE_FIRST,2026-08-07T13:52:00Z,2026-08-07T13:56:00Z,ADVERSE_FIRST,2026-08-07T14:25:00Z,2026-08-07T13:56:00Z,ADVERSE_FIRST,2026-08-07T14:26:00Z,2026-08-07T13:56:00Z,ADVERSE_FIRST,2026-08-07T14:28:00Z,2026-08-07T13:56:00Z,ADVERSE_FIRST,2026-08-07T15:25:00Z,2026-08-07T13:56:00Z
SPY:2026-08-07:SHORT:2026-08-07T14:04:00+00:00:v1,2026-08-07,SHORT,770.400400000000,770.480000000000,-0.079600000000,2026-08-07T14:05:00Z,2026-08-07T14:10:00Z,5,BETTER,0.790400000000,0.870000000000,3.514600000000,3.435000000000,-2.799600000000,-2.720000000000,-0.079600000000,0.079600000000,True,15,10,AVAILABLE,AVAILABLE,2026-08-07T14:05:00Z,2026-08-07T14:10:00Z,ADVERSE_FIRST,2026-08-07T14:11:00Z,2026-08-07T14:05:00Z,ADVERSE_FIRST,2026-08-07T14:12:00Z,2026-08-07T14:05:00Z,ADVERSE_FIRST,2026-08-07T14:12:00Z,2026-08-07T14:05:00Z,ADVERSE_FIRST,,2026-08-07T14:05:00Z,ADVERSE_FIRST,2026-08-07T14:12:00Z,2026-08-07T14:05:00Z,ADVERSE_FIRST,2026-08-07T14:12:00Z,2026-08-07T14:05:00Z,ADVERSE_FIRST,,2026-08-07T14:05:00Z,ADVERSE_FIRST,,2026-08-07T14:05:00Z,ADVERSE_FIRST,,2026-08-07T14:05:00Z,AMBIGUOUS_SAME_BAR,2026-08-07T14:11:00Z,2026-08-07T14:11:00Z,ADVERSE_FIRST,2026-08-07T14:12:00Z,2026-08-07T14:11:00Z,ADVERSE_FIRST,2026-08-07T14:12:00Z,2026-08-07T14:11:00Z,ADVERSE_FIRST,,2026-08-07T14:11:00Z,ADVERSE_FIRST,2026-08-07T14:12:00Z,2026-08-07T14:11:00Z,ADVERSE_FIRST,2026-08-07T14:12:00Z,2026-08-07T14:11:00Z,ADVERSE_FIRST,,2026-08-07T14:11:00Z,ADVERSE_FIRST,,2026-08-07T14:11:00Z,ADVERSE_FIRST,,2026-08-07T14:11:00Z
SPY:2026-08-07:LONG:2026-08-07T14:19:00+00:00:v1,2026-08-07,LONG,771.830000000000,772.045000000000,0.215000000000,2026-08-07T14:20:00Z,2026-08-07T14:25:00Z,5,WORSE,2.085000000000,1.870000000000,0.940000000000,1.155000000000,1.370000000000,1.155000000000,0.215000000000,-0.215000000000,True,235,230,AVAILABLE,AVAILABLE,2026-08-07T14:20:00Z,2026-08-07T14:25:00Z,ADVERSE_FIRST,2026-08-07T14:23:00Z,2026-08-07T14:20:00Z,ADVERSE_FIRST,2026-08-07T14:25:00Z,2026-08-07T14:20:00Z,ADVERSE_FIRST,2026-08-07T14:25:00Z,2026-08-07T14:20:00Z,ADVERSE_FIRST,2026-08-07T14:26:00Z,2026-08-07T14:20:00Z,ADVERSE_FIRST,2026-08-07T14:25:00Z,2026-08-07T14:20:00Z,ADVERSE_FIRST,2026-08-07T14:25:00Z,2026-08-07T14:20:00Z,ADVERSE_FIRST,2026-08-07T14:26:00Z,2026-08-07T14:20:00Z,ADVERSE_FIRST,2026-08-07T14:30:00Z,2026-08-07T14:20:00Z,ADVERSE_FIRST,2026-08-07T15:26:00Z,2026-08-07T14:20:00Z,FAVORABLE_FIRST,2026-08-07T14:25:00Z,2026-08-07T14:39:00Z,FAVORABLE_FIRST,2026-08-07T14:25:00Z,2026-08-07T14:39:00Z,FAVORABLE_FIRST,2026-08-07T14:26:00Z,2026-08-07T14:39:00Z,FAVORABLE_FIRST,2026-08-07T14:28:00Z,2026-08-07T14:39:00Z,FAVORABLE_FIRST,2026-08-07T14:25:00Z,2026-08-07T14:39:00Z,FAVORABLE_FIRST,2026-08-07T14:26:00Z,2026-08-07T14:39:00Z,FAVORABLE_FIRST,2026-08-07T14:28:00Z,2026-08-07T14:39:00Z,ADVERSE_FIRST,2026-08-07T15:24:00Z,2026-08-07T14:39:00Z,ADVERSE_FIRST,,2026-08-07T14:39:00Z
SPY:2026-08-07:LONG:2026-08-07T18:16:00+00:00:v1,2026-08-07,LONG,771.720000000000,771.660000000000,-0.060000000000,2026-08-07T18:20:00Z,2026-08-07T18:25:00Z,5,BETTER,2.110000000000,2.170000000000,0.830000000000,0.770000000000,1.480000000000,1.540000000000,-0.060000000000,0.060000000000,True,10,5,AVAILABLE,AVAILABLE,2026-08-07T18:20:00Z,2026-08-07T18:25:00Z,ADVERSE_FIRST,2026-08-07T19:01:00Z,2026-08-07T18:29:00Z,ADVERSE_FIRST,2026-08-07T19:01:00Z,2026-08-07T18:29:00Z,ADVERSE_FIRST,2026-08-07T19:01:00Z,2026-08-07T18:29:00Z,ADVERSE_FIRST,2026-08-07T19:10:00Z,2026-08-07T18:29:00Z,ADVERSE_FIRST,2026-08-07T19:01:00Z,2026-08-07T18:30:00Z,ADVERSE_FIRST,2026-08-07T19:01:00Z,2026-08-07T18:30:00Z,ADVERSE_FIRST,2026-08-07T19:10:00Z,2026-08-07T18:30:00Z,ADVERSE_FIRST,2026-08-07T19:15:00Z,2026-08-07T18:30:00Z,ADVERSE_FIRST,2026-08-07T19:59:00Z,2026-08-07T18:30:00Z,ADVERSE_FIRST,2026-08-07T19:00:00Z,2026-08-07T18:30:00Z,ADVERSE_FIRST,2026-08-07T19:01:00Z,2026-08-07T18:30:00Z,ADVERSE_FIRST,2026-08-07T19:01:00Z,2026-08-07T18:30:00Z,ADVERSE_FIRST,2026-08-07T19:09:00Z,2026-08-07T18:30:00Z,ADVERSE_FIRST,2026-08-07T19:01:00Z,2026-08-07T18:31:00Z,ADVERSE_FIRST,2026-08-07T19:01:00Z,2026-08-07T18:31:00Z,ADVERSE_FIRST,2026-08-07T19:09:00Z,2026-08-07T18:31:00Z,ADVERSE_FIRST,2026-08-07T19:15:00Z,2026-08-07T18:31:00Z,ADVERSE_FIRST,2026-08-07T19:59:00Z,2026-08-07T18:31:00Z
SPY:2026-08-07:LONG:2026-08-07T18:59:00+00:00:v1,2026-08-07,LONG,771.680000000000,772.050000000000,0.370000000000,2026-08-07T19:00:00Z,2026-08-07T19:05:00Z,5,WORSE,2.150000000000,1.780000000000,0.020000000000,0.015000000000,1.520000000000,1.150000000000,0.370000000000,0.005000000000,True,,,AVAILABLE,AVAILABLE,2026-08-07T19:00:00Z,2026-08-07T19:05:00Z,FAVORABLE_FIRST,2026-08-07T19:00:00Z,,FAVORABLE_FIRST,2026-08-07T19:01:00Z,,FAVORABLE_FIRST,2026-08-07T19:01:00Z,,FAVORABLE_FIRST,2026-08-07T19:09:00Z,,FAVORABLE_FIRST,2026-08-07T19:01:00Z,,FAVORABLE_FIRST,2026-08-07T19:01:00Z,,FAVORABLE_FIRST,2026-08-07T19:09:00Z,,FAVORABLE_FIRST,2026-08-07T19:15:00Z,,FAVORABLE_FIRST,2026-08-07T19:59:00Z,,FAVORABLE_FIRST,2026-08-07T19:05:00Z,,FAVORABLE_FIRST,2026-08-07T19:07:00Z,,FAVORABLE_FIRST,2026-08-07T19:10:00Z,,FAVORABLE_FIRST,2026-08-07T19:10:00Z,,FAVORABLE_FIRST,2026-08-07T19:07:00Z,,FAVORABLE_FIRST,2026-08-07T19:10:00Z,,FAVORABLE_FIRST,2026-08-07T19:10:00Z,,FAVORABLE_FIRST,2026-08-07T19:58:00Z,,NEITHER,,
SPY:2026-08-10:LONG:2026-08-10T14:00:00+00:00:v1,2026-08-10,LONG,773.680000000000,774.025000000000,0.345000000000,2026-08-10T14:05:00Z,2026-08-10T14:10:00Z,5,WORSE,1.370000000000,1.025000000000,2.060000000000,2.405000000000,-0.620000000000,-0.965000000000,0.345000000000,-0.345000000000,True,55,50,AVAILABLE,AVAILABLE,2026-08-10T14:05:00Z,2026-08-10T14:10:00Z,FAVORABLE_FIRST,2026-08-10T14:09:00Z,2026-08-10T15:00:00Z,FAVORABLE_FIRST,2026-08-10T14:10:00Z,2026-08-10T15:00:00Z,FAVORABLE_FIRST,2026-08-10T14:29:00Z,2026-08-10T15:00:00Z,FAVORABLE_FIRST,2026-08-10T14:31:00Z,2026-08-10T15:00:00Z,FAVORABLE_FIRST,2026-08-10T14:10:00Z,2026-08-10T15:00:00Z,FAVORABLE_FIRST,2026-08-10T14:29:00Z,2026-08-10T15:00:00Z,FAVORABLE_FIRST,2026-08-10T14:31:00Z,2026-08-10T15:00:00Z,ADVERSE_FIRST,,2026-08-10T15:00:00Z,ADVERSE_FIRST,,2026-08-10T15:00:00Z,FAVORABLE_FIRST,2026-08-10T14:15:00Z,2026-08-10T14:25:00Z,ADVERSE_FIRST,2026-08-10T14:31:00Z,2026-08-10T14:25:00Z,ADVERSE_FIRST,2026-08-10T14:45:00Z,2026-08-10T14:25:00Z,ADVERSE_FIRST,2026-08-10T14:47:00Z,2026-08-10T14:25:00Z,FAVORABLE_FIRST,2026-08-10T14:31:00Z,2026-08-10T14:59:00Z,FAVORABLE_FIRST,2026-08-10T14:45:00Z,2026-08-10T14:59:00Z,FAVORABLE_FIRST,2026-08-10T14:47:00Z,2026-08-10T14:59:00Z,ADVERSE_FIRST,,2026-08-10T14:59:00Z,ADVERSE_FIRST,,2026-08-10T14:59:00Z
SPY:2026-08-10:LONG:2026-08-10T15:10:00+00:00:v1,2026-08-10,LONG,773.820000000000,773.920000000000,0.100000000000,2026-08-10T15:15:00Z,2026-08-10T15:20:00Z,5,WORSE,0.615000000000,0.515000000000,2.200000000000,2.300000000000,-0.760000000000,-0.860000000000,0.100000000000,-0.100000000000,True,20,15,AVAILABLE,AVAILABLE,2026-08-10T15:15:00Z,2026-08-10T15:20:00Z,FAVORABLE_FIRST,2026-08-10T15:15:00Z,2026-08-10T15:25:00Z,ADVERSE_FIRST,2026-08-10T15:54:00Z,2026-08-10T15:25:00Z,ADVERSE_FIRST,,2026-08-10T15:25:00Z,ADVERSE_FIRST,,2026-08-10T15:25:00Z,ADVERSE_FIRST,2026-08-10T15:54:00Z,2026-08-10T15:25:00Z,ADVERSE_FIRST,,2026-08-10T15:25:00Z,ADVERSE_FIRST,,2026-08-10T15:25:00Z,ADVERSE_FIRST,,2026-08-10T15:25:00Z,ADVERSE_FIRST,,2026-08-10T15:25:00Z,ADVERSE_FIRST,2026-08-10T15:53:00Z,2026-08-10T15:25:00Z,ADVERSE_FIRST,2026-08-10T16:00:00Z,2026-08-10T15:25:00Z,ADVERSE_FIRST,,2026-08-10T15:25:00Z,ADVERSE_FIRST,,2026-08-10T15:25:00Z,ADVERSE_FIRST,2026-08-10T16:00:00Z,2026-08-10T15:25:00Z,ADVERSE_FIRST,,2026-08-10T15:25:00Z,ADVERSE_FIRST,,2026-08-10T15:25:00Z,ADVERSE_FIRST,,2026-08-10T15:25:00Z,ADVERSE_FIRST,,2026-08-10T15:25:00Z
SPY:2026-08-10:LONG:2026-08-10T15:50:00+00:00:v1,2026-08-10,LONG,774.190000000000,774.340000000000,0.150000000000,2026-08-10T15:55:00Z,2026-08-10T16:00:00Z,5,WORSE,0.245000000000,0.095000000000,2.570000000000,2.720000000000,-1.130000000000,-1.280000000000,0.150000000000,-0.150000000000,True,35,30,AVAILABLE,AVAILABLE,2026-08-10T15:55:00Z,2026-08-10T16:00:00Z,ADVERSE_FIRST,,2026-08-10T16:08:00Z,ADVERSE_FIRST,,2026-08-10T16:08:00Z,ADVERSE_FIRST,,2026-08-10T16:08:00Z,ADVERSE_FIRST,,2026-08-10T16:08:00Z,ADVERSE_FIRST,,2026-08-10T16:09:00Z,ADVERSE_FIRST,,2026-08-10T16:09:00Z,ADVERSE_FIRST,,2026-08-10T16:09:00Z,ADVERSE_FIRST,,2026-08-10T16:09:00Z,ADVERSE_FIRST,,2026-08-10T16:09:00Z,ADVERSE_FIRST,,2026-08-10T16:04:00Z,ADVERSE_FIRST,,2026-08-10T16:04:00Z,ADVERSE_FIRST,,2026-08-10T16:04:00Z,ADVERSE_FIRST,,2026-08-10T16:04:00Z,ADVERSE_FIRST,,2026-08-10T16:04:00Z,ADVERSE_FIRST,,2026-08-10T16:04:00Z,ADVERSE_FIRST,,2026-08-10T16:04:00Z,ADVERSE_FIRST,,2026-08-10T16:04:00Z,ADVERSE_FIRST,,2026-08-10T16:04:00Z
SPY:2026-08-10:SHORT:2026-08-10T18:25:00+00:00:v1,2026-08-10,SHORT,772.520000000000,772.540000000000,-0.020000000000,2026-08-10T18:30:00Z,2026-08-10T18:35:00Z,5,BETTER,0.205000000000,0.225000000000,0.920000000000,0.900000000000,-0.540000000000,-0.520000000000,-0.020000000000,0.020000000000,True,10,5,AVAILABLE,AVAILABLE,2026-08-10T18:30:00Z,2026-08-10T18:35:00Z,ADVERSE_FIRST,,2026-08-10T18:41:00Z,ADVERSE_FIRST,,2026-08-10T18:41:00Z,ADVERSE_FIRST,,2026-08-10T18:41:00Z,ADVERSE_FIRST,,2026-08-10T18:41:00Z,ADVERSE_FIRST,,2026-08-10T18:42:00Z,ADVERSE_FIRST,,2026-08-10T18:42:00Z,ADVERSE_FIRST,,2026-08-10T18:42:00Z,ADVERSE_FIRST,,2026-08-10T18:42:00Z,ADVERSE_FIRST,,2026-08-10T18:42:00Z,ADVERSE_FIRST,,2026-08-10T18:41:00Z,ADVERSE_FIRST,,2026-08-10T18:41:00Z,ADVERSE_FIRST,,2026-08-10T18:41:00Z,ADVERSE_FIRST,,2026-08-10T18:41:00Z,ADVERSE_FIRST,,2026-08-10T18:42:00Z,ADVERSE_FIRST,,2026-08-10T18:42:00Z,ADVERSE_FIRST,,2026-08-10T18:42:00Z,ADVERSE_FIRST,,2026-08-10T18:42:00Z,ADVERSE_FIRST,,2026-08-10T18:42:00Z
SPY:2026-08-11:SHORT:2026-08-11T13:45:00+00:00:v1,2026-08-11,SHORT,772.835000000000,772.880000000000,-0.045000000000,2026-08-11T13:50:00Z,2026-08-11T13:55:00Z,5,BETTER,3.635000000000,3.680000000000,1.245000000000,1.200000000000,2.415000000000,2.460000000000,-0.045000000000,0.045000000000,True,10,5,AVAILABLE,AVAILABLE,2026-08-11T13:50:00Z,2026-08-11T13:55:00Z,ADVERSE_FIRST,2026-08-11T15:11:00Z,2026-08-11T13:53:00Z,ADVERSE_FIRST,2026-08-11T15:18:00Z,2026-08-11T13:53:00Z,ADVERSE_FIRST,2026-08-11T15:34:00Z,2026-08-11T13:53:00Z,ADVERSE_FIRST,2026-08-11T15:34:00Z,2026-08-11T13:53:00Z,ADVERSE_FIRST,2026-08-11T15:18:00Z,2026-08-11T13:53:00Z,ADVERSE_FIRST,2026-08-11T15:34:00Z,2026-08-11T13:53:00Z,ADVERSE_FIRST,2026-08-11T15:34:00Z,2026-08-11T13:53:00Z,ADVERSE_FIRST,2026-08-11T16:46:00Z,2026-08-11T13:53:00Z,ADVERSE_FIRST,2026-08-11T17:02:00Z,2026-08-11T13:53:00Z,ADVERSE_FIRST,2026-08-11T15:11:00Z,2026-08-11T13:56:00Z,ADVERSE_FIRST,2026-08-11T15:18:00Z,2026-08-11T13:56:00Z,ADVERSE_FIRST,2026-08-11T15:34:00Z,2026-08-11T13:56:00Z,ADVERSE_FIRST,2026-08-11T15:34:00Z,2026-08-11T13:56:00Z,ADVERSE_FIRST,2026-08-11T15:18:00Z,2026-08-11T13:56:00Z,ADVERSE_FIRST,2026-08-11T15:34:00Z,2026-08-11T13:56:00Z,ADVERSE_FIRST,2026-08-11T15:34:00Z,2026-08-11T13:56:00Z,ADVERSE_FIRST,2026-08-11T16:25:00Z,2026-08-11T13:56:00Z,ADVERSE_FIRST,2026-08-11T17:02:00Z,2026-08-11T13:56:00Z
SPY:2026-08-11:SHORT:2026-08-11T15:06:00+00:00:v1,2026-08-11,SHORT,772.790000000000,772.660000000000,0.130000000000,2026-08-11T15:10:00Z,2026-08-11T15:15:00Z,5,WORSE,3.590000000000,3.460000000000,0.155000000000,0.180000000000,2.370000000000,2.240000000000,0.130000000000,-0.025000000000,True,,,AVAILABLE,AVAILABLE,2026-08-11T15:10:00Z,2026-08-11T15:15:00Z,FAVORABLE_FIRST,2026-08-11T15:15:00Z,,FAVORABLE_FIRST,2026-08-11T15:18:00Z,,FAVORABLE_FIRST,2026-08-11T15:34:00Z,,FAVORABLE_FIRST,2026-08-11T15:39:00Z,,FAVORABLE_FIRST,2026-08-11T15:18:00Z,,FAVORABLE_FIRST,2026-08-11T15:34:00Z,,FAVORABLE_FIRST,2026-08-11T15:39:00Z,,FAVORABLE_FIRST,2026-08-11T16:48:00Z,,FAVORABLE_FIRST,2026-08-11T17:04:00Z,,FAVORABLE_FIRST,2026-08-11T15:18:00Z,,FAVORABLE_FIRST,2026-08-11T15:34:00Z,,FAVORABLE_FIRST,2026-08-11T15:34:00Z,,FAVORABLE_FIRST,2026-08-11T16:24:00Z,,FAVORABLE_FIRST,2026-08-11T15:34:00Z,,FAVORABLE_FIRST,2026-08-11T15:34:00Z,,FAVORABLE_FIRST,2026-08-11T16:24:00Z,,FAVORABLE_FIRST,2026-08-11T16:56:00Z,,FAVORABLE_FIRST,2026-08-11T17:11:00Z,
SPY:2026-08-12:SHORT:2026-08-12T13:52:00+00:00:v1,2026-08-12,SHORT,772.615000000000,772.595000000000,0.020000000000,2026-08-12T13:55:00Z,2026-08-12T14:00:00Z,5,WORSE,1.335000000000,1.315000000000,1.015000000000,1.035000000000,0.095000000000,0.075000000000,0.020000000000,-0.020000000000,True,30,25,AVAILABLE,AVAILABLE,2026-08-12T13:55:00Z,2026-08-12T14:00:00Z,FAVORABLE_FIRST,2026-08-12T13:56:00Z,2026-08-12T14:18:00Z,FAVORABLE_FIRST,2026-08-12T13:56:00Z,2026-08-12T14:18:00Z,ADVERSE_FIRST,2026-08-12T14:31:00Z,2026-08-12T14:18:00Z,ADVERSE_FIRST,2026-08-12T14:31:00Z,2026-08-12T14:18:00Z,FAVORABLE_FIRST,2026-08-12T13:56:00Z,2026-08-12T14:18:00Z,ADVERSE_FIRST,2026-08-12T14:31:00Z,2026-08-12T14:18:00Z,ADVERSE_FIRST,2026-08-12T14:31:00Z,2026-08-12T14:18:00Z,ADVERSE_FIRST,,2026-08-12T14:18:00Z,ADVERSE_FIRST,,2026-08-12T14:18:00Z,FAVORABLE_FIRST,2026-08-12T14:00:00Z,2026-08-12T14:18:00Z,FAVORABLE_FIRST,2026-08-12T14:04:00Z,2026-08-12T14:18:00Z,ADVERSE_FIRST,2026-08-12T14:31:00Z,2026-08-12T14:18:00Z,ADVERSE_FIRST,2026-08-12T14:31:00Z,2026-08-12T14:18:00Z,FAVORABLE_FIRST,2026-08-12T14:04:00Z,2026-08-12T14:18:00Z,ADVERSE_FIRST,2026-08-12T14:31:00Z,2026-08-12T14:18:00Z,ADVERSE_FIRST,2026-08-12T14:31:00Z,2026-08-12T14:18:00Z,ADVERSE_FIRST,,2026-08-12T14:18:00Z,ADVERSE_FIRST,,2026-08-12T14:18:00Z
SPY:2026-08-12:SHORT:2026-08-12T14:47:00+00:00:v1,2026-08-12,SHORT,772.680000000000,772.040000000000,0.640000000000,2026-08-12T14:50:00Z,2026-08-12T14:55:00Z,5,WORSE,1.120000000000,0.480000000000,0.950000000000,1.590000000000,0.160000000000,-0.480000000000,0.640000000000,-0.640000000000,True,110,105,AVAILABLE,AVAILABLE,2026-08-12T14:50:00Z,2026-08-12T14:55:00Z,FAVORABLE_FIRST,2026-08-12T14:50:00Z,2026-08-12T16:50:00Z,FAVORABLE_FIRST,2026-08-12T14:51:00Z,2026-08-12T16:50:00Z,FAVORABLE_FIRST,2026-08-12T14:55:00Z,2026-08-12T16:50:00Z,FAVORABLE_FIRST,2026-08-12T15:34:00Z,2026-08-12T16:50:00Z,FAVORABLE_FIRST,2026-08-12T14:51:00Z,2026-08-12T16:50:00Z,FAVORABLE_FIRST,2026-08-12T14:55:00Z,2026-08-12T16:50:00Z,FAVORABLE_FIRST,2026-08-12T15:34:00Z,2026-08-12T16:50:00Z,ADVERSE_FIRST,,2026-08-12T16:50:00Z,ADVERSE_FIRST,,2026-08-12T16:50:00Z,ADVERSE_FIRST,2026-08-12T15:03:00Z,2026-08-12T14:57:00Z,ADVERSE_FIRST,,2026-08-12T14:57:00Z,ADVERSE_FIRST,,2026-08-12T14:57:00Z,ADVERSE_FIRST,,2026-08-12T14:57:00Z,ADVERSE_FIRST,,2026-08-12T14:58:00Z,ADVERSE_FIRST,,2026-08-12T14:58:00Z,ADVERSE_FIRST,,2026-08-12T14:58:00Z,ADVERSE_FIRST,,2026-08-12T14:58:00Z,ADVERSE_FIRST,,2026-08-12T14:58:00Z
SPY:2026-08-12:SHORT:2026-08-12T19:50:00+00:00:v1,2026-08-12,SHORT,772.260000000000,,,2026-08-12T19:55:00Z,,,,,,,,,,,,,,,AVAILABLE,ENTRY_UNAVAILABLE_SESSION_END,2026-08-12T19:55:00Z,2026-08-12T20:00:00Z,FAVORABLE_FIRST,2026-08-12T19:55:00Z,2026-08-12T19:59:00Z,ADVERSE_FIRST,,2026-08-12T19:59:00Z,ADVERSE_FIRST,,2026-08-12T19:59:00Z,ADVERSE_FIRST,,2026-08-12T19:59:00Z,ADVERSE_FIRST,,2026-08-12T19:59:00Z,ADVERSE_FIRST,,2026-08-12T19:59:00Z,ADVERSE_FIRST,,2026-08-12T19:59:00Z,ADVERSE_FIRST,,2026-08-12T19:59:00Z,ADVERSE_FIRST,,2026-08-12T19:59:00Z,NO_FUTURE_DATA,,,NO_FUTURE_DATA,,,NO_FUTURE_DATA,,,NO_FUTURE_DATA,,,NO_FUTURE_DATA,,,NO_FUTURE_DATA,,,NO_FUTURE_DATA,,,NO_FUTURE_DATA,,,NO_FUTURE_DATA,,
SPY:2026-08-13:LONG:2026-08-13T13:35:00+00:00:v1,2026-08-13,LONG,776.440000000000,775.720000000000,-0.720000000000,2026-08-13T13:40:00Z,2026-08-13T13:45:00Z,5,BETTER,2.930000000000,3.650000000000,1.060000000000,0.340000000000,1.360000000000,2.080000000000,-0.720000000000,0.720000000000,True,140,135,AVAILABLE,AVAILABLE,2026-08-13T13:40:00Z,2026-08-13T13:45:00Z,ADVERSE_FIRST,2026-08-13T13:47:00Z,2026-08-13T13:41:00Z,ADVERSE_FIRST,2026-08-13T13:48:00Z,2026-08-13T13:41:00Z,ADVERSE_FIRST,2026-08-13T13:56:00Z,2026-08-13T13:41:00Z,ADVERSE_FIRST,2026-08-13T13:57:00Z,2026-08-13T13:41:00Z,ADVERSE_FIRST,2026-08-13T13:48:00Z,2026-08-13T13:41:00Z,ADVERSE_FIRST,2026-08-13T13:56:00Z,2026-08-13T13:41:00Z,ADVERSE_FIRST,2026-08-13T13:57:00Z,2026-08-13T13:41:00Z,ADVERSE_FIRST,2026-08-13T14:00:00Z,2026-08-13T13:41:00Z,ADVERSE_FIRST,2026-08-13T14:11:00Z,2026-08-13T13:41:00Z,FAVORABLE_FIRST,2026-08-13T13:45:00Z,2026-08-13T15:59:00Z,FAVORABLE_FIRST,2026-08-13T13:45:00Z,2026-08-13T15:59:00Z,FAVORABLE_FIRST,2026-08-13T13:46:00Z,2026-08-13T15:59:00Z,FAVORABLE_FIRST,2026-08-13T13:47:00Z,2026-08-13T15:59:00Z,FAVORABLE_FIRST,2026-08-13T13:45:00Z,2026-08-13T15:59:00Z,FAVORABLE_FIRST,2026-08-13T13:46:00Z,2026-08-13T15:59:00Z,FAVORABLE_FIRST,2026-08-13T13:47:00Z,2026-08-13T15:59:00Z,FAVORABLE_FIRST,2026-08-13T13:56:00Z,2026-08-13T15:59:00Z,FAVORABLE_FIRST,2026-08-13T14:00:00Z,2026-08-13T15:59:00Z
SPY:2026-08-13:LONG:2026-08-13T16:00:00+00:00:v1,2026-08-13,LONG,775.910000000000,775.965000000000,0.055000000000,2026-08-13T16:05:00Z,2026-08-13T16:10:00Z,5,WORSE,2.520000000000,2.465000000000,0.310000000000,0.365000000000,1.890000000000,1.835000000000,0.055000000000,-0.055000000000,True,,,AVAILABLE,AVAILABLE,2026-08-13T16:05:00Z,2026-08-13T16:10:00Z,FAVORABLE_FIRST,2026-08-13T16:05:00Z,2026-08-13T16:16:00Z,ADVERSE_FIRST,2026-08-13T16:27:00Z,2026-08-13T16:16:00Z,ADVERSE_FIRST,2026-08-13T16:31:00Z,2026-08-13T16:16:00Z,ADVERSE_FIRST,2026-08-13T17:00:00Z,2026-08-13T16:16:00Z,ADVERSE_FIRST,2026-08-13T16:27:00Z,2026-08-13T16:17:00Z,ADVERSE_FIRST,2026-08-13T16:31:00Z,2026-08-13T16:17:00Z,ADVERSE_FIRST,2026-08-13T17:00:00Z,2026-08-13T16:17:00Z,ADVERSE_FIRST,2026-08-13T17:20:00Z,2026-08-13T16:17:00Z,ADVERSE_FIRST,2026-08-13T18:54:00Z,2026-08-13T16:17:00Z,ADVERSE_FIRST,2026-08-13T16:25:00Z,2026-08-13T16:14:00Z,ADVERSE_FIRST,2026-08-13T16:27:00Z,2026-08-13T16:14:00Z,ADVERSE_FIRST,2026-08-13T16:51:00Z,2026-08-13T16:14:00Z,ADVERSE_FIRST,2026-08-13T17:01:00Z,2026-08-13T16:14:00Z,ADVERSE_FIRST,2026-08-13T16:27:00Z,2026-08-13T16:16:00Z,ADVERSE_FIRST,2026-08-13T16:51:00Z,2026-08-13T16:16:00Z,ADVERSE_FIRST,2026-08-13T17:01:00Z,2026-08-13T16:16:00Z,ADVERSE_FIRST,2026-08-13T17:20:00Z,2026-08-13T16:16:00Z,ADVERSE_FIRST,2026-08-13T19:06:00Z,2026-08-13T16:16:00Z
SPY:2026-08-14:SHORT:2026-08-14T14:18:00+00:00:v1,2026-08-14,SHORT,777.810000000000,777.527100000000,0.282900000000,2026-08-14T14:20:00Z,2026-08-14T14:25:00Z,5,WORSE,2.379900000000,2.097000000000,0.100000000000,0.092800000000,1.510000000000,1.227100000000,0.282900000000,0.007200000000,True,,,AVAILABLE,AVAILABLE,2026-08-14T14:20:00Z,2026-08-14T14:25:00Z,FAVORABLE_FIRST,2026-08-14T14:21:00Z,,FAVORABLE_FIRST,2026-08-14T14:26:00Z,,FAVORABLE_FIRST,2026-08-14T14:30:00Z,,FAVORABLE_FIRST,2026-08-14T14:59:00Z,,FAVORABLE_FIRST,2026-08-14T14:26:00Z,,FAVORABLE_FIRST,2026-08-14T14:30:00Z,,FAVORABLE_FIRST,2026-08-14T14:59:00Z,,FAVORABLE_FIRST,2026-08-14T15:22:00Z,,FAVORABLE_FIRST,2026-08-14T15:51:00Z,,FAVORABLE_FIRST,2026-08-14T14:27:00Z,,FAVORABLE_FIRST,2026-08-14T14:30:00Z,,FAVORABLE_FIRST,2026-08-14T14:59:00Z,,FAVORABLE_FIRST,2026-08-14T15:14:00Z,,FAVORABLE_FIRST,2026-08-14T14:30:00Z,,FAVORABLE_FIRST,2026-08-14T14:59:00Z,,FAVORABLE_FIRST,2026-08-14T15:14:00Z,,FAVORABLE_FIRST,2026-08-14T15:24:00Z,,FAVORABLE_FIRST,2026-08-14T17:37:00Z,
SPY:2026-08-17:SHORT:2026-08-17T13:56:00+00:00:v1,2026-08-17,SHORT,775.265000000000,775.435000000000,-0.170000000000,2026-08-17T14:00:00Z,2026-08-17T14:05:00Z,5,BETTER,2.755000000000,2.925000000000,0.595000000000,0.425000000000,2.585000000000,2.755000000000,-0.170000000000,0.170000000000,True,15,10,AVAILABLE,AVAILABLE,2026-08-17T14:00:00Z,2026-08-17T14:05:00Z,ADVERSE_FIRST,2026-08-17T14:28:00Z,2026-08-17T14:02:00Z,ADVERSE_FIRST,2026-08-17T15:41:00Z,2026-08-17T14:02:00Z,ADVERSE_FIRST,2026-08-17T17:05:00Z,2026-08-17T14:02:00Z,ADVERSE_FIRST,2026-08-17T17:15:00Z,2026-08-17T14:02:00Z,ADVERSE_FIRST,2026-08-17T15:41:00Z,2026-08-17T14:02:00Z,ADVERSE_FIRST,2026-08-17T17:05:00Z,2026-08-17T14:02:00Z,ADVERSE_FIRST,2026-08-17T17:15:00Z,2026-08-17T14:02:00Z,ADVERSE_FIRST,2026-08-17T17:24:00Z,2026-08-17T14:02:00Z,ADVERSE_FIRST,2026-08-17T17:38:00Z,2026-08-17T14:02:00Z,FAVORABLE_FIRST,2026-08-17T14:08:00Z,2026-08-17T14:10:00Z,ADVERSE_FIRST,2026-08-17T14:38:00Z,2026-08-17T14:10:00Z,ADVERSE_FIRST,2026-08-17T16:54:00Z,2026-08-17T14:10:00Z,ADVERSE_FIRST,2026-08-17T17:13:00Z,2026-08-17T14:10:00Z,ADVERSE_FIRST,2026-08-17T14:38:00Z,2026-08-17T14:14:00Z,ADVERSE_FIRST,2026-08-17T16:54:00Z,2026-08-17T14:14:00Z,ADVERSE_FIRST,2026-08-17T17:13:00Z,2026-08-17T14:14:00Z,ADVERSE_FIRST,2026-08-17T17:23:00Z,2026-08-17T14:14:00Z,ADVERSE_FIRST,2026-08-17T17:34:00Z,2026-08-17T14:14:00Z
SPY:2026-08-17:SHORT:2026-08-17T14:15:00+00:00:v1,2026-08-17,SHORT,775.350000000000,775.260000000000,0.090000000000,2026-08-17T14:20:00Z,2026-08-17T14:25:00Z,5,WORSE,2.840000000000,2.750000000000,0.510000000000,0.600000000000,2.670000000000,2.580000000000,0.090000000000,-0.090000000000,True,15,10,AVAILABLE,AVAILABLE,2026-08-17T14:20:00Z,2026-08-17T14:25:00Z,FAVORABLE_FIRST,2026-08-17T14:21:00Z,2026-08-17T15:04:00Z,ADVERSE_FIRST,2026-08-17T15:41:00Z,2026-08-17T15:04:00Z,ADVERSE_FIRST,2026-08-17T17:00:00Z,2026-08-17T15:04:00Z,ADVERSE_FIRST,2026-08-17T17:14:00Z,2026-08-17T15:04:00Z,ADVERSE_FIRST,2026-08-17T15:41:00Z,2026-08-17T15:17:00Z,ADVERSE_FIRST,2026-08-17T17:00:00Z,2026-08-17T15:17:00Z,ADVERSE_FIRST,2026-08-17T17:14:00Z,2026-08-17T15:17:00Z,ADVERSE_FIRST,2026-08-17T17:23:00Z,2026-08-17T15:17:00Z,ADVERSE_FIRST,2026-08-17T17:35:00Z,2026-08-17T15:17:00Z,FAVORABLE_FIRST,2026-08-17T14:28:00Z,2026-08-17T14:30:00Z,ADVERSE_FIRST,2026-08-17T15:41:00Z,2026-08-17T14:30:00Z,ADVERSE_FIRST,2026-08-17T17:05:00Z,2026-08-17T14:30:00Z,ADVERSE_FIRST,2026-08-17T17:16:00Z,2026-08-17T14:30:00Z,ADVERSE_FIRST,2026-08-17T15:41:00Z,2026-08-17T14:31:00Z,ADVERSE_FIRST,2026-08-17T17:05:00Z,2026-08-17T14:31:00Z,ADVERSE_FIRST,2026-08-17T17:16:00Z,2026-08-17T14:31:00Z,ADVERSE_FIRST,2026-08-17T17:24:00Z,2026-08-17T14:31:00Z,ADVERSE_FIRST,2026-08-17T17:38:00Z,2026-08-17T14:31:00Z
SPY:2026-08-17:SHORT:2026-08-17T14:35:00+00:00:v1,2026-08-17,SHORT,775.070000000000,775.140000000000,-0.070000000000,2026-08-17T14:40:00Z,2026-08-17T14:45:00Z,5,BETTER,2.560000000000,2.630000000000,0.790000000000,0.720000000000,2.390000000000,2.460000000000,-0.070000000000,0.070000000000,True,25,20,AVAILABLE,AVAILABLE,2026-08-17T14:40:00Z,2026-08-17T14:45:00Z,ADVERSE_FIRST,2026-08-17T15:41:00Z,2026-08-17T14:43:00Z,ADVERSE_FIRST,2026-08-17T17:00:00Z,2026-08-17T14:43:00Z,ADVERSE_FIRST,2026-08-17T17:14:00Z,2026-08-17T14:43:00Z,ADVERSE_FIRST,2026-08-17T17:17:00Z,2026-08-17T14:43:00Z,ADVERSE_FIRST,2026-08-17T17:00:00Z,2026-08-17T14:48:00Z,ADVERSE_FIRST,2026-08-17T17:14:00Z,2026-08-17T14:48:00Z,ADVERSE_FIRST,2026-08-17T17:17:00Z,2026-08-17T14:48:00Z,ADVERSE_FIRST,2026-08-17T17:26:00Z,2026-08-17T14:48:00Z,ADVERSE_FIRST,2026-08-17T19:30:00Z,2026-08-17T14:48:00Z,ADVERSE_FIRST,2026-08-17T14:55:00Z,2026-08-17T14:51:00Z,ADVERSE_FIRST,2026-08-17T16:57:00Z,2026-08-17T14:51:00Z,ADVERSE_FIRST,2026-08-17T17:14:00Z,2026-08-17T14:51:00Z,ADVERSE_FIRST,2026-08-17T17:17:00Z,2026-08-17T14:51:00Z,ADVERSE_FIRST,2026-08-17T16:57:00Z,2026-08-17T14:51:00Z,ADVERSE_FIRST,2026-08-17T17:14:00Z,2026-08-17T14:51:00Z,ADVERSE_FIRST,2026-08-17T17:17:00Z,2026-08-17T14:51:00Z,ADVERSE_FIRST,2026-08-17T17:25:00Z,2026-08-17T14:51:00Z,ADVERSE_FIRST,2026-08-17T17:40:00Z,2026-08-17T14:51:00Z
SPY:2026-08-17:SHORT:2026-08-17T15:05:00+00:00:v1,2026-08-17,SHORT,775.370000000000,775.330000000000,0.040000000000,2026-08-17T15:10:00Z,2026-08-17T15:15:00Z,5,WORSE,2.860000000000,2.820000000000,0.490000000000,0.530000000000,2.690000000000,2.650000000000,0.040000000000,-0.040000000000,True,10,5,AVAILABLE,AVAILABLE,2026-08-17T15:10:00Z,2026-08-17T15:15:00Z,ADVERSE_FIRST,2026-08-17T15:36:00Z,2026-08-17T15:15:00Z,ADVERSE_FIRST,2026-08-17T15:40:00Z,2026-08-17T15:15:00Z,ADVERSE_FIRST,2026-08-17T16:58:00Z,2026-08-17T15:15:00Z,ADVERSE_FIRST,2026-08-17T17:14:00Z,2026-08-17T15:15:00Z,ADVERSE_FIRST,2026-08-17T15:40:00Z,2026-08-17T15:19:00Z,ADVERSE_FIRST,2026-08-17T16:58:00Z,2026-08-17T15:19:00Z,ADVERSE_FIRST,2026-08-17T17:14:00Z,2026-08-17T15:19:00Z,ADVERSE_FIRST,2026-08-17T17:23:00Z,2026-08-17T15:19:00Z,ADVERSE_FIRST,2026-08-17T17:35:00Z,2026-08-17T15:19:00Z,ADVERSE_FIRST,2026-08-17T15:38:00Z,2026-08-17T15:15:00Z,ADVERSE_FIRST,2026-08-17T15:41:00Z,2026-08-17T15:15:00Z,ADVERSE_FIRST,2026-08-17T17:00:00Z,2026-08-17T15:15:00Z,ADVERSE_FIRST,2026-08-17T17:14:00Z,2026-08-17T15:15:00Z,ADVERSE_FIRST,2026-08-17T15:41:00Z,2026-08-17T15:16:00Z,ADVERSE_FIRST,2026-08-17T17:00:00Z,2026-08-17T15:16:00Z,ADVERSE_FIRST,2026-08-17T17:14:00Z,2026-08-17T15:16:00Z,ADVERSE_FIRST,2026-08-17T17:23:00Z,2026-08-17T15:16:00Z,ADVERSE_FIRST,2026-08-17T17:36:00Z,2026-08-17T15:16:00Z
SPY:2026-08-17:SHORT:2026-08-17T15:32:00+00:00:v1,2026-08-17,SHORT,775.240000000000,775.010000000000,0.230000000000,2026-08-17T15:35:00Z,2026-08-17T15:40:00Z,5,WORSE,2.730000000000,2.500000000000,0.370000000000,0.600000000000,2.560000000000,2.330000000000,0.230000000000,-0.230000000000,True,45,40,AVAILABLE,AVAILABLE,2026-08-17T15:35:00Z,2026-08-17T15:40:00Z,FAVORABLE_FIRST,2026-08-17T15:39:00Z,2026-08-17T16:15:00Z,FAVORABLE_FIRST,2026-08-17T15:41:00Z,2026-08-17T16:15:00Z,ADVERSE_FIRST,2026-08-17T17:08:00Z,2026-08-17T16:15:00Z,ADVERSE_FIRST,2026-08-17T17:16:00Z,2026-08-17T16:15:00Z,FAVORABLE_FIRST,2026-08-17T15:41:00Z,2026-08-17T16:16:00Z,ADVERSE_FIRST,2026-08-17T17:08:00Z,2026-08-17T16:16:00Z,ADVERSE_FIRST,2026-08-17T17:16:00Z,2026-08-17T16:16:00Z,ADVERSE_FIRST,2026-08-17T17:24:00Z,2026-08-17T16:16:00Z,ADVERSE_FIRST,2026-08-17T17:39:00Z,2026-08-17T16:16:00Z,FAVORABLE_FIRST,2026-08-17T15:41:00Z,2026-08-17T15:51:00Z,ADVERSE_FIRST,2026-08-17T17:05:00Z,2026-08-17T15:51:00Z,ADVERSE_FIRST,2026-08-17T17:16:00Z,2026-08-17T15:51:00Z,ADVERSE_FIRST,2026-08-17T17:23:00Z,2026-08-17T15:51:00Z,ADVERSE_FIRST,2026-08-17T17:05:00Z,2026-08-17T15:51:00Z,ADVERSE_FIRST,2026-08-17T17:16:00Z,2026-08-17T15:51:00Z,ADVERSE_FIRST,2026-08-17T17:23:00Z,2026-08-17T15:51:00Z,ADVERSE_FIRST,2026-08-17T17:27:00Z,2026-08-17T15:51:00Z,ADVERSE_FIRST,2026-08-17T19:30:00Z,2026-08-17T15:51:00Z
SPY:2026-08-17:SHORT:2026-08-17T16:20:00+00:00:v1,2026-08-17,SHORT,775.400000000000,775.300000000000,0.100000000000,2026-08-17T16:25:00Z,2026-08-17T16:30:00Z,5,WORSE,2.890000000000,2.790000000000,0.030000000000,0.110000000000,2.720000000000,2.620000000000,0.100000000000,-0.080000000000,True,,,AVAILABLE,AVAILABLE,2026-08-17T16:25:00Z,2026-08-17T16:30:00Z,FAVORABLE_FIRST,2026-08-17T16:32:00Z,,FAVORABLE_FIRST,2026-08-17T16:45:00Z,,FAVORABLE_FIRST,2026-08-17T16:54:00Z,,FAVORABLE_FIRST,2026-08-17T17:14:00Z,,FAVORABLE_FIRST,2026-08-17T16:45:00Z,,FAVORABLE_FIRST,2026-08-17T16:54:00Z,,FAVORABLE_FIRST,2026-08-17T17:14:00Z,,FAVORABLE_FIRST,2026-08-17T17:23:00Z,,FAVORABLE_FIRST,2026-08-17T17:35:00Z,,FAVORABLE_FIRST,2026-08-17T16:41:00Z,,FAVORABLE_FIRST,2026-08-17T16:53:00Z,,FAVORABLE_FIRST,2026-08-17T17:05:00Z,,FAVORABLE_FIRST,2026-08-17T17:14:00Z,,FAVORABLE_FIRST,2026-08-17T16:53:00Z,,FAVORABLE_FIRST,2026-08-17T17:05:00Z,,FAVORABLE_FIRST,2026-08-17T17:14:00Z,,FAVORABLE_FIRST,2026-08-17T17:23:00Z,,FAVORABLE_FIRST,2026-08-17T17:38:00Z,
SPY:2026-08-18:SHORT:2026-08-18T15:09:00+00:00:v1,2026-08-18,SHORT,767.780000000000,767.730000000000,0.050000000000,2026-08-18T15:10:00Z,2026-08-18T15:15:00Z,5,WORSE,0.860000000000,0.810000000000,1.090000000000,1.140000000000,0.370000000000,0.320000000000,0.050000000000,-0.050000000000,True,35,30,AVAILABLE,AVAILABLE,2026-08-18T15:10:00Z,2026-08-18T15:15:00Z,FAVORABLE_FIRST,2026-08-18T15:19:00Z,2026-08-18T15:29:00Z,ADVERSE_FIRST,2026-08-18T19:54:00Z,2026-08-18T15:29:00Z,ADVERSE_FIRST,2026-08-18T19:59:00Z,2026-08-18T15:29:00Z,ADVERSE_FIRST,,2026-08-18T15:29:00Z,ADVERSE_FIRST,2026-08-18T19:54:00Z,2026-08-18T15:30:00Z,ADVERSE_FIRST,2026-08-18T19:59:00Z,2026-08-18T15:30:00Z,ADVERSE_FIRST,,2026-08-18T15:30:00Z,ADVERSE_FIRST,,2026-08-18T15:30:00Z,ADVERSE_FIRST,,2026-08-18T15:30:00Z,FAVORABLE_FIRST,2026-08-18T15:19:00Z,2026-08-18T15:29:00Z,ADVERSE_FIRST,2026-08-18T19:58:00Z,2026-08-18T15:29:00Z,ADVERSE_FIRST,2026-08-18T19:59:00Z,2026-08-18T15:29:00Z,ADVERSE_FIRST,,2026-08-18T15:29:00Z,ADVERSE_FIRST,2026-08-18T19:58:00Z,2026-08-18T15:29:00Z,ADVERSE_FIRST,2026-08-18T19:59:00Z,2026-08-18T15:29:00Z,ADVERSE_FIRST,,2026-08-18T15:29:00Z,ADVERSE_FIRST,,2026-08-18T15:29:00Z,ADVERSE_FIRST,,2026-08-18T15:29:00Z
SPY:2026-08-18:SHORT:2026-08-18T17:56:00+00:00:v1,2026-08-18,SHORT,767.620000000000,767.640000000000,-0.020000000000,2026-08-18T18:00:00Z,2026-08-18T18:05:00Z,5,BETTER,0.700000000000,0.720000000000,0.945000000000,0.925000000000,0.210000000000,0.230000000000,-0.020000000000,0.020000000000,True,15,10,AVAILABLE,AVAILABLE,2026-08-18T18:00:00Z,2026-08-18T18:05:00Z,ADVERSE_FIRST,2026-08-18T19:54:00Z,2026-08-18T18:13:00Z,ADVERSE_FIRST,2026-08-18T19:58:00Z,2026-08-18T18:13:00Z,ADVERSE_FIRST,,2026-08-18T18:13:00Z,ADVERSE_FIRST,,2026-08-18T18:13:00Z,ADVERSE_FIRST,2026-08-18T19:58:00Z,2026-08-18T18:13:00Z,ADVERSE_FIRST,,2026-08-18T18:13:00Z,ADVERSE_FIRST,,2026-08-18T18:13:00Z,ADVERSE_FIRST,,2026-08-18T18:13:00Z,ADVERSE_FIRST,,2026-08-18T18:13:00Z,ADVERSE_FIRST,2026-08-18T19:54:00Z,2026-08-18T18:13:00Z,ADVERSE_FIRST,2026-08-18T19:58:00Z,2026-08-18T18:13:00Z,ADVERSE_FIRST,,2026-08-18T18:13:00Z,ADVERSE_FIRST,,2026-08-18T18:13:00Z,ADVERSE_FIRST,2026-08-18T19:58:00Z,2026-08-18T18:13:00Z,ADVERSE_FIRST,,2026-08-18T18:13:00Z,ADVERSE_FIRST,,2026-08-18T18:13:00Z,ADVERSE_FIRST,,2026-08-18T18:13:00Z,ADVERSE_FIRST,,2026-08-18T18:13:00Z
SPY:2026-08-18:SHORT:2026-08-18T18:52:00+00:00:v1,2026-08-18,SHORT,767.800000000000,767.690000000000,0.110000000000,2026-08-18T18:55:00Z,2026-08-18T19:00:00Z,5,WORSE,0.880000000000,0.770000000000,0.420000000000,0.530000000000,0.390000000000,0.280000000000,0.110000000000,-0.110000000000,True,30,25,AVAILABLE,AVAILABLE,2026-08-18T18:55:00Z,2026-08-18T19:00:00Z,ADVERSE_FIRST,2026-08-18T19:53:00Z,2026-08-18T19:24:00Z,ADVERSE_FIRST,2026-08-18T19:54:00Z,2026-08-18T19:24:00Z,ADVERSE_FIRST,2026-08-18T19:59:00Z,2026-08-18T19:24:00Z,ADVERSE_FIRST,,2026-08-18T19:24:00Z,ADVERSE_FIRST,2026-08-18T19:54:00Z,2026-08-18T19:24:00Z,ADVERSE_FIRST,2026-08-18T19:59:00Z,2026-08-18T19:24:00Z,ADVERSE_FIRST,,2026-08-18T19:24:00Z,ADVERSE_FIRST,,2026-08-18T19:24:00Z,ADVERSE_FIRST,,2026-08-18T19:24:00Z,ADVERSE_FIRST,2026-08-18T19:54:00Z,2026-08-18T19:09:00Z,ADVERSE_FIRST,2026-08-18T19:58:00Z,2026-08-18T19:09:00Z,ADVERSE_FIRST,2026-08-18T19:59:00Z,2026-08-18T19:09:00Z,ADVERSE_FIRST,,2026-08-18T19:09:00Z,ADVERSE_FIRST,2026-08-18T19:58:00Z,2026-08-18T19:22:00Z,ADVERSE_FIRST,2026-08-18T19:59:00Z,2026-08-18T19:22:00Z,ADVERSE_FIRST,,2026-08-18T19:22:00Z,ADVERSE_FIRST,,2026-08-18T19:22:00Z,ADVERSE_FIRST,,2026-08-18T19:22:00Z
SPY:2026-08-18:SHORT:2026-08-18T19:40:00+00:00:v1,2026-08-18,SHORT,767.890000000000,767.890000000000,-0E-12,2026-08-18T19:45:00Z,2026-08-18T19:50:00Z,5,UNCHANGED_WITHIN_ONE_CENT,0.970000000000,0.970000000000,0.070000000000,0.050000000000,0.480000000000,0.480000000000,0E-12,0.020000000000,True,,,AVAILABLE,AVAILABLE,2026-08-18T19:45:00Z,2026-08-18T19:50:00Z,FAVORABLE_FIRST,2026-08-18T19:53:00Z,,FAVORABLE_FIRST,2026-08-18T19:54:00Z,,FAVORABLE_FIRST,2026-08-18T19:58:00Z,,NEITHER,,,FAVORABLE_FIRST,2026-08-18T19:54:00Z,,FAVORABLE_FIRST,2026-08-18T19:58:00Z,,NEITHER,,,NEITHER,,,NEITHER,,,FAVORABLE_FIRST,2026-08-18T19:53:00Z,,FAVORABLE_FIRST,2026-08-18T19:54:00Z,,FAVORABLE_FIRST,2026-08-18T19:58:00Z,,NEITHER,,,FAVORABLE_FIRST,2026-08-18T19:54:00Z,,FAVORABLE_FIRST,2026-08-18T19:58:00Z,,NEITHER,,,NEITHER,,,NEITHER,,
SPY:2026-08-19:SHORT:2026-08-19T13:47:00+00:00:v1,2026-08-19,SHORT,768.559900000000,769.670000000000,-1.110100000000,2026-08-19T13:50:00Z,2026-08-19T13:55:00Z,5,BETTER,0.459900000000,1.470000000000,3.910100000000,2.800000000000,-0.500100000000,0.610000000000,-1.010100000000,1.110100000000,True,10,5,AVAILABLE,AVAILABLE,2026-08-19T13:50:00Z,2026-08-19T13:55:00Z,ADVERSE_FIRST,2026-08-19T13:51:00Z,2026-08-19T13:50:00Z,ADVERSE_FIRST,,2026-08-19T13:50:00Z,ADVERSE_FIRST,,2026-08-19T13:50:00Z,ADVERSE_FIRST,,2026-08-19T13:50:00Z,ADVERSE_FIRST,,2026-08-19T13:50:00Z,ADVERSE_FIRST,,2026-08-19T13:50:00Z,ADVERSE_FIRST,,2026-08-19T13:50:00Z,ADVERSE_FIRST,,2026-08-19T13:50:00Z,ADVERSE_FIRST,,2026-08-19T13:50:00Z,AMBIGUOUS_SAME_BAR,2026-08-19T13:55:00Z,2026-08-19T13:55:00Z,ADVERSE_FIRST,2026-08-19T14:11:00Z,2026-08-19T13:55:00Z,ADVERSE_FIRST,2026-08-19T14:14:00Z,2026-08-19T13:55:00Z,ADVERSE_FIRST,2026-08-19T19:47:00Z,2026-08-19T13:55:00Z,ADVERSE_FIRST,2026-08-19T14:11:00Z,2026-08-19T13:55:00Z,ADVERSE_FIRST,2026-08-19T14:14:00Z,2026-08-19T13:55:00Z,ADVERSE_FIRST,2026-08-19T19:47:00Z,2026-08-19T13:55:00Z,ADVERSE_FIRST,,2026-08-19T13:55:00Z,ADVERSE_FIRST,,2026-08-19T13:55:00Z
SPY:2026-08-19:SHORT:2026-08-19T14:00:00+00:00:v1,2026-08-19,SHORT,769.630000000000,769.800000000000,-0.170000000000,2026-08-19T14:05:00Z,2026-08-19T14:10:00Z,5,BETTER,1.430000000000,1.600000000000,2.840000000000,2.670000000000,0.570000000000,0.740000000000,-0.170000000000,0.170000000000,True,25,20,AVAILABLE,AVAILABLE,2026-08-19T14:05:00Z,2026-08-19T14:10:00Z,ADVERSE_FIRST,2026-08-19T14:11:00Z,2026-08-19T14:05:00Z,ADVERSE_FIRST,2026-08-19T14:11:00Z,2026-08-19T14:05:00Z,ADVERSE_FIRST,2026-08-19T14:14:00Z,2026-08-19T14:05:00Z,ADVERSE_FIRST,2026-08-19T19:47:00Z,2026-08-19T14:05:00Z,ADVERSE_FIRST,2026-08-19T14:11:00Z,2026-08-19T14:05:00Z,ADVERSE_FIRST,2026-08-19T14:14:00Z,2026-08-19T14:05:00Z,ADVERSE_FIRST,2026-08-19T19:47:00Z,2026-08-19T14:05:00Z,ADVERSE_FIRST,,2026-08-19T14:05:00Z,ADVERSE_FIRST,,2026-08-19T14:05:00Z,FAVORABLE_FIRST,2026-08-19T14:10:00Z,2026-08-19T14:18:00Z,FAVORABLE_FIRST,2026-08-19T14:11:00Z,2026-08-19T14:18:00Z,FAVORABLE_FIRST,2026-08-19T14:12:00Z,2026-08-19T14:18:00Z,FAVORABLE_FIRST,2026-08-19T14:14:00Z,2026-08-19T14:18:00Z,FAVORABLE_FIRST,2026-08-19T14:11:00Z,2026-08-19T14:19:00Z,FAVORABLE_FIRST,2026-08-19T14:12:00Z,2026-08-19T14:19:00Z,FAVORABLE_FIRST,2026-08-19T14:14:00Z,2026-08-19T14:19:00Z,ADVERSE_FIRST,2026-08-19T19:50:00Z,2026-08-19T14:19:00Z,ADVERSE_FIRST,,2026-08-19T14:19:00Z
SPY:2026-08-19:LONG:2026-08-19T14:37:00+00:00:v1,2026-08-19,LONG,771.155000000000,771.070000000000,-0.085000000000,2026-08-19T14:40:00Z,2026-08-19T14:45:00Z,5,BETTER,1.315000000000,1.400000000000,2.955000000000,2.870000000000,-2.095000000000,-2.010000000000,-0.085000000000,0.085000000000,True,60,55,AVAILABLE,AVAILABLE,2026-08-19T14:40:00Z,2026-08-19T14:45:00Z,ADVERSE_FIRST,2026-08-19T14:53:00Z,2026-08-19T14:42:00Z,ADVERSE_FIRST,2026-08-19T14:56:00Z,2026-08-19T14:42:00Z,ADVERSE_FIRST,2026-08-19T14:58:00Z,2026-08-19T14:42:00Z,ADVERSE_FIRST,2026-08-19T14:59:00Z,2026-08-19T14:42:00Z,ADVERSE_FIRST,2026-08-19T14:56:00Z,2026-08-19T14:42:00Z,ADVERSE_FIRST,2026-08-19T14:58:00Z,2026-08-19T14:42:00Z,ADVERSE_FIRST,2026-08-19T14:59:00Z,2026-08-19T14:42:00Z,ADVERSE_FIRST,,2026-08-19T14:42:00Z,ADVERSE_FIRST,,2026-08-19T14:42:00Z,ADVERSE_FIRST,2026-08-19T14:53:00Z,2026-08-19T14:49:00Z,ADVERSE_FIRST,2026-08-19T14:54:00Z,2026-08-19T14:49:00Z,ADVERSE_FIRST,2026-08-19T14:57:00Z,2026-08-19T14:49:00Z,ADVERSE_FIRST,2026-08-19T14:59:00Z,2026-08-19T14:49:00Z,ADVERSE_FIRST,2026-08-19T14:54:00Z,2026-08-19T14:49:00Z,ADVERSE_FIRST,2026-08-19T14:57:00Z,2026-08-19T14:49:00Z,ADVERSE_FIRST,2026-08-19T14:59:00Z,2026-08-19T14:49:00Z,ADVERSE_FIRST,,2026-08-19T14:49:00Z,ADVERSE_FIRST,,2026-08-19T14:49:00Z
SPY:2026-08-19:LONG:2026-08-19T16:00:00+00:00:v1,2026-08-19,LONG,771.310100000000,771.520000000000,0.209900000000,2026-08-19T16:05:00Z,2026-08-19T16:10:00Z,5,WORSE,0.679900000000,0.470000000000,3.110100000000,3.320000000000,-2.250100000000,-2.460000000000,0.209900000000,-0.209900000000,True,35,30,AVAILABLE,AVAILABLE,2026-08-19T16:05:00Z,2026-08-19T16:10:00Z,FAVORABLE_FIRST,2026-08-19T16:08:00Z,2026-08-19T16:27:00Z,FAVORABLE_FIRST,2026-08-19T16:16:00Z,2026-08-19T16:27:00Z,ADVERSE_FIRST,,2026-08-19T16:27:00Z,ADVERSE_FIRST,,2026-08-19T16:27:00Z,FAVORABLE_FIRST,2026-08-19T16:16:00Z,2026-08-19T16:27:00Z,ADVERSE_FIRST,,2026-08-19T16:27:00Z,ADVERSE_FIRST,,2026-08-19T16:27:00Z,ADVERSE_FIRST,,2026-08-19T16:27:00Z,ADVERSE_FIRST,,2026-08-19T16:27:00Z,FAVORABLE_FIRST,2026-08-19T16:15:00Z,2026-08-19T16:25:00Z,ADVERSE_FIRST,,2026-08-19T16:25:00Z,ADVERSE_FIRST,,2026-08-19T16:25:00Z,ADVERSE_FIRST,,2026-08-19T16:25:00Z,ADVERSE_FIRST,,2026-08-19T16:25:00Z,ADVERSE_FIRST,,2026-08-19T16:25:00Z,ADVERSE_FIRST,,2026-08-19T16:25:00Z,ADVERSE_FIRST,,2026-08-19T16:25:00Z,ADVERSE_FIRST,,2026-08-19T16:25:00Z
SPY:2026-08-19:SHORT:2026-08-19T17:07:00+00:00:v1,2026-08-19,SHORT,769.530000000000,769.825000000000,-0.295000000000,2026-08-19T17:10:00Z,2026-08-19T17:15:00Z,5,BETTER,1.330000000000,1.625000000000,1.020000000000,0.725000000000,0.470000000000,0.765000000000,-0.295000000000,0.295000000000,True,55,50,AVAILABLE,AVAILABLE,2026-08-19T17:10:00Z,2026-08-19T17:15:00Z,ADVERSE_FIRST,2026-08-19T17:21:00Z,2026-08-19T17:12:00Z,ADVERSE_FIRST,2026-08-19T17:22:00Z,2026-08-19T17:12:00Z,ADVERSE_FIRST,2026-08-19T19:46:00Z,2026-08-19T17:12:00Z,ADVERSE_FIRST,2026-08-19T19:47:00Z,2026-08-19T17:12:00Z,ADVERSE_FIRST,2026-08-19T17:22:00Z,2026-08-19T17:12:00Z,ADVERSE_FIRST,2026-08-19T19:46:00Z,2026-08-19T17:12:00Z,ADVERSE_FIRST,2026-08-19T19:47:00Z,2026-08-19T17:12:00Z,ADVERSE_FIRST,,2026-08-19T17:12:00Z,ADVERSE_FIRST,,2026-08-19T17:12:00Z,FAVORABLE_FIRST,2026-08-19T17:18:00Z,2026-08-19T18:01:00Z,FAVORABLE_FIRST,2026-08-19T17:20:00Z,2026-08-19T18:01:00Z,FAVORABLE_FIRST,2026-08-19T17:22:00Z,2026-08-19T18:01:00Z,ADVERSE_FIRST,2026-08-19T19:46:00Z,2026-08-19T18:01:00Z,FAVORABLE_FIRST,2026-08-19T17:20:00Z,2026-08-19T18:01:00Z,FAVORABLE_FIRST,2026-08-19T17:22:00Z,2026-08-19T18:01:00Z,ADVERSE_FIRST,2026-08-19T19:46:00Z,2026-08-19T18:01:00Z,ADVERSE_FIRST,2026-08-19T19:50:00Z,2026-08-19T18:01:00Z,ADVERSE_FIRST,,2026-08-19T18:01:00Z
SPY:2026-08-19:SHORT:2026-08-19T18:05:00+00:00:v1,2026-08-19,SHORT,768.980000000000,769.445000000000,-0.465000000000,2026-08-19T18:10:00Z,2026-08-19T18:15:00Z,5,BETTER,0.780000000000,1.245000000000,1.400000000000,0.935000000000,-0.080000000000,0.385000000000,-0.465000000000,0.465000000000,True,25,20,AVAILABLE,AVAILABLE,2026-08-19T18:10:00Z,2026-08-19T18:15:00Z,ADVERSE_FIRST,2026-08-19T19:46:00Z,2026-08-19T18:11:00Z,ADVERSE_FIRST,2026-08-19T19:50:00Z,2026-08-19T18:11:00Z,ADVERSE_FIRST,2026-08-19T19:55:00Z,2026-08-19T18:11:00Z,ADVERSE_FIRST,,2026-08-19T18:11:00Z,ADVERSE_FIRST,2026-08-19T19:50:00Z,2026-08-19T18:11:00Z,ADVERSE_FIRST,2026-08-19T19:55:00Z,2026-08-19T18:11:00Z,ADVERSE_FIRST,,2026-08-19T18:11:00Z,ADVERSE_FIRST,,2026-08-19T18:11:00Z,ADVERSE_FIRST,,2026-08-19T18:11:00Z,FAVORABLE_FIRST,2026-08-19T18:16:00Z,2026-08-19T18:30:00Z,ADVERSE_FIRST,2026-08-19T19:45:00Z,2026-08-19T18:30:00Z,ADVERSE_FIRST,2026-08-19T19:47:00Z,2026-08-19T18:30:00Z,ADVERSE_FIRST,2026-08-19T19:50:00Z,2026-08-19T18:30:00Z,ADVERSE_FIRST,2026-08-19T19:45:00Z,2026-08-19T18:30:00Z,ADVERSE_FIRST,2026-08-19T19:47:00Z,2026-08-19T18:30:00Z,ADVERSE_FIRST,2026-08-19T19:50:00Z,2026-08-19T18:30:00Z,ADVERSE_FIRST,,2026-08-19T18:30:00Z,ADVERSE_FIRST,,2026-08-19T18:30:00Z
SPY:2026-08-19:SHORT:2026-08-19T18:35:00+00:00:v1,2026-08-19,SHORT,769.765000000000,769.810000000000,-0.045000000000,2026-08-19T18:40:00Z,2026-08-19T18:45:00Z,5,BETTER,1.565000000000,1.610000000000,0.615000000000,0.570000000000,0.705000000000,0.750000000000,-0.045000000000,0.045000000000,True,30,25,AVAILABLE,AVAILABLE,2026-08-19T18:40:00Z,2026-08-19T18:45:00Z,ADVERSE_FIRST,2026-08-19T18:53:00Z,2026-08-19T18:41:00Z,ADVERSE_FIRST,2026-08-19T19:37:00Z,2026-08-19T18:41:00Z,ADVERSE_FIRST,2026-08-19T19:43:00Z,2026-08-19T18:41:00Z,ADVERSE_FIRST,2026-08-19T19:46:00Z,2026-08-19T18:41:00Z,ADVERSE_FIRST,2026-08-19T19:37:00Z,2026-08-19T18:41:00Z,ADVERSE_FIRST,2026-08-19T19:43:00Z,2026-08-19T18:41:00Z,ADVERSE_FIRST,2026-08-19T19:46:00Z,2026-08-19T18:41:00Z,ADVERSE_FIRST,2026-08-19T19:55:00Z,2026-08-19T18:41:00Z,ADVERSE_FIRST,,2026-08-19T18:41:00Z,FAVORABLE_FIRST,2026-08-19T18:52:00Z,2026-08-19T19:32:00Z,ADVERSE_FIRST,2026-08-19T19:37:00Z,2026-08-19T19:32:00Z,ADVERSE_FIRST,2026-08-19T19:43:00Z,2026-08-19T19:32:00Z,ADVERSE_FIRST,2026-08-19T19:46:00Z,2026-08-19T19:32:00Z,ADVERSE_FIRST,2026-08-19T19:37:00Z,2026-08-19T19:32:00Z,ADVERSE_FIRST,2026-08-19T19:43:00Z,2026-08-19T19:32:00Z,ADVERSE_FIRST,2026-08-19T19:46:00Z,2026-08-19T19:32:00Z,ADVERSE_FIRST,2026-08-19T19:50:00Z,2026-08-19T19:32:00Z,ADVERSE_FIRST,,2026-08-19T19:32:00Z
SPY:2026-08-19:SHORT:2026-08-19T19:35:00+00:00:v1,2026-08-19,SHORT,769.170000000000,769.000000000000,0.170000000000,2026-08-19T19:40:00Z,2026-08-19T19:45:00Z,5,WORSE,0.970000000000,0.800000000000,0.219400000000,0.120000000000,0.110000000000,-0.060000000000,0.170000000000,0.099400000000,True,,,AVAILABLE,AVAILABLE,2026-08-19T19:40:00Z,2026-08-19T19:45:00Z,FAVORABLE_FIRST,2026-08-19T19:45:00Z,,FAVORABLE_FIRST,2026-08-19T19:47:00Z,,FAVORABLE_FIRST,2026-08-19T19:50:00Z,,NEITHER,,,FAVORABLE_FIRST,2026-08-19T19:47:00Z,,FAVORABLE_FIRST,2026-08-19T19:50:00Z,,NEITHER,,,NEITHER,,,NEITHER,,,FAVORABLE_FIRST,2026-08-19T19:46:00Z,,FAVORABLE_FIRST,2026-08-19T19:50:00Z,,FAVORABLE_FIRST,2026-08-19T19:55:00Z,,NEITHER,,,FAVORABLE_FIRST,2026-08-19T19:50:00Z,,FAVORABLE_FIRST,2026-08-19T19:55:00Z,,NEITHER,,,NEITHER,,,NEITHER,,
SPY:2026-08-20:LONG:2026-08-20T13:35:00+00:00:v1,2026-08-20,LONG,767.320000000000,767.370000000000,0.050000000000,2026-08-20T13:40:00Z,2026-08-20T13:45:00Z,5,WORSE,0.830000000000,0.780000000000,5.280000000000,5.330000000000,-4.700000000000,-4.750000000000,0.050000000000,-0.050000000000,True,15,10,AVAILABLE,AVAILABLE,2026-08-20T13:40:00Z,2026-08-20T13:45:00Z,ADVERSE_FIRST,2026-08-20T13:42:00Z,2026-08-20T13:40:00Z,ADVERSE_FIRST,2026-08-20T15:01:00Z,2026-08-20T13:40:00Z,ADVERSE_FIRST,2026-08-20T15:02:00Z,2026-08-20T13:40:00Z,ADVERSE_FIRST,,2026-08-20T13:40:00Z,ADVERSE_FIRST,2026-08-20T15:01:00Z,2026-08-20T13:40:00Z,ADVERSE_FIRST,2026-08-20T15:02:00Z,2026-08-20T13:40:00Z,ADVERSE_FIRST,,2026-08-20T13:40:00Z,ADVERSE_FIRST,,2026-08-20T13:40:00Z,ADVERSE_FIRST,,2026-08-20T13:40:00Z,ADVERSE_FIRST,2026-08-20T15:01:00Z,2026-08-20T13:45:00Z,ADVERSE_FIRST,2026-08-20T15:01:00Z,2026-08-20T13:45:00Z,ADVERSE_FIRST,2026-08-20T15:02:00Z,2026-08-20T13:45:00Z,ADVERSE_FIRST,,2026-08-20T13:45:00Z,ADVERSE_FIRST,2026-08-20T15:01:00Z,2026-08-20T13:45:00Z,ADVERSE_FIRST,2026-08-20T15:02:00Z,2026-08-20T13:45:00Z,ADVERSE_FIRST,,2026-08-20T13:45:00Z,ADVERSE_FIRST,,2026-08-20T13:45:00Z,ADVERSE_FIRST,,2026-08-20T13:45:00Z
SPY:2026-08-20:LONG:2026-08-20T14:59:00+00:00:v1,2026-08-20,LONG,767.170000000000,767.880000000000,0.710000000000,2026-08-20T15:00:00Z,2026-08-20T15:05:00Z,5,WORSE,0.980000000000,0.020000000000,5.130000000000,5.840000000000,-4.550000000000,-5.260000000000,0.960000000000,-0.710000000000,True,10,5,AVAILABLE,AVAILABLE,2026-08-20T15:00:00Z,2026-08-20T15:05:00Z,FAVORABLE_FIRST,2026-08-20T15:01:00Z,2026-08-20T15:08:00Z,FAVORABLE_FIRST,2026-08-20T15:01:00Z,2026-08-20T15:08:00Z,FAVORABLE_FIRST,2026-08-20T15:01:00Z,2026-08-20T15:08:00Z,ADVERSE_FIRST,,2026-08-20T15:08:00Z,FAVORABLE_FIRST,2026-08-20T15:01:00Z,2026-08-20T15:08:00Z,FAVORABLE_FIRST,2026-08-20T15:01:00Z,2026-08-20T15:08:00Z,ADVERSE_FIRST,,2026-08-20T15:08:00Z,ADVERSE_FIRST,,2026-08-20T15:08:00Z,ADVERSE_FIRST,,2026-08-20T15:08:00Z,ADVERSE_FIRST,,2026-08-20T15:05:00Z,ADVERSE_FIRST,,2026-08-20T15:05:00Z,ADVERSE_FIRST,,2026-08-20T15:05:00Z,ADVERSE_FIRST,,2026-08-20T15:05:00Z,ADVERSE_FIRST,,2026-08-20T15:05:00Z,ADVERSE_FIRST,,2026-08-20T15:05:00Z,ADVERSE_FIRST,,2026-08-20T15:05:00Z,ADVERSE_FIRST,,2026-08-20T15:05:00Z,ADVERSE_FIRST,,2026-08-20T15:05:00Z
SPY:2026-08-20:SHORT:2026-08-20T15:35:00+00:00:v1,2026-08-20,SHORT,765.550000000000,765.350000000000,0.200000000000,2026-08-20T15:40:00Z,2026-08-20T15:45:00Z,5,WORSE,3.510000000000,3.310000000000,1.090000000000,1.290000000000,2.930000000000,2.730000000000,0.200000000000,-0.200000000000,True,30,25,AVAILABLE,AVAILABLE,2026-08-20T15:40:00Z,2026-08-20T15:45:00Z,ADVERSE_FIRST,2026-08-20T15:46:00Z,2026-08-20T15:42:00Z,ADVERSE_FIRST,2026-08-20T17:17:00Z,2026-08-20T15:42:00Z,ADVERSE_FIRST,2026-08-20T17:20:00Z,2026-08-20T15:42:00Z,ADVERSE_FIRST,2026-08-20T17:36:00Z,2026-08-20T15:42:00Z,ADVERSE_FIRST,2026-08-20T17:17:00Z,2026-08-20T15:42:00Z,ADVERSE_FIRST,2026-08-20T17:20:00Z,2026-08-20T15:42:00Z,ADVERSE_FIRST,2026-08-20T17:36:00Z,2026-08-20T15:42:00Z,ADVERSE_FIRST,2026-08-20T18:02:00Z,2026-08-20T15:42:00Z,ADVERSE_FIRST,2026-08-20T18:10:00Z,2026-08-20T15:42:00Z,ADVERSE_FIRST,2026-08-20T17:16:00Z,2026-08-20T15:47:00Z,ADVERSE_FIRST,2026-08-20T17:19:00Z,2026-08-20T15:47:00Z,ADVERSE_FIRST,2026-08-20T17:34:00Z,2026-08-20T15:47:00Z,ADVERSE_FIRST,2026-08-20T17:37:00Z,2026-08-20T15:47:00Z,ADVERSE_FIRST,2026-08-20T17:19:00Z,2026-08-20T15:48:00Z,ADVERSE_FIRST,2026-08-20T17:34:00Z,2026-08-20T15:48:00Z,ADVERSE_FIRST,2026-08-20T17:37:00Z,2026-08-20T15:48:00Z,ADVERSE_FIRST,2026-08-20T18:05:00Z,2026-08-20T15:48:00Z,ADVERSE_FIRST,2026-08-20T18:10:00Z,2026-08-20T15:48:00Z
SPY:2026-08-20:SHORT:2026-08-20T16:10:00+00:00:v1,2026-08-20,SHORT,765.490000000000,765.610000000000,-0.120000000000,2026-08-20T16:15:00Z,2026-08-20T16:20:00Z,5,BETTER,3.450000000000,3.570000000000,1.150000000000,1.030000000000,2.870000000000,2.990000000000,-0.120000000000,0.120000000000,True,10,5,AVAILABLE,AVAILABLE,2026-08-20T16:15:00Z,2026-08-20T16:20:00Z,ADVERSE_FIRST,2026-08-20T17:16:00Z,2026-08-20T16:23:00Z,ADVERSE_FIRST,2026-08-20T17:17:00Z,2026-08-20T16:23:00Z,ADVERSE_FIRST,2026-08-20T17:27:00Z,2026-08-20T16:23:00Z,ADVERSE_FIRST,2026-08-20T17:37:00Z,2026-08-20T16:23:00Z,ADVERSE_FIRST,2026-08-20T17:17:00Z,2026-08-20T16:23:00Z,ADVERSE_FIRST,2026-08-20T17:27:00Z,2026-08-20T16:23:00Z,ADVERSE_FIRST,2026-08-20T17:37:00Z,2026-08-20T16:23:00Z,ADVERSE_FIRST,2026-08-20T18:05:00Z,2026-08-20T16:23:00Z,ADVERSE_FIRST,2026-08-20T18:10:00Z,2026-08-20T16:23:00Z,ADVERSE_FIRST,2026-08-20T16:31:00Z,2026-08-20T16:23:00Z,ADVERSE_FIRST,2026-08-20T17:16:00Z,2026-08-20T16:23:00Z,ADVERSE_FIRST,2026-08-20T17:19:00Z,2026-08-20T16:23:00Z,ADVERSE_FIRST,2026-08-20T17:34:00Z,2026-08-20T16:23:00Z,ADVERSE_FIRST,2026-08-20T17:16:00Z,2026-08-20T16:23:00Z,ADVERSE_FIRST,2026-08-20T17:19:00Z,2026-08-20T16:23:00Z,ADVERSE_FIRST,2026-08-20T17:34:00Z,2026-08-20T16:23:00Z,ADVERSE_FIRST,2026-08-20T18:02:00Z,2026-08-20T16:23:00Z,ADVERSE_FIRST,2026-08-20T18:08:00Z,2026-08-20T16:23:00Z
SPY:2026-08-20:SHORT:2026-08-20T17:06:00+00:00:v1,2026-08-20,SHORT,765.680000000000,765.530000000000,0.150000000000,2026-08-20T17:10:00Z,2026-08-20T17:15:00Z,5,WORSE,3.640000000000,3.490000000000,0.150000000000,0.010000000000,3.060000000000,2.910000000000,0.150000000000,0.140000000000,True,,,AVAILABLE,AVAILABLE,2026-08-20T17:10:00Z,2026-08-20T17:15:00Z,FAVORABLE_FIRST,2026-08-20T17:15:00Z,,FAVORABLE_FIRST,2026-08-20T17:16:00Z,,FAVORABLE_FIRST,2026-08-20T17:19:00Z,,FAVORABLE_FIRST,2026-08-20T17:30:00Z,,FAVORABLE_FIRST,2026-08-20T17:16:00Z,,FAVORABLE_FIRST,2026-08-20T17:19:00Z,,FAVORABLE_FIRST,2026-08-20T17:30:00Z,,FAVORABLE_FIRST,2026-08-20T18:02:00Z,,FAVORABLE_FIRST,2026-08-20T18:07:00Z,,FAVORABLE_FIRST,2026-08-20T17:15:00Z,,FAVORABLE_FIRST,2026-08-20T17:17:00Z,,FAVORABLE_FIRST,2026-08-20T17:27:00Z,,FAVORABLE_FIRST,2026-08-20T17:36:00Z,,FAVORABLE_FIRST,2026-08-20T17:17:00Z,,FAVORABLE_FIRST,2026-08-20T17:27:00Z,,FAVORABLE_FIRST,2026-08-20T17:36:00Z,,FAVORABLE_FIRST,2026-08-20T18:02:00Z,,FAVORABLE_FIRST,2026-08-20T18:10:00Z,
SPY:2026-08-21:SHORT:2026-08-21T13:51:00+00:00:v1,2026-08-21,SHORT,764.420000000000,764.530000000000,-0.110000000000,2026-08-21T13:55:00Z,2026-08-21T14:00:00Z,5,BETTER,0.205000000000,0.315000000000,3.430000000000,3.320000000000,-1.270000000000,-1.160000000000,-0.110000000000,0.110000000000,True,10,5,AVAILABLE,AVAILABLE,2026-08-21T13:55:00Z,2026-08-21T14:00:00Z,ADVERSE_FIRST,,2026-08-21T13:56:00Z,ADVERSE_FIRST,,2026-08-21T13:56:00Z,ADVERSE_FIRST,,2026-08-21T13:56:00Z,ADVERSE_FIRST,,2026-08-21T13:56:00Z,ADVERSE_FIRST,,2026-08-21T13:56:00Z,ADVERSE_FIRST,,2026-08-21T13:56:00Z,ADVERSE_FIRST,,2026-08-21T13:56:00Z,ADVERSE_FIRST,,2026-08-21T13:56:00Z,ADVERSE_FIRST,,2026-08-21T13:56:00Z,ADVERSE_FIRST,2026-08-21T14:36:00Z,2026-08-21T14:00:00Z,ADVERSE_FIRST,,2026-08-21T14:00:00Z,ADVERSE_FIRST,,2026-08-21T14:00:00Z,ADVERSE_FIRST,,2026-08-21T14:00:00Z,ADVERSE_FIRST,,2026-08-21T14:00:00Z,ADVERSE_FIRST,,2026-08-21T14:00:00Z,ADVERSE_FIRST,,2026-08-21T14:00:00Z,ADVERSE_FIRST,,2026-08-21T14:00:00Z,ADVERSE_FIRST,,2026-08-21T14:00:00Z
SPY:2026-08-21:SHORT:2026-08-21T14:13:00+00:00:v1,2026-08-21,SHORT,764.700000000000,764.630000000000,0.070000000000,2026-08-21T14:15:00Z,2026-08-21T14:20:00Z,5,WORSE,0.485000000000,0.415000000000,3.150000000000,3.220000000000,-0.990000000000,-1.060000000000,0.070000000000,-0.070000000000,True,35,30,AVAILABLE,AVAILABLE,2026-08-21T14:15:00Z,2026-08-21T14:20:00Z,ADVERSE_FIRST,2026-08-21T14:21:00Z,2026-08-21T14:15:00Z,ADVERSE_FIRST,,2026-08-21T14:15:00Z,ADVERSE_FIRST,,2026-08-21T14:15:00Z,ADVERSE_FIRST,,2026-08-21T14:15:00Z,ADVERSE_FIRST,,2026-08-21T14:16:00Z,ADVERSE_FIRST,,2026-08-21T14:16:00Z,ADVERSE_FIRST,,2026-08-21T14:16:00Z,ADVERSE_FIRST,,2026-08-21T14:16:00Z,ADVERSE_FIRST,,2026-08-21T14:16:00Z,ADVERSE_FIRST,2026-08-21T14:35:00Z,2026-08-21T14:22:00Z,ADVERSE_FIRST,,2026-08-21T14:22:00Z,ADVERSE_FIRST,,2026-08-21T14:22:00Z,ADVERSE_FIRST,,2026-08-21T14:22:00Z,ADVERSE_FIRST,,2026-08-21T14:22:00Z,ADVERSE_FIRST,,2026-08-21T14:22:00Z,ADVERSE_FIRST,,2026-08-21T14:22:00Z,ADVERSE_FIRST,,2026-08-21T14:22:00Z,ADVERSE_FIRST,,2026-08-21T14:22:00Z
SPY:2026-08-21:LONG:2026-08-21T15:32:00+00:00:v1,2026-08-21,LONG,766.480000000000,767.050000000000,0.570000000000,2026-08-21T15:35:00Z,2026-08-21T15:40:00Z,5,WORSE,1.370000000000,0.800000000000,1.420000000000,1.990000000000,-0.790000000000,-1.360000000000,0.570000000000,-0.570000000000,True,45,40,AVAILABLE,AVAILABLE,2026-08-21T15:35:00Z,2026-08-21T15:40:00Z,FAVORABLE_FIRST,2026-08-21T15:36:00Z,2026-08-21T16:15:00Z,FAVORABLE_FIRST,2026-08-21T15:39:00Z,2026-08-21T16:15:00Z,FAVORABLE_FIRST,2026-08-21T15:40:00Z,2026-08-21T16:15:00Z,FAVORABLE_FIRST,2026-08-21T15:51:00Z,2026-08-21T16:15:00Z,FAVORABLE_FIRST,2026-08-21T15:39:00Z,2026-08-21T16:15:00Z,FAVORABLE_FIRST,2026-08-21T15:40:00Z,2026-08-21T16:15:00Z,FAVORABLE_FIRST,2026-08-21T15:51:00Z,2026-08-21T16:15:00Z,ADVERSE_FIRST,,2026-08-21T16:15:00Z,ADVERSE_FIRST,,2026-08-21T16:15:00Z,FAVORABLE_FIRST,2026-08-21T15:41:00Z,2026-08-21T16:04:00Z,FAVORABLE_FIRST,2026-08-21T15:51:00Z,2026-08-21T16:04:00Z,FAVORABLE_FIRST,2026-08-21T15:53:00Z,2026-08-21T16:04:00Z,ADVERSE_FIRST,,2026-08-21T16:04:00Z,FAVORABLE_FIRST,2026-08-21T15:51:00Z,2026-08-21T16:04:00Z,FAVORABLE_FIRST,2026-08-21T15:53:00Z,2026-08-21T16:04:00Z,ADVERSE_FIRST,,2026-08-21T16:04:00Z,ADVERSE_FIRST,,2026-08-21T16:04:00Z,ADVERSE_FIRST,,2026-08-21T16:04:00Z
SPY:2026-08-21:LONG:2026-08-21T16:21:00+00:00:v1,2026-08-21,LONG,766.200000000000,766.510000000000,0.310000000000,2026-08-21T16:25:00Z,2026-08-21T16:30:00Z,5,WORSE,0.600000000000,0.290000000000,1.140000000000,1.450000000000,-0.510000000000,-0.820000000000,0.310000000000,-0.310000000000,True,10,5,AVAILABLE,AVAILABLE,2026-08-21T16:25:00Z,2026-08-21T16:30:00Z,FAVORABLE_FIRST,2026-08-21T16:28:00Z,2026-08-21T16:50:00Z,ADVERSE_FIRST,2026-08-21T19:47:00Z,2026-08-21T16:50:00Z,ADVERSE_FIRST,,2026-08-21T16:50:00Z,ADVERSE_FIRST,,2026-08-21T16:50:00Z,ADVERSE_FIRST,2026-08-21T19:47:00Z,2026-08-21T16:50:00Z,ADVERSE_FIRST,,2026-08-21T16:50:00Z,ADVERSE_FIRST,,2026-08-21T16:50:00Z,ADVERSE_FIRST,,2026-08-21T16:50:00Z,ADVERSE_FIRST,,2026-08-21T16:50:00Z,ADVERSE_FIRST,2026-08-21T19:48:00Z,2026-08-21T16:31:00Z,ADVERSE_FIRST,,2026-08-21T16:31:00Z,ADVERSE_FIRST,,2026-08-21T16:31:00Z,ADVERSE_FIRST,,2026-08-21T16:31:00Z,ADVERSE_FIRST,,2026-08-21T16:31:00Z,ADVERSE_FIRST,,2026-08-21T16:31:00Z,ADVERSE_FIRST,,2026-08-21T16:31:00Z,ADVERSE_FIRST,,2026-08-21T16:31:00Z,ADVERSE_FIRST,,2026-08-21T16:31:00Z
SPY:2026-08-21:LONG:2026-08-21T16:36:00+00:00:v1,2026-08-21,LONG,766.550000000000,766.370000000000,-0.180000000000,2026-08-21T16:40:00Z,2026-08-21T16:45:00Z,5,BETTER,0.250000000000,0.430000000000,1.490000000000,1.310000000000,-0.860000000000,-0.680000000000,-0.180000000000,0.180000000000,True,15,10,AVAILABLE,AVAILABLE,2026-08-21T16:40:00Z,2026-08-21T16:45:00Z,ADVERSE_FIRST,2026-08-21T19:49:00Z,2026-08-21T16:43:00Z,ADVERSE_FIRST,,2026-08-21T16:43:00Z,ADVERSE_FIRST,,2026-08-21T16:43:00Z,ADVERSE_FIRST,,2026-08-21T16:43:00Z,ADVERSE_FIRST,,2026-08-21T16:45:00Z,ADVERSE_FIRST,,2026-08-21T16:45:00Z,ADVERSE_FIRST,,2026-08-21T16:45:00Z,ADVERSE_FIRST,,2026-08-21T16:45:00Z,ADVERSE_FIRST,,2026-08-21T16:45:00Z,ADVERSE_FIRST,2026-08-21T19:47:00Z,2026-08-21T16:45:00Z,ADVERSE_FIRST,,2026-08-21T16:45:00Z,ADVERSE_FIRST,,2026-08-21T16:45:00Z,ADVERSE_FIRST,,2026-08-21T16:45:00Z,ADVERSE_FIRST,,2026-08-21T16:50:00Z,ADVERSE_FIRST,,2026-08-21T16:50:00Z,ADVERSE_FIRST,,2026-08-21T16:50:00Z,ADVERSE_FIRST,,2026-08-21T16:50:00Z,ADVERSE_FIRST,,2026-08-21T16:50:00Z
SPY:2026-08-21:LONG:2026-08-21T16:57:00+00:00:v1,2026-08-21,LONG,766.390000000000,766.280000000000,-0.110000000000,2026-08-21T17:00:00Z,2026-08-21T17:05:00Z,5,BETTER,0.410000000000,0.520000000000,1.330000000000,1.220000000000,-0.700000000000,-0.590000000000,-0.110000000000,0.110000000000,True,25,20,AVAILABLE,AVAILABLE,2026-08-21T17:00:00Z,2026-08-21T17:05:00Z,ADVERSE_FIRST,2026-08-21T19:47:00Z,2026-08-21T17:11:00Z,ADVERSE_FIRST,,2026-08-21T17:11:00Z,ADVERSE_FIRST,,2026-08-21T17:11:00Z,ADVERSE_FIRST,,2026-08-21T17:11:00Z,ADVERSE_FIRST,,2026-08-21T17:19:00Z,ADVERSE_FIRST,,2026-08-21T17:19:00Z,ADVERSE_FIRST,,2026-08-21T17:19:00Z,ADVERSE_FIRST,,2026-08-21T17:19:00Z,ADVERSE_FIRST,,2026-08-21T17:19:00Z,FAVORABLE_FIRST,2026-08-21T17:09:00Z,2026-08-21T17:20:00Z,ADVERSE_FIRST,2026-08-21T19:48:00Z,2026-08-21T17:20:00Z,ADVERSE_FIRST,,2026-08-21T17:20:00Z,ADVERSE_FIRST,,2026-08-21T17:20:00Z,ADVERSE_FIRST,2026-08-21T19:48:00Z,2026-08-21T17:20:00Z,ADVERSE_FIRST,,2026-08-21T17:20:00Z,ADVERSE_FIRST,,2026-08-21T17:20:00Z,ADVERSE_FIRST,,2026-08-21T17:20:00Z,ADVERSE_FIRST,,2026-08-21T17:20:00Z
SPY:2026-08-21:LONG:2026-08-21T19:35:00+00:00:v1,2026-08-21,LONG,766.270000000000,766.460000000000,0.190000000000,2026-08-21T19:40:00Z,2026-08-21T19:45:00Z,5,WORSE,0.530000000000,0.340000000000,0.930000000000,1.120000000000,-0.580000000000,-0.770000000000,0.190000000000,-0.190000000000,True,15,10,AVAILABLE,AVAILABLE,2026-08-21T19:40:00Z,2026-08-21T19:45:00Z,FAVORABLE_FIRST,2026-08-21T19:45:00Z,2026-08-21T19:52:00Z,FAVORABLE_FIRST,2026-08-21T19:48:00Z,2026-08-21T19:52:00Z,ADVERSE_FIRST,,2026-08-21T19:52:00Z,ADVERSE_FIRST,,2026-08-21T19:52:00Z,FAVORABLE_FIRST,2026-08-21T19:48:00Z,2026-08-21T19:53:00Z,ADVERSE_FIRST,,2026-08-21T19:53:00Z,ADVERSE_FIRST,,2026-08-21T19:53:00Z,ADVERSE_FIRST,,2026-08-21T19:53:00Z,ADVERSE_FIRST,,2026-08-21T19:53:00Z,FAVORABLE_FIRST,2026-08-21T19:48:00Z,2026-08-21T19:50:00Z,ADVERSE_FIRST,,2026-08-21T19:50:00Z,ADVERSE_FIRST,,2026-08-21T19:50:00Z,ADVERSE_FIRST,,2026-08-21T19:50:00Z,ADVERSE_FIRST,,2026-08-21T19:50:00Z,ADVERSE_FIRST,,2026-08-21T19:50:00Z,ADVERSE_FIRST,,2026-08-21T19:50:00Z,ADVERSE_FIRST,,2026-08-21T19:50:00Z,ADVERSE_FIRST,,2026-08-21T19:50:00Z
SPY:2026-08-24:SHORT:2026-08-24T13:40:00+00:00:v1,2026-08-24,SHORT,762.180000000000,763.110000000000,-0.930000000000,2026-08-24T13:45:00Z,2026-08-24T13:50:00Z,5,BETTER,0.100000000000,0.740000000000,3.040000000000,2.110000000000,-1.280000000000,-0.350000000000,-0.640000000000,0.930000000000,True,10,5,AVAILABLE,AVAILABLE,2026-08-24T13:45:00Z,2026-08-24T13:50:00Z,ADVERSE_FIRST,,2026-08-24T13:45:00Z,ADVERSE_FIRST,,2026-08-24T13:45:00Z,ADVERSE_FIRST,,2026-08-24T13:45:00Z,ADVERSE_FIRST,,2026-08-24T13:45:00Z,ADVERSE_FIRST,,2026-08-24T13:45:00Z,ADVERSE_FIRST,,2026-08-24T13:45:00Z,ADVERSE_FIRST,,2026-08-24T13:45:00Z,ADVERSE_FIRST,,2026-08-24T13:45:00Z,ADVERSE_FIRST,,2026-08-24T13:45:00Z,FAVORABLE_FIRST,2026-08-24T13:52:00Z,2026-08-24T13:54:00Z,ADVERSE_FIRST,2026-08-24T14:12:00Z,2026-08-24T13:54:00Z,ADVERSE_FIRST,,2026-08-24T13:54:00Z,ADVERSE_FIRST,,2026-08-24T13:54:00Z,ADVERSE_FIRST,2026-08-24T14:12:00Z,2026-08-24T13:54:00Z,ADVERSE_FIRST,,2026-08-24T13:54:00Z,ADVERSE_FIRST,,2026-08-24T13:54:00Z,ADVERSE_FIRST,,2026-08-24T13:54:00Z,ADVERSE_FIRST,,2026-08-24T13:54:00Z
SPY:2026-08-24:SHORT:2026-08-24T14:02:00+00:00:v1,2026-08-24,SHORT,762.980000000000,762.910000000000,0.070000000000,2026-08-24T14:05:00Z,2026-08-24T14:10:00Z,5,WORSE,0.610000000000,0.540000000000,2.240000000000,2.310000000000,-0.480000000000,-0.550000000000,0.070000000000,-0.070000000000,True,30,25,AVAILABLE,AVAILABLE,2026-08-24T14:05:00Z,2026-08-24T14:10:00Z,FAVORABLE_FIRST,2026-08-24T14:08:00Z,2026-08-24T14:21:00Z,ADVERSE_FIRST,2026-08-24T15:20:00Z,2026-08-24T14:21:00Z,ADVERSE_FIRST,,2026-08-24T14:21:00Z,ADVERSE_FIRST,,2026-08-24T14:21:00Z,ADVERSE_FIRST,2026-08-24T15:20:00Z,2026-08-24T14:21:00Z,ADVERSE_FIRST,,2026-08-24T14:21:00Z,ADVERSE_FIRST,,2026-08-24T14:21:00Z,ADVERSE_FIRST,,2026-08-24T14:21:00Z,ADVERSE_FIRST,,2026-08-24T14:21:00Z,FAVORABLE_FIRST,2026-08-24T14:11:00Z,2026-08-24T14:21:00Z,ADVERSE_FIRST,2026-08-24T15:20:00Z,2026-08-24T14:21:00Z,ADVERSE_FIRST,,2026-08-24T14:21:00Z,ADVERSE_FIRST,,2026-08-24T14:21:00Z,ADVERSE_FIRST,2026-08-24T15:20:00Z,2026-08-24T14:21:00Z,ADVERSE_FIRST,,2026-08-24T14:21:00Z,ADVERSE_FIRST,,2026-08-24T14:21:00Z,ADVERSE_FIRST,,2026-08-24T14:21:00Z,ADVERSE_FIRST,,2026-08-24T14:21:00Z
SPY:2026-08-24:SHORT:2026-08-24T15:03:00+00:00:v1,2026-08-24,SHORT,763.060000000000,762.980000000000,0.080000000000,2026-08-24T15:05:00Z,2026-08-24T15:10:00Z,5,WORSE,0.690000000000,0.610000000000,2.160000000000,2.240000000000,-0.400000000000,-0.480000000000,0.080000000000,-0.080000000000,True,25,20,AVAILABLE,AVAILABLE,2026-08-24T15:05:00Z,2026-08-24T15:10:00Z,FAVORABLE_FIRST,2026-08-24T15:06:00Z,2026-08-24T15:25:00Z,FAVORABLE_FIRST,2026-08-24T15:20:00Z,2026-08-24T15:25:00Z,ADVERSE_FIRST,,2026-08-24T15:25:00Z,ADVERSE_FIRST,,2026-08-24T15:25:00Z,FAVORABLE_FIRST,2026-08-24T15:20:00Z,2026-08-24T15:28:00Z,ADVERSE_FIRST,,2026-08-24T15:28:00Z,ADVERSE_FIRST,,2026-08-24T15:28:00Z,ADVERSE_FIRST,,2026-08-24T15:28:00Z,ADVERSE_FIRST,,2026-08-24T15:28:00Z,FAVORABLE_FIRST,2026-08-24T15:14:00Z,2026-08-24T15:25:00Z,FAVORABLE_FIRST,2026-08-24T15:20:00Z,2026-08-24T15:25:00Z,ADVERSE_FIRST,,2026-08-24T15:25:00Z,ADVERSE_FIRST,,2026-08-24T15:25:00Z,FAVORABLE_FIRST,2026-08-24T15:20:00Z,2026-08-24T15:25:00Z,ADVERSE_FIRST,,2026-08-24T15:25:00Z,ADVERSE_FIRST,,2026-08-24T15:25:00Z,ADVERSE_FIRST,,2026-08-24T15:25:00Z,ADVERSE_FIRST,,2026-08-24T15:25:00Z
SPY:2026-08-24:LONG:2026-08-24T16:15:00+00:00:v1,2026-08-24,LONG,765.049900000000,764.870000000000,-0.179900000000,2026-08-24T16:20:00Z,2026-08-24T16:25:00Z,5,BETTER,0.170100000000,0.240000000000,1.999900000000,1.820000000000,-1.589900000000,-1.410000000000,-0.069900000000,0.179900000000,True,15,10,AVAILABLE,AVAILABLE,2026-08-24T16:20:00Z,2026-08-24T16:25:00Z,ADVERSE_FIRST,,2026-08-24T16:30:00Z,ADVERSE_FIRST,,2026-08-24T16:30:00Z,ADVERSE_FIRST,,2026-08-24T16:30:00Z,ADVERSE_FIRST,,2026-08-24T16:30:00Z,ADVERSE_FIRST,,2026-08-24T16:30:00Z,ADVERSE_FIRST,,2026-08-24T16:30:00Z,ADVERSE_FIRST,,2026-08-24T16:30:00Z,ADVERSE_FIRST,,2026-08-24T16:30:00Z,ADVERSE_FIRST,,2026-08-24T16:30:00Z,ADVERSE_FIRST,,2026-08-24T16:31:00Z,ADVERSE_FIRST,,2026-08-24T16:31:00Z,ADVERSE_FIRST,,2026-08-24T16:31:00Z,ADVERSE_FIRST,,2026-08-24T16:31:00Z,ADVERSE_FIRST,,2026-08-24T16:32:00Z,ADVERSE_FIRST,,2026-08-24T16:32:00Z,ADVERSE_FIRST,,2026-08-24T16:32:00Z,ADVERSE_FIRST,,2026-08-24T16:32:00Z,ADVERSE_FIRST,,2026-08-24T16:32:00Z
SPY:2026-08-25:SHORT:2026-08-25T13:55:00+00:00:v1,2026-08-25,SHORT,765.690000000000,765.460000000000,0.230000000000,2026-08-25T14:00:00Z,2026-08-25T14:05:00Z,5,WORSE,2.639900000000,2.409900000000,0.530000000000,0.760000000000,-0.140000000000,-0.370000000000,0.230000000000,-0.230000000000,True,355,350,AVAILABLE,AVAILABLE,2026-08-25T14:00:00Z,2026-08-25T14:05:00Z,FAVORABLE_FIRST,2026-08-25T14:00:00Z,2026-08-25T16:39:00Z,FAVORABLE_FIRST,2026-08-25T14:07:00Z,2026-08-25T16:39:00Z,FAVORABLE_FIRST,2026-08-25T14:23:00Z,2026-08-25T16:39:00Z,FAVORABLE_FIRST,2026-08-25T14:29:00Z,2026-08-25T16:39:00Z,FAVORABLE_FIRST,2026-08-25T14:07:00Z,2026-08-25T19:54:00Z,FAVORABLE_FIRST,2026-08-25T14:23:00Z,2026-08-25T19:54:00Z,FAVORABLE_FIRST,2026-08-25T14:29:00Z,2026-08-25T19:54:00Z,FAVORABLE_FIRST,2026-08-25T14:30:00Z,2026-08-25T19:54:00Z,FAVORABLE_FIRST,2026-08-25T14:30:00Z,2026-08-25T19:54:00Z,FAVORABLE_FIRST,2026-08-25T14:06:00Z,2026-08-25T15:33:00Z,FAVORABLE_FIRST,2026-08-25T14:23:00Z,2026-08-25T15:33:00Z,FAVORABLE_FIRST,2026-08-25T14:29:00Z,2026-08-25T15:33:00Z,FAVORABLE_FIRST,2026-08-25T14:30:00Z,2026-08-25T15:33:00Z,FAVORABLE_FIRST,2026-08-25T14:23:00Z,2026-08-25T15:33:00Z,FAVORABLE_FIRST,2026-08-25T14:29:00Z,2026-08-25T15:33:00Z,FAVORABLE_FIRST,2026-08-25T14:30:00Z,2026-08-25T15:33:00Z,FAVORABLE_FIRST,2026-08-25T14:30:00Z,2026-08-25T15:33:00Z,FAVORABLE_FIRST,2026-08-25T14:30:00Z,2026-08-25T15:33:00Z
SPY:2026-08-26:LONG:2026-08-26T13:40:00+00:00:v1,2026-08-26,LONG,766.320000000000,765.925000000000,-0.395000000000,2026-08-26T13:45:00Z,2026-08-26T13:50:00Z,5,BETTER,1.030000000000,1.425000000000,2.390000000000,1.995000000000,-0.310000000000,0.085000000000,-0.395000000000,0.395000000000,True,40,35,AVAILABLE,AVAILABLE,2026-08-26T13:45:00Z,2026-08-26T13:50:00Z,FAVORABLE_FIRST,2026-08-26T13:45:00Z,2026-08-26T13:49:00Z,ADVERSE_FIRST,2026-08-26T13:56:00Z,2026-08-26T13:49:00Z,ADVERSE_FIRST,2026-08-26T19:02:00Z,2026-08-26T13:49:00Z,ADVERSE_FIRST,2026-08-26T19:04:00Z,2026-08-26T13:49:00Z,ADVERSE_FIRST,2026-08-26T13:56:00Z,2026-08-26T13:49:00Z,ADVERSE_FIRST,2026-08-26T19:02:00Z,2026-08-26T13:49:00Z,ADVERSE_FIRST,2026-08-26T19:04:00Z,2026-08-26T13:49:00Z,ADVERSE_FIRST,,2026-08-26T13:49:00Z,ADVERSE_FIRST,,2026-08-26T13:49:00Z,ADVERSE_FIRST,2026-08-26T13:53:00Z,2026-08-26T13:50:00Z,ADVERSE_FIRST,2026-08-26T13:54:00Z,2026-08-26T13:50:00Z,ADVERSE_FIRST,2026-08-26T13:55:00Z,2026-08-26T13:50:00Z,ADVERSE_FIRST,2026-08-26T14:04:00Z,2026-08-26T13:50:00Z,FAVORABLE_FIRST,2026-08-26T13:54:00Z,2026-08-26T14:22:00Z,FAVORABLE_FIRST,2026-08-26T13:55:00Z,2026-08-26T14:22:00Z,FAVORABLE_FIRST,2026-08-26T14:04:00Z,2026-08-26T14:22:00Z,ADVERSE_FIRST,,2026-08-26T14:22:00Z,ADVERSE_FIRST,,2026-08-26T14:22:00Z
SPY:2026-08-26:LONG:2026-08-26T14:56:00+00:00:v1,2026-08-26,LONG,765.870000000000,766.210000000000,0.340000000000,2026-08-26T15:00:00Z,2026-08-26T15:05:00Z,5,WORSE,1.480000000000,1.140000000000,1.940000000000,2.280000000000,0.140000000000,-0.200000000000,0.340000000000,-0.340000000000,True,20,15,AVAILABLE,AVAILABLE,2026-08-26T15:00:00Z,2026-08-26T15:05:00Z,FAVORABLE_FIRST,2026-08-26T15:01:00Z,2026-08-26T15:17:00Z,FAVORABLE_FIRST,2026-08-26T15:02:00Z,2026-08-26T15:17:00Z,ADVERSE_FIRST,2026-08-26T18:58:00Z,2026-08-26T15:17:00Z,ADVERSE_FIRST,2026-08-26T19:00:00Z,2026-08-26T15:17:00Z,FAVORABLE_FIRST,2026-08-26T15:02:00Z,2026-08-26T15:17:00Z,ADVERSE_FIRST,2026-08-26T18:58:00Z,2026-08-26T15:17:00Z,ADVERSE_FIRST,2026-08-26T19:00:00Z,2026-08-26T15:17:00Z,ADVERSE_FIRST,,2026-08-26T15:17:00Z,ADVERSE_FIRST,,2026-08-26T15:17:00Z,FAVORABLE_FIRST,2026-08-26T15:08:00Z,2026-08-26T15:16:00Z,ADVERSE_FIRST,2026-08-26T19:00:00Z,2026-08-26T15:16:00Z,ADVERSE_FIRST,2026-08-26T19:00:00Z,2026-08-26T15:16:00Z,ADVERSE_FIRST,2026-08-26T19:02:00Z,2026-08-26T15:16:00Z,ADVERSE_FIRST,2026-08-26T19:00:00Z,2026-08-26T15:16:00Z,ADVERSE_FIRST,2026-08-26T19:00:00Z,2026-08-26T15:16:00Z,ADVERSE_FIRST,2026-08-26T19:02:00Z,2026-08-26T15:16:00Z,ADVERSE_FIRST,,2026-08-26T15:16:00Z,ADVERSE_FIRST,,2026-08-26T15:16:00Z
SPY:2026-08-26:LONG:2026-08-26T15:42:00+00:00:v1,2026-08-26,LONG,766.065000000000,766.250000000000,0.185000000000,2026-08-26T15:45:00Z,2026-08-26T15:50:00Z,5,WORSE,1.285000000000,1.100000000000,2.135000000000,2.320000000000,-0.055000000000,-0.240000000000,0.185000000000,-0.185000000000,True,10,5,AVAILABLE,AVAILABLE,2026-08-26T15:45:00Z,2026-08-26T15:50:00Z,ADVERSE_FIRST,2026-08-26T18:47:00Z,2026-08-26T15:51:00Z,ADVERSE_FIRST,2026-08-26T18:53:00Z,2026-08-26T15:51:00Z,ADVERSE_FIRST,2026-08-26T19:00:00Z,2026-08-26T15:51:00Z,ADVERSE_FIRST,2026-08-26T19:02:00Z,2026-08-26T15:51:00Z,ADVERSE_FIRST,2026-08-26T18:53:00Z,2026-08-26T15:51:00Z,ADVERSE_FIRST,2026-08-26T19:00:00Z,2026-08-26T15:51:00Z,ADVERSE_FIRST,2026-08-26T19:02:00Z,2026-08-26T15:51:00Z,ADVERSE_FIRST,,2026-08-26T15:51:00Z,ADVERSE_FIRST,,2026-08-26T15:51:00Z,ADVERSE_FIRST,2026-08-26T18:53:00Z,2026-08-26T15:51:00Z,ADVERSE_FIRST,2026-08-26T19:00:00Z,2026-08-26T15:51:00Z,ADVERSE_FIRST,2026-08-26T19:01:00Z,2026-08-26T15:51:00Z,ADVERSE_FIRST,2026-08-26T19:04:00Z,2026-08-26T15:51:00Z,ADVERSE_FIRST,2026-08-26T19:00:00Z,2026-08-26T15:51:00Z,ADVERSE_FIRST,2026-08-26T19:01:00Z,2026-08-26T15:51:00Z,ADVERSE_FIRST,2026-08-26T19:04:00Z,2026-08-26T15:51:00Z,ADVERSE_FIRST,,2026-08-26T15:51:00Z,ADVERSE_FIRST,,2026-08-26T15:51:00Z
SPY:2026-08-26:SHORT:2026-08-26T16:37:00+00:00:v1,2026-08-26,SHORT,764.150000000000,764.010000000000,0.140000000000,2026-08-26T16:40:00Z,2026-08-26T16:45:00Z,5,WORSE,0.220000000000,0.060000000000,3.200000000000,3.340000000000,-1.860000000000,-2.000000000000,0.160000000000,-0.140000000000,True,20,15,AVAILABLE,AVAILABLE,2026-08-26T16:40:00Z,2026-08-26T16:45:00Z,ADVERSE_FIRST,,2026-08-26T16:42:00Z,ADVERSE_FIRST,,2026-08-26T16:42:00Z,ADVERSE_FIRST,,2026-08-26T16:42:00Z,ADVERSE_FIRST,,2026-08-26T16:42:00Z,ADVERSE_FIRST,,2026-08-26T16:56:00Z,ADVERSE_FIRST,,2026-08-26T16:56:00Z,ADVERSE_FIRST,,2026-08-26T16:56:00Z,ADVERSE_FIRST,,2026-08-26T16:56:00Z,ADVERSE_FIRST,,2026-08-26T16:56:00Z,ADVERSE_FIRST,,2026-08-26T16:47:00Z,ADVERSE_FIRST,,2026-08-26T16:47:00Z,ADVERSE_FIRST,,2026-08-26T16:47:00Z,ADVERSE_FIRST,,2026-08-26T16:47:00Z,ADVERSE_FIRST,,2026-08-26T16:47:00Z,ADVERSE_FIRST,,2026-08-26T16:47:00Z,ADVERSE_FIRST,,2026-08-26T16:47:00Z,ADVERSE_FIRST,,2026-08-26T16:47:00Z,ADVERSE_FIRST,,2026-08-26T16:47:00Z
SPY:2026-08-26:LONG:2026-08-26T18:41:00+00:00:v1,2026-08-26,LONG,765.870000000000,766.310000000000,0.440000000000,2026-08-26T18:45:00Z,2026-08-26T18:50:00Z,5,WORSE,1.480000000000,1.040000000000,0.380000000000,0.820000000000,0.140000000000,-0.300000000000,0.440000000000,-0.440000000000,True,,,AVAILABLE,AVAILABLE,2026-08-26T18:45:00Z,2026-08-26T18:50:00Z,FAVORABLE_FIRST,2026-08-26T18:45:00Z,2026-08-26T19:59:00Z,FAVORABLE_FIRST,2026-08-26T18:47:00Z,2026-08-26T19:59:00Z,FAVORABLE_FIRST,2026-08-26T18:58:00Z,2026-08-26T19:59:00Z,FAVORABLE_FIRST,2026-08-26T19:00:00Z,2026-08-26T19:59:00Z,FAVORABLE_FIRST,2026-08-26T18:47:00Z,2026-08-26T19:59:00Z,FAVORABLE_FIRST,2026-08-26T18:58:00Z,2026-08-26T19:59:00Z,FAVORABLE_FIRST,2026-08-26T19:00:00Z,2026-08-26T19:59:00Z,ADVERSE_FIRST,,2026-08-26T19:59:00Z,ADVERSE_FIRST,,2026-08-26T19:59:00Z,FAVORABLE_FIRST,2026-08-26T18:53:00Z,2026-08-26T19:54:00Z,FAVORABLE_FIRST,2026-08-26T19:00:00Z,2026-08-26T19:54:00Z,FAVORABLE_FIRST,2026-08-26T19:01:00Z,2026-08-26T19:54:00Z,FAVORABLE_FIRST,2026-08-26T19:04:00Z,2026-08-26T19:54:00Z,FAVORABLE_FIRST,2026-08-26T19:00:00Z,2026-08-26T19:54:00Z,FAVORABLE_FIRST,2026-08-26T19:01:00Z,2026-08-26T19:54:00Z,FAVORABLE_FIRST,2026-08-26T19:04:00Z,2026-08-26T19:54:00Z,ADVERSE_FIRST,,2026-08-26T19:54:00Z,ADVERSE_FIRST,,2026-08-26T19:54:00Z
SPY:2026-08-27:LONG:2026-08-27T14:15:00+00:00:v1,2026-08-27,LONG,769.160000000000,769.470000000000,0.310000000000,2026-08-27T14:20:00Z,2026-08-27T14:25:00Z,5,WORSE,3.195000000000,2.885000000000,0.110000000000,0.410000000000,1.910000000000,1.600000000000,0.310000000000,-0.300000000000,True,,,AVAILABLE,AVAILABLE,2026-08-27T14:20:00Z,2026-08-27T14:25:00Z,FAVORABLE_FIRST,2026-08-27T14:20:00Z,,FAVORABLE_FIRST,2026-08-27T14:27:00Z,,FAVORABLE_FIRST,2026-08-27T14:37:00Z,,FAVORABLE_FIRST,2026-08-27T14:49:00Z,,FAVORABLE_FIRST,2026-08-27T14:27:00Z,,FAVORABLE_FIRST,2026-08-27T14:37:00Z,,FAVORABLE_FIRST,2026-08-27T14:49:00Z,,FAVORABLE_FIRST,2026-08-27T15:01:00Z,,FAVORABLE_FIRST,2026-08-27T16:34:00Z,,FAVORABLE_FIRST,2026-08-27T14:27:00Z,2026-08-27T14:30:00Z,ADVERSE_FIRST,2026-08-27T14:37:00Z,2026-08-27T14:30:00Z,ADVERSE_FIRST,2026-08-27T14:49:00Z,2026-08-27T14:30:00Z,ADVERSE_FIRST,2026-08-27T15:00:00Z,2026-08-27T14:30:00Z,ADVERSE_FIRST,2026-08-27T14:37:00Z,2026-08-27T14:30:00Z,ADVERSE_FIRST,2026-08-27T14:49:00Z,2026-08-27T14:30:00Z,ADVERSE_FIRST,2026-08-27T15:00:00Z,2026-08-27T14:30:00Z,ADVERSE_FIRST,2026-08-27T15:15:00Z,2026-08-27T14:30:00Z,ADVERSE_FIRST,2026-08-27T16:39:00Z,2026-08-27T14:30:00Z
SPY:2026-08-28:LONG:2026-08-28T13:35:00+00:00:v1,2026-08-28,LONG,772.260000000000,772.580000000000,0.320000000000,2026-08-28T13:40:00Z,2026-08-28T13:45:00Z,5,WORSE,3.040000000000,2.720000000000,3.952400000000,4.272400000000,-2.920000000000,-3.240000000000,0.320000000000,-0.320000000000,True,15,10,AVAILABLE,AVAILABLE,2026-08-28T13:40:00Z,2026-08-28T13:45:00Z,FAVORABLE_FIRST,2026-08-28T13:40:00Z,2026-08-28T13:49:00Z,FAVORABLE_FIRST,2026-08-28T13:41:00Z,2026-08-28T13:49:00Z,ADVERSE_FIRST,2026-08-28T14:00:00Z,2026-08-28T13:49:00Z,ADVERSE_FIRST,2026-08-28T14:44:00Z,2026-08-28T13:49:00Z,FAVORABLE_FIRST,2026-08-28T13:41:00Z,2026-08-28T13:50:00Z,ADVERSE_FIRST,2026-08-28T14:00:00Z,2026-08-28T13:50:00Z,ADVERSE_FIRST,2026-08-28T14:44:00Z,2026-08-28T13:50:00Z,ADVERSE_FIRST,2026-08-28T14:48:00Z,2026-08-28T13:50:00Z,ADVERSE_FIRST,2026-08-28T14:53:00Z,2026-08-28T13:50:00Z,ADVERSE_FIRST,2026-08-28T13:48:00Z,2026-08-28T13:45:00Z,ADVERSE_FIRST,2026-08-28T14:00:00Z,2026-08-28T13:45:00Z,ADVERSE_FIRST,2026-08-28T14:44:00Z,2026-08-28T13:45:00Z,ADVERSE_FIRST,2026-08-28T14:46:00Z,2026-08-28T13:45:00Z,ADVERSE_FIRST,2026-08-28T14:00:00Z,2026-08-28T13:45:00Z,ADVERSE_FIRST,2026-08-28T14:44:00Z,2026-08-28T13:45:00Z,ADVERSE_FIRST,2026-08-28T14:46:00Z,2026-08-28T13:45:00Z,ADVERSE_FIRST,2026-08-28T14:50:00Z,2026-08-28T13:45:00Z,ADVERSE_FIRST,2026-08-28T14:54:00Z,2026-08-28T13:45:00Z
SPY:2026-08-28:SHORT:2026-08-28T14:05:00+00:00:v1,2026-08-28,SHORT,770.990000000000,770.240000000000,0.750000000000,2026-08-28T14:10:00Z,2026-08-28T14:15:00Z,5,WORSE,2.682400000000,1.932400000000,4.310000000000,5.060000000000,1.650000000000,0.900000000000,0.750000000000,-0.750000000000,True,15,10,AVAILABLE,AVAILABLE,2026-08-28T14:10:00Z,2026-08-28T14:15:00Z,FAVORABLE_FIRST,2026-08-28T14:10:00Z,2026-08-28T14:18:00Z,FAVORABLE_FIRST,2026-08-28T14:11:00Z,2026-08-28T14:18:00Z,FAVORABLE_FIRST,2026-08-28T14:13:00Z,2026-08-28T14:18:00Z,FAVORABLE_FIRST,2026-08-28T14:13:00Z,2026-08-28T14:18:00Z,FAVORABLE_FIRST,2026-08-28T14:11:00Z,2026-08-28T14:18:00Z,FAVORABLE_FIRST,2026-08-28T14:13:00Z,2026-08-28T14:18:00Z,FAVORABLE_FIRST,2026-08-28T14:13:00Z,2026-08-28T14:18:00Z,ADVERSE_FIRST,2026-08-28T16:24:00Z,2026-08-28T14:18:00Z,ADVERSE_FIRST,2026-08-28T17:00:00Z,2026-08-28T14:18:00Z,ADVERSE_FIRST,2026-08-28T16:18:00Z,2026-08-28T14:15:00Z,ADVERSE_FIRST,2026-08-28T16:21:00Z,2026-08-28T14:15:00Z,ADVERSE_FIRST,2026-08-28T16:24:00Z,2026-08-28T14:15:00Z,ADVERSE_FIRST,2026-08-28T16:24:00Z,2026-08-28T14:15:00Z,ADVERSE_FIRST,2026-08-28T16:21:00Z,2026-08-28T14:15:00Z,ADVERSE_FIRST,2026-08-28T16:24:00Z,2026-08-28T14:15:00Z,ADVERSE_FIRST,2026-08-28T16:24:00Z,2026-08-28T14:15:00Z,ADVERSE_FIRST,2026-08-28T17:02:00Z,2026-08-28T14:15:00Z,ADVERSE_FIRST,,2026-08-28T14:15:00Z
SPY:2026-08-28:LONG:2026-08-28T14:34:00+00:00:v1,2026-08-28,LONG,772.145000000000,772.330000000000,0.185000000000,2026-08-28T14:35:00Z,2026-08-28T14:40:00Z,5,WORSE,3.155000000000,2.970000000000,3.837400000000,4.022400000000,-2.805000000000,-2.990000000000,0.185000000000,-0.185000000000,True,85,80,AVAILABLE,AVAILABLE,2026-08-28T14:35:00Z,2026-08-28T14:40:00Z,FAVORABLE_FIRST,2026-08-28T14:36:00Z,2026-08-28T15:51:00Z,FAVORABLE_FIRST,2026-08-28T14:38:00Z,2026-08-28T15:51:00Z,FAVORABLE_FIRST,2026-08-28T14:42:00Z,2026-08-28T15:51:00Z,FAVORABLE_FIRST,2026-08-28T14:44:00Z,2026-08-28T15:51:00Z,FAVORABLE_FIRST,2026-08-28T14:38:00Z,2026-08-28T15:51:00Z,FAVORABLE_FIRST,2026-08-28T14:42:00Z,2026-08-28T15:51:00Z,FAVORABLE_FIRST,2026-08-28T14:44:00Z,2026-08-28T15:51:00Z,FAVORABLE_FIRST,2026-08-28T14:47:00Z,2026-08-28T15:51:00Z,FAVORABLE_FIRST,2026-08-28T14:50:00Z,2026-08-28T15:51:00Z,FAVORABLE_FIRST,2026-08-28T14:40:00Z,2026-08-28T15:51:00Z,FAVORABLE_FIRST,2026-08-28T14:40:00Z,2026-08-28T15:51:00Z,FAVORABLE_FIRST,2026-08-28T14:43:00Z,2026-08-28T15:51:00Z,FAVORABLE_FIRST,2026-08-28T14:44:00Z,2026-08-28T15:51:00Z,FAVORABLE_FIRST,2026-08-28T14:40:00Z,2026-08-28T15:51:00Z,FAVORABLE_FIRST,2026-08-28T14:43:00Z,2026-08-28T15:51:00Z,FAVORABLE_FIRST,2026-08-28T14:44:00Z,2026-08-28T15:51:00Z,FAVORABLE_FIRST,2026-08-28T14:49:00Z,2026-08-28T15:51:00Z,FAVORABLE_FIRST,2026-08-28T14:53:00Z,2026-08-28T15:51:00Z
SPY:2026-08-28:SHORT:2026-08-28T15:56:00+00:00:v1,2026-08-28,SHORT,771.085000000000,770.805000000000,0.280000000000,2026-08-28T16:00:00Z,2026-08-28T16:05:00Z,5,WORSE,2.777400000000,2.497400000000,0.565000000000,0.845000000000,1.745000000000,1.465000000000,0.280000000000,-0.280000000000,True,10,5,AVAILABLE,AVAILABLE,2026-08-28T16:00:00Z,2026-08-28T16:05:00Z,FAVORABLE_FIRST,2026-08-28T16:01:00Z,2026-08-28T16:07:00Z,FAVORABLE_FIRST,2026-08-28T16:01:00Z,2026-08-28T16:07:00Z,ADVERSE_FIRST,2026-08-28T16:17:00Z,2026-08-28T16:07:00Z,ADVERSE_FIRST,2026-08-28T16:18:00Z,2026-08-28T16:07:00Z,FAVORABLE_FIRST,2026-08-28T16:01:00Z,2026-08-28T16:07:00Z,ADVERSE_FIRST,2026-08-28T16:17:00Z,2026-08-28T16:07:00Z,ADVERSE_FIRST,2026-08-28T16:18:00Z,2026-08-28T16:07:00Z,ADVERSE_FIRST,2026-08-28T16:21:00Z,2026-08-28T16:07:00Z,ADVERSE_FIRST,2026-08-28T17:00:00Z,2026-08-28T16:07:00Z,ADVERSE_FIRST,2026-08-28T16:16:00Z,2026-08-28T16:05:00Z,ADVERSE_FIRST,2026-08-28T16:18:00Z,2026-08-28T16:05:00Z,ADVERSE_FIRST,2026-08-28T16:18:00Z,2026-08-28T16:05:00Z,ADVERSE_FIRST,2026-08-28T16:18:00Z,2026-08-28T16:05:00Z,ADVERSE_FIRST,2026-08-28T16:18:00Z,2026-08-28T16:05:00Z,ADVERSE_FIRST,2026-08-28T16:18:00Z,2026-08-28T16:05:00Z,ADVERSE_FIRST,2026-08-28T16:18:00Z,2026-08-28T16:05:00Z,ADVERSE_FIRST,2026-08-28T16:24:00Z,2026-08-28T16:05:00Z,ADVERSE_FIRST,2026-08-28T17:01:00Z,2026-08-28T16:05:00Z
SPY:2026-08-28:SHORT:2026-08-28T16:10:00+00:00:v1,2026-08-28,SHORT,770.990000000000,770.180000000000,0.810000000000,2026-08-28T16:15:00Z,2026-08-28T16:20:00Z,5,WORSE,2.682400000000,1.872400000000,0.240000000000,0.520000000000,1.650000000000,0.840000000000,0.810000000000,-0.280000000000,True,,,AVAILABLE,AVAILABLE,2026-08-28T16:15:00Z,2026-08-28T16:20:00Z,FAVORABLE_FIRST,2026-08-28T16:15:00Z,,FAVORABLE_FIRST,2026-08-28T16:16:00Z,,FAVORABLE_FIRST,2026-08-28T16:18:00Z,,FAVORABLE_FIRST,2026-08-28T16:18:00Z,,FAVORABLE_FIRST,2026-08-28T16:16:00Z,,FAVORABLE_FIRST,2026-08-28T16:18:00Z,,FAVORABLE_FIRST,2026-08-28T16:18:00Z,,FAVORABLE_FIRST,2026-08-28T16:24:00Z,,FAVORABLE_FIRST,2026-08-28T17:00:00Z,,FAVORABLE_FIRST,2026-08-28T16:20:00Z,2026-08-28T16:32:00Z,FAVORABLE_FIRST,2026-08-28T16:21:00Z,2026-08-28T16:32:00Z,FAVORABLE_FIRST,2026-08-28T16:24:00Z,2026-08-28T16:32:00Z,FAVORABLE_FIRST,2026-08-28T16:24:00Z,2026-08-28T16:32:00Z,FAVORABLE_FIRST,2026-08-28T16:21:00Z,2026-08-28T16:32:00Z,FAVORABLE_FIRST,2026-08-28T16:24:00Z,2026-08-28T16:32:00Z,FAVORABLE_FIRST,2026-08-28T16:24:00Z,2026-08-28T16:32:00Z,ADVERSE_FIRST,2026-08-28T17:02:00Z,2026-08-28T16:32:00Z,ADVERSE_FIRST,,2026-08-28T16:32:00Z
SPY:2026-08-31:SHORT:2026-08-31T13:35:00+00:00:v1,2026-08-31,SHORT,766.250000000000,765.830000000000,0.420000000000,2026-08-31T13:40:00Z,2026-08-31T13:45:00Z,5,WORSE,1.535000000000,1.115000000000,1.745000000000,2.165000000000,-0.700000000000,-1.120000000000,0.420000000000,-0.420000000000,True,15,10,AVAILABLE,AVAILABLE,2026-08-31T13:40:00Z,2026-08-31T13:45:00Z,ADVERSE_FIRST,2026-08-31T13:43:00Z,2026-08-31T13:40:00Z,ADVERSE_FIRST,2026-08-31T13:46:00Z,2026-08-31T13:40:00Z,ADVERSE_FIRST,2026-08-31T13:47:00Z,2026-08-31T13:40:00Z,ADVERSE_FIRST,2026-08-31T14:23:00Z,2026-08-31T13:40:00Z,ADVERSE_FIRST,2026-08-31T13:46:00Z,2026-08-31T13:40:00Z,ADVERSE_FIRST,2026-08-31T13:47:00Z,2026-08-31T13:40:00Z,ADVERSE_FIRST,2026-08-31T14:23:00Z,2026-08-31T13:40:00Z,ADVERSE_FIRST,2026-08-31T14:25:00Z,2026-08-31T13:40:00Z,ADVERSE_FIRST,,2026-08-31T13:40:00Z,ADVERSE_FIRST,2026-08-31T13:47:00Z,2026-08-31T13:45:00Z,ADVERSE_FIRST,2026-08-31T14:23:00Z,2026-08-31T13:45:00Z,ADVERSE_FIRST,2026-08-31T14:24:00Z,2026-08-31T13:45:00Z,ADVERSE_FIRST,2026-08-31T14:25:00Z,2026-08-31T13:45:00Z,ADVERSE_FIRST,2026-08-31T14:23:00Z,2026-08-31T13:45:00Z,ADVERSE_FIRST,2026-08-31T14:24:00Z,2026-08-31T13:45:00Z,ADVERSE_FIRST,2026-08-31T14:25:00Z,2026-08-31T13:45:00Z,ADVERSE_FIRST,,2026-08-31T13:45:00Z,ADVERSE_FIRST,,2026-08-31T13:45:00Z
SPY:2026-08-31:SHORT:2026-08-31T13:57:00+00:00:v1,2026-08-31,SHORT,766.190000000000,765.790000000000,0.400000000000,2026-08-31T14:00:00Z,2026-08-31T14:05:00Z,5,WORSE,1.475000000000,1.075000000000,1.805000000000,2.205000000000,-0.760000000000,-1.160000000000,0.400000000000,-0.400000000000,True,230,225,AVAILABLE,AVAILABLE,2026-08-31T14:00:00Z,2026-08-31T14:05:00Z,FAVORABLE_FIRST,2026-08-31T14:01:00Z,2026-08-31T15:00:00Z,FAVORABLE_FIRST,2026-08-31T14:06:00Z,2026-08-31T15:00:00Z,FAVORABLE_FIRST,2026-08-31T14:10:00Z,2026-08-31T15:00:00Z,FAVORABLE_FIRST,2026-08-31T14:24:00Z,2026-08-31T15:00:00Z,FAVORABLE_FIRST,2026-08-31T14:06:00Z,2026-08-31T17:50:00Z,FAVORABLE_FIRST,2026-08-31T14:10:00Z,2026-08-31T17:50:00Z,FAVORABLE_FIRST,2026-08-31T14:24:00Z,2026-08-31T17:50:00Z,ADVERSE_FIRST,,2026-08-31T17:50:00Z,ADVERSE_FIRST,,2026-08-31T17:50:00Z,ADVERSE_FIRST,2026-08-31T14:06:00Z,2026-08-31T14:05:00Z,ADVERSE_FIRST,2026-08-31T14:23:00Z,2026-08-31T14:05:00Z,ADVERSE_FIRST,2026-08-31T14:24:00Z,2026-08-31T14:05:00Z,ADVERSE_FIRST,2026-08-31T14:25:00Z,2026-08-31T14:05:00Z,FAVORABLE_FIRST,2026-08-31T14:23:00Z,2026-08-31T14:56:00Z,FAVORABLE_FIRST,2026-08-31T14:24:00Z,2026-08-31T14:56:00Z,FAVORABLE_FIRST,2026-08-31T14:25:00Z,2026-08-31T14:56:00Z,ADVERSE_FIRST,,2026-08-31T14:56:00Z,ADVERSE_FIRST,,2026-08-31T14:56:00Z
SPY:2026-08-31:SHORT:2026-08-31T18:26:00+00:00:v1,2026-08-31,SHORT,766.300000000000,766.010000000000,0.290000000000,2026-08-31T18:30:00Z,2026-08-31T18:35:00Z,5,WORSE,1.250000000000,0.960000000000,1.695000000000,1.985000000000,-0.650000000000,-0.940000000000,0.290000000000,-0.290000000000,True,55,50,AVAILABLE,AVAILABLE,2026-08-31T18:30:00Z,2026-08-31T18:35:00Z,FAVORABLE_FIRST,2026-08-31T18:34:00Z,2026-08-31T19:27:00Z,FAVORABLE_FIRST,2026-08-31T18:35:00Z,2026-08-31T19:27:00Z,FAVORABLE_FIRST,2026-08-31T18:38:00Z,2026-08-31T19:27:00Z,FAVORABLE_FIRST,2026-08-31T18:38:00Z,2026-08-31T19:27:00Z,FAVORABLE_FIRST,2026-08-31T18:35:00Z,2026-08-31T19:27:00Z,FAVORABLE_FIRST,2026-08-31T18:38:00Z,2026-08-31T19:27:00Z,FAVORABLE_FIRST,2026-08-31T18:38:00Z,2026-08-31T19:27:00Z,ADVERSE_FIRST,,2026-08-31T19:27:00Z,ADVERSE_FIRST,,2026-08-31T19:27:00Z,FAVORABLE_FIRST,2026-08-31T18:35:00Z,2026-08-31T19:22:00Z,FAVORABLE_FIRST,2026-08-31T18:38:00Z,2026-08-31T19:22:00Z,FAVORABLE_FIRST,2026-08-31T18:41:00Z,2026-08-31T19:22:00Z,ADVERSE_FIRST,,2026-08-31T19:22:00Z,FAVORABLE_FIRST,2026-08-31T18:38:00Z,2026-08-31T19:23:00Z,FAVORABLE_FIRST,2026-08-31T18:41:00Z,2026-08-31T19:23:00Z,ADVERSE_FIRST,,2026-08-31T19:23:00Z,ADVERSE_FIRST,,2026-08-31T19:23:00Z,ADVERSE_FIRST,,2026-08-31T19:23:00Z
SPY:2026-09-01:LONG:2026-09-01T14:00:00+00:00:v1,2026-09-01,LONG,762.170000000000,762.920200000000,0.750200000000,2026-09-01T14:05:00Z,2026-09-01T14:10:00Z,5,WORSE,2.500000000000,1.749800000000,2.690000000000,3.440200000000,-0.510000000000,-1.260200000000,0.750200000000,-0.750200000000,True,150,145,AVAILABLE,AVAILABLE,2026-09-01T14:05:00Z,2026-09-01T14:10:00Z,FAVORABLE_FIRST,2026-09-01T14:05:00Z,2026-09-01T16:31:00Z,FAVORABLE_FIRST,2026-09-01T14:06:00Z,2026-09-01T16:31:00Z,FAVORABLE_FIRST,2026-09-01T14:09:00Z,2026-09-01T16:31:00Z,FAVORABLE_FIRST,2026-09-01T14:15:00Z,2026-09-01T16:31:00Z,FAVORABLE_FIRST,2026-09-01T14:06:00Z,2026-09-01T16:31:00Z,FAVORABLE_FIRST,2026-09-01T14:09:00Z,2026-09-01T16:31:00Z,FAVORABLE_FIRST,2026-09-01T14:15:00Z,2026-09-01T16:31:00Z,FAVORABLE_FIRST,2026-09-01T14:22:00Z,2026-09-01T16:31:00Z,FAVORABLE_FIRST,2026-09-01T14:30:00Z,2026-09-01T16:31:00Z,ADVERSE_FIRST,2026-09-01T14:15:00Z,2026-09-01T14:11:00Z,ADVERSE_FIRST,2026-09-01T14:16:00Z,2026-09-01T14:11:00Z,ADVERSE_FIRST,2026-09-01T14:22:00Z,2026-09-01T14:11:00Z,ADVERSE_FIRST,2026-09-01T14:22:00Z,2026-09-01T14:11:00Z,ADVERSE_FIRST,2026-09-01T14:16:00Z,2026-09-01T14:12:00Z,ADVERSE_FIRST,2026-09-01T14:22:00Z,2026-09-01T14:12:00Z,ADVERSE_FIRST,2026-09-01T14:22:00Z,2026-09-01T14:12:00Z,ADVERSE_FIRST,2026-09-01T14:33:00Z,2026-09-01T14:12:00Z,ADVERSE_FIRST,,2026-09-01T14:12:00Z
SPY:2026-09-01:SHORT:2026-09-01T18:30:00+00:00:v1,2026-09-01,SHORT,760.750000000000,760.540000000000,0.210000000000,2026-09-01T18:35:00Z,2026-09-01T18:40:00Z,5,WORSE,1.270000000000,1.060000000000,1.010000000000,1.220000000000,-0.910000000000,-1.120000000000,0.210000000000,-0.210000000000,True,40,35,AVAILABLE,AVAILABLE,2026-09-01T18:35:00Z,2026-09-01T18:40:00Z,FAVORABLE_FIRST,2026-09-01T18:39:00Z,2026-09-01T19:00:00Z,FAVORABLE_FIRST,2026-09-01T18:42:00Z,2026-09-01T19:00:00Z,FAVORABLE_FIRST,2026-09-01T18:43:00Z,2026-09-01T19:00:00Z,FAVORABLE_FIRST,2026-09-01T18:44:00Z,2026-09-01T19:00:00Z,FAVORABLE_FIRST,2026-09-01T18:42:00Z,2026-09-01T19:04:00Z,FAVORABLE_FIRST,2026-09-01T18:43:00Z,2026-09-01T19:04:00Z,FAVORABLE_FIRST,2026-09-01T18:44:00Z,2026-09-01T19:04:00Z,ADVERSE_FIRST,,2026-09-01T19:04:00Z,ADVERSE_FIRST,,2026-09-01T19:04:00Z,FAVORABLE_FIRST,2026-09-01T18:42:00Z,2026-09-01T18:58:00Z,FAVORABLE_FIRST,2026-09-01T18:42:00Z,2026-09-01T18:58:00Z,FAVORABLE_FIRST,2026-09-01T18:44:00Z,2026-09-01T18:58:00Z,FAVORABLE_FIRST,2026-09-01T18:45:00Z,2026-09-01T18:58:00Z,FAVORABLE_FIRST,2026-09-01T18:42:00Z,2026-09-01T18:58:00Z,FAVORABLE_FIRST,2026-09-01T18:44:00Z,2026-09-01T18:58:00Z,FAVORABLE_FIRST,2026-09-01T18:45:00Z,2026-09-01T18:58:00Z,ADVERSE_FIRST,,2026-09-01T18:58:00Z,ADVERSE_FIRST,,2026-09-01T18:58:00Z
SPY:2026-09-01:SHORT:2026-09-01T19:30:00+00:00:v1,2026-09-01,SHORT,761.155000000000,760.870000000000,0.285000000000,2026-09-01T19:35:00Z,2026-09-01T19:40:00Z,5,WORSE,0.575000000000,0.290000000000,0.605000000000,0.890000000000,-0.505000000000,-0.790000000000,0.285000000000,-0.285000000000,True,15,10,AVAILABLE,AVAILABLE,2026-09-01T19:35:00Z,2026-09-01T19:40:00Z,FAVORABLE_FIRST,2026-09-01T19:36:00Z,2026-09-01T19:48:00Z,ADVERSE_FIRST,2026-09-01T19:53:00Z,2026-09-01T19:48:00Z,ADVERSE_FIRST,,2026-09-01T19:48:00Z,ADVERSE_FIRST,,2026-09-01T19:48:00Z,FAVORABLE_FIRST,2026-09-01T19:53:00Z,2026-09-01T19:59:00Z,ADVERSE_FIRST,,2026-09-01T19:59:00Z,ADVERSE_FIRST,,2026-09-01T19:59:00Z,ADVERSE_FIRST,,2026-09-01T19:59:00Z,ADVERSE_FIRST,,2026-09-01T19:59:00Z,ADVERSE_FIRST,2026-09-01T19:53:00Z,2026-09-01T19:41:00Z,ADVERSE_FIRST,,2026-09-01T19:41:00Z,ADVERSE_FIRST,,2026-09-01T19:41:00Z,ADVERSE_FIRST,,2026-09-01T19:41:00Z,ADVERSE_FIRST,,2026-09-01T19:41:00Z,ADVERSE_FIRST,,2026-09-01T19:41:00Z,ADVERSE_FIRST,,2026-09-01T19:41:00Z,ADVERSE_FIRST,,2026-09-01T19:41:00Z,ADVERSE_FIRST,,2026-09-01T19:41:00Z
SPY:2026-09-02:LONG:2026-09-02T13:56:00+00:00:v1,2026-09-02,LONG,763.030000000000,763.740000000000,0.710000000000,2026-09-02T14:00:00Z,2026-09-02T14:05:00Z,5,WORSE,3.400000000000,2.690000000000,0.170000000000,0.110000000000,2.110000000000,1.400000000000,0.710000000000,0.060000000000,True,,,AVAILABLE,AVAILABLE,2026-09-02T14:00:00Z,2026-09-02T14:05:00Z,FAVORABLE_FIRST,2026-09-02T14:00:00Z,,FAVORABLE_FIRST,2026-09-02T14:01:00Z,,FAVORABLE_FIRST,2026-09-02T14:05:00Z,,FAVORABLE_FIRST,2026-09-02T14:06:00Z,,FAVORABLE_FIRST,2026-09-02T14:01:00Z,,FAVORABLE_FIRST,2026-09-02T14:05:00Z,,FAVORABLE_FIRST,2026-09-02T14:06:00Z,,FAVORABLE_FIRST,2026-09-02T14:17:00Z,,FAVORABLE_FIRST,2026-09-02T14:21:00Z,,FAVORABLE_FIRST,2026-09-02T14:06:00Z,,FAVORABLE_FIRST,2026-09-02T14:14:00Z,,FAVORABLE_FIRST,2026-09-02T14:17:00Z,,FAVORABLE_FIRST,2026-09-02T14:19:00Z,,FAVORABLE_FIRST,2026-09-02T14:14:00Z,,FAVORABLE_FIRST,2026-09-02T14:17:00Z,,FAVORABLE_FIRST,2026-09-02T14:19:00Z,,FAVORABLE_FIRST,2026-09-02T14:21:00Z,,FAVORABLE_FIRST,2026-09-02T14:35:00Z,
SPY:2026-09-03:LONG:2026-09-03T13:37:00+00:00:v1,2026-09-03,LONG,769.740000000000,769.810000000000,0.070000000000,2026-09-03T13:40:00Z,2026-09-03T13:45:00Z,5,WORSE,4.290000000000,4.220000000000,2.290000000000,2.360000000000,3.420000000000,3.350000000000,0.070000000000,-0.070000000000,True,25,20,AVAILABLE,AVAILABLE,2026-09-03T13:40:00Z,2026-09-03T13:45:00Z,ADVERSE_FIRST,2026-09-03T13:50:00Z,2026-09-03T13:40:00Z,ADVERSE_FIRST,2026-09-03T15:04:00Z,2026-09-03T13:40:00Z,ADVERSE_FIRST,2026-09-03T15:04:00Z,2026-09-03T13:40:00Z,ADVERSE_FIRST,2026-09-03T15:08:00Z,2026-09-03T13:40:00Z,ADVERSE_FIRST,2026-09-03T15:04:00Z,2026-09-03T13:40:00Z,ADVERSE_FIRST,2026-09-03T15:04:00Z,2026-09-03T13:40:00Z,ADVERSE_FIRST,2026-09-03T15:08:00Z,2026-09-03T13:40:00Z,ADVERSE_FIRST,2026-09-03T15:11:00Z,2026-09-03T13:40:00Z,ADVERSE_FIRST,2026-09-03T15:16:00Z,2026-09-03T13:40:00Z,ADVERSE_FIRST,2026-09-03T15:03:00Z,2026-09-03T13:49:00Z,ADVERSE_FIRST,2026-09-03T15:04:00Z,2026-09-03T13:49:00Z,ADVERSE_FIRST,2026-09-03T15:05:00Z,2026-09-03T13:49:00Z,ADVERSE_FIRST,2026-09-03T15:08:00Z,2026-09-03T13:49:00Z,ADVERSE_FIRST,2026-09-03T15:04:00Z,2026-09-03T13:49:00Z,ADVERSE_FIRST,2026-09-03T15:05:00Z,2026-09-03T13:49:00Z,ADVERSE_FIRST,2026-09-03T15:08:00Z,2026-09-03T13:49:00Z,ADVERSE_FIRST,2026-09-03T15:13:00Z,2026-09-03T13:49:00Z,ADVERSE_FIRST,2026-09-03T15:16:00Z,2026-09-03T13:49:00Z
SPY:2026-09-03:LONG:2026-09-03T14:59:00+00:00:v1,2026-09-03,LONG,769.260000000000,770.460000000000,1.200000000000,2026-09-03T15:00:00Z,2026-09-03T15:05:00Z,5,WORSE,4.770000000000,3.570000000000,0.010000000000,0.030000000000,3.900000000000,2.700000000000,1.200000000000,-0.020000000000,True,,,AVAILABLE,AVAILABLE,2026-09-03T15:00:00Z,2026-09-03T15:05:00Z,FAVORABLE_FIRST,2026-09-03T15:00:00Z,,FAVORABLE_FIRST,2026-09-03T15:02:00Z,,FAVORABLE_FIRST,2026-09-03T15:03:00Z,,FAVORABLE_FIRST,2026-09-03T15:04:00Z,,FAVORABLE_FIRST,2026-09-03T15:02:00Z,,FAVORABLE_FIRST,2026-09-03T15:03:00Z,,FAVORABLE_FIRST,2026-09-03T15:04:00Z,,FAVORABLE_FIRST,2026-09-03T15:08:00Z,,FAVORABLE_FIRST,2026-09-03T15:11:00Z,,FAVORABLE_FIRST,2026-09-03T15:07:00Z,,FAVORABLE_FIRST,2026-09-03T15:10:00Z,,FAVORABLE_FIRST,2026-09-03T15:11:00Z,,FAVORABLE_FIRST,2026-09-03T15:14:00Z,,FAVORABLE_FIRST,2026-09-03T15:10:00Z,,FAVORABLE_FIRST,2026-09-03T15:11:00Z,,FAVORABLE_FIRST,2026-09-03T15:14:00Z,,FAVORABLE_FIRST,2026-09-03T15:19:00Z,,FAVORABLE_FIRST,2026-09-03T15:26:00Z,
SPY:2026-09-04:SHORT:2026-09-04T14:07:00+00:00:v1,2026-09-04,SHORT,771.530000000000,771.630000000000,-0.100000000000,2026-09-04T14:10:00Z,2026-09-04T14:15:00Z,5,BETTER,2.530000000000,2.630000000000,0.159300000000,0.059300000000,1.300000000000,1.400000000000,-0.100000000000,0.100000000000,True,,,AVAILABLE,AVAILABLE,2026-09-04T14:10:00Z,2026-09-04T14:15:00Z,FAVORABLE_FIRST,2026-09-04T14:10:00Z,,FAVORABLE_FIRST,2026-09-04T14:12:00Z,,FAVORABLE_FIRST,2026-09-04T14:26:00Z,,FAVORABLE_FIRST,2026-09-04T14:42:00Z,,FAVORABLE_FIRST,2026-09-04T14:12:00Z,,FAVORABLE_FIRST,2026-09-04T14:26:00Z,,FAVORABLE_FIRST,2026-09-04T14:42:00Z,,FAVORABLE_FIRST,2026-09-04T14:48:00Z,,FAVORABLE_FIRST,2026-09-04T14:55:00Z,,FAVORABLE_FIRST,2026-09-04T14:15:00Z,,FAVORABLE_FIRST,2026-09-04T14:18:00Z,,FAVORABLE_FIRST,2026-09-04T14:20:00Z,,FAVORABLE_FIRST,2026-09-04T14:42:00Z,,FAVORABLE_FIRST,2026-09-04T14:18:00Z,,FAVORABLE_FIRST,2026-09-04T14:20:00Z,,FAVORABLE_FIRST,2026-09-04T14:42:00Z,,FAVORABLE_FIRST,2026-09-04T14:47:00Z,,FAVORABLE_FIRST,2026-09-04T14:54:00Z,

