entry_variant,model,population,cost_per_share_roundtrip,ambiguity_sensitivity,bootstrap_draws,bootstrap_seed,bootstrap_valid_draws,bootstrap_null_draws,mean_r_ci_low,mean_r_ci_high,bootstrap_probability_mean_above_zero,bootstrap_status,bootstrap_unit
IMMEDIATE_CLOSE_BACK_1M,USD025_TARGET_1R,NATURAL,0,stop_first,10000,20260908,10000,0,-0.088712881243920243712878715078807128635420301876231756516402908504830930091021433,-0.0015771023858306478991062983121514685175113867345199379465345125847350193833520427,0.0201,AVAILABLE,WHOLE_SESSION
IMMEDIATE_CLOSE_BACK_1M,USD025_TARGET_1R,NATURAL,0,target_first,10000,20260908,10000,0,0.035971199250884402904542345718703927398449913674853045288088003069823752597532678,0.12217089073134223635895876698552283836564773019622517950277147601562317281380827,0.9995,AVAILABLE,WHOLE_SESSION
IMMEDIATE_CLOSE_BACK_1M,USD025_TARGET_1R,NATURAL,0.01,stop_first,10000,20260908,10000,0,-0.12871288124392024371287871507880712863542030187623175651640290850483093009102144,-0.041577102385830647899106298312151468517511386734519937946534512584735019383352043,0.0002,AVAILABLE,WHOLE_SESSION
IMMEDIATE_CLOSE_BACK_1M,USD025_TARGET_1R,NATURAL,0.01,target_first,10000,20260908,10000,0,-0.0040288007491155970954576542812960726015500863251469547119119969301762474024673217,0.082170890731342236358958766985522838365647730196225179502771476015623172813808265,0.9608,AVAILABLE,WHOLE_SESSION
IMMEDIATE_CLOSE_BACK_1M,USD025_TARGET_1R,NATURAL,0.02,stop_first,10000,20260908,10000,0,-0.16871288124392024371287871507880712863542030187623175651640290850483093009102144,-0.081577102385830647899106298312151468517511386734519937946534512584735019383352043,0,AVAILABLE,WHOLE_SESSION
IMMEDIATE_CLOSE_BACK_1M,USD025_TARGET_1R,NATURAL,0.02,target_first,10000,20260908,10000,0,-0.044028800749115597095457654281296072601550086325146954711911996930176247402467322,0.042170890731342236358958766985522838365647730196225179502771476015623172813808265,0.4824,AVAILABLE,WHOLE_SESSION
IMMEDIATE_CLOSE_BACK_1M,USD025_TARGET_1.5R,NATURAL,0,stop_first,10000,20260908,10000,0,-0.066627959053599226752595301225917024817546428625596860681720723664707350400480936,0.034534143974952369822171609967956644987348446345725786067799281946192167723454159,0.2642,AVAILABLE,WHOLE_SESSION
IMMEDIATE_CLOSE_BACK_1M,USD025_TARGET_1.5R,NATURAL,0,target_first,10000,20260908,10000,0,0.018883918898003405045658566785327348707630397771242841665376876644482278285095187,0.12285270066323073448183815527401901398328576415268680314572596045255744235231309,0.9962,AVAILABLE,WHOLE_SESSION
IMMEDIATE_CLOSE_BACK_1M,USD025_TARGET_1.5R,NATURAL,0.01,stop_first,10000,20260908,10000,0,-0.10662795905359922675259530122591702481754642862559686068172072366470735040048094,-0.0054658560250476301778283900320433550126515536542742139322007180538078322765458405,0.0149,AVAILABLE,WHOLE_SESSION
IMMEDIATE_CLOSE_BACK_1M,USD025_TARGET_1.5R,NATURAL,0.01,target_first,10000,20260908,10000,0,-0.021116081101996594954341433214672651292369602228757158334623123355517721714904813,0.082852700663230734481838155274019013983285764152686803145725960452557442352313094,0.8759,AVAILABLE,WHOLE_SESSION
IMMEDIATE_CLOSE_BACK_1M,USD025_TARGET_1.5R,NATURAL,0.02,stop_first,10000,20260908,10000,0,-0.14662795905359922675259530122591702481754642862559686068172072366470735040048094,-0.045465856025047630177828390032043355012651553654274213932200718053807832276545841,0.0003,AVAILABLE,WHOLE_SESSION
IMMEDIATE_CLOSE_BACK_1M,USD025_TARGET_1.5R,NATURAL,0.02,target_first,10000,20260908,10000,0,-0.061116081101996594954341433214672651292369602228757158334623123355517721714904813,0.042852700663230734481838155274019013983285764152686803145725960452557442352313094,0.3755,AVAILABLE,WHOLE_SESSION
IMMEDIATE_CLOSE_BACK_1M,USD025_TARGET_2R,NATURAL,0,stop_first,10000,20260908,10000,0,-0.065779949139795330108480309960464823642679261736914032207561139057886404405933495,0.048938264099029874786778413261722566369344676985799310297480420581230163131017074,0.3851,AVAILABLE,WHOLE_SESSION
IMMEDIATE_CLOSE_BACK_1M,USD025_TARGET_2R,NATURAL,0,target_first,10000,20260908,10000,0,0.000017015093975383042263605479104123304840352148359346931894008080603868493764564055,0.12378023020672602332735933142293058337566249125463624078741817693907476447417602,0.975,AVAILABLE,WHOLE_SESSION
IMMEDIATE_CLOSE_BACK_1M,USD025_TARGET_2R,NATURAL,0.01,stop_first,10000,20260908,10000,0,-0.10577994913979533010848030996046482364267926173691403220756113905788640440593350,0.0089382640990298747867784132617225663693446769857993102974804205812301631310170736,0.0477,AVAILABLE,WHOLE_SESSION
IMMEDIATE_CLOSE_BACK_1M,USD025_TARGET_2R,NATURAL,0.01,target_first,10000,20260908,10000,0,-0.039982984906024616957736394520895876695159647851640653068105991919396131506235436,0.083780230206726023327359331422930583375662491254636240787418176939074764474176019,0.7535,AVAILABLE,WHOLE_SESSION
IMMEDIATE_CLOSE_BACK_1M,USD025_TARGET_2R,NATURAL,0.02,stop_first,10000,20260908,10000,0,-0.14577994913979533010848030996046482364267926173691403220756113905788640440593350,-0.031061735900970125213221586738277433630655323014200689702519579418769836868982926,0.0018,AVAILABLE,WHOLE_SESSION
IMMEDIATE_CLOSE_BACK_1M,USD025_TARGET_2R,NATURAL,0.02,target_first,10000,20260908,10000,0,-0.079982984906024616957736394520895876695159647851640653068105991919396131506235436,0.043780230206726023327359331422930583375662491254636240787418176939074764474176019,0.2893,AVAILABLE,WHOLE_SESSION
IMMEDIATE_CLOSE_BACK_1M,USD025_TARGET_2R_BE1R,NATURAL,0,stop_first,10000,20260908,10000,0,-0.057193751687521168551760984987620869449069060760302823586656299045447389887753009,0.054330933025307062001761913357679211428060090193918467536514960063811503041691930,0.479,AVAILABLE,WHOLE_SESSION
IMMEDIATE_CLOSE_BACK_1M,USD025_TARGET_2R_BE1R,NATURAL,0,target_first,10000,20260908,10000,0,0.021804189506017469772818375889103299120918048680444854620540500228393508031061517,0.14541056946459847646561225188454003529440347378208908413452512683236041814370874,0.9959,AVAILABLE,WHOLE_SESSION
IMMEDIATE_CLOSE_BACK_1M,USD025_TARGET_2R_BE1R,NATURAL,0.01,stop_first,10000,20260908,10000,0,-0.097193751687521168551760984987620869449069060760302823586656299045447389887753009,0.014330933025307062001761913357679211428060090193918467536514960063811503041691930,0.0717,AVAILABLE,WHOLE_SESSION
IMMEDIATE_CLOSE_BACK_1M,USD025_TARGET_2R_BE1R,NATURAL,0.01,target_first,10000,20260908,10000,0,-0.018195810493982530227181624110896700879081951319555145379459499771606491968938483,0.10541056946459847646561225188454003529440347378208908413452512683236041814370874,0.9125,AVAILABLE,WHOLE_SESSION
IMMEDIATE_CLOSE_BACK_1M,USD025_TARGET_2R_BE1R,NATURAL,0.02,stop_first,10000,20260908,10000,0,-0.13719375168752116855176098498762086944906906076030282358665629904544738988775301,-0.025669066974692937998238086642320788571939909806081532463485039936188496958308070,0.0024,AVAILABLE,WHOLE_SESSION
IMMEDIATE_CLOSE_BACK_1M,USD025_TARGET_2R_BE1R,NATURAL,0.02,target_first,10000,20260908,10000,0,-0.058195810493982530227181624110896700879081951319555145379459499771606491968938483,0.065410569464598476465612251884540035294403473782089084134525126832360418143708740,0.5407,AVAILABLE,WHOLE_SESSION
IMMEDIATE_CLOSE_BACK_1M,USD030_TARGET_1R,NATURAL,0,stop_first,10000,20260908,10000,0,-0.061947069025041478935753471235103609178958696949736367677297145038919018228093005,0.025723598176529539732590256899122485395126005230867003984258512380533352887976339,0.2007,AVAILABLE,WHOLE_SESSION
IMMEDIATE_CLOSE_BACK_1M,USD030_TARGET_1R,NATURAL,0,target_first,10000,20260908,10000,0,0.0074948198168250615166323746007850464624250878788386831461289084909621762078390179,0.096832724901572372093482781957487168594053341105452174299644820755509230214441322,0.9867,AVAILABLE,WHOLE_SESSION
IMMEDIATE_CLOSE_BACK_1M,USD030_TARGET_1R,NATURAL,0.01,stop_first,10000,20260908,10000,0,-0.095280402358374812269086804568436942512292030283069701010630478372252351561426330,-0.0076097351568037936007430764342108479382073281024663293490748209527999804453569882,0.0098,AVAILABLE,WHOLE_SESSION
IMMEDIATE_CLOSE_BACK_1M,USD030_TARGET_1R,NATURAL,0.01,target_first,10000,20260908,10000,0,-0.025838513516508271816700958732548286870908245454494650187204424842371157125494308,0.063499391568239038760149448624153835260720007772118840966311487422175896881107995,0.783,AVAILABLE,WHOLE_SESSION
IMMEDIATE_CLOSE_BACK_1M,USD030_TARGET_1R,NATURAL,0.02,stop_first,10000,20260908,10000,0,-0.12861373569170814560242013790177027584562536361640303434396381170558568489475966,-0.040943068490137126934076409767544181271540661435799662682408154286133313778690315,0.0003,AVAILABLE,WHOLE_SESSION
IMMEDIATE_CLOSE_BACK_1M,USD030_TARGET_1R,NATURAL,0.02,target_first,10000,20260908,10000,0,-0.059171846849841605150034292065881620204241578787827983520537758175704490458827633,0.030166058234905705426816115290820501927386674438785507632978154088842563547774669,0.2553,AVAILABLE,WHOLE_SESSION
IMMEDIATE_CLOSE_BACK_1M,USD030_TARGET_1.5R,NATURAL,0,stop_first,10000,20260908,10000,0,-0.063930817166908042886917408862409772990723637236112195136052356959295586139512566,0.038679325713521117337713669006484234840922335310470375515191208342356331856202454,0.308,AVAILABLE,WHOLE_SESSION
IMMEDIATE_CLOSE_BACK_1M,USD030_TARGET_1.5R,NATURAL,0,target_first,10000,20260908,10000,0,-0.020671419035981939409911585732283233845240764195254527576114159940532697707484306,0.089345148631105020213595515821253026088637883915253703978141894761485768151681607,0.8842,AVAILABLE,WHOLE_SESSION
IMMEDIATE_CLOSE_BACK_1M,USD030_TARGET_1.5R,NATURAL,0.01,stop_first,10000,20260908,10000,0,-0.097264150500241376220250742195743106324056970569445528469385690292628919472845893,0.0053459923801877840043803356731509015075890019771370421818578750090229985228691273,0.038,AVAILABLE,WHOLE_SESSION
IMMEDIATE_CLOSE_BACK_1M,USD030_TARGET_1.5R,NATURAL,0.01,target_first,10000,20260908,10000,0,-0.054004752369315272743244919065616567178574097528587860909447493273866031040817630,0.056011815297771686880262182487919692755304550581920370644808561428152434818348282,0.5122,AVAILABLE,WHOLE_SESSION
IMMEDIATE_CLOSE_BACK_1M,USD030_TARGET_1.5R,NATURAL,0.02,stop_first,10000,20260908,10000,0,-0.13059748383357470955358407552907643965739030390277886180271902362596225280617921,-0.027987340953145549328952997660182431825744331356196291151475458324310334810464199,0.0016,AVAILABLE,WHOLE_SESSION
IMMEDIATE_CLOSE_BACK_1M,USD030_TARGET_1.5R,NATURAL,0.02,target_first,10000,20260908,10000,0,-0.087338085702648606076578252398949900511907430861921194242780826607199364374150957,0.022678481964438353546928849154586359421971217248587037311475228094819101485014958,0.1253,AVAILABLE,WHOLE_SESSION
IMMEDIATE_CLOSE_BACK_1M,USD030_TARGET_2R,NATURAL,0,stop_first,10000,20260908,10000,0,-0.080411226297329030768061845582796385662145553427873692038580519513202765673351103,0.042909098593397962638569869830190197338934230410013986564795459580909765742755701,0.2795,AVAILABLE,WHOLE_SESSION
IMMEDIATE_CLOSE_BACK_1M,USD030_TARGET_2R,NATURAL,0,target_first,10000,20260908,10000,0,-0.049222424448049428834453890781217330383510270811697770637016180239991876141502603,0.081484438250405199321287052879363226337811194618986618504197242338925393570523165,0.6845,AVAILABLE,WHOLE_SESSION
IMMEDIATE_CLOSE_BACK_1M,USD030_TARGET_2R,NATURAL,0.01,stop_first,10000,20260908,10000,0,-0.11374455963066236410139517891612971899547888676120702537191385284653609900668443,0.0095757652600646293052365364968568640056008970766806532314621262475764324094223731,0.0516,AVAILABLE,WHOLE_SESSION
IMMEDIATE_CLOSE_BACK_1M,USD030_TARGET_2R,NATURAL,0.01,target_first,10000,20260908,10000,0,-0.082555757781382762167787224114550663716843604145031103970349513573325209474835928,0.048151104917071865987953719546029893004477861285653285170863909005592060237189839,0.3102,AVAILABLE,WHOLE_SESSION
IMMEDIATE_CLOSE_BACK_1M,USD030_TARGET_2R,NATURAL,0.02,stop_first,10000,20260908,10000,0,-0.14707789296399569743472851224946305232881222009454035870524718617986943234001776,-0.023757568073268704028096796836476469327732436256652680101871207085756900923910954,0.0048,AVAILABLE,WHOLE_SESSION
IMMEDIATE_CLOSE_BACK_1M,USD030_TARGET_2R,NATURAL,0.02,target_first,10000,20260908,10000,0,-0.11588909111471609550112055744788399705017693747836443730368284690665854280816925,0.014817771583738532654620386212696559671144527952319951837530575672258726903856515,0.0632,AVAILABLE,WHOLE_SESSION
IMMEDIATE_CLOSE_BACK_1M,USD030_TARGET_2R_BE1R,NATURAL,0,stop_first,10000,20260908,10000,0,-0.047686946496096227691319715859593160206657139172476595789479225062047147936718488,0.063434910412211071954715867374006793405453297231267845174098198852578276084289400,0.5911,AVAILABLE,WHOLE_SESSION
IMMEDIATE_CLOSE_BACK_1M,USD030_TARGET_2R_BE1R,NATURAL,0,target_first,10000,20260908,10000,0,-0.0043683862662103181501023445856561934235590187465002276745755806764831991260017980,0.11377389978231191897109086651039783015399304757000155427065173244057470134403826,0.9645,AVAILABLE,WHOLE_SESSION
IMMEDIATE_CLOSE_BACK_1M,USD030_TARGET_2R_BE1R,NATURAL,0.01,stop_first,10000,20260908,10000,0,-0.081020279829429561024653049192926493539990472505809929122812558395380481270051813,0.030101577078877738621382534040673460072119963897934511840764865519244942750956073,0.1805,AVAILABLE,WHOLE_SESSION
IMMEDIATE_CLOSE_BACK_1M,USD030_TARGET_2R_BE1R,NATURAL,0.01,target_first,10000,20260908,10000,0,-0.037701719599543651483435677918989526756892352079833561007908914009816532459335124,0.080440566448978585637757533177064496820659714236668220937318399107241368010704934,0.7497,AVAILABLE,WHOLE_SESSION
IMMEDIATE_CLOSE_BACK_1M,USD030_TARGET_2R_BE1R,NATURAL,0.02,stop_first,10000,20260908,10000,0,-0.11435361316276289435798638252625982687332380583914326245614589172871381460338514,-0.0032317562544555947119507992926598732612133694353988214925684678140883905823772541,0.0198,AVAILABLE,WHOLE_SESSION
IMMEDIATE_CLOSE_BACK_1M,USD030_TARGET_2R_BE1R,NATURAL,0.02,target_first,10000,20260908,10000,0,-0.071035052932876984816769011252322860090225685413166894341242247343149865792668451,0.047107233115645252304424199843731163487326380903334887603985065773908034677371607,0.3405,AVAILABLE,WHOLE_SESSION
IMMEDIATE_CLOSE_BACK_1M,USD040_TARGET_1R,NATURAL,0,stop_first,10000,20260908,10000,0,-0.036949741828787839995347195025544594701807987715583388095457098577828436034836612,0.046893854902039963134341121362129086814826075802635704580653130255494218362518647,0.5792,AVAILABLE,WHOLE_SESSION
IMMEDIATE_CLOSE_BACK_1M,USD040_TARGET_1R,NATURAL,0,target_first,10000,20260908,10000,0,0.0027641723568991253438133797391943464325494346179977622137414220298186281814576930,0.089327198403799607679739327063075547399122663283411594515006952214643189872706588,0.9821,AVAILABLE,WHOLE_SESSION
IMMEDIATE_CLOSE_BACK_1M,USD040_TARGET_1R,NATURAL,0.01,stop_first,10000,20260908,10000,0,-0.061949741828787839995347195025544594701807987715583388095457098577828436034836612,0.021893854902039963134341121362129086814826075802635704580653130255494218362518647,0.1675,AVAILABLE,WHOLE_SESSION
IMMEDIATE_CLOSE_BACK_1M,USD040_TARGET_1R,NATURAL,0.01,target_first,10000,20260908,10000,0,-0.022235827643100874656186620260805653567450565382002237786258577970181371818542307,0.064327198403799607679739327063075547399122663283411594515006952214643189872706588,0.8232,AVAILABLE,WHOLE_SESSION
IMMEDIATE_CLOSE_BACK_1M,USD040_TARGET_1R,NATURAL,0.02,stop_first,10000,20260908,10000,0,-0.086949741828787839995347195025544594701807987715583388095457098577828436034836612,-0.0031061450979600368656588786378709131851739241973642954193468697445057816374813533,0.0191,AVAILABLE,WHOLE_SESSION
IMMEDIATE_CLOSE_BACK_1M,USD040_TARGET_1R,NATURAL,0.02,target_first,10000,20260908,10000,0,-0.047235827643100874656186620260805653567450565382002237786258577970181371818542307,0.039327198403799607679739327063075547399122663283411594515006952214643189872706588,0.4183,AVAILABLE,WHOLE_SESSION
IMMEDIATE_CLOSE_BACK_1M,USD040_TARGET_1.5R,NATURAL,0,stop_first,10000,20260908,10000,0,-0.039421952252743588766528217048355752010059825477270129177304424036886026749990473,0.069798477118176379051654490532596972394424493597082503644880518229709059600927040,0.6985,AVAILABLE,WHOLE_SESSION
IMMEDIATE_CLOSE_BACK_1M,USD040_TARGET_1.5R,NATURAL,0,target_first,10000,20260908,10000,0,-0.014593158568113202223413560565446798905222764594678479726870009311249682571033548,0.097722446958313359637154762343744238356871566060695453372174490209815996165050333,0.93,AVAILABLE,WHOLE_SESSION
IMMEDIATE_CLOSE_BACK_1M,USD040_TARGET_1.5R,NATURAL,0.01,stop_first,10000,20260908,10000,0,-0.064421952252743588766528217048355752010059825477270129177304424036886026749990473,0.044798477118176379051654490532596972394424493597082503644880518229709059600927040,0.3557,AVAILABLE,WHOLE_SESSION
IMMEDIATE_CLOSE_BACK_1M,USD040_TARGET_1.5R,NATURAL,0.01,target_first,10000,20260908,10000,0,-0.039593158568113202223413560565446798905222764594678479726870009311249682571033548,0.072722446958313359637154762343744238356871566060695453372174490209815996165050333,0.7173,AVAILABLE,WHOLE_SESSION
IMMEDIATE_CLOSE_BACK_1M,USD040_TARGET_1.5R,NATURAL,0.02,stop_first,10000,20260908,10000,0,-0.089421952252743588766528217048355752010059825477270129177304424036886026749990473,0.019798477118176379051654490532596972394424493597082503644880518229709059600927040,0.1048,AVAILABLE,WHOLE_SESSION
IMMEDIATE_CLOSE_BACK_1M,USD040_TARGET_1.5R,NATURAL,0.02,target_first,10000,20260908,10000,0,-0.064593158568113202223413560565446798905222764594678479726870009311249682571033548,0.047722446958313359637154762343744238356871566060695453372174490209815996165050333,0.3883,AVAILABLE,WHOLE_SESSION
IMMEDIATE_CLOSE_BACK_1M,USD040_TARGET_2R,NATURAL,0,stop_first,10000,20260908,10000,0,-0.069817055856672297099251861722667295592869725667503528822124143285344176359943866,0.065853466447496727126867928662517666912961112896413766104971394812257434021072361,0.4595,AVAILABLE,WHOLE_SESSION
IMMEDIATE_CLOSE_BACK_1M,USD040_TARGET_2R,NATURAL,0,target_first,10000,20260908,10000,0,-0.059007280314539392792963208171758252151707178662631230492764589047574009268892462,0.078608168146604590623513804410402743360616755525518760481589947685915246176566294,0.5957,AVAILABLE,WHOLE_SESSION
IMMEDIATE_CLOSE_BACK_1M,USD040_TARGET_2R,NATURAL,0.01,stop_first,10000,20260908,10000,0,-0.094817055856672297099251861722667295592869725667503528822124143285344176359943866,0.040853466447496727126867928662517666912961112896413766104971394812257434021072361,0.21,AVAILABLE,WHOLE_SESSION
IMMEDIATE_CLOSE_BACK_1M,USD040_TARGET_2R,NATURAL,0.01,target_first,10000,20260908,10000,0,-0.084007280314539392792963208171758252151707178662631230492764589047574009268892462,0.053608168146604590623513804410402743360616755525518760481589947685915246176566294,0.3179,AVAILABLE,WHOLE_SESSION
IMMEDIATE_CLOSE_BACK_1M,USD040_TARGET_2R,NATURAL,0.02,stop_first,10000,20260908,10000,0,-0.11981705585667229709925186172266729559286972566750352882212414328534417635994387,0.015853466447496727126867928662517666912961112896413766104971394812257434021072361,0.0654,AVAILABLE,WHOLE_SESSION
IMMEDIATE_CLOSE_BACK_1M,USD040_TARGET_2R,NATURAL,0.02,target_first,10000,20260908,10000,0,-0.10900728031453939279296320817175825215170717866263123049276458904757400926889246,0.028608168146604590623513804410402743360616755525518760481589947685915246176566294,0.1205,AVAILABLE,WHOLE_SESSION
IMMEDIATE_CLOSE_BACK_1M,USD040_TARGET_2R_BE1R,NATURAL,0,stop_first,10000,20260908,10000,0,-0.032833503459613621919243212514331886571301734517570334032761335364548900876041557,0.080153191339501542052179711594565307993665082937401016920896890889389013920146703,0.7766,AVAILABLE,WHOLE_SESSION
IMMEDIATE_CLOSE_BACK_1M,USD040_TARGET_2R_BE1R,NATURAL,0,target_first,10000,20260908,10000,0,-0.017142084739176586549397224960194101144893471832587762529380544393054818409280461,0.099026552421118073828463656136401660912284971177392124355483900406102179567128538,0.9151,AVAILABLE,WHOLE_SESSION
IMMEDIATE_CLOSE_BACK_1M,USD040_TARGET_2R_BE1R,NATURAL,0.01,stop_first,10000,20260908,10000,0,-0.057833503459613621919243212514331886571301734517570334032761335364548900876041557,0.055153191339501542052179711594565307993665082937401016920896890889389013920146703,0.4542,AVAILABLE,WHOLE_SESSION
IMMEDIATE_CLOSE_BACK_1M,USD040_TARGET_2R_BE1R,NATURAL,0.01,target_first,10000,20260908,10000,0,-0.042142084739176586549397224960194101144893471832587762529380544393054818409280461,0.074026552421118073828463656136401660912284971177392124355483900406102179567128538,0.6904,AVAILABLE,WHOLE_SESSION
IMMEDIATE_CLOSE_BACK_1M,USD040_TARGET_2R_BE1R,NATURAL,0.02,stop_first,10000,20260908,10000,0,-0.082833503459613621919243212514331886571301734517570334032761335364548900876041557,0.030153191339501542052179711594565307993665082937401016920896890889389013920146703,0.1684,AVAILABLE,WHOLE_SESSION
IMMEDIATE_CLOSE_BACK_1M,USD040_TARGET_2R_BE1R,NATURAL,0.02,target_first,10000,20260908,10000,0,-0.067142084739176586549397224960194101144893471832587762529380544393054818409280461,0.049026552421118073828463656136401660912284971177392124355483900406102179567128538,0.3609,AVAILABLE,WHOLE_SESSION
IMMEDIATE_CLOSE_BACK_1M,ATR050_TARGET_1R,NATURAL,0,stop_first,10000,20260908,10000,0,-0.032692896887322515152566982739469674458882979771496901302259554725413049880513008,0.067326142597814281919073120842963222639977325592545499328431876426572907658315723,0.7472,AVAILABLE,WHOLE_SESSION
IMMEDIATE_CLOSE_BACK_1M,ATR050_TARGET_1R,NATURAL,0,target_first,10000,20260908,10000,0,-0.021499737131938879221468742329558880877100319036827314088699640631726925847287091,0.079429532950519963521169110704887409704531642502753824962440844767652559047688654,0.8709,AVAILABLE,WHOLE_SESSION
IMMEDIATE_CLOSE_BACK_1M,ATR050_TARGET_1R,NATURAL,0.01,stop_first,10000,20260908,10000,0,-0.060403531646477240138156227148021457084110579561042034620934369905464091236328244,0.040025396436064651258267559397284154511738907834068107952161244717441554197846755,0.3403,AVAILABLE,WHOLE_SESSION
IMMEDIATE_CLOSE_BACK_1M,ATR050_TARGET_1R,NATURAL,0.01,target_first,10000,20260908,10000,0,-0.049634202260911684410530696488835193072189870726604188057604558553331374314047337,0.052080043796379312351923533034526510522815533561885375848540392902954826605447944,0.5257,AVAILABLE,WHOLE_SESSION
IMMEDIATE_CLOSE_BACK_1M,ATR050_TARGET_1R,NATURAL,0.02,stop_first,10000,20260908,10000,0,-0.088288297967800527654101345967932797919431302671769540776625633712803431367142856,0.012806089646239544913495616731760831367272194561107024757161403411234844826213572,0.0691,AVAILABLE,WHOLE_SESSION
IMMEDIATE_CLOSE_BACK_1M,ATR050_TARGET_1R,NATURAL,0.02,target_first,10000,20260908,10000,0,-0.077544751429981097501390370129267925021678236109068598039667915011509353513733254,0.024773048525292641701885745396808312345309528588018286878850785459491339494512610,0.1591,AVAILABLE,WHOLE_SESSION
IMMEDIATE_CLOSE_BACK_1M,ATR050_TARGET_1.5R,NATURAL,0,stop_first,10000,20260908,10000,0,-0.048859250078411300606674012285313512087069308628853129750479597209652481576199644,0.077649416110334980550364790161445077831722871337146150561495772901678700689128252,0.6597,AVAILABLE,WHOLE_SESSION
IMMEDIATE_CLOSE_BACK_1M,ATR050_TARGET_1.5R,NATURAL,0,target_first,10000,20260908,10000,0,-0.047999400637586958094406685135843351856077174620598764802764935547756447364359103,0.078586203136098837656517393275782043909698384464210493244125188415828819289631193,0.6723,AVAILABLE,WHOLE_SESSION
IMMEDIATE_CLOSE_BACK_1M,ATR050_TARGET_1.5R,NATURAL,0.01,stop_first,10000,20260908,10000,0,-0.076150014152549053913967536934739037250391241579542062071945424631387576229332613,0.050455505839625242490352206244526750780940615037095388005292292808086642951581982,0.3308,AVAILABLE,WHOLE_SESSION
IMMEDIATE_CLOSE_BACK_1M,ATR050_TARGET_1.5R,NATURAL,0.01,target_first,10000,20260908,10000,0,-0.075366752663248404999280222075268581533396575155050378438953823064783745296928044,0.051420396290893065761938910692636098815601208173700157684198212134652137173049347,0.343,AVAILABLE,WHOLE_SESSION
IMMEDIATE_CLOSE_BACK_1M,ATR050_TARGET_1.5R,NATURAL,0.02,stop_first,10000,20260908,10000,0,-0.10358089863901515475807233376539134023013436485392444183988069422764083358042916,0.022766326777298074356764136430102312796883576617499908281144887389679028620368435,0.1,AVAILABLE,WHOLE_SESSION
IMMEDIATE_CLOSE_BACK_1M,ATR050_TARGET_1.5R,NATURAL,0.02,target_first,10000,20260908,10000,0,-0.10261249398982711080049100505298239653511411897482801781087104106487655382890831,0.023870195212337945494788419733746488586404711423062270697331860931233314244314336,0.1058,AVAILABLE,WHOLE_SESSION
IMMEDIATE_CLOSE_BACK_1M,ATR050_TARGET_2R,NATURAL,0,stop_first,10000,20260908,10000,0,-0.088788738479621105627548703798573766863648178609129288380669589763237011509121748,0.054158773495805721621488503201529823502610321180908167697207375190167627210230504,0.3115,AVAILABLE,WHOLE_SESSION
IMMEDIATE_CLOSE_BACK_1M,ATR050_TARGET_2R,NATURAL,0,target_first,10000,20260908,10000,0,-0.087063183424092656410450359565042464101236824032945783706293607312107520980382116,0.055582270914618013658306234642916843147032537558328910644173510139026253777622641,0.324,AVAILABLE,WHOLE_SESSION
IMMEDIATE_CLOSE_BACK_1M,ATR050_TARGET_2R,NATURAL,0.01,stop_first,10000,20260908,10000,0,-0.11632032770833399335445157576396211118060034086356257160209868900160660968976420,0.026720882456191840688768874947294962435906864017748049395209875402769633133099523,0.1092,AVAILABLE,WHOLE_SESSION
IMMEDIATE_CLOSE_BACK_1M,ATR050_TARGET_2R,NATURAL,0.01,target_first,10000,20260908,10000,0,-0.11473782196436963644082991790731508009587686224184237149396528012053492633988957,0.028257429545870444900630542954638590610989792578844095345184431277545727617063163,0.1159,AVAILABLE,WHOLE_SESSION
IMMEDIATE_CLOSE_BACK_1M,ATR050_TARGET_2R,NATURAL,0.02,stop_first,10000,20260908,10000,0,-0.14397172948414997668258790763141896062504133639180159213997722540828962163271209,-0.00035915386312509028082054710666601009430022546006056162818387785183589137189757435,0.0242,AVAILABLE,WHOLE_SESSION
IMMEDIATE_CLOSE_BACK_1M,ATR050_TARGET_2R,NATURAL,0.02,target_first,10000,20260908,10000,0,-0.14203705347218844951157034983364103328893458525824587471876004300115337925850602,0.00089873270024633308695640221040252446937556140066149863420597966226217778597183040,0.0267,AVAILABLE,WHOLE_SESSION
IMMEDIATE_CLOSE_BACK_1M,ATR050_TARGET_2R_BE1R,NATURAL,0,stop_first,10000,20260908,10000,0,-0.062062359078507557476140960342043803356605952042526840733819091642035723596723995,0.059336256889892956777083986471363305854151612219761584067734400449401061629860375,0.4609,AVAILABLE,WHOLE_SESSION
IMMEDIATE_CLOSE_BACK_1M,ATR050_TARGET_2R_BE1R,NATURAL,0,target_first,10000,20260908,10000,0,-0.055800250737985056516768694078061672707338348876019379179887192274802066621509107,0.068162164160434784045108930147610750008360688016820457546954392249226539501427016,0.5577,AVAILABLE,WHOLE_SESSION
IMMEDIATE_CLOSE_BACK_1M,ATR050_TARGET_2R_BE1R,NATURAL,0.01,stop_first,10000,20260908,10000,0,-0.089410449580950118567635124365575198087282649475988244146841464783274248199342748,0.031844393107670343505311953539159765403020072643614592730189888506148858072620355,0.1637,AVAILABLE,WHOLE_SESSION
IMMEDIATE_CLOSE_BACK_1M,ATR050_TARGET_2R_BE1R,NATURAL,0.01,target_first,10000,20260908,10000,0,-0.083286550869150542922703565426795698532032813860235328210792022308193598398912307,0.040789168543873281658514120646125569985239102155196917723315955202514836236381267,0.2305,AVAILABLE,WHOLE_SESSION
IMMEDIATE_CLOSE_BACK_1M,ATR050_TARGET_2R_BE1R,NATURAL,0.02,stop_first,10000,20260908,10000,0,-0.11721570148405123821254807907203764003344840900916652471367704690537757740729468,0.0048094458966674370193427434313609855581194499085771528329195571264421879932499737,0.0354,AVAILABLE,WHOLE_SESSION
IMMEDIATE_CLOSE_BACK_1M,ATR050_TARGET_2R_BE1R,NATURAL,0.02,target_first,10000,20260908,10000,0,-0.11115359242818683010315504855498713841851482383576533920132919392633088885544947,0.013458185513344570458998617719857696184969119420728396461077538343245360601548770,0.0578,AVAILABLE,WHOLE_SESSION
MOMENTUM_AWAY_025,USD025_TARGET_1R,NATURAL,0,stop_first,10000,20260908,10000,0,-0.13716119647974032594217204902123395695736317444604249624930082293694188426422838,-0.056369513124673218775854447133206254383334809189109599811780919480588526403750296,0,AVAILABLE,WHOLE_SESSION
MOMENTUM_AWAY_025,USD025_TARGET_1R,NATURAL,0,target_first,10000,20260908,10000,0,0.012873760976817223960468396589050227820117059856641621078632319678969433206599252,0.091134944528791964224121124504737424604614752451193579057553935256696729842325793,0.9944,AVAILABLE,WHOLE_SESSION
MOMENTUM_AWAY_025,USD025_TARGET_1R,NATURAL,0.01,stop_first,10000,20260908,10000,0,-0.17716119647974032594217204902123395695736317444604249624930082293694188426422838,-0.096369513124673218775854447133206254383334809189109599811780919480588526403750296,0,AVAILABLE,WHOLE_SESSION
MOMENTUM_AWAY_025,USD025_TARGET_1R,NATURAL,0.01,target_first,10000,20260908,10000,0,-0.027126239023182776039531603410949772179882940143358378921367680321030566793400748,0.051134944528791964224121124504737424604614752451193579057553935256696729842325793,0.7297,AVAILABLE,WHOLE_SESSION
MOMENTUM_AWAY_025,USD025_TARGET_1R,NATURAL,0.02,stop_first,10000,20260908,10000,0,-0.21716119647974032594217204902123395695736317444604249624930082293694188426422838,-0.13636951312467321877585444713320625438333480918910959981178091948058852640375029,0,AVAILABLE,WHOLE_SESSION
MOMENTUM_AWAY_025,USD025_TARGET_1R,NATURAL,0.02,target_first,10000,20260908,10000,0,-0.067126239023182776039531603410949772179882940143358378921367680321030566793400748,0.011134944528791964224121124504737424604614752451193579057553935256696729842325793,0.0833,AVAILABLE,WHOLE_SESSION
MOMENTUM_AWAY_025,USD025_TARGET_1.5R,NATURAL,0,stop_first,10000,20260908,10000,0,-0.10769783153467151908732610080144388265253484052868556325161225777513116634461664,-0.010254550584982107712298797570428421561842061695483035236217769856159089936304910,0.0097,AVAILABLE,WHOLE_SESSION
MOMENTUM_AWAY_025,USD025_TARGET_1.5R,NATURAL,0,target_first,10000,20260908,10000,0,-0.011046514345739484141684199341085121033875359058727761308457108233669462568032662,0.082854227959683418094471940421780855306611368811352898906713915686767285526114724,0.9313,AVAILABLE,WHOLE_SESSION
MOMENTUM_AWAY_025,USD025_TARGET_1.5R,NATURAL,0.01,stop_first,10000,20260908,10000,0,-0.14769783153467151908732610080144388265253484052868556325161225777513116634461664,-0.050254550584982107712298797570428421561842061695483035236217769856159089936304910,0,AVAILABLE,WHOLE_SESSION
MOMENTUM_AWAY_025,USD025_TARGET_1.5R,NATURAL,0.01,target_first,10000,20260908,10000,0,-0.051046514345739484141684199341085121033875359058727761308457108233669462568032662,0.042854227959683418094471940421780855306611368811352898906713915686767285526114724,0.4366,AVAILABLE,WHOLE_SESSION
MOMENTUM_AWAY_025,USD025_TARGET_1.5R,NATURAL,0.02,stop_first,10000,20260908,10000,0,-0.18769783153467151908732610080144388265253484052868556325161225777513116634461664,-0.090254550584982107712298797570428421561842061695483035236217769856159089936304910,0,AVAILABLE,WHOLE_SESSION
MOMENTUM_AWAY_025,USD025_TARGET_1.5R,NATURAL,0.02,target_first,10000,20260908,10000,0,-0.091046514345739484141684199341085121033875359058727761308457108233669462568032662,0.0028542279596834180944719404217808553066113688113528989067139156867672855261147236,0.0336,AVAILABLE,WHOLE_SESSION
MOMENTUM_AWAY_025,USD025_TARGET_2R,NATURAL,0,stop_first,10000,20260908,10000,0,-0.11199919435359671775292493408263568923693013293828655586213152503906508420695929,-0.0062824066530531905673352714041671492943645554978652330666528425893900746905175200,0.0144,AVAILABLE,WHOLE_SESSION
MOMENTUM_AWAY_025,USD025_TARGET_2R,NATURAL,0,target_first,10000,20260908,10000,0,-0.049299271753657632942672389613377826359931428593161051212724439355220868323946336,0.064292941077891868359263286938116029939214432610354858746873741982844516821226313,0.6,AVAILABLE,WHOLE_SESSION
MOMENTUM_AWAY_025,USD025_TARGET_2R,NATURAL,0.01,stop_first,10000,20260908,10000,0,-0.15199919435359671775292493408263568923693013293828655586213152503906508420695929,-0.046282406653053190567335271404167149294364555497865233066652842589390074690517520,0,AVAILABLE,WHOLE_SESSION
MOMENTUM_AWAY_025,USD025_TARGET_2R,NATURAL,0.01,target_first,10000,20260908,10000,0,-0.089299271753657632942672389613377826359931428593161051212724439355220868323946336,0.024292941077891868359263286938116029939214432610354858746873741982844516821226313,0.1289,AVAILABLE,WHOLE_SESSION
MOMENTUM_AWAY_025,USD025_TARGET_2R,NATURAL,0.02,stop_first,10000,20260908,10000,0,-0.19199919435359671775292493408263568923693013293828655586213152503906508420695929,-0.086282406653053190567335271404167149294364555497865233066652842589390074690517520,0,AVAILABLE,WHOLE_SESSION
MOMENTUM_AWAY_025,USD025_TARGET_2R,NATURAL,0.02,target_first,10000,20260908,10000,0,-0.12929927175365763294267238961337782635993142859316105121272443935522086832394634,-0.015707058922108131640736713061883970060785567389645141253126258017155483178773687,0.0057,AVAILABLE,WHOLE_SESSION
MOMENTUM_AWAY_025,USD025_TARGET_2R_BE1R,NATURAL,0,stop_first,10000,20260908,10000,0,-0.12259030946516279642875092133092923129465320407101060119651550985565106541944088,-0.031214547887378831172586145992173288865478873788311725861459921732888654788737883,0.0001,AVAILABLE,WHOLE_SESSION
MOMENTUM_AWAY_025,USD025_TARGET_2R_BE1R,NATURAL,0,target_first,10000,20260908,10000,0,-0.042825027932023395990090804848169364379863153082050327350932537182597386574671770,0.059046713132210476145946296516950699158837485350921779578317705136113880463521721,0.618,AVAILABLE,WHOLE_SESSION
MOMENTUM_AWAY_025,USD025_TARGET_2R_BE1R,NATURAL,0.01,stop_first,10000,20260908,10000,0,-0.16259030946516279642875092133092923129465320407101060119651550985565106541944088,-0.071214547887378831172586145992173288865478873788311725861459921732888654788737883,0,AVAILABLE,WHOLE_SESSION
MOMENTUM_AWAY_025,USD025_TARGET_2R_BE1R,NATURAL,0.01,target_first,10000,20260908,10000,0,-0.082825027932023395990090804848169364379863153082050327350932537182597386574671770,0.019046713132210476145946296516950699158837485350921779578317705136113880463521721,0.1095,AVAILABLE,WHOLE_SESSION
MOMENTUM_AWAY_025,USD025_TARGET_2R_BE1R,NATURAL,0.02,stop_first,10000,20260908,10000,0,-0.20259030946516279642875092133092923129465320407101060119651550985565106541944088,-0.11121454788737883117258614599217328886547887378831172586145992173288865478873789,0,AVAILABLE,WHOLE_SESSION
MOMENTUM_AWAY_025,USD025_TARGET_2R_BE1R,NATURAL,0.02,target_first,10000,20260908,10000,0,-0.12282502793202339599009080484816936437986315308205032735093253718259738657467177,-0.020953286867789523854053703483049300841162514649078220421682294863886119536478279,0.0023,AVAILABLE,WHOLE_SESSION
MOMENTUM_AWAY_025,USD030_TARGET_1R,NATURAL,0,stop_first,10000,20260908,10000,0,-0.11378571615331385351177496028904431911633844190041088017472903197724654516821945,-0.032467422371521081721454943860758648026330439894713870245088651455700994517460840,0,AVAILABLE,WHOLE_SESSION
MOMENTUM_AWAY_025,USD030_TARGET_1R,NATURAL,0,target_first,10000,20260908,10000,0,-0.023688211474031104643820744688996319093561128323410656431960903519442937995350789,0.054362344625169766459271272136469585350296242007331980399538725316569429191143110,0.7796,AVAILABLE,WHOLE_SESSION
MOMENTUM_AWAY_025,USD030_TARGET_1R,NATURAL,0.01,stop_first,10000,20260908,10000,0,-0.14711904948664718684510829362237765244967177523374421350806236531057987850155277,-0.065800755704854415054788277194091981359663773228047203578421984789034327850794160,0,AVAILABLE,WHOLE_SESSION
MOMENTUM_AWAY_025,USD030_TARGET_1R,NATURAL,0.01,target_first,10000,20260908,10000,0,-0.057021544807364437977154078022329652426894461656743989765294236852776271328684110,0.021029011291836433125937938803136252016962908673998647066205391983236095857809790,0.1837,AVAILABLE,WHOLE_SESSION
MOMENTUM_AWAY_025,USD030_TARGET_1R,NATURAL,0.02,stop_first,10000,20260908,10000,0,-0.18045238281998052017844162695571098578300510856707754684139569864391321183488609,-0.099134089038187748388121610527425314692997106561380536911755318122367661184127478,0,AVAILABLE,WHOLE_SESSION
MOMENTUM_AWAY_025,USD030_TARGET_1R,NATURAL,0.02,target_first,10000,20260908,10000,0,-0.090354878140697771310487411355662985760227794990077323098627570186109604662017430,-0.012304322041496900207395394530197081316370424659334686267127941350097237475523529,0.0046,AVAILABLE,WHOLE_SESSION
MOMENTUM_AWAY_025,USD030_TARGET_1.5R,NATURAL,0,stop_first,10000,20260908,10000,0,-0.093050393060110110867888586368733061778065863886414513993037324206108118857844720,0.0033408017637988662464485314788177822128157049544891817790669455820333811774154407,0.0342,AVAILABLE,WHOLE_SESSION
MOMENTUM_AWAY_025,USD030_TARGET_1.5R,NATURAL,0,target_first,10000,20260908,10000,0,-0.038216296979784821730110483909876007140444830414435277657162155642398803493028417,0.059844681591355194909970812628206206275158667143872126847100264889866177396741767,0.6663,AVAILABLE,WHOLE_SESSION
MOMENTUM_AWAY_025,USD030_TARGET_1.5R,NATURAL,0.01,stop_first,10000,20260908,10000,0,-0.12638372639344344420122191970206639511139919721974784732637065753944145219117804,-0.029992531569534467086884801854515551120517628378844151554266387751299952155917879,0.0004,AVAILABLE,WHOLE_SESSION
MOMENTUM_AWAY_025,USD030_TARGET_1.5R,NATURAL,0.01,target_first,10000,20260908,10000,0,-0.071549630313118155063443817243209340473778163747768610990495488975732136826361735,0.026511348258021861576637479294872872941825333810538793513766931556532844063408448,0.1861,AVAILABLE,WHOLE_SESSION
MOMENTUM_AWAY_025,USD030_TARGET_1.5R,NATURAL,0.02,stop_first,10000,20260908,10000,0,-0.15971705972677677753455525303539972844473253055308118065970399087277478552451136,-0.063325864902867800420218135187848884453850961712177484887599721084633285489251199,0,AVAILABLE,WHOLE_SESSION
MOMENTUM_AWAY_025,USD030_TARGET_1.5R,NATURAL,0.02,target_first,10000,20260908,10000,0,-0.10488296364645148839677715057654267380711149708110194432382882230906547015969506,-0.0068219850753114717566958540384604603915079995227945398195664017768004892699248708,0.012,AVAILABLE,WHOLE_SESSION
MOMENTUM_AWAY_025,USD030_TARGET_2R,NATURAL,0,stop_first,10000,20260908,10000,0,-0.10093620219767404340477485609570612157720056089219925136844822500156831643728299,0.011248626898422868926625002630305325842223765334680049660164551901184689518759337,0.0582,AVAILABLE,WHOLE_SESSION
MOMENTUM_AWAY_025,USD030_TARGET_2R,NATURAL,0,target_first,10000,20260908,10000,0,-0.066462203722945396755962763428583080303199495469022119205157880896794772098790583,0.053567906255931795693006118145717198928304082026505492223626369489398952318566802,0.413,AVAILABLE,WHOLE_SESSION
MOMENTUM_AWAY_025,USD030_TARGET_2R,NATURAL,0.01,stop_first,10000,20260908,10000,0,-0.13426953553100737673810818942903945491053389422553258470178155833490164977061631,-0.022084706434910464406708330703028007491109567998653283673168781432148643814573982,0.003,AVAILABLE,WHOLE_SESSION
MOMENTUM_AWAY_025,USD030_TARGET_2R,NATURAL,0.01,target_first,10000,20260908,10000,0,-0.099795537056278730089296096761916413636532828802355452538491214230128105432123902,0.020234572922598462359672784812383865594970748693172158890293036156065618985233483,0.0983,AVAILABLE,WHOLE_SESSION
MOMENTUM_AWAY_025,USD030_TARGET_2R,NATURAL,0.02,stop_first,10000,20260908,10000,0,-0.16760286886434071007144152276237278824386722755886591803511489166823498310394962,-0.055418039768243797740041664036361340824442901331986617006502114765481977147907301,0,AVAILABLE,WHOLE_SESSION
MOMENTUM_AWAY_025,USD030_TARGET_2R,NATURAL,0.02,target_first,10000,20260908,10000,0,-0.13312887038961206342262943009524974696986616213568878587182454756346143876545722,-0.013098760410734870973660548520949467738362584640161174443040297177267714348099836,0.0075,AVAILABLE,WHOLE_SESSION
MOMENTUM_AWAY_025,USD030_TARGET_2R_BE1R,NATURAL,0,stop_first,10000,20260908,10000,0,-0.10940948498736433143658975040142475600248440589445733503501513741328265442545637,-0.0062621194017950299197709829600213644632171510363228563798405993874629884694150052,0.0152,AVAILABLE,WHOLE_SESSION
MOMENTUM_AWAY_025,USD030_TARGET_2R_BE1R,NATURAL,0,target_first,10000,20260908,10000,0,-0.067679156474875969341523612133227200136170894472563066648644048280592143139640248,0.043190472091664362704439882272432258608485247778882372434023345510018804253408393,0.3252,AVAILABLE,WHOLE_SESSION
MOMENTUM_AWAY_025,USD030_TARGET_2R_BE1R,NATURAL,0.01,stop_first,10000,20260908,10000,0,-0.14274281832069766476992308373475808933581773922779066836834847074661598775878968,-0.039595452735128363253104316293354697796550484369656189713173932720796321802748325,0.0002,AVAILABLE,WHOLE_SESSION
MOMENTUM_AWAY_025,USD030_TARGET_2R_BE1R,NATURAL,0.01,target_first,10000,20260908,10000,0,-0.10101248980820930267485694546656053346950422780589639998197738161392547647297357,0.0098571387583310293711065489390989252751519144455490391006900121766854709200750739,0.0528,AVAILABLE,WHOLE_SESSION
MOMENTUM_AWAY_025,USD030_TARGET_2R_BE1R,NATURAL,0.02,stop_first,10000,20260908,10000,0,-0.17607615165403099810325641706809142266915107256112400170168180407994932109212300,-0.072928786068461696586437649626688031129883817702989523046507266054129655136081644,0,AVAILABLE,WHOLE_SESSION
MOMENTUM_AWAY_025,USD030_TARGET_2R_BE1R,NATURAL,0.02,target_first,10000,20260908,10000,0,-0.13434582314154263600819027879989386680283756113922973331531071494725880980630689,-0.023476194575002303962226784394234408058181418887784294232643321156647862413258245,0.0021,AVAILABLE,WHOLE_SESSION
MOMENTUM_AWAY_025,USD040_TARGET_1R,NATURAL,0,stop_first,10000,20260908,10000,0,-0.069532342753205602017404530268788918949834677912325836915713520924257530866893220,0.017047839379064531266043413216269928218270706778624967733247437931882686244335526,0.1222,AVAILABLE,WHOLE_SESSION
MOMENTUM_AWAY_025,USD040_TARGET_1R,NATURAL,0,target_first,10000,20260908,10000,0,-0.025411597415045220242861649282265137255309782062348124807177001979360572939957085,0.057682558207649108264435506650684722659363718472426285217633343682196935972807687,0.7812,AVAILABLE,WHOLE_SESSION
MOMENTUM_AWAY_025,USD040_TARGET_1R,NATURAL,0.01,stop_first,10000,20260908,10000,0,-0.094532342753205602017404530268788918949834677912325836915713520924257530866893220,-0.0079521606209354687339565867837300717817292932213750322667525620681173137556644743,0.0104,AVAILABLE,WHOLE_SESSION
MOMENTUM_AWAY_025,USD040_TARGET_1R,NATURAL,0.01,target_first,10000,20260908,10000,0,-0.050411597415045220242861649282265137255309782062348124807177001979360572939957085,0.032682558207649108264435506650684722659363718472426285217633343682196935972807687,0.352,AVAILABLE,WHOLE_SESSION
MOMENTUM_AWAY_025,USD040_TARGET_1R,NATURAL,0.02,stop_first,10000,20260908,10000,0,-0.11953234275320560201740453026878891894983467791232583691571352092425753086689322,-0.032952160620935468733956586783730071781729293221375032266752562068117313755664474,0.0003,AVAILABLE,WHOLE_SESSION
MOMENTUM_AWAY_025,USD040_TARGET_1R,NATURAL,0.02,target_first,10000,20260908,10000,0,-0.075411597415045220242861649282265137255309782062348124807177001979360572939957085,0.0076825582076491082644355066506847226593637184724262852176333436821969359728076864,0.0554,AVAILABLE,WHOLE_SESSION
MOMENTUM_AWAY_025,USD040_TARGET_1.5R,NATURAL,0,stop_first,10000,20260908,10000,0,-0.079277575369000390712250212394958124959089930623270389747278679055191648070158154,0.021306130165959096497477938174570141717831572500727056345807455416939465932902579,0.1316,AVAILABLE,WHOLE_SESSION
MOMENTUM_AWAY_025,USD040_TARGET_1.5R,NATURAL,0,target_first,10000,20260908,10000,0,-0.055233109282255545142143080287410184317400812246173070915338956576069978131833802,0.047080426930261506529355122330275538006635822033275935565158775191527613495983592,0.4363,AVAILABLE,WHOLE_SESSION
MOMENTUM_AWAY_025,USD040_TARGET_1.5R,NATURAL,0.01,stop_first,10000,20260908,10000,0,-0.10427757536900039071225021239495812495908993062327038974727867905519164807015815,-0.0036938698340409035025220618254298582821684274992729436541925445830605340670974207,0.0181,AVAILABLE,WHOLE_SESSION
MOMENTUM_AWAY_025,USD040_TARGET_1.5R,NATURAL,0.01,target_first,10000,20260908,10000,0,-0.080233109282255545142143080287410184317400812246173070915338956576069978131833802,0.022080426930261506529355122330275538006635822033275935565158775191527613495983592,0.1348,AVAILABLE,WHOLE_SESSION
MOMENTUM_AWAY_025,USD040_TARGET_1.5R,NATURAL,0.02,stop_first,10000,20260908,10000,0,-0.12927757536900039071225021239495812495908993062327038974727867905519164807015815,-0.028693869834040903502522061825429858282168427499272943654192544583060534067097421,0.0011,AVAILABLE,WHOLE_SESSION
MOMENTUM_AWAY_025,USD040_TARGET_1.5R,NATURAL,0.02,target_first,10000,20260908,10000,0,-0.10523310928225554514214308028741018431740081224617307091533895657606997813183380,-0.0029195730697384934706448776697244619933641779667240644348412248084723865040164078,0.0187,AVAILABLE,WHOLE_SESSION
MOMENTUM_AWAY_025,USD040_TARGET_2R,NATURAL,0,stop_first,10000,20260908,10000,0,-0.10160612334009975510647333112828682515557519427464505203961925592132216239806905,0.023631285557032698270979923395705820759905441063368332349479974904925971166828280,0.1116,AVAILABLE,WHOLE_SESSION
MOMENTUM_AWAY_025,USD040_TARGET_2R,NATURAL,0,target_first,10000,20260908,10000,0,-0.095742630860493058307699082199450200356048739675530141475903803934149855001352482,0.030669074182056244760099801131282889857500680801589911088448379335180612848016197,0.156,AVAILABLE,WHOLE_SESSION
MOMENTUM_AWAY_025,USD040_TARGET_2R,NATURAL,0.01,stop_first,10000,20260908,10000,0,-0.12660612334009975510647333112828682515557519427464505203961925592132216239806905,-0.0013687144429673017290200766042941792400945589366316676505200250950740288331717198,0.0233,AVAILABLE,WHOLE_SESSION
MOMENTUM_AWAY_025,USD040_TARGET_2R,NATURAL,0.01,target_first,10000,20260908,10000,0,-0.12074263086049305830769908219945020035604873967553014147590380393414985500135249,0.0056690741820562447600998011312828898575006808015899110884483793351806128480161977,0.0369,AVAILABLE,WHOLE_SESSION
MOMENTUM_AWAY_025,USD040_TARGET_2R,NATURAL,0.02,stop_first,10000,20260908,10000,0,-0.15160612334009975510647333112828682515557519427464505203961925592132216239806905,-0.026368714442967301729020076604294179240094558936631667650520025095074028833171720,0.0036,AVAILABLE,WHOLE_SESSION
MOMENTUM_AWAY_025,USD040_TARGET_2R,NATURAL,0.02,target_first,10000,20260908,10000,0,-0.14574263086049305830769908219945020035604873967553014147590380393414985500135249,-0.019330925817943755239900198868717110142499319198410088911551620664819387151983803,0.0066,AVAILABLE,WHOLE_SESSION
MOMENTUM_AWAY_025,USD040_TARGET_2R_BE1R,NATURAL,0,stop_first,10000,20260908,10000,0,-0.093494218016762902287274517702878116467481312385300568461572892887516225773242021,0.016329065019406681327926765596591891755597578341522885110513236886419801109831690,0.0842,AVAILABLE,WHOLE_SESSION
MOMENTUM_AWAY_025,USD040_TARGET_2R_BE1R,NATURAL,0,target_first,10000,20260908,10000,0,-0.079567289452161186385725564040613488616609913046982472015489250394283484788259236,0.032396854445219282188183887351513419598813476843351736189412773292455681132401048,0.2013,AVAILABLE,WHOLE_SESSION
MOMENTUM_AWAY_025,USD040_TARGET_2R_BE1R,NATURAL,0.01,stop_first,10000,20260908,10000,0,-0.11849421801676290228727451770287811646748131238530056846157289288751622577324202,-0.0086709349805933186720732344034081082444024216584771148894867631135801988901683102,0.0132,AVAILABLE,WHOLE_SESSION
MOMENTUM_AWAY_025,USD040_TARGET_2R_BE1R,NATURAL,0.01,target_first,10000,20260908,10000,0,-0.10456728945216118638572556404061348861660991304698247201548925039428348478825924,0.0073968544452192821881838873515134195988134768433517361894127732924556811324010478,0.0442,AVAILABLE,WHOLE_SESSION
MOMENTUM_AWAY_025,USD040_TARGET_2R_BE1R,NATURAL,0.02,stop_first,10000,20260908,10000,0,-0.14349421801676290228727451770287811646748131238530056846157289288751622577324202,-0.033670934980593318672073234403408108244402421658477114889486763113580198890168310,0.0011,AVAILABLE,WHOLE_SESSION
MOMENTUM_AWAY_025,USD040_TARGET_2R_BE1R,NATURAL,0.02,target_first,10000,20260908,10000,0,-0.12956728945216118638572556404061348861660991304698247201548925039428348478825924,-0.017603145554780717811816112648486580401186523156648263810587226707544318867598952,0.0059,AVAILABLE,WHOLE_SESSION
MOMENTUM_AWAY_025,ATR050_TARGET_1R,NATURAL,0,stop_first,10000,20260908,10000,0,-0.051456189577638489807955502321683122586684616492873655476593773115361968507444898,0.037771739779195923389026706901282830367293423377102241126464168342411428502149095,0.3827,AVAILABLE,WHOLE_SESSION
MOMENTUM_AWAY_025,ATR050_TARGET_1R,NATURAL,0,target_first,10000,20260908,10000,0,-0.040730227418313035994515017477008120655862271804173341692372376718797750091769605,0.048587356940784879071498644940203146460024134906316257212833239575758179995948975,0.5713,AVAILABLE,WHOLE_SESSION
MOMENTUM_AWAY_025,ATR050_TARGET_1R,NATURAL,0.01,stop_first,10000,20260908,10000,0,-0.077238968917553880989640857738866863138280060926709086959229666747206699709891424,0.011844173792748615386075801389387778381178412457943870950756127132696343774073081,0.0777,AVAILABLE,WHOLE_SESSION
MOMENTUM_AWAY_025,ATR050_TARGET_1R,NATURAL,0.01,target_first,10000,20260908,10000,0,-0.066654830723466430425466915710275381113994160321938518039415903526669981948594527,0.022940788437686738400668155647188272709337273749556133355266850824637953299888128,0.1665,AVAILABLE,WHOLE_SESSION
MOMENTUM_AWAY_025,ATR050_TARGET_1R,NATURAL,0.02,stop_first,10000,20260908,10000,0,-0.10340032530928224109808188110953510706717556304640621960403676898518165929338324,-0.013729388844526135699509784637135771946933863423589599198677453041263766107851838,0.0043,AVAILABLE,WHOLE_SESSION
MOMENTUM_AWAY_025,ATR050_TARGET_1R,NATURAL,0.02,target_first,10000,20260908,10000,0,-0.092427622654496471949866153876569286298846635133331670758016087878083800128851985,-0.0028786830518328515736962013613139863275714911115668358338463005409115987829579503,0.0188,AVAILABLE,WHOLE_SESSION
MOMENTUM_AWAY_025,ATR050_TARGET_1.5R,NATURAL,0,stop_first,10000,20260908,10000,0,-0.068823514449692111583956875962971718020923090875823394513850857144296297650231863,0.052245547485155005782959761391715964381219500477846052569665485317557659396699101,0.4099,AVAILABLE,WHOLE_SESSION
MOMENTUM_AWAY_025,ATR050_TARGET_1.5R,NATURAL,0,target_first,10000,20260908,10000,0,-0.065026598169554234923546472742981195361801884509635865947603273520435198103449398,0.056479954769240104460210704622242041381267735470442708047463480387929054073770565,0.4685,AVAILABLE,WHOLE_SESSION
MOMENTUM_AWAY_025,ATR050_TARGET_1.5R,NATURAL,0.01,stop_first,10000,20260908,10000,0,-0.094487775435344657485705402900781970285283988276327142453799174944592245730664680,0.026439025173306093390693028756633774661021816361048974240621664200086128088529524,0.1393,AVAILABLE,WHOLE_SESSION
MOMENTUM_AWAY_025,ATR050_TARGET_1.5R,NATURAL,0.01,target_first,10000,20260908,10000,0,-0.090592737207745395322706639054694131553710097180823058025046818681796403360284869,0.030615315461585673279380769132878462872765402353786592339330961001156145392872381,0.1714,AVAILABLE,WHOLE_SESSION
MOMENTUM_AWAY_025,ATR050_TARGET_1.5R,NATURAL,0.02,stop_first,10000,20260908,10000,0,-0.11997984752507827701526366325637352895819527097291419635442005262921544342331114,0.00052826807556755938622612946418129822448097161540319404730505298167907818672307559,0.0264,AVAILABLE,WHOLE_SESSION
MOMENTUM_AWAY_025,ATR050_TARGET_1.5R,NATURAL,0.02,target_first,10000,20260908,10000,0,-0.11631138283018911003855898875099551508481027604927590491139862997475110519802032,0.0046987171857010151540253935448046830565445046470664598962769114418653142991929343,0.0357,AVAILABLE,WHOLE_SESSION
MOMENTUM_AWAY_025,ATR050_TARGET_2R,NATURAL,0,stop_first,10000,20260908,10000,0,-0.091038225467351954518170458530644449763175759760523477577496592913281928728064919,0.045736375706298361055585635972518008393420457640134806141544489143649392642482443,0.2589,AVAILABLE,WHOLE_SESSION
MOMENTUM_AWAY_025,ATR050_TARGET_2R,NATURAL,0,target_first,10000,20260908,10000,0,-0.084031912082133406350445942111982555686167889246530557832859766861903070746128477,0.053144442465457100685670366163412015308378979755641352174732799694438710766625552,0.3322,AVAILABLE,WHOLE_SESSION
MOMENTUM_AWAY_025,ATR050_TARGET_2R,NATURAL,0.01,stop_first,10000,20260908,10000,0,-0.11677901233112567790773466922078423800742599016786466993046010630048571331214843,0.019788882058700801178219126567714450422777212517074378897044437127795508827875717,0.0837,AVAILABLE,WHOLE_SESSION
MOMENTUM_AWAY_025,ATR050_TARGET_2R,NATURAL,0.01,target_first,10000,20260908,10000,0,-0.10963530227340809504435480603577262201616710478701313212930733974175139475515356,0.027248246233606020634606247088160448320979956726153315155871005003430207384643929,0.1215,AVAILABLE,WHOLE_SESSION
MOMENTUM_AWAY_025,ATR050_TARGET_2R,NATURAL,0.02,stop_first,10000,20260908,10000,0,-0.14271501229528407288169356965532722153056368444797719227210319246684262489039840,-0.0059317891419536561287073493203484011035385411955968372606967021571973519419383512,0.0155,AVAILABLE,WHOLE_SESSION
MOMENTUM_AWAY_025,ATR050_TARGET_2R,NATURAL,0.02,target_first,10000,20260908,10000,0,-0.13540685633437870230120606431393139912703377928411552218286911164354465004172270,0.0016111265275027116209470934528507521502188144111653020780075386436615437322277737,0.0281,AVAILABLE,WHOLE_SESSION
MOMENTUM_AWAY_025,ATR050_TARGET_2R_BE1R,NATURAL,0,stop_first,10000,20260908,10000,0,-0.072822797164584340225403513763439296770093930123830207003186535128689159201881476,0.036408307231036791953611674980299857091125657004581362567573346822957271653151366,0.2702,AVAILABLE,WHOLE_SESSION
MOMENTUM_AWAY_025,ATR050_TARGET_2R_BE1R,NATURAL,0,target_first,10000,20260908,10000,0,-0.066175160460918120437892304849637511909326776187619918308584431699524579418223467,0.045048649268631273318565155838291953416797783633531261899209061403180688773617272,0.3749,AVAILABLE,WHOLE_SESSION
MOMENTUM_AWAY_025,ATR050_TARGET_2R_BE1R,NATURAL,0.01,stop_first,10000,20260908,10000,0,-0.098731296819182631821791287665215365745061110377462910282533762856432861376516884,0.010696929647054848146456976478422782718706517461003088685723219609669826943626672,0.0622,AVAILABLE,WHOLE_SESSION
MOMENTUM_AWAY_025,ATR050_TARGET_2R_BE1R,NATURAL,0.01,target_first,10000,20260908,10000,0,-0.091979169928848765368310641925121827405452589177659276094307633119531595958328780,0.019345408241148408064492041353753364686329618597865973857254928694146065491918552,0.108,AVAILABLE,WHOLE_SESSION
MOMENTUM_AWAY_025,ATR050_TARGET_2R_BE1R,NATURAL,0.02,stop_first,10000,20260908,10000,0,-0.12452355635540249398616713633636954438824074276906420532611581474478252338671350,-0.014884949313913928472162350626757318321090836322539170327897735297789506416069096,0.0058,AVAILABLE,WHOLE_SESSION
MOMENTUM_AWAY_025,ATR050_TARGET_2R_BE1R,NATURAL,0.02,target_first,10000,20260908,10000,0,-0.11799291741730610953718307510637750203269481504149623330151110221454930653421120,-0.0063089677443928037036233877723876448473134657597572637475376353568132378248739497,0.0136,AVAILABLE,WHOLE_SESSION
IMMEDIATE_CLOSE_BACK_1M,USD025_TARGET_1R,COMMON_AVAILABLE_ATR_IDENTITIES,0,stop_first,10000,20260908,10000,0,-0.054048344026283207077947038573197330054303620312144939909232040197846119213117818,0.038376651532630774348339974379480936776768842051623222664958632062451784589470108,0.3489,AVAILABLE,WHOLE_SESSION
IMMEDIATE_CLOSE_BACK_1M,USD025_TARGET_1R,COMMON_AVAILABLE_ATR_IDENTITIES,0,target_first,10000,20260908,10000,0,0.028462583039080734933269495481477048297324795020647555209767191334011610509306362,0.12616981409280886951411517562287022458851752281628124218808246753531534929413158,0.9995,AVAILABLE,WHOLE_SESSION
IMMEDIATE_CLOSE_BACK_1M,USD025_TARGET_1R,COMMON_AVAILABLE_ATR_IDENTITIES,0.01,stop_first,10000,20260908,10000,0,-0.094048344026283207077947038573197330054303620312144939909232040197846119213117818,-0.0016233484673692256516600256205190632232311579483767773350413679375482154105298918,0.021,AVAILABLE,WHOLE_SESSION
IMMEDIATE_CLOSE_BACK_1M,USD025_TARGET_1R,COMMON_AVAILABLE_ATR_IDENTITIES,0.01,target_first,10000,20260908,10000,0,-0.011537416960919265066730504518522951702675204979352444790232808665988389490693638,0.086169814092808869514115175622870224588517522816281242188082467535315349294131578,0.9315,AVAILABLE,WHOLE_SESSION
IMMEDIATE_CLOSE_BACK_1M,USD025_TARGET_1R,COMMON_AVAILABLE_ATR_IDENTITIES,0.02,stop_first,10000,20260908,10000,0,-0.13404834402628320707794703857319733005430362031214493990923204019784611921311782,-0.041623348467369225651660025620519063223231157948376777335041367937548215410529892,0,AVAILABLE,WHOLE_SESSION
IMMEDIATE_CLOSE_BACK_1M,USD025_TARGET_1R,COMMON_AVAILABLE_ATR_IDENTITIES,0.02,target_first,10000,20260908,10000,0,-0.051537416960919265066730504518522951702675204979352444790232808665988389490693638,0.046169814092808869514115175622870224588517522816281242188082467535315349294131578,0.4537,AVAILABLE,WHOLE_SESSION
IMMEDIATE_CLOSE_BACK_1M,USD030_TARGET_1R,COMMON_AVAILABLE_ATR_IDENTITIES,0,stop_first,10000,20260908,10000,0,-0.038924368490125409871814696308279113289164317461827899434208387355132368276020665,0.067017184083004494799105881973192598510341265806441200442217219034707595968399222,0.669,AVAILABLE,WHOLE_SESSION
IMMEDIATE_CLOSE_BACK_1M,USD030_TARGET_1R,COMMON_AVAILABLE_ATR_IDENTITIES,0,target_first,10000,20260908,10000,0,0.0078988120120526469671451802701938620421359378133676129814836740759355420187458772,0.11470667266493203316878632395496437516718138268122461882644748680786907569973008,0.9876,AVAILABLE,WHOLE_SESSION
IMMEDIATE_CLOSE_BACK_1M,USD030_TARGET_1R,COMMON_AVAILABLE_ATR_IDENTITIES,0.01,stop_first,10000,20260908,10000,0,-0.072257701823458743205148029641612446622497650795161232767541720688465701609353997,0.033683850749671161465772548639859265177007932473107867108883885701374262635065894,0.2149,AVAILABLE,WHOLE_SESSION
IMMEDIATE_CLOSE_BACK_1M,USD030_TARGET_1R,COMMON_AVAILABLE_ATR_IDENTITIES,0.01,target_first,10000,20260908,10000,0,-0.025434521321280686366188153063139471291197395519965720351849659257397791314587452,0.081373339331598699835452990621631041833848049347891285493114153474535742366396747,0.8406,AVAILABLE,WHOLE_SESSION
IMMEDIATE_CLOSE_BACK_1M,USD030_TARGET_1R,COMMON_AVAILABLE_ATR_IDENTITIES,0.02,stop_first,10000,20260908,10000,0,-0.10559103515679207653848136297494577995583098412849456610087505402179903494268733,0.00035051741633782813243921530652593184367459913977453377555055236804092930173256452,0.0256,AVAILABLE,WHOLE_SESSION
IMMEDIATE_CLOSE_BACK_1M,USD030_TARGET_1R,COMMON_AVAILABLE_ATR_IDENTITIES,0.02,target_first,10000,20260908,10000,0,-0.058767854654614019699521486396472804624530728853299053685182992590731124647920779,0.048040005998265366502119657288297708500514716014557952159780820141202409033063421,0.4009,AVAILABLE,WHOLE_SESSION
IMMEDIATE_CLOSE_BACK_1M,USD040_TARGET_1R,COMMON_AVAILABLE_ATR_IDENTITIES,0,stop_first,10000,20260908,10000,0,-0.022737229636447307869305108145421076852277956741831569259088817303267372296364473,0.083417764563274877962039416001849789140470123440560852311473504939617765018092956,0.8637,AVAILABLE,WHOLE_SESSION
IMMEDIATE_CLOSE_BACK_1M,USD040_TARGET_1R,COMMON_AVAILABLE_ATR_IDENTITIES,0,target_first,10000,20260908,10000,0,-0.0033066688279489150392699511056119964330706657932778648602429985402099091758487878,0.10642365595600630811898417532220349121757572461797813910489966827994997009081516,0.9651,AVAILABLE,WHOLE_SESSION
IMMEDIATE_CLOSE_BACK_1M,USD040_TARGET_1R,COMMON_AVAILABLE_ATR_IDENTITIES,0.01,stop_first,10000,20260908,10000,0,-0.047737229636447307869305108145421076852277956741831569259088817303267372296364473,0.058417764563274877962039416001849789140470123440560852311473504939617765018092956,0.5669,AVAILABLE,WHOLE_SESSION
IMMEDIATE_CLOSE_BACK_1M,USD040_TARGET_1R,COMMON_AVAILABLE_ATR_IDENTITIES,0.01,target_first,10000,20260908,10000,0,-0.028306668827948915039269951105611996433070665793277864860242998540209909175848788,0.081423655956006308118984175322203491217575724617978139104899668279949970090815161,0.8169,AVAILABLE,WHOLE_SESSION
IMMEDIATE_CLOSE_BACK_1M,USD040_TARGET_1R,COMMON_AVAILABLE_ATR_IDENTITIES,0.02,stop_first,10000,20260908,10000,0,-0.072737229636447307869305108145421076852277956741831569259088817303267372296364473,0.033417764563274877962039416001849789140470123440560852311473504939617765018092956,0.2264,AVAILABLE,WHOLE_SESSION
IMMEDIATE_CLOSE_BACK_1M,USD040_TARGET_1R,COMMON_AVAILABLE_ATR_IDENTITIES,0.02,target_first,10000,20260908,10000,0,-0.053306668827948915039269951105611996433070665793277864860242998540209909175848788,0.056423655956006308118984175322203491217575724617978139104899668279949970090815161,0.5073,AVAILABLE,WHOLE_SESSION
IMMEDIATE_CLOSE_BACK_1M,ATR050_TARGET_1R,COMMON_AVAILABLE_ATR_IDENTITIES,0,stop_first,10000,20260908,10000,0,-0.032692896887322515152566982739469674458882979771496901302259554725413049880513008,0.067326142597814281919073120842963222639977325592545499328431876426572907658315723,0.7472,AVAILABLE,WHOLE_SESSION
IMMEDIATE_CLOSE_BACK_1M,ATR050_TARGET_1R,COMMON_AVAILABLE_ATR_IDENTITIES,0,target_first,10000,20260908,10000,0,-0.021499737131938879221468742329558880877100319036827314088699640631726925847287091,0.079429532950519963521169110704887409704531642502753824962440844767652559047688654,0.8709,AVAILABLE,WHOLE_SESSION
IMMEDIATE_CLOSE_BACK_1M,ATR050_TARGET_1R,COMMON_AVAILABLE_ATR_IDENTITIES,0.01,stop_first,10000,20260908,10000,0,-0.060403531646477240138156227148021457084110579561042034620934369905464091236328244,0.040025396436064651258267559397284154511738907834068107952161244717441554197846755,0.3403,AVAILABLE,WHOLE_SESSION
IMMEDIATE_CLOSE_BACK_1M,ATR050_TARGET_1R,COMMON_AVAILABLE_ATR_IDENTITIES,0.01,target_first,10000,20260908,10000,0,-0.049634202260911684410530696488835193072189870726604188057604558553331374314047337,0.052080043796379312351923533034526510522815533561885375848540392902954826605447944,0.5257,AVAILABLE,WHOLE_SESSION
IMMEDIATE_CLOSE_BACK_1M,ATR050_TARGET_1R,COMMON_AVAILABLE_ATR_IDENTITIES,0.02,stop_first,10000,20260908,10000,0,-0.088288297967800527654101345967932797919431302671769540776625633712803431367142856,0.012806089646239544913495616731760831367272194561107024757161403411234844826213572,0.0691,AVAILABLE,WHOLE_SESSION
IMMEDIATE_CLOSE_BACK_1M,ATR050_TARGET_1R,COMMON_AVAILABLE_ATR_IDENTITIES,0.02,target_first,10000,20260908,10000,0,-0.077544751429981097501390370129267925021678236109068598039667915011509353513733254,0.024773048525292641701885745396808312345309528588018286878850785459491339494512610,0.1591,AVAILABLE,WHOLE_SESSION
IMMEDIATE_CLOSE_BACK_1M,USD025_TARGET_1.5R,COMMON_AVAILABLE_ATR_IDENTITIES,0,stop_first,10000,20260908,10000,0,-0.045958933218567129158343093164221165495150993486950719741332564641661341595424941,0.066363039129117289602387693991991059180794181950884144056668632517342387107495104,0.6225,AVAILABLE,WHOLE_SESSION
IMMEDIATE_CLOSE_BACK_1M,USD025_TARGET_1.5R,COMMON_AVAILABLE_ATR_IDENTITIES,0,target_first,10000,20260908,10000,0,0.011605424209693847720859528139607162529348953284774855447750400807461634802088815,0.13286615990990990990990990990990990990990990990990990990990990990990990990990991,0.9898,AVAILABLE,WHOLE_SESSION
IMMEDIATE_CLOSE_BACK_1M,USD025_TARGET_1.5R,COMMON_AVAILABLE_ATR_IDENTITIES,0.01,stop_first,10000,20260908,10000,0,-0.085958933218567129158343093164221165495150993486950719741332564641661341595424941,0.026363039129117289602387693991991059180794181950884144056668632517342387107495104,0.1421,AVAILABLE,WHOLE_SESSION
IMMEDIATE_CLOSE_BACK_1M,USD025_TARGET_1.5R,COMMON_AVAILABLE_ATR_IDENTITIES,0.01,target_first,10000,20260908,10000,0,-0.028394575790306152279140471860392837470651046715225144552249599192538365197911185,0.092866159909909909909909909909909909909909909909909909909909909909909909909909910,0.8506,AVAILABLE,WHOLE_SESSION
IMMEDIATE_CLOSE_BACK_1M,USD025_TARGET_1.5R,COMMON_AVAILABLE_ATR_IDENTITIES,0.02,stop_first,10000,20260908,10000,0,-0.12595893321856712915834309316422116549515099348695071974133256464166134159542494,-0.013636960870882710397612306008008940819205818049115855943331367482657612892504896,0.0068,AVAILABLE,WHOLE_SESSION
IMMEDIATE_CLOSE_BACK_1M,USD025_TARGET_1.5R,COMMON_AVAILABLE_ATR_IDENTITIES,0.02,target_first,10000,20260908,10000,0,-0.068394575790306152279140471860392837470651046715225144552249599192538365197911185,0.052866159909909909909909909909909909909909909909909909909909909909909909909909910,0.4068,AVAILABLE,WHOLE_SESSION
IMMEDIATE_CLOSE_BACK_1M,USD030_TARGET_1.5R,COMMON_AVAILABLE_ATR_IDENTITIES,0,stop_first,10000,20260908,10000,0,-0.059794051446978247937727961457037312702629563169657570111517649626029600752976472,0.068966162604277057688649764952039346756881606478084834651232303470014401782560257,0.5415,AVAILABLE,WHOLE_SESSION
IMMEDIATE_CLOSE_BACK_1M,USD030_TARGET_1.5R,COMMON_AVAILABLE_ATR_IDENTITIES,0,target_first,10000,20260908,10000,0,-0.032325928584618825799840305032992355968924503814212852063680318765719160535056167,0.10179176885317767344207953754830331679660572586195757050535534741811863620320578,0.8399,AVAILABLE,WHOLE_SESSION
IMMEDIATE_CLOSE_BACK_1M,USD030_TARGET_1.5R,COMMON_AVAILABLE_ATR_IDENTITIES,0.01,stop_first,10000,20260908,10000,0,-0.093127384780311581271061294790370646035962896502990903444850982959362934086309804,0.035632829270943724355316431618706013423548273144751501317898970136681068449226929,0.1821,AVAILABLE,WHOLE_SESSION
IMMEDIATE_CLOSE_BACK_1M,USD030_TARGET_1.5R,COMMON_AVAILABLE_ATR_IDENTITIES,0.01,target_first,10000,20260908,10000,0,-0.065659261917952159133173638366325689302257837147546185397013652099052493868389496,0.068458435519844340108746204214969983463272392528624237172022014084785302869872459,0.5092,AVAILABLE,WHOLE_SESSION
IMMEDIATE_CLOSE_BACK_1M,USD030_TARGET_1.5R,COMMON_AVAILABLE_ATR_IDENTITIES,0.02,stop_first,10000,20260908,10000,0,-0.12646071811364491460439462812370397936929622983632423677818431629269626741964313,0.0022994959376103910219830982853726800902149398114181679845656368033477351158936000,0.0293,AVAILABLE,WHOLE_SESSION
IMMEDIATE_CLOSE_BACK_1M,USD030_TARGET_1.5R,COMMON_AVAILABLE_ATR_IDENTITIES,0.02,target_first,10000,20260908,10000,0,-0.098992595251285492466506971699659022635591170480879518730346985432385827201722821,0.035125102186511006775412870881636650129939059195290903838688680751451969536539131,0.1722,AVAILABLE,WHOLE_SESSION
IMMEDIATE_CLOSE_BACK_1M,USD040_TARGET_1.5R,COMMON_AVAILABLE_ATR_IDENTITIES,0,stop_first,10000,20260908,10000,0,-0.035182680171940735321017011157856228278763490031095664898481799890250594475946588,0.090644832259221548572221965103901513398435692136807516082750960336927847456842690,0.7959,AVAILABLE,WHOLE_SESSION
IMMEDIATE_CLOSE_BACK_1M,USD040_TARGET_1.5R,COMMON_AVAILABLE_ATR_IDENTITIES,0,target_first,10000,20260908,10000,0,-0.018423238801963491333026537812547936800122718208314158613284246050007669888019635,0.11170657338184088828591683829192021700875728531038232727667622363771100729047252,0.9217,AVAILABLE,WHOLE_SESSION
IMMEDIATE_CLOSE_BACK_1M,USD040_TARGET_1.5R,COMMON_AVAILABLE_ATR_IDENTITIES,0.01,stop_first,10000,20260908,10000,0,-0.060182680171940735321017011157856228278763490031095664898481799890250594475946588,0.065644832259221548572221965103901513398435692136807516082750960336927847456842690,0.5128,AVAILABLE,WHOLE_SESSION
IMMEDIATE_CLOSE_BACK_1M,USD040_TARGET_1.5R,COMMON_AVAILABLE_ATR_IDENTITIES,0.01,target_first,10000,20260908,10000,0,-0.043423238801963491333026537812547936800122718208314158613284246050007669888019635,0.086706573381840888285916838291920217008757285310382327276676223637711007290472523,0.7386,AVAILABLE,WHOLE_SESSION
IMMEDIATE_CLOSE_BACK_1M,USD040_TARGET_1.5R,COMMON_AVAILABLE_ATR_IDENTITIES,0.02,stop_first,10000,20260908,10000,0,-0.085182680171940735321017011157856228278763490031095664898481799890250594475946588,0.040644832259221548572221965103901513398435692136807516082750960336927847456842690,0.2284,AVAILABLE,WHOLE_SESSION
IMMEDIATE_CLOSE_BACK_1M,USD040_TARGET_1.5R,COMMON_AVAILABLE_ATR_IDENTITIES,0.02,target_first,10000,20260908,10000,0,-0.068423238801963491333026537812547936800122718208314158613284246050007669888019635,0.061706573381840888285916838291920217008757285310382327276676223637711007290472523,0.448,AVAILABLE,WHOLE_SESSION
IMMEDIATE_CLOSE_BACK_1M,ATR050_TARGET_1.5R,COMMON_AVAILABLE_ATR_IDENTITIES,0,stop_first,10000,20260908,10000,0,-0.048859250078411300606674012285313512087069308628853129750479597209652481576199644,0.077649416110334980550364790161445077831722871337146150561495772901678700689128252,0.6597,AVAILABLE,WHOLE_SESSION
IMMEDIATE_CLOSE_BACK_1M,ATR050_TARGET_1.5R,COMMON_AVAILABLE_ATR_IDENTITIES,0,target_first,10000,20260908,10000,0,-0.047999400637586958094406685135843351856077174620598764802764935547756447364359103,0.078586203136098837656517393275782043909698384464210493244125188415828819289631193,0.6723,AVAILABLE,WHOLE_SESSION
IMMEDIATE_CLOSE_BACK_1M,ATR050_TARGET_1.5R,COMMON_AVAILABLE_ATR_IDENTITIES,0.01,stop_first,10000,20260908,10000,0,-0.076150014152549053913967536934739037250391241579542062071945424631387576229332613,0.050455505839625242490352206244526750780940615037095388005292292808086642951581982,0.3308,AVAILABLE,WHOLE_SESSION
IMMEDIATE_CLOSE_BACK_1M,ATR050_TARGET_1.5R,COMMON_AVAILABLE_ATR_IDENTITIES,0.01,target_first,10000,20260908,10000,0,-0.075366752663248404999280222075268581533396575155050378438953823064783745296928044,0.051420396290893065761938910692636098815601208173700157684198212134652137173049347,0.343,AVAILABLE,WHOLE_SESSION
IMMEDIATE_CLOSE_BACK_1M,ATR050_TARGET_1.5R,COMMON_AVAILABLE_ATR_IDENTITIES,0.02,stop_first,10000,20260908,10000,0,-0.10358089863901515475807233376539134023013436485392444183988069422764083358042916,0.022766326777298074356764136430102312796883576617499908281144887389679028620368435,0.1,AVAILABLE,WHOLE_SESSION
IMMEDIATE_CLOSE_BACK_1M,ATR050_TARGET_1.5R,COMMON_AVAILABLE_ATR_IDENTITIES,0.02,target_first,10000,20260908,10000,0,-0.10261249398982711080049100505298239653511411897482801781087104106487655382890831,0.023870195212337945494788419733746488586404711423062270697331860931233314244314336,0.1058,AVAILABLE,WHOLE_SESSION
IMMEDIATE_CLOSE_BACK_1M,USD025_TARGET_2R,COMMON_AVAILABLE_ATR_IDENTITIES,0,stop_first,10000,20260908,10000,0,-0.057992741251325556733828207847295864262990455991516436903499469777306468716861082,0.074265114843251612658652223900261670167646210402716962833279991028225746741265600,0.5901,AVAILABLE,WHOLE_SESSION
IMMEDIATE_CLOSE_BACK_1M,USD025_TARGET_2R,COMMON_AVAILABLE_ATR_IDENTITIES,0,target_first,10000,20260908,10000,0,-0.014083060334609428985024790553865863684738803899909714971678746702578923741936134,0.13044925373134328358208955223880597014925373134328358208955223880597014925373134,0.943,AVAILABLE,WHOLE_SESSION
IMMEDIATE_CLOSE_BACK_1M,USD025_TARGET_2R,COMMON_AVAILABLE_ATR_IDENTITIES,0.01,stop_first,10000,20260908,10000,0,-0.097992741251325556733828207847295864262990455991516436903499469777306468716861082,0.034265114843251612658652223900261670167646210402716962833279991028225746741265600,0.1677,AVAILABLE,WHOLE_SESSION
IMMEDIATE_CLOSE_BACK_1M,USD025_TARGET_2R,COMMON_AVAILABLE_ATR_IDENTITIES,0.01,target_first,10000,20260908,10000,0,-0.054083060334609428985024790553865863684738803899909714971678746702578923741936134,0.090449253731343283582089552238805970149253731343283582089552238805970149253731343,0.6907,AVAILABLE,WHOLE_SESSION
IMMEDIATE_CLOSE_BACK_1M,USD025_TARGET_2R,COMMON_AVAILABLE_ATR_IDENTITIES,0.02,stop_first,10000,20260908,10000,0,-0.13799274125132555673382820784729586426299045599151643690349946977730646871686109,-0.0057348851567483873413477760997383298323537895972830371667200089717742532587343993,0.016,AVAILABLE,WHOLE_SESSION
IMMEDIATE_CLOSE_BACK_1M,USD025_TARGET_2R,COMMON_AVAILABLE_ATR_IDENTITIES,0.02,target_first,10000,20260908,10000,0,-0.094083060334609428985024790553865863684738803899909714971678746702578923741936134,0.050449253731343283582089552238805970149253731343283582089552238805970149253731343,0.2843,AVAILABLE,WHOLE_SESSION
IMMEDIATE_CLOSE_BACK_1M,USD030_TARGET_2R,COMMON_AVAILABLE_ATR_IDENTITIES,0,stop_first,10000,20260908,10000,0,-0.074401990425799949609473418997228521038044847568657092466616276140085663895187705,0.070894525013184158995913818572253427982212380560799853773857073629139997409569985,0.4575,AVAILABLE,WHOLE_SESSION
IMMEDIATE_CLOSE_BACK_1M,USD030_TARGET_2R,COMMON_AVAILABLE_ATR_IDENTITIES,0,target_first,10000,20260908,10000,0,-0.051422489783052910743011173427242293813312464675448893526368418764401547758793095,0.098542665454345070810602303411032126522290185705626274315313825976745467570397310,0.7083,AVAILABLE,WHOLE_SESSION
IMMEDIATE_CLOSE_BACK_1M,USD030_TARGET_2R,COMMON_AVAILABLE_ATR_IDENTITIES,0.01,stop_first,10000,20260908,10000,0,-0.10773532375913328294280675233056185437137818090199042579994960947341899722852103,0.037561191679850825662580485238920094648879047227466520440523740295806664076236657,0.1587,AVAILABLE,WHOLE_SESSION
IMMEDIATE_CLOSE_BACK_1M,USD030_TARGET_2R,COMMON_AVAILABLE_ATR_IDENTITIES,0.01,target_first,10000,20260908,10000,0,-0.084755823116386244076344506760575627146645798008782226859701752097734881092126424,0.065209332121011737477268970077698793188956852372292940981980492643412134237063982,0.3741,AVAILABLE,WHOLE_SESSION
IMMEDIATE_CLOSE_BACK_1M,USD030_TARGET_2R,COMMON_AVAILABLE_ATR_IDENTITIES,0.02,stop_first,10000,20260908,10000,0,-0.14106865709246661627614008566389518770471151423532375913328294280675233056185436,0.0042278583465174923292471519055867613155457138941331871071904069624733307429033277,0.0317,AVAILABLE,WHOLE_SESSION
IMMEDIATE_CLOSE_BACK_1M,USD030_TARGET_2R,COMMON_AVAILABLE_ATR_IDENTITIES,0.02,target_first,10000,20260908,10000,0,-0.11808915644971957740967784009390896047997913134211556019303508543106821442545975,0.031875998787678404143935636744365459855623519038959607648647159310078800903730655,0.1176,AVAILABLE,WHOLE_SESSION
IMMEDIATE_CLOSE_BACK_1M,USD040_TARGET_2R,COMMON_AVAILABLE_ATR_IDENTITIES,0,stop_first,10000,20260908,10000,0,-0.070560139641362191670406770656823323593797228353957335336197184388653287780393306,0.083631981590771913352558513848836429481590771913352558513848836429481590771913353,0.5501,AVAILABLE,WHOLE_SESSION
IMMEDIATE_CLOSE_BACK_1M,USD040_TARGET_2R,COMMON_AVAILABLE_ATR_IDENTITIES,0,target_first,10000,20260908,10000,0,-0.067829013369800075503827401463489080058154011743254857546768195217555443103046660,0.088392850420164894087591083377027461489829517379474332666593303686058228629255862,0.5884,AVAILABLE,WHOLE_SESSION
IMMEDIATE_CLOSE_BACK_1M,USD040_TARGET_2R,COMMON_AVAILABLE_ATR_IDENTITIES,0.01,stop_first,10000,20260908,10000,0,-0.095560139641362191670406770656823323593797228353957335336197184388653287780393306,0.058631981590771913352558513848836429481590771913352558513848836429481590771913353,0.3047,AVAILABLE,WHOLE_SESSION
IMMEDIATE_CLOSE_BACK_1M,USD040_TARGET_2R,COMMON_AVAILABLE_ATR_IDENTITIES,0.01,target_first,10000,20260908,10000,0,-0.092829013369800075503827401463489080058154011743254857546768195217555443103046660,0.063392850420164894087591083377027461489829517379474332666593303686058228629255862,0.3411,AVAILABLE,WHOLE_SESSION
IMMEDIATE_CLOSE_BACK_1M,USD040_TARGET_2R,COMMON_AVAILABLE_ATR_IDENTITIES,0.02,stop_first,10000,20260908,10000,0,-0.12056013964136219167040677065682332359379722835395733533619718438865328778039330,0.033631981590771913352558513848836429481590771913352558513848836429481590771913353,0.1302,AVAILABLE,WHOLE_SESSION
IMMEDIATE_CLOSE_BACK_1M,USD040_TARGET_2R,COMMON_AVAILABLE_ATR_IDENTITIES,0.02,target_first,10000,20260908,10000,0,-0.11782901336980007550382740146348908005815401174325485754676819521755544310304666,0.038392850420164894087591083377027461489829517379474332666593303686058228629255862,0.1538,AVAILABLE,WHOLE_SESSION
IMMEDIATE_CLOSE_BACK_1M,ATR050_TARGET_2R,COMMON_AVAILABLE_ATR_IDENTITIES,0,stop_first,10000,20260908,10000,0,-0.088788738479621105627548703798573766863648178609129288380669589763237011509121748,0.054158773495805721621488503201529823502610321180908167697207375190167627210230504,0.3115,AVAILABLE,WHOLE_SESSION
IMMEDIATE_CLOSE_BACK_1M,ATR050_TARGET_2R,COMMON_AVAILABLE_ATR_IDENTITIES,0,target_first,10000,20260908,10000,0,-0.087063183424092656410450359565042464101236824032945783706293607312107520980382116,0.055582270914618013658306234642916843147032537558328910644173510139026253777622641,0.324,AVAILABLE,WHOLE_SESSION
IMMEDIATE_CLOSE_BACK_1M,ATR050_TARGET_2R,COMMON_AVAILABLE_ATR_IDENTITIES,0.01,stop_first,10000,20260908,10000,0,-0.11632032770833399335445157576396211118060034086356257160209868900160660968976420,0.026720882456191840688768874947294962435906864017748049395209875402769633133099523,0.1092,AVAILABLE,WHOLE_SESSION
IMMEDIATE_CLOSE_BACK_1M,ATR050_TARGET_2R,COMMON_AVAILABLE_ATR_IDENTITIES,0.01,target_first,10000,20260908,10000,0,-0.11473782196436963644082991790731508009587686224184237149396528012053492633988957,0.028257429545870444900630542954638590610989792578844095345184431277545727617063163,0.1159,AVAILABLE,WHOLE_SESSION
IMMEDIATE_CLOSE_BACK_1M,ATR050_TARGET_2R,COMMON_AVAILABLE_ATR_IDENTITIES,0.02,stop_first,10000,20260908,10000,0,-0.14397172948414997668258790763141896062504133639180159213997722540828962163271209,-0.00035915386312509028082054710666601009430022546006056162818387785183589137189757435,0.0242,AVAILABLE,WHOLE_SESSION
IMMEDIATE_CLOSE_BACK_1M,ATR050_TARGET_2R,COMMON_AVAILABLE_ATR_IDENTITIES,0.02,target_first,10000,20260908,10000,0,-0.14203705347218844951157034983364103328893458525824587471876004300115337925850602,0.00089873270024633308695640221040252446937556140066149863420597966226217778597183040,0.0267,AVAILABLE,WHOLE_SESSION
IMMEDIATE_CLOSE_BACK_1M,USD025_TARGET_2R_BE1R,COMMON_AVAILABLE_ATR_IDENTITIES,0,stop_first,10000,20260908,10000,0,-0.043621160090858542240940764489453074165651212038756846924651294852532326948785595,0.076626650245181890751511004675561637586954042650245181890751511004675561637586954,0.6855,AVAILABLE,WHOLE_SESSION
IMMEDIATE_CLOSE_BACK_1M,USD025_TARGET_2R_BE1R,COMMON_AVAILABLE_ATR_IDENTITIES,0,target_first,10000,20260908,10000,0,0.010882433533455119789862491248444756638370131929334057219084228011681327408156353,0.14866448049025836509953409572215163066497246929267259635747564591274883523930538,0.9888,AVAILABLE,WHOLE_SESSION
IMMEDIATE_CLOSE_BACK_1M,USD025_TARGET_2R_BE1R,COMMON_AVAILABLE_ATR_IDENTITIES,0.01,stop_first,10000,20260908,10000,0,-0.083621160090858542240940764489453074165651212038756846924651294852532326948785595,0.036626650245181890751511004675561637586954042650245181890751511004675561637586954,0.2149,AVAILABLE,WHOLE_SESSION
IMMEDIATE_CLOSE_BACK_1M,USD025_TARGET_2R_BE1R,COMMON_AVAILABLE_ATR_IDENTITIES,0.01,target_first,10000,20260908,10000,0,-0.029117566466544880210137508751555243361629868070665942780915771988318672591843647,0.10866448049025836509953409572215163066497246929267259635747564591274883523930538,0.8653,AVAILABLE,WHOLE_SESSION
IMMEDIATE_CLOSE_BACK_1M,USD025_TARGET_2R_BE1R,COMMON_AVAILABLE_ATR_IDENTITIES,0.02,stop_first,10000,20260908,10000,0,-0.12362116009085854224094076448945307416565121203875684692465129485253232694878559,-0.0033733497548181092484889953244383624130459573497548181092484889953244383624130460,0.0195,AVAILABLE,WHOLE_SESSION
IMMEDIATE_CLOSE_BACK_1M,USD025_TARGET_2R_BE1R,COMMON_AVAILABLE_ATR_IDENTITIES,0.02,target_first,10000,20260908,10000,0,-0.069117566466544880210137508751555243361629868070665942780915771988318672591843647,0.068664480490258365099534095722151630664972469292672596357475645912748835239305379,0.4946,AVAILABLE,WHOLE_SESSION
IMMEDIATE_CLOSE_BACK_1M,USD030_TARGET_2R_BE1R,COMMON_AVAILABLE_ATR_IDENTITIES,0,stop_first,10000,20260908,10000,0,-0.040337107014342007133556089313966733680321508821405068534911522234684622167007914,0.090754844783327116437181131124345342847770135379940043489043535585940776026029571,0.7571,AVAILABLE,WHOLE_SESSION
IMMEDIATE_CLOSE_BACK_1M,USD030_TARGET_2R_BE1R,COMMON_AVAILABLE_ATR_IDENTITIES,0,target_first,10000,20260908,10000,0,-0.011758516062907995024742788294434971314818275867957962877037975663958947152444585,0.12244830587707571066704193639178159301998311286236982831410075992119335772586547,0.9426,AVAILABLE,WHOLE_SESSION
IMMEDIATE_CLOSE_BACK_1M,USD030_TARGET_2R_BE1R,COMMON_AVAILABLE_ATR_IDENTITIES,0.01,stop_first,10000,20260908,10000,0,-0.073670440347675340466889422647300067013654842154738401868244855568017955500341240,0.057421511449993783103847797791012009514436802046606710155710202252607442692696243,0.3769,AVAILABLE,WHOLE_SESSION
IMMEDIATE_CLOSE_BACK_1M,USD030_TARGET_2R_BE1R,COMMON_AVAILABLE_ATR_IDENTITIES,0.01,target_first,10000,20260908,10000,0,-0.045091849396241328358076121627768304648151609201291296210371308997292280485777914,0.089114972543742377333708603058448259686649779529036494980767426587860024392532137,0.7206,AVAILABLE,WHOLE_SESSION
IMMEDIATE_CLOSE_BACK_1M,USD030_TARGET_2R_BE1R,COMMON_AVAILABLE_ATR_IDENTITIES,0.02,stop_first,10000,20260908,10000,0,-0.10700377368100867380022275598063340034698817548807173520157818890135128883367457,0.024088178116660449770514464457678676181103468713273376822376868919274109359362912,0.1017,AVAILABLE,WHOLE_SESSION
IMMEDIATE_CLOSE_BACK_1M,USD030_TARGET_2R_BE1R,COMMON_AVAILABLE_ATR_IDENTITIES,0.02,target_first,10000,20260908,10000,0,-0.078425182729574661691409454961101637981484942534624629543704642330625613819111242,0.055781639210409044000375269725114926353316446195703161647434093254526691059198807,0.3554,AVAILABLE,WHOLE_SESSION
IMMEDIATE_CLOSE_BACK_1M,USD040_TARGET_2R_BE1R,COMMON_AVAILABLE_ATR_IDENTITIES,0,stop_first,10000,20260908,10000,0,-0.029160511628018182848121426937187661617755570318023281049184766016112669507828645,0.10127502165168404118196237800958155792384502815349875465590706599516076406948083,0.8503,AVAILABLE,WHOLE_SESSION
IMMEDIATE_CLOSE_BACK_1M,USD040_TARGET_2R_BE1R,COMMON_AVAILABLE_ATR_IDENTITIES,0,target_first,10000,20260908,10000,0,-0.021318963622983267653526238921650218180031651364537072740076195523847948393090296,0.11159523435656212109671079166515781731726169441492649510321153901384936397317287,0.9021,AVAILABLE,WHOLE_SESSION
IMMEDIATE_CLOSE_BACK_1M,USD040_TARGET_2R_BE1R,COMMON_AVAILABLE_ATR_IDENTITIES,0.01,stop_first,10000,20260908,10000,0,-0.054160511628018182848121426937187661617755570318023281049184766016112669507828645,0.076275021651684041181962378009581557923845028153498754655907065995160764069480832,0.6072,AVAILABLE,WHOLE_SESSION
IMMEDIATE_CLOSE_BACK_1M,USD040_TARGET_2R_BE1R,COMMON_AVAILABLE_ATR_IDENTITIES,0.01,target_first,10000,20260908,10000,0,-0.046318963622983267653526238921650218180031651364537072740076195523847948393090296,0.086595234356562121096710791665157817317261694414926495103211539013849363973172867,0.7043,AVAILABLE,WHOLE_SESSION
IMMEDIATE_CLOSE_BACK_1M,USD040_TARGET_2R_BE1R,COMMON_AVAILABLE_ATR_IDENTITIES,0.02,stop_first,10000,20260908,10000,0,-0.079160511628018182848121426937187661617755570318023281049184766016112669507828645,0.051275021651684041181962378009581557923845028153498754655907065995160764069480832,0.3128,AVAILABLE,WHOLE_SESSION
IMMEDIATE_CLOSE_BACK_1M,USD040_TARGET_2R_BE1R,COMMON_AVAILABLE_ATR_IDENTITIES,0.02,target_first,10000,20260908,10000,0,-0.071318963622983267653526238921650218180031651364537072740076195523847948393090296,0.061595234356562121096710791665157817317261694414926495103211539013849363973172867,0.4187,AVAILABLE,WHOLE_SESSION
IMMEDIATE_CLOSE_BACK_1M,ATR050_TARGET_2R_BE1R,COMMON_AVAILABLE_ATR_IDENTITIES,0,stop_first,10000,20260908,10000,0,-0.062062359078507557476140960342043803356605952042526840733819091642035723596723995,0.059336256889892956777083986471363305854151612219761584067734400449401061629860375,0.4609,AVAILABLE,WHOLE_SESSION
IMMEDIATE_CLOSE_BACK_1M,ATR050_TARGET_2R_BE1R,COMMON_AVAILABLE_ATR_IDENTITIES,0,target_first,10000,20260908,10000,0,-0.055800250737985056516768694078061672707338348876019379179887192274802066621509107,0.068162164160434784045108930147610750008360688016820457546954392249226539501427016,0.5577,AVAILABLE,WHOLE_SESSION
IMMEDIATE_CLOSE_BACK_1M,ATR050_TARGET_2R_BE1R,COMMON_AVAILABLE_ATR_IDENTITIES,0.01,stop_first,10000,20260908,10000,0,-0.089410449580950118567635124365575198087282649475988244146841464783274248199342748,0.031844393107670343505311953539159765403020072643614592730189888506148858072620355,0.1637,AVAILABLE,WHOLE_SESSION
IMMEDIATE_CLOSE_BACK_1M,ATR050_TARGET_2R_BE1R,COMMON_AVAILABLE_ATR_IDENTITIES,0.01,target_first,10000,20260908,10000,0,-0.083286550869150542922703565426795698532032813860235328210792022308193598398912307,0.040789168543873281658514120646125569985239102155196917723315955202514836236381267,0.2305,AVAILABLE,WHOLE_SESSION
IMMEDIATE_CLOSE_BACK_1M,ATR050_TARGET_2R_BE1R,COMMON_AVAILABLE_ATR_IDENTITIES,0.02,stop_first,10000,20260908,10000,0,-0.11721570148405123821254807907203764003344840900916652471367704690537757740729468,0.0048094458966674370193427434313609855581194499085771528329195571264421879932499737,0.0354,AVAILABLE,WHOLE_SESSION
IMMEDIATE_CLOSE_BACK_1M,ATR050_TARGET_2R_BE1R,COMMON_AVAILABLE_ATR_IDENTITIES,0.02,target_first,10000,20260908,10000,0,-0.11115359242818683010315504855498713841851482383576533920132919392633088885544947,0.013458185513344570458998617719857696184969119420728396461077538343245360601548770,0.0578,AVAILABLE,WHOLE_SESSION
MOMENTUM_AWAY_025,USD025_TARGET_1R,COMMON_AVAILABLE_ATR_IDENTITIES,0,stop_first,10000,20260908,10000,0,-0.12092820550621708172954157295893159799508246883501965059342404989579723973000599,-0.018876188803834027943842544624672836702411914963964488196213469720855607716170405,0.0031,AVAILABLE,WHOLE_SESSION
MOMENTUM_AWAY_025,USD025_TARGET_1R,COMMON_AVAILABLE_ATR_IDENTITIES,0,target_first,10000,20260908,10000,0,-0.014167208716704407743983244581074041785985150078136175564834132688451230341127159,0.077625720911158499550006871816243200226991607517323627077616056109487983188434068,0.9106,AVAILABLE,WHOLE_SESSION
MOMENTUM_AWAY_025,USD025_TARGET_1R,COMMON_AVAILABLE_ATR_IDENTITIES,0.01,stop_first,10000,20260908,10000,0,-0.16092820550621708172954157295893159799508246883501965059342404989579723973000599,-0.058876188803834027943842544624672836702411914963964488196213469720855607716170405,0,AVAILABLE,WHOLE_SESSION
MOMENTUM_AWAY_025,USD025_TARGET_1R,COMMON_AVAILABLE_ATR_IDENTITIES,0.01,target_first,10000,20260908,10000,0,-0.054167208716704407743983244581074041785985150078136175564834132688451230341127159,0.037625720911158499550006871816243200226991607517323627077616056109487983188434068,0.3681,AVAILABLE,WHOLE_SESSION
MOMENTUM_AWAY_025,USD025_TARGET_1R,COMMON_AVAILABLE_ATR_IDENTITIES,0.02,stop_first,10000,20260908,10000,0,-0.20092820550621708172954157295893159799508246883501965059342404989579723973000599,-0.098876188803834027943842544624672836702411914963964488196213469720855607716170405,0,AVAILABLE,WHOLE_SESSION
MOMENTUM_AWAY_025,USD025_TARGET_1R,COMMON_AVAILABLE_ATR_IDENTITIES,0.02,target_first,10000,20260908,10000,0,-0.094167208716704407743983244581074041785985150078136175564834132688451230341127159,-0.0023742790888415004499931281837567997730083924826763729223839438905120168115659318,0.0211,AVAILABLE,WHOLE_SESSION
MOMENTUM_AWAY_025,USD030_TARGET_1R,COMMON_AVAILABLE_ATR_IDENTITIES,0,stop_first,10000,20260908,10000,0,-0.10223876516106077016554908262116738983532936385332671310566869833979815035656337,-0.0064031269124564436222420774244018361137096542162107098338461729875417678543239886,0.0138,AVAILABLE,WHOLE_SESSION
MOMENTUM_AWAY_025,USD030_TARGET_1R,COMMON_AVAILABLE_ATR_IDENTITIES,0,target_first,10000,20260908,10000,0,-0.051398090970437887727188693172148004611324351985525616200373328268766993707368073,0.044349084002337426994961241536584002337426994961241536584002337426994961241536585,0.4429,AVAILABLE,WHOLE_SESSION
MOMENTUM_AWAY_025,USD030_TARGET_1R,COMMON_AVAILABLE_ATR_IDENTITIES,0.01,stop_first,10000,20260908,10000,0,-0.13557209849439410349888241595450072316866269718666004643900203167313148368989669,-0.039736460245789776955575410757735169447042987549544043167179506320875101187657314,0.0001,AVAILABLE,WHOLE_SESSION
MOMENTUM_AWAY_025,USD030_TARGET_1R,COMMON_AVAILABLE_ATR_IDENTITIES,0.01,target_first,10000,20260908,10000,0,-0.084731424303771221060522026505481337944657685318858949533706661602100327040701396,0.011015750669004093661627908203250669004093661627908203250669004093661627908203260,0.0652,AVAILABLE,WHOLE_SESSION
MOMENTUM_AWAY_025,USD030_TARGET_1R,COMMON_AVAILABLE_ATR_IDENTITIES,0.02,stop_first,10000,20260908,10000,0,-0.16890543182772743683221574928783405650199603051999337977233536500646481702323001,-0.073069793579123110288908744091068502780376320882877376500512839654208434520990637,0,AVAILABLE,WHOLE_SESSION
MOMENTUM_AWAY_025,USD030_TARGET_1R,COMMON_AVAILABLE_ATR_IDENTITIES,0.02,target_first,10000,20260908,10000,0,-0.11806475763710455439385535983881467127799101865219228286703999493543366037403471,-0.022317582664329239671705425130082664329239671705425130082664329239671705425130063,0.0014,AVAILABLE,WHOLE_SESSION
MOMENTUM_AWAY_025,USD040_TARGET_1R,COMMON_AVAILABLE_ATR_IDENTITIES,0,stop_first,10000,20260908,10000,0,-0.065534249776095183574091949316028241953703587630704001314874940628660652228114088,0.035001594111110093187805639875136533764871355332807047778304601103609400471790167,0.2714,AVAILABLE,WHOLE_SESSION
MOMENTUM_AWAY_025,USD040_TARGET_1R,COMMON_AVAILABLE_ATR_IDENTITIES,0,target_first,10000,20260908,10000,0,-0.044764446529918806244235545738324359913624248988686206133448061150292982038957058,0.054182790918594299261740159033840604596445301216585721925776907042596388212329728,0.5643,AVAILABLE,WHOLE_SESSION
MOMENTUM_AWAY_025,USD040_TARGET_1R,COMMON_AVAILABLE_ATR_IDENTITIES,0.01,stop_first,10000,20260908,10000,0,-0.090534249776095183574091949316028241953703587630704001314874940628660652228114088,0.010001594111110093187805639875136533764871355332807047778304601103609400471790167,0.0548,AVAILABLE,WHOLE_SESSION
MOMENTUM_AWAY_025,USD040_TARGET_1R,COMMON_AVAILABLE_ATR_IDENTITIES,0.01,target_first,10000,20260908,10000,0,-0.069764446529918806244235545738324359913624248988686206133448061150292982038957058,0.029182790918594299261740159033840604596445301216585721925776907042596388212329728,0.2063,AVAILABLE,WHOLE_SESSION
MOMENTUM_AWAY_025,USD040_TARGET_1R,COMMON_AVAILABLE_ATR_IDENTITIES,0.02,stop_first,10000,20260908,10000,0,-0.11553424977609518357409194931602824195370358763070400131487494062866065222811409,-0.014998405888889906812194360124863466235128644667192952221695398896390599528209833,0.0052,AVAILABLE,WHOLE_SESSION
MOMENTUM_AWAY_025,USD040_TARGET_1R,COMMON_AVAILABLE_ATR_IDENTITIES,0.02,target_first,10000,20260908,10000,0,-0.094764446529918806244235545738324359913624248988686206133448061150292982038957058,0.0041827909185942992617401590338406045964453012165857219257769070425963882123297275,0.0361,AVAILABLE,WHOLE_SESSION
MOMENTUM_AWAY_025,ATR050_TARGET_1R,COMMON_AVAILABLE_ATR_IDENTITIES,0,stop_first,10000,20260908,10000,0,-0.051456189577638489807955502321683122586684616492873655476593773115361968507444898,0.037771739779195923389026706901282830367293423377102241126464168342411428502149095,0.3827,AVAILABLE,WHOLE_SESSION
MOMENTUM_AWAY_025,ATR050_TARGET_1R,COMMON_AVAILABLE_ATR_IDENTITIES,0,target_first,10000,20260908,10000,0,-0.040730227418313035994515017477008120655862271804173341692372376718797750091769605,0.048587356940784879071498644940203146460024134906316257212833239575758179995948975,0.5713,AVAILABLE,WHOLE_SESSION
MOMENTUM_AWAY_025,ATR050_TARGET_1R,COMMON_AVAILABLE_ATR_IDENTITIES,0.01,stop_first,10000,20260908,10000,0,-0.077238968917553880989640857738866863138280060926709086959229666747206699709891424,0.011844173792748615386075801389387778381178412457943870950756127132696343774073081,0.0777,AVAILABLE,WHOLE_SESSION
MOMENTUM_AWAY_025,ATR050_TARGET_1R,COMMON_AVAILABLE_ATR_IDENTITIES,0.01,target_first,10000,20260908,10000,0,-0.066654830723466430425466915710275381113994160321938518039415903526669981948594527,0.022940788437686738400668155647188272709337273749556133355266850824637953299888128,0.1665,AVAILABLE,WHOLE_SESSION
MOMENTUM_AWAY_025,ATR050_TARGET_1R,COMMON_AVAILABLE_ATR_IDENTITIES,0.02,stop_first,10000,20260908,10000,0,-0.10340032530928224109808188110953510706717556304640621960403676898518165929338324,-0.013729388844526135699509784637135771946933863423589599198677453041263766107851838,0.0043,AVAILABLE,WHOLE_SESSION
MOMENTUM_AWAY_025,ATR050_TARGET_1R,COMMON_AVAILABLE_ATR_IDENTITIES,0.02,target_first,10000,20260908,10000,0,-0.092427622654496471949866153876569286298846635133331670758016087878083800128851985,-0.0028786830518328515736962013613139863275714911115668358338463005409115987829579503,0.0188,AVAILABLE,WHOLE_SESSION
MOMENTUM_AWAY_025,USD025_TARGET_1.5R,COMMON_AVAILABLE_ATR_IDENTITIES,0,stop_first,10000,20260908,10000,0,-0.096438579739234195859758423759490802490914358325660376276077297512814555384407977,0.011990580703460634232633650628336000857692042608915402464333029567401576009128294,0.0686,AVAILABLE,WHOLE_SESSION
MOMENTUM_AWAY_025,USD025_TARGET_1.5R,COMMON_AVAILABLE_ATR_IDENTITIES,0,target_first,10000,20260908,10000,0,-0.034269846955282443473623424382605673590686774534365128015088101127527384145109208,0.074595210638340878137993551884913350095396385606595386535101443572340702619901756,0.7634,AVAILABLE,WHOLE_SESSION
MOMENTUM_AWAY_025,USD025_TARGET_1.5R,COMMON_AVAILABLE_ATR_IDENTITIES,0.01,stop_first,10000,20260908,10000,0,-0.13643857973923419585975842375949080249091435832566037627607729751281455538440798,-0.028009419296539365767366349371663999142307957391084597535666970432598423990871706,0.002,AVAILABLE,WHOLE_SESSION
MOMENTUM_AWAY_025,USD025_TARGET_1.5R,COMMON_AVAILABLE_ATR_IDENTITIES,0.01,target_first,10000,20260908,10000,0,-0.074269846955282443473623424382605673590686774534365128015088101127527384145109208,0.034595210638340878137993551884913350095396385606595386535101443572340702619901756,0.2509,AVAILABLE,WHOLE_SESSION
MOMENTUM_AWAY_025,USD025_TARGET_1.5R,COMMON_AVAILABLE_ATR_IDENTITIES,0.02,stop_first,10000,20260908,10000,0,-0.17643857973923419585975842375949080249091435832566037627607729751281455538440798,-0.068009419296539365767366349371663999142307957391084597535666970432598423990871706,0,AVAILABLE,WHOLE_SESSION
MOMENTUM_AWAY_025,USD025_TARGET_1.5R,COMMON_AVAILABLE_ATR_IDENTITIES,0.02,target_first,10000,20260908,10000,0,-0.11426984695528244347362342438260567359068677453436512801508810112752738414510920,-0.0054047893616591218620064481150866499046036143934046134648985564276592973800982441,0.0156,AVAILABLE,WHOLE_SESSION
MOMENTUM_AWAY_025,USD030_TARGET_1.5R,COMMON_AVAILABLE_ATR_IDENTITIES,0,stop_first,10000,20260908,10000,0,-0.083799603437195392756228830134814580583278125295676130504069440441456185284050379,0.027164041738354574400308234893032952218045126682840124225761352387988453023944779,0.1587,AVAILABLE,WHOLE_SESSION
MOMENTUM_AWAY_025,USD030_TARGET_1.5R,COMMON_AVAILABLE_ATR_IDENTITIES,0,target_first,10000,20260908,10000,0,-0.053711281402845709204090706980880391285015562472209871053801689639839928857269898,0.062409112475175543101160837192437778334732694055146904828803721991462957034269326,0.553,AVAILABLE,WHOLE_SESSION
MOMENTUM_AWAY_025,USD030_TARGET_1.5R,COMMON_AVAILABLE_ATR_IDENTITIES,0.01,stop_first,10000,20260908,10000,0,-0.11713293677052872608956216346814791391661145862900946383740277377478951861738370,-0.0061692915949787589330250984403003811152882066504932091075719809453448803093885462,0.0157,AVAILABLE,WHOLE_SESSION
MOMENTUM_AWAY_025,USD030_TARGET_1.5R,COMMON_AVAILABLE_ATR_IDENTITIES,0.01,target_first,10000,20260908,10000,0,-0.087044614736179042537424040314213724618348895805543204387135022973173262190603221,0.029075779141842209767827503859104445001399360721813571495470388658129623700936001,0.1609,AVAILABLE,WHOLE_SESSION
MOMENTUM_AWAY_025,USD030_TARGET_1.5R,COMMON_AVAILABLE_ATR_IDENTITIES,0.02,stop_first,10000,20260908,10000,0,-0.15046627010386205942289549680148124724994479196234279717073610710812285195071702,-0.039502624928312092266358431773633714448621539983826542440905314278678213642721871,0.0005,AVAILABLE,WHOLE_SESSION
MOMENTUM_AWAY_025,USD030_TARGET_1.5R,COMMON_AVAILABLE_ATR_IDENTITIES,0.02,target_first,10000,20260908,10000,0,-0.12037794806951237587075737364754705795168222913887653772046835630650659552393655,-0.0042575541914911235655058294742288883319339726115197618378629446752037096323973228,0.0175,AVAILABLE,WHOLE_SESSION
MOMENTUM_AWAY_025,USD040_TARGET_1.5R,COMMON_AVAILABLE_ATR_IDENTITIES,0,stop_first,10000,20260908,10000,0,-0.077960359417384125486496049062389432716122184219837244958131855171600424578370090,0.043792232401391829087281310071294741708640533372265615495048300362556877630970631,0.28,AVAILABLE,WHOLE_SESSION
MOMENTUM_AWAY_025,USD040_TARGET_1.5R,COMMON_AVAILABLE_ATR_IDENTITIES,0,target_first,10000,20260908,10000,0,-0.063863874356195814984258979724518967834009800673116961933103799128550362994961528,0.061196483560284766994414966115770588869236669772985172083705774582707315063108981,0.4788,AVAILABLE,WHOLE_SESSION
MOMENTUM_AWAY_025,USD040_TARGET_1.5R,COMMON_AVAILABLE_ATR_IDENTITIES,0.01,stop_first,10000,20260908,10000,0,-0.10296035941738412548649604906238943271612218421983724495813185517160042457837009,0.018792232401391829087281310071294741708640533372265615495048300362556877630970631,0.0835,AVAILABLE,WHOLE_SESSION
MOMENTUM_AWAY_025,USD040_TARGET_1.5R,COMMON_AVAILABLE_ATR_IDENTITIES,0.01,target_first,10000,20260908,10000,0,-0.088863874356195814984258979724518967834009800673116961933103799128550362994961528,0.036196483560284766994414966115770588869236669772985172083705774582707315063108981,0.1963,AVAILABLE,WHOLE_SESSION
MOMENTUM_AWAY_025,USD040_TARGET_1.5R,COMMON_AVAILABLE_ATR_IDENTITIES,0.02,stop_first,10000,20260908,10000,0,-0.12796035941738412548649604906238943271612218421983724495813185517160042457837009,-0.0062077675986081709127186899287052582913594666277343845049516996374431223690293696,0.0146,AVAILABLE,WHOLE_SESSION
MOMENTUM_AWAY_025,USD040_TARGET_1.5R,COMMON_AVAILABLE_ATR_IDENTITIES,0.02,target_first,10000,20260908,10000,0,-0.11386387435619581498425897972451896783400980067311696193310379912855036299496153,0.011196483560284766994414966115770588869236669772985172083705774582707315063108981,0.0527,AVAILABLE,WHOLE_SESSION
MOMENTUM_AWAY_025,ATR050_TARGET_1.5R,COMMON_AVAILABLE_ATR_IDENTITIES,0,stop_first,10000,20260908,10000,0,-0.068823514449692111583956875962971718020923090875823394513850857144296297650231863,0.052245547485155005782959761391715964381219500477846052569665485317557659396699101,0.4099,AVAILABLE,WHOLE_SESSION
MOMENTUM_AWAY_025,ATR050_TARGET_1.5R,COMMON_AVAILABLE_ATR_IDENTITIES,0,target_first,10000,20260908,10000,0,-0.065026598169554234923546472742981195361801884509635865947603273520435198103449398,0.056479954769240104460210704622242041381267735470442708047463480387929054073770565,0.4685,AVAILABLE,WHOLE_SESSION
MOMENTUM_AWAY_025,ATR050_TARGET_1.5R,COMMON_AVAILABLE_ATR_IDENTITIES,0.01,stop_first,10000,20260908,10000,0,-0.094487775435344657485705402900781970285283988276327142453799174944592245730664680,0.026439025173306093390693028756633774661021816361048974240621664200086128088529524,0.1393,AVAILABLE,WHOLE_SESSION
MOMENTUM_AWAY_025,ATR050_TARGET_1.5R,COMMON_AVAILABLE_ATR_IDENTITIES,0.01,target_first,10000,20260908,10000,0,-0.090592737207745395322706639054694131553710097180823058025046818681796403360284869,0.030615315461585673279380769132878462872765402353786592339330961001156145392872381,0.1714,AVAILABLE,WHOLE_SESSION
MOMENTUM_AWAY_025,ATR050_TARGET_1.5R,COMMON_AVAILABLE_ATR_IDENTITIES,0.02,stop_first,10000,20260908,10000,0,-0.11997984752507827701526366325637352895819527097291419635442005262921544342331114,0.00052826807556755938622612946418129822448097161540319404730505298167907818672307559,0.0264,AVAILABLE,WHOLE_SESSION
MOMENTUM_AWAY_025,ATR050_TARGET_1.5R,COMMON_AVAILABLE_ATR_IDENTITIES,0.02,target_first,10000,20260908,10000,0,-0.11631138283018911003855898875099551508481027604927590491139862997475110519802032,0.0046987171857010151540253935448046830565445046470664598962769114418653142991929343,0.0357,AVAILABLE,WHOLE_SESSION
MOMENTUM_AWAY_025,USD025_TARGET_2R,COMMON_AVAILABLE_ATR_IDENTITIES,0,stop_first,10000,20260908,10000,0,-0.098604563992797617768059952973644153592131837579934056642498354487004286011143424,0.022358522543938696614283015095202022361379373033768145090676987603653810359225442,0.1045,AVAILABLE,WHOLE_SESSION
MOMENTUM_AWAY_025,USD025_TARGET_2R,COMMON_AVAILABLE_ATR_IDENTITIES,0,target_first,10000,20260908,10000,0,-0.045250554435278888980575054170999712566058315112347839411142177998879912827884267,0.080074424678577192279875435586929104678338105114672181610610688391720411469011314,0.714,AVAILABLE,WHOLE_SESSION
MOMENTUM_AWAY_025,USD025_TARGET_2R,COMMON_AVAILABLE_ATR_IDENTITIES,0.01,stop_first,10000,20260908,10000,0,-0.13860456399279761776805995297364415359213183757993405664249835448700428601114343,-0.017641477456061303385716984904797977638620626966231854909323012396346189640774558,0.0054,AVAILABLE,WHOLE_SESSION
MOMENTUM_AWAY_025,USD025_TARGET_2R,COMMON_AVAILABLE_ATR_IDENTITIES,0.01,target_first,10000,20260908,10000,0,-0.085250554435278888980575054170999712566058315112347839411142177998879912827884267,0.040074424678577192279875435586929104678338105114672181610610688391720411469011314,0.2449,AVAILABLE,WHOLE_SESSION
MOMENTUM_AWAY_025,USD025_TARGET_2R,COMMON_AVAILABLE_ATR_IDENTITIES,0.02,stop_first,10000,20260908,10000,0,-0.17860456399279761776805995297364415359213183757993405664249835448700428601114343,-0.057641477456061303385716984904797977638620626966231854909323012396346189640774558,0.0001,AVAILABLE,WHOLE_SESSION
MOMENTUM_AWAY_025,USD025_TARGET_2R,COMMON_AVAILABLE_ATR_IDENTITIES,0.02,target_first,10000,20260908,10000,0,-0.12525055443527888898057505417099971256605831511234783941114217799887991282788427,0.000074424678577192279875435586929104678338105114672181610610688391720411469011314800,0.0254,AVAILABLE,WHOLE_SESSION
MOMENTUM_AWAY_025,USD030_TARGET_2R,COMMON_AVAILABLE_ATR_IDENTITIES,0,stop_first,10000,20260908,10000,0,-0.10664685767845235872741782734292974510722979845347620489866060863795311235955222,0.023342018295976235484742100999189846070753443154199297866594652984066972724817715,0.1029,AVAILABLE,WHOLE_SESSION
MOMENTUM_AWAY_025,USD030_TARGET_2R,COMMON_AVAILABLE_ATR_IDENTITIES,0,target_first,10000,20260908,10000,0,-0.083715456783588036767959555725611771370851933974412004127501355497425791109995025,0.055039712909746020967127381277608390798720795139017872926913329991437820616242061,0.3363,AVAILABLE,WHOLE_SESSION
MOMENTUM_AWAY_025,USD030_TARGET_2R,COMMON_AVAILABLE_ATR_IDENTITIES,0.01,stop_first,10000,20260908,10000,0,-0.13998019101178569206075116067626307844056313178680953823199394197128644569288555,-0.0099913150373570978485912323341434872625798901791340354667386803492663606085156076,0.0122,AVAILABLE,WHOLE_SESSION
MOMENTUM_AWAY_025,USD030_TARGET_2R,COMMON_AVAILABLE_ATR_IDENTITIES,0.01,target_first,10000,20260908,10000,0,-0.11704879011692137010129288905894510470418526730774533746083468883075912444332835,0.021706379576412687633794047944275057465387461805684539593579996658104487282908737,0.0859,AVAILABLE,WHOLE_SESSION
MOMENTUM_AWAY_025,USD030_TARGET_2R,COMMON_AVAILABLE_ATR_IDENTITIES,0.02,stop_first,10000,20260908,10000,0,-0.17331352434511902539408449400959641177389646512014287156532727530461977902621887,-0.043324648370690431181924565667476820595913223512467368800072013682599693941848931,0.0004,AVAILABLE,WHOLE_SESSION
MOMENTUM_AWAY_025,USD030_TARGET_2R,COMMON_AVAILABLE_ATR_IDENTITIES,0.02,target_first,10000,20260908,10000,0,-0.15038212345025470343462622239227843803751860064107867079416802216409245777666168,-0.011626953756920645699539285389058275867945871527648793739753336675228846050424587,0.011,AVAILABLE,WHOLE_SESSION
MOMENTUM_AWAY_025,USD040_TARGET_2R,COMMON_AVAILABLE_ATR_IDENTITIES,0,stop_first,10000,20260908,10000,0,-0.099941947330878904549679716701629639614592899006152921584651114462314408395606741,0.036576622917509773690386458665971603520332248313341376352051515966763990749766343,0.1711,AVAILABLE,WHOLE_SESSION
MOMENTUM_AWAY_025,USD040_TARGET_2R,COMMON_AVAILABLE_ATR_IDENTITIES,0,target_first,10000,20260908,10000,0,-0.094971225059593902452119073270076702542315249954365029653782691640031353909037872,0.042125522851112859865736968858828358941822163529298745040956601237990027823723159,0.2182,AVAILABLE,WHOLE_SESSION
MOMENTUM_AWAY_025,USD040_TARGET_2R,COMMON_AVAILABLE_ATR_IDENTITIES,0.01,stop_first,10000,20260908,10000,0,-0.12494194733087890454967971670162963961459289900615292158465111446231440839560674,0.011576622917509773690386458665971603520332248313341376352051515966763990749766343,0.0482,AVAILABLE,WHOLE_SESSION
MOMENTUM_AWAY_025,USD040_TARGET_2R,COMMON_AVAILABLE_ATR_IDENTITIES,0.01,target_first,10000,20260908,10000,0,-0.11997122505959390245211907327007670254231524995436502965378269164003135390903787,0.017125522851112859865736968858828358941822163529298745040956601237990027823723159,0.0684,AVAILABLE,WHOLE_SESSION
MOMENTUM_AWAY_025,USD040_TARGET_2R,COMMON_AVAILABLE_ATR_IDENTITIES,0.02,stop_first,10000,20260908,10000,0,-0.14994194733087890454967971670162963961459289900615292158465111446231440839560674,-0.013423377082490226309613541334028396479667751686658623647948484033236009250233657,0.0088,AVAILABLE,WHOLE_SESSION
MOMENTUM_AWAY_025,USD040_TARGET_2R,COMMON_AVAILABLE_ATR_IDENTITIES,0.02,target_first,10000,20260908,10000,0,-0.14497122505959390245211907327007670254231524995436502965378269164003135390903787,-0.0078744771488871401342630311411716410581778364707012549590433987620099721762768412,0.0143,AVAILABLE,WHOLE_SESSION
MOMENTUM_AWAY_025,ATR050_TARGET_2R,COMMON_AVAILABLE_ATR_IDENTITIES,0,stop_first,10000,20260908,10000,0,-0.091038225467351954518170458530644449763175759760523477577496592913281928728064919,0.045736375706298361055585635972518008393420457640134806141544489143649392642482443,0.2589,AVAILABLE,WHOLE_SESSION
MOMENTUM_AWAY_025,ATR050_TARGET_2R,COMMON_AVAILABLE_ATR_IDENTITIES,0,target_first,10000,20260908,10000,0,-0.084031912082133406350445942111982555686167889246530557832859766861903070746128477,0.053144442465457100685670366163412015308378979755641352174732799694438710766625552,0.3322,AVAILABLE,WHOLE_SESSION
MOMENTUM_AWAY_025,ATR050_TARGET_2R,COMMON_AVAILABLE_ATR_IDENTITIES,0.01,stop_first,10000,20260908,10000,0,-0.11677901233112567790773466922078423800742599016786466993046010630048571331214843,0.019788882058700801178219126567714450422777212517074378897044437127795508827875717,0.0837,AVAILABLE,WHOLE_SESSION
MOMENTUM_AWAY_025,ATR050_TARGET_2R,COMMON_AVAILABLE_ATR_IDENTITIES,0.01,target_first,10000,20260908,10000,0,-0.10963530227340809504435480603577262201616710478701313212930733974175139475515356,0.027248246233606020634606247088160448320979956726153315155871005003430207384643929,0.1215,AVAILABLE,WHOLE_SESSION
MOMENTUM_AWAY_025,ATR050_TARGET_2R,COMMON_AVAILABLE_ATR_IDENTITIES,0.02,stop_first,10000,20260908,10000,0,-0.14271501229528407288169356965532722153056368444797719227210319246684262489039840,-0.0059317891419536561287073493203484011035385411955968372606967021571973519419383512,0.0155,AVAILABLE,WHOLE_SESSION
MOMENTUM_AWAY_025,ATR050_TARGET_2R,COMMON_AVAILABLE_ATR_IDENTITIES,0.02,target_first,10000,20260908,10000,0,-0.13540685633437870230120606431393139912703377928411552218286911164354465004172270,0.0016111265275027116209470934528507521502188144111653020780075386436615437322277737,0.0281,AVAILABLE,WHOLE_SESSION
MOMENTUM_AWAY_025,USD025_TARGET_2R_BE1R,COMMON_AVAILABLE_ATR_IDENTITIES,0,stop_first,10000,20260908,10000,0,-0.11104707945017074714574851328858221260168637226785030515679823704548828994975267,-0.0047790248936329077016183995049076582887926037392677012727943070054818400588147831,0.0159,AVAILABLE,WHOLE_SESSION
MOMENTUM_AWAY_025,USD025_TARGET_2R_BE1R,COMMON_AVAILABLE_ATR_IDENTITIES,0,target_first,10000,20260908,10000,0,-0.044566581277764323630747728987941701792592181984478104549475644182287991545242359,0.072080706372929585128858833948546542642046325019371925087593587902025127574140298,0.689,AVAILABLE,WHOLE_SESSION
MOMENTUM_AWAY_025,USD025_TARGET_2R_BE1R,COMMON_AVAILABLE_ATR_IDENTITIES,0.01,stop_first,10000,20260908,10000,0,-0.15104707945017074714574851328858221260168637226785030515679823704548828994975267,-0.044779024893632907701618399504907658288792603739267701272794307005481840058814783,0.0003,AVAILABLE,WHOLE_SESSION
MOMENTUM_AWAY_025,USD025_TARGET_2R_BE1R,COMMON_AVAILABLE_ATR_IDENTITIES,0.01,target_first,10000,20260908,10000,0,-0.084566581277764323630747728987941701792592181984478104549475644182287991545242359,0.032080706372929585128858833948546542642046325019371925087593587902025127574140298,0.1971,AVAILABLE,WHOLE_SESSION
MOMENTUM_AWAY_025,USD025_TARGET_2R_BE1R,COMMON_AVAILABLE_ATR_IDENTITIES,0.02,stop_first,10000,20260908,10000,0,-0.19104707945017074714574851328858221260168637226785030515679823704548828994975267,-0.084779024893632907701618399504907658288792603739267701272794307005481840058814783,0,AVAILABLE,WHOLE_SESSION
MOMENTUM_AWAY_025,USD025_TARGET_2R_BE1R,COMMON_AVAILABLE_ATR_IDENTITIES,0.02,target_first,10000,20260908,10000,0,-0.12456658127776432363074772898794170179259218198447810454947564418228799154524236,-0.0079192936270704148711411660514534573579536749806280749124064120979748724258597019,0.0119,AVAILABLE,WHOLE_SESSION
MOMENTUM_AWAY_025,USD030_TARGET_2R_BE1R,COMMON_AVAILABLE_ATR_IDENTITIES,0,stop_first,10000,20260908,10000,0,-0.10303068959702868164533396812607960545189308625246439972410930642788693364584668,0.013319498111485984679695291446516858700956988562819615082649012243512211683323785,0.0706,AVAILABLE,WHOLE_SESSION
MOMENTUM_AWAY_025,USD030_TARGET_2R_BE1R,COMMON_AVAILABLE_ATR_IDENTITIES,0,target_first,10000,20260908,10000,0,-0.079882308896279101731824418009080701524500016699966535948382939034396859870027046,0.043298255966694975007861813442800003022656554717930921834682775100982886532379336,0.2819,AVAILABLE,WHOLE_SESSION
MOMENTUM_AWAY_025,USD030_TARGET_2R_BE1R,COMMON_AVAILABLE_ATR_IDENTITIES,0.01,stop_first,10000,20260908,10000,0,-0.13636402293036201497866730145941293878522641958579773305744263976122026697918001,-0.020013835221847348653638041886816474632376344770513718250684321089821121650009539,0.0041,AVAILABLE,WHOLE_SESSION
MOMENTUM_AWAY_025,USD030_TARGET_2R_BE1R,COMMON_AVAILABLE_ATR_IDENTITIES,0.01,target_first,10000,20260908,10000,0,-0.11321564222961243506515775134241403485783335003329986928171627236773019320336037,0.0099649226333616416745284801094666696893232213845975885013494417676495531990460128,0.0527,AVAILABLE,WHOLE_SESSION
MOMENTUM_AWAY_025,USD030_TARGET_2R_BE1R,COMMON_AVAILABLE_ATR_IDENTITIES,0.02,stop_first,10000,20260908,10000,0,-0.16969735626369534831200063479274627211855975291913106639077597309455360031251333,-0.053347168555180681986971375220149807965709678103847051584017654423154454983342864,0.0003,AVAILABLE,WHOLE_SESSION
MOMENTUM_AWAY_025,USD030_TARGET_2R_BE1R,COMMON_AVAILABLE_ATR_IDENTITIES,0.02,target_first,10000,20260908,10000,0,-0.14654897556294576839849108467574736819116668336663320261504960570106352653669369,-0.023368410699971691658804853223866663644010111948735744831983891565683780134287311,0.0038,AVAILABLE,WHOLE_SESSION
MOMENTUM_AWAY_025,USD040_TARGET_2R_BE1R,COMMON_AVAILABLE_ATR_IDENTITIES,0,stop_first,10000,20260908,10000,0,-0.087646012738705417153510727684414751327506970097882877817829500876027924191394112,0.034148200171599378924699702581806148492392688647795458945968290620952118529085308,0.1855,AVAILABLE,WHOLE_SESSION
MOMENTUM_AWAY_025,USD040_TARGET_2R_BE1R,COMMON_AVAILABLE_ATR_IDENTITIES,0,target_first,10000,20260908,10000,0,-0.079280905144766009549767011427705659218681301935028687965588295043040449546598281,0.041462015817167922392956459320241247585944724805868019663181422585209479544387573,0.2582,AVAILABLE,WHOLE_SESSION
MOMENTUM_AWAY_025,USD040_TARGET_2R_BE1R,COMMON_AVAILABLE_ATR_IDENTITIES,0.01,stop_first,10000,20260908,10000,0,-0.11264601273870541715351072768441475132750697009788287781782950087602792419139411,0.0091482001715993789246997025818061484923926886477954589459682906209521185290853084,0.048,AVAILABLE,WHOLE_SESSION
MOMENTUM_AWAY_025,USD040_TARGET_2R_BE1R,COMMON_AVAILABLE_ATR_IDENTITIES,0.01,target_first,10000,20260908,10000,0,-0.10428090514476600954976701142770565921868130193502868796558829504304044954659828,0.016462015817167922392956459320241247585944724805868019663181422585209479544387573,0.0767,AVAILABLE,WHOLE_SESSION
MOMENTUM_AWAY_025,USD040_TARGET_2R_BE1R,COMMON_AVAILABLE_ATR_IDENTITIES,0.02,stop_first,10000,20260908,10000,0,-0.13764601273870541715351072768441475132750697009788287781782950087602792419139411,-0.015851799828400621075300297418193851507607311352204541054031709379047881470914692,0.0074,AVAILABLE,WHOLE_SESSION
MOMENTUM_AWAY_025,USD040_TARGET_2R_BE1R,COMMON_AVAILABLE_ATR_IDENTITIES,0.02,target_first,10000,20260908,10000,0,-0.12928090514476600954976701142770565921868130193502868796558829504304044954659828,-0.0085379841828320776070435406797587524140552751941319803368185774147905204556124267,0.0134,AVAILABLE,WHOLE_SESSION
MOMENTUM_AWAY_025,ATR050_TARGET_2R_BE1R,COMMON_AVAILABLE_ATR_IDENTITIES,0,stop_first,10000,20260908,10000,0,-0.072822797164584340225403513763439296770093930123830207003186535128689159201881476,0.036408307231036791953611674980299857091125657004581362567573346822957271653151366,0.2702,AVAILABLE,WHOLE_SESSION
MOMENTUM_AWAY_025,ATR050_TARGET_2R_BE1R,COMMON_AVAILABLE_ATR_IDENTITIES,0,target_first,10000,20260908,10000,0,-0.066175160460918120437892304849637511909326776187619918308584431699524579418223467,0.045048649268631273318565155838291953416797783633531261899209061403180688773617272,0.3749,AVAILABLE,WHOLE_SESSION
MOMENTUM_AWAY_025,ATR050_TARGET_2R_BE1R,COMMON_AVAILABLE_ATR_IDENTITIES,0.01,stop_first,10000,20260908,10000,0,-0.098731296819182631821791287665215365745061110377462910282533762856432861376516884,0.010696929647054848146456976478422782718706517461003088685723219609669826943626672,0.0622,AVAILABLE,WHOLE_SESSION
MOMENTUM_AWAY_025,ATR050_TARGET_2R_BE1R,COMMON_AVAILABLE_ATR_IDENTITIES,0.01,target_first,10000,20260908,10000,0,-0.091979169928848765368310641925121827405452589177659276094307633119531595958328780,0.019345408241148408064492041353753364686329618597865973857254928694146065491918552,0.108,AVAILABLE,WHOLE_SESSION
MOMENTUM_AWAY_025,ATR050_TARGET_2R_BE1R,COMMON_AVAILABLE_ATR_IDENTITIES,0.02,stop_first,10000,20260908,10000,0,-0.12452355635540249398616713633636954438824074276906420532611581474478252338671350,-0.014884949313913928472162350626757318321090836322539170327897735297789506416069096,0.0058,AVAILABLE,WHOLE_SESSION
MOMENTUM_AWAY_025,ATR050_TARGET_2R_BE1R,COMMON_AVAILABLE_ATR_IDENTITIES,0.02,target_first,10000,20260908,10000,0,-0.11799291741730610953718307510637750203269481504149623330151110221454930653421120,-0.0063089677443928037036233877723876448473134657597572637475376353568132378248739497,0.0136,AVAILABLE,WHOLE_SESSION
IMMEDIATE_MINUS_MOMENTUM,USD025_TARGET_1R,COMMON_USABLE_IDENTITIES,0,stop_first,10000,20260908,10000,0,0.0058340236824820238831412927238980032058600007782579118590096714954600840424778794,0.11968249883676984558002701065138184670404949692505802630886532176391659020998046,0.9827,AVAILABLE,WHOLE_SESSION
IMMEDIATE_MINUS_MOMENTUM,USD025_TARGET_1R,COMMON_USABLE_IDENTITIES,0,target_first,10000,20260908,10000,0,0.0059002362025374120219574972097578753160376284080814522925540395872719404140947088,0.10931559642953246035099918903448868948158313043783815273707795348183464995787972,0.9851,AVAILABLE,WHOLE_SESSION
IMMEDIATE_MINUS_MOMENTUM,USD025_TARGET_1R,COMMON_USABLE_IDENTITIES,0.01,stop_first,10000,20260908,10000,0,0.0058340236824820238831412927238980032058600007782579118590096714954600840424778794,0.11968249883676984558002701065138184670404949692505802630886532176391659020998046,0.9827,AVAILABLE,WHOLE_SESSION
IMMEDIATE_MINUS_MOMENTUM,USD025_TARGET_1R,COMMON_USABLE_IDENTITIES,0.01,target_first,10000,20260908,10000,0,0.0059002362025374120219574972097578753160376284080814522925540395872719404140947088,0.10931559642953246035099918903448868948158313043783815273707795348183464995787972,0.9851,AVAILABLE,WHOLE_SESSION
IMMEDIATE_MINUS_MOMENTUM,USD025_TARGET_1R,COMMON_USABLE_IDENTITIES,0.02,stop_first,10000,20260908,10000,0,0.0058340236824820238831412927238980032058600007782579118590096714954600840424778794,0.11968249883676984558002701065138184670404949692505802630886532176391659020998046,0.9827,AVAILABLE,WHOLE_SESSION
IMMEDIATE_MINUS_MOMENTUM,USD025_TARGET_1R,COMMON_USABLE_IDENTITIES,0.02,target_first,10000,20260908,10000,0,0.0059002362025374120219574972097578753160376284080814522925540395872719404140947088,0.10931559642953246035099918903448868948158313043783815273707795348183464995787972,0.9851,AVAILABLE,WHOLE_SESSION
IMMEDIATE_MINUS_MOMENTUM,USD025_TARGET_1.5R,COMMON_USABLE_IDENTITIES,0,stop_first,10000,20260908,10000,0,-0.0014937000599529652667906954372185946956227463955212214600694354973089879630249965,0.11923396631747602087343268169377171091447253969796794198329803455668719381845265,0.9727,AVAILABLE,WHOLE_SESSION
IMMEDIATE_MINUS_MOMENTUM,USD025_TARGET_1.5R,COMMON_USABLE_IDENTITIES,0,target_first,10000,20260908,10000,0,0.0088688318273131828383308352689504786633545177147914737323487294721752687553938351,0.13145529690566367148350096311979991484686848123542864389932165730723398087595725,0.9881,AVAILABLE,WHOLE_SESSION
IMMEDIATE_MINUS_MOMENTUM,USD025_TARGET_1.5R,COMMON_USABLE_IDENTITIES,0.01,stop_first,10000,20260908,10000,0,-0.0014937000599529652667906954372185946956227463955212214600694354973089879630249965,0.11923396631747602087343268169377171091447253969796794198329803455668719381845265,0.9727,AVAILABLE,WHOLE_SESSION
IMMEDIATE_MINUS_MOMENTUM,USD025_TARGET_1.5R,COMMON_USABLE_IDENTITIES,0.01,target_first,10000,20260908,10000,0,0.0088688318273131828383308352689504786633545177147914737323487294721752687553938351,0.13145529690566367148350096311979991484686848123542864389932165730723398087595725,0.9881,AVAILABLE,WHOLE_SESSION
IMMEDIATE_MINUS_MOMENTUM,USD025_TARGET_1.5R,COMMON_USABLE_IDENTITIES,0.02,stop_first,10000,20260908,10000,0,-0.0014937000599529652667906954372185946956227463955212214600694354973089879630249965,0.11923396631747602087343268169377171091447253969796794198329803455668719381845265,0.9727,AVAILABLE,WHOLE_SESSION
IMMEDIATE_MINUS_MOMENTUM,USD025_TARGET_1.5R,COMMON_USABLE_IDENTITIES,0.02,target_first,10000,20260908,10000,0,0.0088688318273131828383308352689504786633545177147914737323487294721752687553938351,0.13145529690566367148350096311979991484686848123542864389932165730723398087595725,0.9881,AVAILABLE,WHOLE_SESSION
IMMEDIATE_MINUS_MOMENTUM,USD025_TARGET_2R,COMMON_USABLE_IDENTITIES,0,stop_first,10000,20260908,10000,0,-0.0024988654860892568882738032879133689802150133073778918668261919164497138363181199,0.12320337142733641469296011213926016493610346946273808751925849766736753704269752,0.9691,AVAILABLE,WHOLE_SESSION
IMMEDIATE_MINUS_MOMENTUM,USD025_TARGET_2R,COMMON_USABLE_IDENTITIES,0,target_first,10000,20260908,10000,0,0.012671694025606605176171711485442919210727637523636311147678228611844859192540308,0.14897530482446132343241885458407429548866955167710404689843072878863078904397940,0.9911,AVAILABLE,WHOLE_SESSION
IMMEDIATE_MINUS_MOMENTUM,USD025_TARGET_2R,COMMON_USABLE_IDENTITIES,0.01,stop_first,10000,20260908,10000,0,-0.0024988654860892568882738032879133689802150133073778918668261919164497138363181199,0.12320337142733641469296011213926016493610346946273808751925849766736753704269752,0.9691,AVAILABLE,WHOLE_SESSION
IMMEDIATE_MINUS_MOMENTUM,USD025_TARGET_2R,COMMON_USABLE_IDENTITIES,0.01,target_first,10000,20260908,10000,0,0.012671694025606605176171711485442919210727637523636311147678228611844859192540308,0.14897530482446132343241885458407429548866955167710404689843072878863078904397940,0.9911,AVAILABLE,WHOLE_SESSION
IMMEDIATE_MINUS_MOMENTUM,USD025_TARGET_2R,COMMON_USABLE_IDENTITIES,0.02,stop_first,10000,20260908,10000,0,-0.0024988654860892568882738032879133689802150133073778918668261919164497138363181199,0.12320337142733641469296011213926016493610346946273808751925849766736753704269752,0.9691,AVAILABLE,WHOLE_SESSION
IMMEDIATE_MINUS_MOMENTUM,USD025_TARGET_2R,COMMON_USABLE_IDENTITIES,0.02,target_first,10000,20260908,10000,0,0.012671694025606605176171711485442919210727637523636311147678228611844859192540308,0.14897530482446132343241885458407429548866955167710404689843072878863078904397940,0.9911,AVAILABLE,WHOLE_SESSION
IMMEDIATE_MINUS_MOMENTUM,USD025_TARGET_2R_BE1R,COMMON_USABLE_IDENTITIES,0,stop_first,10000,20260908,10000,0,0.021393638760790304218126269977374587482526552434753786514101252323788387543053133,0.14705981846681693233021523086012215278190069595781490087904998000932482999622606,0.9954,AVAILABLE,WHOLE_SESSION
IMMEDIATE_MINUS_MOMENTUM,USD025_TARGET_2R_BE1R,COMMON_USABLE_IDENTITIES,0,target_first,10000,20260908,10000,0,0.041124052131952282231378966336634954116151303771382831680567455955122900663594163,0.17667401226506160922150928397024586905911078303333144057691215717449321446823008,0.9996,AVAILABLE,WHOLE_SESSION
IMMEDIATE_MINUS_MOMENTUM,USD025_TARGET_2R_BE1R,COMMON_USABLE_IDENTITIES,0.01,stop_first,10000,20260908,10000,0,0.021393638760790304218126269977374587482526552434753786514101252323788387543053133,0.14705981846681693233021523086012215278190069595781490087904998000932482999622606,0.9954,AVAILABLE,WHOLE_SESSION
IMMEDIATE_MINUS_MOMENTUM,USD025_TARGET_2R_BE1R,COMMON_USABLE_IDENTITIES,0.01,target_first,10000,20260908,10000,0,0.041124052131952282231378966336634954116151303771382831680567455955122900663594163,0.17667401226506160922150928397024586905911078303333144057691215717449321446823008,0.9996,AVAILABLE,WHOLE_SESSION
IMMEDIATE_MINUS_MOMENTUM,USD025_TARGET_2R_BE1R,COMMON_USABLE_IDENTITIES,0.02,stop_first,10000,20260908,10000,0,0.021393638760790304218126269977374587482526552434753786514101252323788387543053133,0.14705981846681693233021523086012215278190069595781490087904998000932482999622606,0.9954,AVAILABLE,WHOLE_SESSION
IMMEDIATE_MINUS_MOMENTUM,USD025_TARGET_2R_BE1R,COMMON_USABLE_IDENTITIES,0.02,target_first,10000,20260908,10000,0,0.041124052131952282231378966336634954116151303771382831680567455955122900663594163,0.17667401226506160922150928397024586905911078303333144057691215717449321446823008,0.9996,AVAILABLE,WHOLE_SESSION
IMMEDIATE_MINUS_MOMENTUM,USD030_TARGET_1R,COMMON_USABLE_IDENTITIES,0,stop_first,10000,20260908,10000,0,0.017380785612715025373556013378364341709588591768539798582478177962171309870794493,0.12247693316864148152354836572408300577503201214771425828496017242614895553184786,0.9966,AVAILABLE,WHOLE_SESSION
IMMEDIATE_MINUS_MOMENTUM,USD030_TARGET_1R,COMMON_USABLE_IDENTITIES,0,target_first,10000,20260908,10000,0,0.013935907543157669813239039554448109127127727402750924499495100928118225650251415,0.11862194722303007420333039105138108673949239683730201248684051641300114459870165,0.9944,AVAILABLE,WHOLE_SESSION
IMMEDIATE_MINUS_MOMENTUM,USD030_TARGET_1R,COMMON_USABLE_IDENTITIES,0.01,stop_first,10000,20260908,10000,0,0.017380785612715025373556013378364341709588591768539798582478177962171309870794493,0.12247693316864148152354836572408300577503201214771425828496017242614895553184786,0.9966,AVAILABLE,WHOLE_SESSION
IMMEDIATE_MINUS_MOMENTUM,USD030_TARGET_1R,COMMON_USABLE_IDENTITIES,0.01,target_first,10000,20260908,10000,0,0.013935907543157669813239039554448109127127727402750924499495100928118225650251415,0.11862194722303007420333039105138108673949239683730201248684051641300114459870165,0.9944,AVAILABLE,WHOLE_SESSION
IMMEDIATE_MINUS_MOMENTUM,USD030_TARGET_1R,COMMON_USABLE_IDENTITIES,0.02,stop_first,10000,20260908,10000,0,0.017380785612715025373556013378364341709588591768539798582478177962171309870794493,0.12247693316864148152354836572408300577503201214771425828496017242614895553184786,0.9966,AVAILABLE,WHOLE_SESSION
IMMEDIATE_MINUS_MOMENTUM,USD030_TARGET_1R,COMMON_USABLE_IDENTITIES,0.02,target_first,10000,20260908,10000,0,0.013935907543157669813239039554448109127127727402750924499495100928118225650251415,0.11862194722303007420333039105138108673949239683730201248684051641300114459870165,0.9944,AVAILABLE,WHOLE_SESSION
IMMEDIATE_MINUS_MOMENTUM,USD030_TARGET_1.5R,COMMON_USABLE_IDENTITIES,0,stop_first,10000,20260908,10000,0,-0.00045618248267551578352122952446495089475018510140464266526728727950801543346358175,0.11566438539054518435961734930807095755549363796786477198848332868951425652456581,0.9739,AVAILABLE,WHOLE_SESSION
IMMEDIATE_MINUS_MOMENTUM,USD030_TARGET_1.5R,COMMON_USABLE_IDENTITIES,0,target_first,10000,20260908,10000,0,-0.0010963481217423836611143704988563800389425979304304942648946934333256808577574846,0.12641350303935777129928581154303130006919924720172046861506379946766940292800480,0.972,AVAILABLE,WHOLE_SESSION
IMMEDIATE_MINUS_MOMENTUM,USD030_TARGET_1.5R,COMMON_USABLE_IDENTITIES,0.01,stop_first,10000,20260908,10000,0,-0.00045618248267551578352122952446495089475018510140464266526728727950801543346358175,0.11566438539054518435961734930807095755549363796786477198848332868951425652456581,0.9739,AVAILABLE,WHOLE_SESSION
IMMEDIATE_MINUS_MOMENTUM,USD030_TARGET_1.5R,COMMON_USABLE_IDENTITIES,0.01,target_first,10000,20260908,10000,0,-0.0010963481217423836611143704988563800389425979304304942648946934333256808577574846,0.12641350303935777129928581154303130006919924720172046861506379946766940292800480,0.972,AVAILABLE,WHOLE_SESSION
IMMEDIATE_MINUS_MOMENTUM,USD030_TARGET_1.5R,COMMON_USABLE_IDENTITIES,0.02,stop_first,10000,20260908,10000,0,-0.00045618248267551578352122952446495089475018510140464266526728727950801543346358175,0.11566438539054518435961734930807095755549363796786477198848332868951425652456581,0.9739,AVAILABLE,WHOLE_SESSION
IMMEDIATE_MINUS_MOMENTUM,USD030_TARGET_1.5R,COMMON_USABLE_IDENTITIES,0.02,target_first,10000,20260908,10000,0,-0.0010963481217423836611143704988563800389425979304304942648946934333256808577574846,0.12641350303935777129928581154303130006919924720172046861506379946766940292800480,0.972,AVAILABLE,WHOLE_SESSION
IMMEDIATE_MINUS_MOMENTUM,USD030_TARGET_2R,COMMON_USABLE_IDENTITIES,0,stop_first,10000,20260908,10000,0,-0.016637917597668217228745420214827875104725462980330369759037651148541346238011279,0.11495039986601667472294779580656589453438507193979492825335250575757252304935069,0.923,AVAILABLE,WHOLE_SESSION
IMMEDIATE_MINUS_MOMENTUM,USD030_TARGET_2R,COMMON_USABLE_IDENTITIES,0,target_first,10000,20260908,10000,0,-0.014612974027415552878056881595246931467896282513391729918336290444210586965326391,0.12586725910311082740480534738498953673372793092038779118971137911566690655599141,0.9381,AVAILABLE,WHOLE_SESSION
IMMEDIATE_MINUS_MOMENTUM,USD030_TARGET_2R,COMMON_USABLE_IDENTITIES,0.01,stop_first,10000,20260908,10000,0,-0.016637917597668217228745420214827875104725462980330369759037651148541346238011279,0.11495039986601667472294779580656589453438507193979492825335250575757252304935069,0.923,AVAILABLE,WHOLE_SESSION
IMMEDIATE_MINUS_MOMENTUM,USD030_TARGET_2R,COMMON_USABLE_IDENTITIES,0.01,target_first,10000,20260908,10000,0,-0.014612974027415552878056881595246931467896282513391729918336290444210586965326391,0.12586725910311082740480534738498953673372793092038779118971137911566690655599141,0.9381,AVAILABLE,WHOLE_SESSION
IMMEDIATE_MINUS_MOMENTUM,USD030_TARGET_2R,COMMON_USABLE_IDENTITIES,0.02,stop_first,10000,20260908,10000,0,-0.016637917597668217228745420214827875104725462980330369759037651148541346238011279,0.11495039986601667472294779580656589453438507193979492825335250575757252304935069,0.923,AVAILABLE,WHOLE_SESSION
IMMEDIATE_MINUS_MOMENTUM,USD030_TARGET_2R,COMMON_USABLE_IDENTITIES,0.02,target_first,10000,20260908,10000,0,-0.014612974027415552878056881595246931467896282513391729918336290444210586965326391,0.12586725910311082740480534738498953673372793092038779118971137911566690655599141,0.9381,AVAILABLE,WHOLE_SESSION
IMMEDIATE_MINUS_MOMENTUM,USD030_TARGET_2R_BE1R,COMMON_USABLE_IDENTITIES,0,stop_first,10000,20260908,10000,0,0.027449974006433826247721621410504453939826971096493997884850480779853087747738060,0.14441737260723218775120659230150876080488593819557203844441668828444512767299828,0.9984,AVAILABLE,WHOLE_SESSION
IMMEDIATE_MINUS_MOMENTUM,USD030_TARGET_2R_BE1R,COMMON_USABLE_IDENTITIES,0,target_first,10000,20260908,10000,0,0.035503577454631533458297894594869846932175071496794686528875346473879929425300644,0.16061104527731033535888505499452837226247715020142868889093003807128347653150215,0.9994,AVAILABLE,WHOLE_SESSION
IMMEDIATE_MINUS_MOMENTUM,USD030_TARGET_2R_BE1R,COMMON_USABLE_IDENTITIES,0.01,stop_first,10000,20260908,10000,0,0.027449974006433826247721621410504453939826971096493997884850480779853087747738060,0.14441737260723218775120659230150876080488593819557203844441668828444512767299828,0.9984,AVAILABLE,WHOLE_SESSION
IMMEDIATE_MINUS_MOMENTUM,USD030_TARGET_2R_BE1R,COMMON_USABLE_IDENTITIES,0.01,target_first,10000,20260908,10000,0,0.035503577454631533458297894594869846932175071496794686528875346473879929425300644,0.16061104527731033535888505499452837226247715020142868889093003807128347653150215,0.9994,AVAILABLE,WHOLE_SESSION
IMMEDIATE_MINUS_MOMENTUM,USD030_TARGET_2R_BE1R,COMMON_USABLE_IDENTITIES,0.02,stop_first,10000,20260908,10000,0,0.027449974006433826247721621410504453939826971096493997884850480779853087747738060,0.14441737260723218775120659230150876080488593819557203844441668828444512767299828,0.9984,AVAILABLE,WHOLE_SESSION
IMMEDIATE_MINUS_MOMENTUM,USD030_TARGET_2R_BE1R,COMMON_USABLE_IDENTITIES,0.02,target_first,10000,20260908,10000,0,0.035503577454631533458297894594869846932175071496794686528875346473879929425300644,0.16061104527731033535888505499452837226247715020142868889093003807128347653150215,0.9994,AVAILABLE,WHOLE_SESSION
IMMEDIATE_MINUS_MOMENTUM,USD040_TARGET_1R,COMMON_USABLE_IDENTITIES,0,stop_first,10000,20260908,10000,0,0.011422730614492469473137149338021022123933118375555708848045868485092732361993583,0.10297763213415419874730200514517398327588349264350571353622561449852962156739120,0.9928,AVAILABLE,WHOLE_SESSION
IMMEDIATE_MINUS_MOMENTUM,USD040_TARGET_1R,COMMON_USABLE_IDENTITIES,0,target_first,10000,20260908,10000,0,0.014459406068893217191121659017570297203872695039247058440723189141892898415221117,0.11851956354532482312393479539973838644897380682903280676022175082127269541949382,0.9935,AVAILABLE,WHOLE_SESSION
IMMEDIATE_MINUS_MOMENTUM,USD040_TARGET_1R,COMMON_USABLE_IDENTITIES,0.01,stop_first,10000,20260908,10000,0,0.011422730614492469473137149338021022123933118375555708848045868485092732361993583,0.10297763213415419874730200514517398327588349264350571353622561449852962156739120,0.9928,AVAILABLE,WHOLE_SESSION
IMMEDIATE_MINUS_MOMENTUM,USD040_TARGET_1R,COMMON_USABLE_IDENTITIES,0.01,target_first,10000,20260908,10000,0,0.014459406068893217191121659017570297203872695039247058440723189141892898415221117,0.11851956354532482312393479539973838644897380682903280676022175082127269541949382,0.9935,AVAILABLE,WHOLE_SESSION
IMMEDIATE_MINUS_MOMENTUM,USD040_TARGET_1R,COMMON_USABLE_IDENTITIES,0.02,stop_first,10000,20260908,10000,0,0.011422730614492469473137149338021022123933118375555708848045868485092732361993583,0.10297763213415419874730200514517398327588349264350571353622561449852962156739120,0.9928,AVAILABLE,WHOLE_SESSION
IMMEDIATE_MINUS_MOMENTUM,USD040_TARGET_1R,COMMON_USABLE_IDENTITIES,0.02,target_first,10000,20260908,10000,0,0.014459406068893217191121659017570297203872695039247058440723189141892898415221117,0.11851956354532482312393479539973838644897380682903280676022175082127269541949382,0.9935,AVAILABLE,WHOLE_SESSION
IMMEDIATE_MINUS_MOMENTUM,USD040_TARGET_1.5R,COMMON_USABLE_IDENTITIES,0,stop_first,10000,20260908,10000,0,0.010056105154004883002172975072704069994042893771891061863961592958882931782660780,0.11880873530280220923872266889978556249909239206726463911088306621423419673067521,0.9898,AVAILABLE,WHOLE_SESSION
IMMEDIATE_MINUS_MOMENTUM,USD040_TARGET_1.5R,COMMON_USABLE_IDENTITIES,0,target_first,10000,20260908,10000,0,0.013950341663231843343131618814154364575763163508437010763651614909302586241182447,0.13171695246488236506385326712005477885695671539591684782247395677522719265006016,0.9919,AVAILABLE,WHOLE_SESSION
IMMEDIATE_MINUS_MOMENTUM,USD040_TARGET_1.5R,COMMON_USABLE_IDENTITIES,0.01,stop_first,10000,20260908,10000,0,0.010056105154004883002172975072704069994042893771891061863961592958882931782660780,0.11880873530280220923872266889978556249909239206726463911088306621423419673067521,0.9898,AVAILABLE,WHOLE_SESSION
IMMEDIATE_MINUS_MOMENTUM,USD040_TARGET_1.5R,COMMON_USABLE_IDENTITIES,0.01,target_first,10000,20260908,10000,0,0.013950341663231843343131618814154364575763163508437010763651614909302586241182447,0.13171695246488236506385326712005477885695671539591684782247395677522719265006016,0.9919,AVAILABLE,WHOLE_SESSION
IMMEDIATE_MINUS_MOMENTUM,USD040_TARGET_1.5R,COMMON_USABLE_IDENTITIES,0.02,stop_first,10000,20260908,10000,0,0.010056105154004883002172975072704069994042893771891061863961592958882931782660780,0.11880873530280220923872266889978556249909239206726463911088306621423419673067521,0.9898,AVAILABLE,WHOLE_SESSION
IMMEDIATE_MINUS_MOMENTUM,USD040_TARGET_1.5R,COMMON_USABLE_IDENTITIES,0.02,target_first,10000,20260908,10000,0,0.013950341663231843343131618814154364575763163508437010763651614909302586241182447,0.13171695246488236506385326712005477885695671539591684782247395677522719265006016,0.9919,AVAILABLE,WHOLE_SESSION
IMMEDIATE_MINUS_MOMENTUM,USD040_TARGET_2R,COMMON_USABLE_IDENTITIES,0,stop_first,10000,20260908,10000,0,-0.0083683450584027077766092384155900133148793068661189492202931214274132864947175147,0.11883030991666183915675402925633427952527621026575848121304586278791133768224301,0.9573,AVAILABLE,WHOLE_SESSION
IMMEDIATE_MINUS_MOMENTUM,USD040_TARGET_2R,COMMON_USABLE_IDENTITIES,0,target_first,10000,20260908,10000,0,-0.0016093283550011833846645642378080642285868850241902267795339001284817635812601049,0.12966751678201004211595804832688554842856675750188010549325753896384056705417176,0.9731,AVAILABLE,WHOLE_SESSION
IMMEDIATE_MINUS_MOMENTUM,USD040_TARGET_2R,COMMON_USABLE_IDENTITIES,0.01,stop_first,10000,20260908,10000,0,-0.0083683450584027077766092384155900133148793068661189492202931214274132864947175147,0.11883030991666183915675402925633427952527621026575848121304586278791133768224301,0.9573,AVAILABLE,WHOLE_SESSION
IMMEDIATE_MINUS_MOMENTUM,USD040_TARGET_2R,COMMON_USABLE_IDENTITIES,0.01,target_first,10000,20260908,10000,0,-0.0016093283550011833846645642378080642285868850241902267795339001284817635812601049,0.12966751678201004211595804832688554842856675750188010549325753896384056705417176,0.9731,AVAILABLE,WHOLE_SESSION
IMMEDIATE_MINUS_MOMENTUM,USD040_TARGET_2R,COMMON_USABLE_IDENTITIES,0.02,stop_first,10000,20260908,10000,0,-0.0083683450584027077766092384155900133148793068661189492202931214274132864947175147,0.11883030991666183915675402925633427952527621026575848121304586278791133768224301,0.9573,AVAILABLE,WHOLE_SESSION
IMMEDIATE_MINUS_MOMENTUM,USD040_TARGET_2R,COMMON_USABLE_IDENTITIES,0.02,target_first,10000,20260908,10000,0,-0.0016093283550011833846645642378080642285868850241902267795339001284817635812601049,0.12966751678201004211595804832688554842856675750188010549325753896384056705417176,0.9731,AVAILABLE,WHOLE_SESSION
IMMEDIATE_MINUS_MOMENTUM,USD040_TARGET_2R_BE1R,COMMON_USABLE_IDENTITIES,0,stop_first,10000,20260908,10000,0,0.038740844232675553023872118340377668326971366141132203940451542058518230902138445,0.14272026011755561682310916015999240762865135097959009603989358666866086547026751,0.9997,AVAILABLE,WHOLE_SESSION
IMMEDIATE_MINUS_MOMENTUM,USD040_TARGET_2R_BE1R,COMMON_USABLE_IDENTITIES,0,target_first,10000,20260908,10000,0,0.037494155633186802370531242211077613783753319966153411409094445000087315308278603,0.15085558635983618196501387282754538216057852724491926216610433089676495442014534,0.9994,AVAILABLE,WHOLE_SESSION
IMMEDIATE_MINUS_MOMENTUM,USD040_TARGET_2R_BE1R,COMMON_USABLE_IDENTITIES,0.01,stop_first,10000,20260908,10000,0,0.038740844232675553023872118340377668326971366141132203940451542058518230902138445,0.14272026011755561682310916015999240762865135097959009603989358666866086547026751,0.9997,AVAILABLE,WHOLE_SESSION
IMMEDIATE_MINUS_MOMENTUM,USD040_TARGET_2R_BE1R,COMMON_USABLE_IDENTITIES,0.01,target_first,10000,20260908,10000,0,0.037494155633186802370531242211077613783753319966153411409094445000087315308278603,0.15085558635983618196501387282754538216057852724491926216610433089676495442014534,0.9994,AVAILABLE,WHOLE_SESSION
IMMEDIATE_MINUS_MOMENTUM,USD040_TARGET_2R_BE1R,COMMON_USABLE_IDENTITIES,0.02,stop_first,10000,20260908,10000,0,0.038740844232675553023872118340377668326971366141132203940451542058518230902138445,0.14272026011755561682310916015999240762865135097959009603989358666866086547026751,0.9997,AVAILABLE,WHOLE_SESSION
IMMEDIATE_MINUS_MOMENTUM,USD040_TARGET_2R_BE1R,COMMON_USABLE_IDENTITIES,0.02,target_first,10000,20260908,10000,0,0.037494155633186802370531242211077613783753319966153411409094445000087315308278603,0.15085558635983618196501387282754538216057852724491926216610433089676495442014534,0.9994,AVAILABLE,WHOLE_SESSION
IMMEDIATE_MINUS_MOMENTUM,ATR050_TARGET_1R,COMMON_USABLE_IDENTITIES,0,stop_first,10000,20260908,10000,0,-0.012411017047224074641585079132609278201754161785646722066276205718399816177041323,0.093063170205471436172672235670043147480695815175148099099814436519360487524144369,0.9307,AVAILABLE,WHOLE_SESSION
IMMEDIATE_MINUS_MOMENTUM,ATR050_TARGET_1R,COMMON_USABLE_IDENTITIES,0,target_first,10000,20260908,10000,0,-0.0097519252016464734759426103791782377995156510659577642819637929800768374579182454,0.10119182721350949460218884935881595118589056140728932645224655972519293861382878,0.946,AVAILABLE,WHOLE_SESSION
IMMEDIATE_MINUS_MOMENTUM,ATR050_TARGET_1R,COMMON_USABLE_IDENTITIES,0.01,stop_first,10000,20260908,10000,0,-0.012589877671642705774206055313588359532258803513844337338842563990716655663058749,0.092898585502127268926627795050021192833573535978716681498164070335831201502442556,0.9291,AVAILABLE,WHOLE_SESSION
IMMEDIATE_MINUS_MOMENTUM,ATR050_TARGET_1R,COMMON_USABLE_IDENTITIES,0.01,target_first,10000,20260908,10000,0,-0.0098865385822028417142624078892196891202075174628327176077385028798684300379843835,0.10108203668322726221397386880022819187237259372329180650466749732622506608811202,0.9443,AVAILABLE,WHOLE_SESSION
IMMEDIATE_MINUS_MOMENTUM,ATR050_TARGET_1R,COMMON_USABLE_IDENTITIES,0.02,stop_first,10000,20260908,10000,0,-0.012667250870957339088940495317002514693974429901004098409952520698408301991286852,0.092788434258717660338138124688718115370888855692829824973839366978376227693605928,0.9288,AVAILABLE,WHOLE_SESSION
IMMEDIATE_MINUS_MOMENTUM,ATR050_TARGET_1R,COMMON_USABLE_IDENTITIES,0.02,target_first,10000,20260908,10000,0,-0.010023482309527094132915179384013989652587642000272050423147345043813485475835507,0.10096884269692323957508778553307155887597197559182463266867806388548497400375102,0.9434,AVAILABLE,WHOLE_SESSION
IMMEDIATE_MINUS_MOMENTUM,ATR050_TARGET_1.5R,COMMON_USABLE_IDENTITIES,0,stop_first,10000,20260908,10000,0,-0.025652572294849571834028269796311555481750768026095818792920970155027220304898045,0.10160354684113335558958382616234391208923113910542472821524375200713026126039436,0.8889,AVAILABLE,WHOLE_SESSION
IMMEDIATE_MINUS_MOMENTUM,ATR050_TARGET_1.5R,COMMON_USABLE_IDENTITIES,0,target_first,10000,20260908,10000,0,-0.025652572294849571834028269796311555481750768026095818792920970155027220304898045,0.10160354684113335558958382616234391208923113910542472821524375200713026126039436,0.8889,AVAILABLE,WHOLE_SESSION
IMMEDIATE_MINUS_MOMENTUM,ATR050_TARGET_1.5R,COMMON_USABLE_IDENTITIES,0.01,stop_first,10000,20260908,10000,0,-0.025746593285422652839527507044500957051366126947186043895798353618663089901604360,0.10141782075091600123509210221363649034623943688058647665329651837427094643300988,0.8877,AVAILABLE,WHOLE_SESSION
IMMEDIATE_MINUS_MOMENTUM,ATR050_TARGET_1.5R,COMMON_USABLE_IDENTITIES,0.01,target_first,10000,20260908,10000,0,-0.025746593285422652839527507044500957051366126947186043895798353618663089901604360,0.10141782075091600123509210221363649034623943688058647665329651837427094643300988,0.8877,AVAILABLE,WHOLE_SESSION
IMMEDIATE_MINUS_MOMENTUM,ATR050_TARGET_1.5R,COMMON_USABLE_IDENTITIES,0.02,stop_first,10000,20260908,10000,0,-0.025906856677030032199642715505770577181877535086380199158344392152904965443493638,0.10127469746851637034804625426067510119837043080427902451159825829838443992695409,0.8875,AVAILABLE,WHOLE_SESSION
IMMEDIATE_MINUS_MOMENTUM,ATR050_TARGET_1.5R,COMMON_USABLE_IDENTITIES,0.02,target_first,10000,20260908,10000,0,-0.025906856677030032199642715505770577181877535086380199158344392152904965443493638,0.10127469746851637034804625426067510119837043080427902451159825829838443992695409,0.8875,AVAILABLE,WHOLE_SESSION
IMMEDIATE_MINUS_MOMENTUM,ATR050_TARGET_2R,COMMON_USABLE_IDENTITIES,0,stop_first,10000,20260908,10000,0,-0.021355910024292676151821003980942256215222111847250532063749565261840156648506136,0.10985769815414489350774284408274258260160473579747025349989925735135293345745302,0.9099,AVAILABLE,WHOLE_SESSION
IMMEDIATE_MINUS_MOMENTUM,ATR050_TARGET_2R,COMMON_USABLE_IDENTITIES,0,target_first,10000,20260908,10000,0,-0.027022857821792475123019660678072968477779166083404997156521010887373376170176769,0.10472540331223094470402156790180316466999869789528183755136255620332059480480471,0.8754,AVAILABLE,WHOLE_SESSION
IMMEDIATE_MINUS_MOMENTUM,ATR050_TARGET_2R,COMMON_USABLE_IDENTITIES,0.01,stop_first,10000,20260908,10000,0,-0.021427740359275051328930782405615281442791878095546882239340600298340388888639901,0.10967480680115416233418187246041402675262148640022889726850723544483399346056997,0.9092,AVAILABLE,WHOLE_SESSION
IMMEDIATE_MINUS_MOMENTUM,ATR050_TARGET_2R,COMMON_USABLE_IDENTITIES,0.01,target_first,10000,20260908,10000,0,-0.027190469531771204953060603685440210363102556174578201611146141542760861432304241,0.10459718742759398206735842070904952035788763127460833338032437586426191497255739,0.8738,AVAILABLE,WHOLE_SESSION
IMMEDIATE_MINUS_MOMENTUM,ATR050_TARGET_2R,COMMON_USABLE_IDENTITIES,0.02,stop_first,10000,20260908,10000,0,-0.021551606354841463041227570114634440208179306545253697760448089443041225062154220,0.10949018447808536719519839979054013609400799146653480734006610051016628769707496,0.9086,AVAILABLE,WHOLE_SESSION
IMMEDIATE_MINUS_MOMENTUM,ATR050_TARGET_2R,COMMON_USABLE_IDENTITIES,0.02,target_first,10000,20260908,10000,0,-0.027382386587032818840209103701234096300848127697716463012757651127759253128136039,0.10444924972068799193966945830583552007976506868484465721634509991217599420337690,0.8734,AVAILABLE,WHOLE_SESSION
IMMEDIATE_MINUS_MOMENTUM,ATR050_TARGET_2R_BE1R,COMMON_USABLE_IDENTITIES,0,stop_first,10000,20260908,10000,0,-0.010391925359565420302260321725128684649244616223533033296974782839005624138849400,0.10390010392982006939183157759757734873015088452737441696466439348604001196932618,0.948,AVAILABLE,WHOLE_SESSION
IMMEDIATE_MINUS_MOMENTUM,ATR050_TARGET_2R_BE1R,COMMON_USABLE_IDENTITIES,0,target_first,10000,20260908,10000,0,-0.0074858226548149195684543415180921140106391926058186895366205872199992731891522557,0.10628760912930321722305426335004380128050999370071992199196862257398552579201238,0.958,AVAILABLE,WHOLE_SESSION
IMMEDIATE_MINUS_MOMENTUM,ATR050_TARGET_2R_BE1R,COMMON_USABLE_IDENTITIES,0.01,stop_first,10000,20260908,10000,0,-0.010494366709257670161037831130342776735355554546081342800561000053441210597875529,0.10376228018821963327431523454378291483393403798844713453219480405998592226751968,0.9475,AVAILABLE,WHOLE_SESSION
IMMEDIATE_MINUS_MOMENTUM,ATR050_TARGET_2R_BE1R,COMMON_USABLE_IDENTITIES,0.01,target_first,10000,20260908,10000,0,-0.0075914486567900605158493941903978214045633383756653276059802631188449442564144020,0.10613188657997431869452588857199436643447739414256564170330040623693146317270366,0.9577,AVAILABLE,WHOLE_SESSION
IMMEDIATE_MINUS_MOMENTUM,ATR050_TARGET_2R_BE1R,COMMON_USABLE_IDENTITIES,0.02,stop_first,10000,20260908,10000,0,-0.010635153556122780705806428750302337627696629178153215335296681530448301785177590,0.10363377494414554967124055746475736409316473510761858732014516084162400036199567,0.9471,AVAILABLE,WHOLE_SESSION
IMMEDIATE_MINUS_MOMENTUM,ATR050_TARGET_2R_BE1R,COMMON_USABLE_IDENTITIES,0.02,target_first,10000,20260908,10000,0,-0.0077246313855302223189907068034915555209783327511353889326737643120804519870488009,0.10596358548202476227086431354762477856164094762952913982836534308313078236583006,0.9576,AVAILABLE,WHOLE_SESSION
