entry_variant,model,population,cost_per_share_roundtrip,ambiguity_sensitivity,atr_reference_model,eligible_entries,executable_outcomes,unavailable_outcomes,atr_unavailable,path_unavailable,entry_unavailable,invalid_risk,ambiguous_outcomes,eligible_sessions,contributing_sessions,calendar_sessions,zero_outcome_sessions,wins,losses,zero_r_outcomes,win_rate,average_win_r,average_loss_r,mean_r,median_r,profit_factor,profit_factor_status,sum_positive_r,sum_negative_r,event_order_max_drawdown_r,longest_losing_streak,positive_months,negative_months,zero_months,empty_months,worst_month,worst_month_mean_r,lomo_minimum_mean_r,numeric_status,average_win_status,average_loss_status,bootstrap_draws,bootstrap_seed,bootstrap_valid_draws,bootstrap_null_draws,mean_r_ci_low,mean_r_ci_high,bootstrap_probability_mean_above_zero,bootstrap_status,bootstrap_unit
IMMEDIATE_CLOSE_BACK_1M,USD025_TARGET_1R,COMMON_AVAILABLE_ATR_IDENTITIES,0,stop_first,ATR050_TARGET_1R,2293,2293,0,0,0,0,0,99,164,164,170,6,1136,1157,0,0.49542084605320540776275621456607064980375054513737461840383776711731356301788051,1.0000000000,-0.99918755401901469317199654278305963699222126188418323249783923941227312013828868,-0.0087483645878761447884866986480593109463584823375490623637156563453990405582206716,-1.00000000000,0.98264795944847153261941421725515976679411103229936162482916111620504126083421276,AVAILABLE,1136.0000000000,-1156.0600000000,69.0600000000,19,3,6,0,0,2026-08,-0.046153846153846153846153846153846153846153846153846153846153846153846153846153846,-0.021508491508491508491508491508491508491508491508491508491508491508491508491508492,AVAILABLE,AVAILABLE,AVAILABLE,10000,20260908,10000,0,-0.054048344026283207077947038573197330054303620312144939909232040197846119213117818,0.038376651532630774348339974379480936776768842051623222664958632062451784589470108,0.3489,AVAILABLE,WHOLE_SESSION
IMMEDIATE_CLOSE_BACK_1M,USD025_TARGET_1R,COMMON_AVAILABLE_ATR_IDENTITIES,0,target_first,ATR050_TARGET_1R,2293,2293,0,0,0,0,0,99,164,164,170,6,1235,1058,0,0.53859572612298299171391190580026166593981683384212821631051024858264282599215002,1.0000000000,-0.99911153119092627599243856332703213610586011342155009451795841209829867674858223,0.077601395551679023113824683820322721325774095071958133449629306585259485390318360,1.00000000000,1.1683348154314797646302007454638336518267648004843622878549940400734111592530225,AVAILABLE,1235.0000000000,-1057.0600000000,27.0000000000,12,8,1,0,0,2026-08,-0.046153846153846153846153846153846153846153846153846153846153846153846153846153846,0.072397602397602397602397602397602397602397602397602397602397602397602397602397602,AVAILABLE,AVAILABLE,AVAILABLE,10000,20260908,10000,0,0.028462583039080734933269495481477048297324795020647555209767191334011610509306362,0.12616981409280886951411517562287022458851752281628124218808246753531534929413158,0.9995,AVAILABLE,WHOLE_SESSION
IMMEDIATE_CLOSE_BACK_1M,USD025_TARGET_1R,COMMON_AVAILABLE_ATR_IDENTITIES,0.01,stop_first,ATR050_TARGET_1R,2293,2293,0,0,0,0,0,99,164,164,170,6,1136,1157,0,0.49542084605320540776275621456607064980375054513737461840383776711731356301788051,0.9600000000,-1.0391875540190146931719965427830596369922212618841832324978392394122731201382887,-0.048748364587876144788486698648059310946358482337549062363715656345399040558220672,-1.04000000000,0.90703128898647637107640101801487100154698338240431159239483008134138430061380308,AVAILABLE,1090.5600000000,-1202.3400000000,149.2200000000,19,2,7,0,0,2026-08,-0.086153846153846153846153846153846153846153846153846153846153846153846153846153846,-0.061508491508491508491508491508491508491508491508491508491508491508491508491508492,AVAILABLE,AVAILABLE,AVAILABLE,10000,20260908,10000,0,-0.094048344026283207077947038573197330054303620312144939909232040197846119213117818,-0.0016233484673692256516600256205190632232311579483767773350413679375482154105298918,0.021,AVAILABLE,WHOLE_SESSION
IMMEDIATE_CLOSE_BACK_1M,USD025_TARGET_1R,COMMON_AVAILABLE_ATR_IDENTITIES,0.01,target_first,ATR050_TARGET_1R,2293,2293,0,0,0,0,0,99,164,164,170,6,1235,1058,0,0.53859572612298299171391190580026166593981683384212821631051024858264282599215002,0.9600000000,-1.0391115311909262759924385633270321361058601134215500945179584120982986767485822,0.037601395551679023113824683820322721325774095071958133449629306585259485390318360,0.96000000000,1.0784260219396387054521639469519183539813349342356600993287125470719860284887846,AVAILABLE,1185.6000000000,-1099.3800000000,36.9600000000,12,7,2,0,0,2026-08,-0.086153846153846153846153846153846153846153846153846153846153846153846153846153846,0.032397602397602397602397602397602397602397602397602397602397602397602397602397602,AVAILABLE,AVAILABLE,AVAILABLE,10000,20260908,10000,0,-0.011537416960919265066730504518522951702675204979352444790232808665988389490693638,0.086169814092808869514115175622870224588517522816281242188082467535315349294131578,0.9315,AVAILABLE,WHOLE_SESSION
IMMEDIATE_CLOSE_BACK_1M,USD025_TARGET_1R,COMMON_AVAILABLE_ATR_IDENTITIES,0.02,stop_first,ATR050_TARGET_1R,2293,2293,0,0,0,0,0,99,164,164,170,6,1136,1157,0,0.49542084605320540776275621456607064980375054513737461840383776711731356301788051,0.9200000000,-1.0791875540190146931719965427830596369922212618841832324978392394122731201382887,-0.088748364587876144788486698648059310946358482337549062363715656345399040558220672,-1.08000000000,0.83702007015745382902724607967195784145696849321651102817510531626916115391392097,AVAILABLE,1045.1200000000,-1248.6200000000,232.3000000000,19,1,8,0,0,2026-08,-0.12615384615384615384615384615384615384615384615384615384615384615384615384615385,-0.10150849150849150849150849150849150849150849150849150849150849150849150849150849,AVAILABLE,AVAILABLE,AVAILABLE,10000,20260908,10000,0,-0.13404834402628320707794703857319733005430362031214493990923204019784611921311782,-0.041623348467369225651660025620519063223231157948376777335041367937548215410529892,0,AVAILABLE,WHOLE_SESSION
IMMEDIATE_CLOSE_BACK_1M,USD025_TARGET_1R,COMMON_AVAILABLE_ATR_IDENTITIES,0.02,target_first,ATR050_TARGET_1R,2293,2293,0,0,0,0,0,99,164,164,170,6,1235,1058,0,0.53859572612298299171391190580026166593981683384212821631051024858264282599215002,0.9200000000,-1.0791115311909262759924385633270321361058601134215500945179584120982986767485822,-0.0023986044483209768861753161796772786742259049280418665503706934147405146096816398,0.92000000000,0.99518262240518525006569151265656477183147937286502583866164491547692038188666024,AVAILABLE,1136.2000000000,-1141.7000000000,46.9200000000,12,5,4,0,0,2026-08,-0.12615384615384615384615384615384615384615384615384615384615384615384615384615385,-0.0076023976023976023976023976023976023976023976023976023976023976023976023976023976,AVAILABLE,AVAILABLE,AVAILABLE,10000,20260908,10000,0,-0.051537416960919265066730504518522951702675204979352444790232808665988389490693638,0.046169814092808869514115175622870224588517522816281242188082467535315349294131578,0.4537,AVAILABLE,WHOLE_SESSION
IMMEDIATE_CLOSE_BACK_1M,USD030_TARGET_1R,COMMON_AVAILABLE_ATR_IDENTITIES,0,stop_first,ATR050_TARGET_1R,2293,2293,0,0,0,0,0,55,164,164,170,6,1160,1133,0,0.50588748364587876144788486698648059310946358482337549062363715656345399040558221,0.99965517241379310344827586206896551724137931034482758620689655172413793103448276,-0.99858781994704324801412180052956751985878199470432480141218005295675198587819947,0.012298299171391190580026166593981683384212821631051024858264282599215002180549498,1.00000000000,1.0249248718401979847975958988863355135230687643627364327382004596075658476224147,AVAILABLE,1159.6000000000,-1131.4000000000000000000000000000000000000000000000000000000000000000000000000000,51.000000000000000000000000000000000000000000000000000000000000000000000000000000,19,5,4,0,0,2026-02,-0.033755274261603375527426160337552742616033755274261603375527426160337552742616034,0.0042707292707292707292707292707292707292707292707292707292707292707292707292707293,AVAILABLE,AVAILABLE,AVAILABLE,10000,20260908,10000,0,-0.038924368490125409871814696308279113289164317461827899434208387355132368276020665,0.067017184083004494799105881973192598510341265806441200442217219034707595968399222,0.669,AVAILABLE,WHOLE_SESSION
IMMEDIATE_CLOSE_BACK_1M,USD030_TARGET_1R,COMMON_AVAILABLE_ATR_IDENTITIES,0,target_first,ATR050_TARGET_1R,2293,2293,0,0,0,0,0,55,164,164,170,6,1215,1078,0,0.52987352812908853030963802878325337985172263410379415612734409071085913650239860,0.99967078189300411522633744855967078189300411522633744855967078189300411522633745,-0.99851576994434137291280148423005565862708719851576994434137291280148423005565863,0.060270388137810728303532490187527256868730920191888355865678150894025294374182294,1.00000000000,1.1283909327387588257153474544778892604979561501300631735414344109996283909327388,AVAILABLE,1214.6000000000,-1076.4000000000000000000000000000000000000000000000000000000000000000000000000000,45.000000000000000000000000000000000000000000000000000000000000000000000000000000,15,7,2,0,0,2026-08,-0.015384615384615384615384615384615384615384615384615384615384615384615384615384615,0.055219780219780219780219780219780219780219780219780219780219780219780219780219780,AVAILABLE,AVAILABLE,AVAILABLE,10000,20260908,10000,0,0.0078988120120526469671451802701938620421359378133676129814836740759355420187458772,0.11470667266493203316878632395496437516718138268122461882644748680786907569973008,0.9876,AVAILABLE,WHOLE_SESSION
IMMEDIATE_CLOSE_BACK_1M,USD030_TARGET_1R,COMMON_AVAILABLE_ATR_IDENTITIES,0.01,stop_first,ATR050_TARGET_1R,2293,2293,0,0,0,0,0,55,164,164,170,6,1160,1133,0,0.50588748364587876144788486698648059310946358482337549062363715656345399040558221,0.96632183908045977011494252873563218390804597701149425287356321839080459770115569,-1.0319211532803765813474551338629008531921153280376581347455133862900853192115254,-0.021035034161942142753307166739351649949120511702282308475069050734118331152783545,0.96666666666666666666666666666666666666666666666666666666666666666666666666666667,0.95874554526015680684248039914468995010691375623663578047042052744119743406986340,AVAILABLE,1120.9333333333333333333333333333333333333333333333333333333333333333333333333406,-1169.1666666666666666666666666666666666666666666666666666666666666666666666666583,87.749999999999999999999999999999999999999999999999999999999999999999999999999568,19,3,6,0,0,2026-02,-0.067088607594936708860759493670886075949367088607594936708860759493670886075949086,-0.029062604062604062604062604062604062604062604062604062604062604062604062604062283,AVAILABLE,AVAILABLE,AVAILABLE,10000,20260908,10000,0,-0.072257701823458743205148029641612446622497650795161232767541720688465701609353997,0.033683850749671161465772548639859265177007932473107867108883885701374262635065894,0.2149,AVAILABLE,WHOLE_SESSION
IMMEDIATE_CLOSE_BACK_1M,USD030_TARGET_1R,COMMON_AVAILABLE_ATR_IDENTITIES,0.01,target_first,ATR050_TARGET_1R,2293,2293,0,0,0,0,0,55,164,164,170,6,1215,1078,0,0.52987352812908853030963802878325337985172263410379415612734409071085913650239860,0.96633744855967078189300411522633744855967078189300411522633744855967078189301160,-1.0318491032776747062461348175633889919604205318491032776747062461348175633889859,0.026937054804477394970199156854193923535397586858555022532344817560691961040849233,0.96666666666666666666666666666666666666666666666666666666666666666666666666666667,1.0555289181899910098891219658375786634701827989211866946359005094396164219358849,AVAILABLE,1174.1000000000000000000000000000000000000000000000000000000000000000000000000091,-1112.3333333333333333333333333333333333333333333333333333333333333333333333333268,53.699999999999999999999999999999999999999999999999999999999999999999999999999941,15,7,2,0,0,2026-08,-0.048717948717948717948717948717948717948717948717948717948717948717948717948717918,0.021886446886446886446886446886446886446886446886446886446886446886446886446886647,AVAILABLE,AVAILABLE,AVAILABLE,10000,20260908,10000,0,-0.025434521321280686366188153063139471291197395519965720351849659257397791314587452,0.081373339331598699835452990621631041833848049347891285493114153474535742366396747,0.8406,AVAILABLE,WHOLE_SESSION
IMMEDIATE_CLOSE_BACK_1M,USD030_TARGET_1R,COMMON_AVAILABLE_ATR_IDENTITIES,0.02,stop_first,ATR050_TARGET_1R,2293,2293,0,0,0,0,0,55,164,164,170,6,1160,1133,0,0.50588748364587876144788486698648059310946358482337549062363715656345399040558221,0.93298850574712643678160919540229885057471264367816091954022988505747126436781078,-1.0652544866137099146807884671962341865254486613709914680788467196234186525448743,-0.054368367495275476086640500072684983282453845035615641808402384067451664486118317,0.93333333333333333333333333333333333333333333333333333333333333333333333333333333,0.89670790985417587273530711444984533804684047724259832081307998232434821034024430,AVAILABLE,1082.2666666666666666666666666666666666666666666666666666666666666666666666666605,-1206.9333333333333333333333333333333333333333333333333333333333333333333333333426,151.31666666666666666666666666666666666666666666666666666666666666666666666666916,19,2,7,0,0,2026-02,-0.10042194092827004219409282700421940928270042194092827004219409282700421940928301,-0.062395937395937395937395937395937395937395937395937395937395937395937395937397243,AVAILABLE,AVAILABLE,AVAILABLE,10000,20260908,10000,0,-0.10559103515679207653848136297494577995583098412849456610087505402179903494268733,0.00035051741633782813243921530652593184367459913977453377555055236804092930173256452,0.0256,AVAILABLE,WHOLE_SESSION
IMMEDIATE_CLOSE_BACK_1M,USD030_TARGET_1R,COMMON_AVAILABLE_ATR_IDENTITIES,0.02,target_first,ATR050_TARGET_1R,2293,2293,0,0,0,0,0,55,164,164,170,6,1215,1078,0,0.52987352812908853030963802878325337985172263410379415612734409071085913650239860,0.93300411522633744855967078189300411522633744855967078189300411522633744855966420,-1.0651824366110080395794681508967223252937538651824366110080395794681508967223322,-0.0063962785288559383631341764791394097979357464747783108009885157726413722924845866,0.93333333333333333333333333333333333333333333333333333333333333333333333333333333,0.98722712494194147700882489549465861588481189038550859266140269391546679052483569,AVAILABLE,1133.5999999999999999999999999999999999999999999999999999999999999999999999999920,-1148.2666666666666666666666666666666666666666666666666666666666666666666666666741,62.400000000000000000000000000000000000000000000000000000000000000000000000000050,15,5,4,0,0,2026-08,-0.082051282051282051282051282051282051282051282051282051282051282051282051282051323,-0.011446886446886446886446886446886446886446886446886446886446886446886446886447179,AVAILABLE,AVAILABLE,AVAILABLE,10000,20260908,10000,0,-0.058767854654614019699521486396472804624530728853299053685182992590731124647920779,0.048040005998265366502119657288297708500514716014557952159780820141202409033063421,0.4009,AVAILABLE,WHOLE_SESSION
IMMEDIATE_CLOSE_BACK_1M,USD040_TARGET_1R,COMMON_AVAILABLE_ATR_IDENTITIES,0,stop_first,ATR050_TARGET_1R,2293,2293,0,0,0,0,0,24,164,164,170,6,1179,1114,0,0.51417357174007849978194505015263846489315307457479284779764500654164849542084605,0.99439143341815097540288379983036471586089906700593723494486853265479219677692960,-0.99079892280071813285457809694793536804308797127468581687612208258527827648114901,0.029933493240296554731792411687745311818578281726995202791103358046227649367640645,1.00000000000,1.0621857304643261608154020385050962627406568516421291053227633069082672706681767,AVAILABLE,1172.3875000000,-1103.7500000000,39.0000000000,19,5,3,1,0,2026-08,-0.061538461538461538461538461538461538461538461538461538461538461538461538461538462,0.017495876855415063221550302363936228697086311159978009895547003848268279274326553,AVAILABLE,AVAILABLE,AVAILABLE,10000,20260908,10000,0,-0.022737229636447307869305108145421076852277956741831569259088817303267372296364473,0.083417764563274877962039416001849789140470123440560852311473504939617765018092956,0.8637,AVAILABLE,WHOLE_SESSION
IMMEDIATE_CLOSE_BACK_1M,USD040_TARGET_1R,COMMON_AVAILABLE_ATR_IDENTITIES,0,target_first,ATR050_TARGET_1R,2293,2293,0,0,0,0,0,24,164,164,170,6,1203,1090,0,0.52464020933275185346707370257304840819886611426079372001744439598778892280854775,0.99450332502078137988362427265170407315045719035743973399833748960931005818786367,-0.99059633027522935779816513761467889908256880733944954128440366972477064220183486,0.050866768425643262102049716528565198430004361098996947230702136938508504143044047,1.00000000000,1.1080226904376012965964343598055105348460291734197730956239870340356564019448947,AVAILABLE,1196.3875000000,-1079.7500000000,37.0000000000,15,5,3,1,0,2026-08,-0.061538461538461538461538461538461538461538461538461538461538461538461538461538462,0.037724775224775224775224775224775224775224775224775224775224775224775224775224775,AVAILABLE,AVAILABLE,AVAILABLE,10000,20260908,10000,0,-0.0033066688279489150392699511056119964330706657932778648602429985402099091758487878,0.10642365595600630811898417532220349121757572461797813910489966827994997009081516,0.9651,AVAILABLE,WHOLE_SESSION
IMMEDIATE_CLOSE_BACK_1M,USD040_TARGET_1R,COMMON_AVAILABLE_ATR_IDENTITIES,0.01,stop_first,ATR050_TARGET_1R,2293,2293,0,0,0,0,0,24,164,164,170,6,1178,1114,1,0.51373746184038377671173135630178805058874836458787614478848669864805931094635848,0.97021434634974533106960950764006791171477079796264855687606112054329371816638370,-1.0157989228007181328545780969479353680430879712746858168761220825852782764811490,0.0049334932402965547317924116877453118185782817269952027911033580462276493676406454,0.97500000000,1.0099969070342877341816896429833863556026864616472251679038529515729939908094733,AVAILABLE,1142.9125000000,-1131.6000000000,62.4625000000,19,4,5,0,0,2026-08,-0.086538461538461538461538461538461538461538461538461538461538461538461538461538462,-0.0075041231445849367784496976360637713029136888400219901044529961517317207256734469,AVAILABLE,AVAILABLE,AVAILABLE,10000,20260908,10000,0,-0.047737229636447307869305108145421076852277956741831569259088817303267372296364473,0.058417764563274877962039416001849789140470123440560852311473504939617765018092956,0.5669,AVAILABLE,WHOLE_SESSION
IMMEDIATE_CLOSE_BACK_1M,USD040_TARGET_1R,COMMON_AVAILABLE_ATR_IDENTITIES,0.01,target_first,ATR050_TARGET_1R,2293,2293,0,0,0,0,0,24,164,164,170,6,1202,1090,1,0.52420409943305713039686000872219799389446140427387701700828608809419973833406018,0.97030990016638935108153078202995008319467554076539101497504159733777038269550749,-1.0155963302752293577981651376146788990825688073394495412844036697247706422018349,0.025866768425643262102049716528565198430004361098996947230702136938508504143044047,0.97500000000,1.0535794941282746160794941282746160794941282746160794941282746160794941282746161,AVAILABLE,1166.3125000000,-1107.0000000000,39.9250000000,15,5,4,0,0,2026-08,-0.086538461538461538461538461538461538461538461538461538461538461538461538461538462,0.012724775224775224775224775224775224775224775224775224775224775224775224775224775,AVAILABLE,AVAILABLE,AVAILABLE,10000,20260908,10000,0,-0.028306668827948915039269951105611996433070665793277864860242998540209909175848788,0.081423655956006308118984175322203491217575724617978139104899668279949970090815161,0.8169,AVAILABLE,WHOLE_SESSION
IMMEDIATE_CLOSE_BACK_1M,USD040_TARGET_1R,COMMON_AVAILABLE_ATR_IDENTITIES,0.02,stop_first,ATR050_TARGET_1R,2293,2293,0,0,0,0,0,24,164,164,170,6,1177,1116,0,0.51330135194068905364151766245093763628434365460095944177932839075447012647187091,0.94602803738317757009345794392523364485981308411214953271028037383177570093457944,-1.0389672939068100358422939068100358422939068100358422939068100358422939068100358,-0.020066506759703445268207588312254688181421718273004797208896641953772350632359355,0.95000000000,0.96031651915178042022876486378680235880076326825429338393040028460850160092282151,AVAILABLE,1113.4750000000,-1159.4875000000,100.6375000000,19,4,5,0,0,2026-08,-0.11153846153846153846153846153846153846153846153846153846153846153846153846153846,-0.032504123144584936778449697636063771302913688840021990104452996151731720725673447,AVAILABLE,AVAILABLE,AVAILABLE,10000,20260908,10000,0,-0.072737229636447307869305108145421076852277956741831569259088817303267372296364473,0.033417764563274877962039416001849789140470123440560852311473504939617765018092956,0.2264,AVAILABLE,WHOLE_SESSION
IMMEDIATE_CLOSE_BACK_1M,USD040_TARGET_1R,COMMON_AVAILABLE_ATR_IDENTITIES,0.02,target_first,ATR050_TARGET_1R,2293,2293,0,0,0,0,0,24,164,164,170,6,1201,1092,0,0.52376798953336240732664631487134757959005669428696031399912778020061055385957261,0.94610741049125728559533721898417985012489592006661115736885928393005828476269775,-1.0387248168498168498168498168498168498168498168498168498168498168498168498168498,0.00086676842564326210204971652856519843000436109899694723070213693850850414304404710,0.95000000000,1.0017522012717234387225460917095533539777172894878943830378100790143592343211047,AVAILABLE,1136.2750000000,-1134.2875000000,66.6375000000,15,4,5,0,0,2026-08,-0.11153846153846153846153846153846153846153846153846153846153846153846153846153846,-0.012275224775224775224775224775224775224775224775224775224775224775224775224775225,AVAILABLE,AVAILABLE,AVAILABLE,10000,20260908,10000,0,-0.053306668827948915039269951105611996433070665793277864860242998540209909175848788,0.056423655956006308118984175322203491217575724617978139104899668279949970090815161,0.5073,AVAILABLE,WHOLE_SESSION
IMMEDIATE_CLOSE_BACK_1M,ATR050_TARGET_1R,COMMON_AVAILABLE_ATR_IDENTITIES,0,stop_first,ATR050_TARGET_1R,2293,2293,0,0,0,0,0,14,164,164,170,6,1165,1128,0,0.50806803314435237679895333624073266463148713475795900566942869603139991277802006,0.99943326627577808713587079476774039475460899148999369513250907864329521203852996,-0.99784744289866893923220866701903892778666766170657285188595943925298306251818927,0.016907038648749632821351111865216593696362125024347351897955006167498485610279041,1.0,1.0344427922237843354181862634763879144967522687893509860233465895482440864068289,AVAILABLE,1164.3397552112814715132894759044175598891194750858426548293730766194389220248874,-1125.5719155896985634539313763974759105433611224050141769273622474773648945205175,43.003799346295795609719621108338217903539745561976384161132378413005833452935791,16,6,3,0,0,2026-08,-0.076952302663813812382458623910293983873382658169049108931787526253891026561044546,0.0022459867078814994243280345607662094005873958140793822618629943188877667984651960,AVAILABLE,AVAILABLE,AVAILABLE,10000,20260908,10000,0,-0.032692896887322515152566982739469674458882979771496901302259554725413049880513008,0.067326142597814281919073120842963222639977325592545499328431876426572907658315723,0.7472,AVAILABLE,WHOLE_SESSION
IMMEDIATE_CLOSE_BACK_1M,ATR050_TARGET_1R,COMMON_AVAILABLE_ATR_IDENTITIES,0,target_first,ATR050_TARGET_1R,2293,2293,0,0,0,0,0,14,164,164,170,6,1179,1114,0,0.51417357174007849978194505015263846489315307457479284779764500654164849542084605,0.99943999593832185878989777430400132306117003824074864701388725752284895846046429,-0.99782039101409206773243391059019381556854678851437538323820668534772432183170332,0.029118115840201878787334539689028194219694004658015036154387627187995650895931025,1.0,1.0600661447857487374237826244391823434375081883352482609360159581828663972872927,AVAILABLE,1178.3397552112814715132894759044175598891194750858426548293730766194389220248874,-1111.5719155896985634539313763974759105433611224050141769273622474773648945205175,39.003799346295795609719621108338217903539745561976384161132378413005833452935791,16,6,3,0,0,2026-08,-0.076952302663813812382458623910293983873382658169049108931787526253891026561044546,0.015792188933329007890704425465459000885831711247074060539560139940561690359181209,AVAILABLE,AVAILABLE,AVAILABLE,10000,20260908,10000,0,-0.021499737131938879221468742329558880877100319036827314088699640631726925847287091,0.079429532950519963521169110704887409704531642502753824962440844767652559047688654,0.8709,AVAILABLE,WHOLE_SESSION
IMMEDIATE_CLOSE_BACK_1M,ATR050_TARGET_1R,COMMON_AVAILABLE_ATR_IDENTITIES,0.01,stop_first,ATR050_TARGET_1R,2293,2293,0,0,0,0,0,14,164,164,170,6,1165,1128,0,0.50806803314435237679895333624073266463148713475795900566942869603139991277802006,0.97267048008537401429212769481236688372529739776620773644301833967149834489876524,-1.0259539195495325701603695327545850236772999003643591160491134422312121395274993,-0.010516751832713481243160954422487783326656266556199332728863321901226219616204276,0.94201299516968929911735415505623790799678329576459373986939392640371073771794710,0.97916235063237037668899767298650230231372304241925366980070098463329275205288602,AVAILABLE,1133.1611092994607266503287644564074195399714683976320129561163657172955718070615,-1157.2760212518727391408968329471719067079942876109970829033999628368072933870192,51.293491706144700628911373908288687627543093645282209730766679709724781840798239,16,5,4,0,0,2026-08,-0.11743434742749520033498444748869935671079487905921122181452837545406822869577105,-0.025724794205967398888135676054999285052731726511066192396555310938451665512867811,AVAILABLE,AVAILABLE,AVAILABLE,10000,20260908,10000,0,-0.060403531646477240138156227148021457084110579561042034620934369905464091236328244,0.040025396436064651258267559397284154511738907834068107952161244717441554197846755,0.3403,AVAILABLE,WHOLE_SESSION
IMMEDIATE_CLOSE_BACK_1M,ATR050_TARGET_1R,COMMON_AVAILABLE_ATR_IDENTITIES,0.01,target_first,ATR050_TARGET_1R,2293,2293,0,0,0,0,0,14,164,164,170,6,1179,1114,0,0.51417357174007849978194505015263846489315307457479284779764500654164849542084605,0.97268133830179361744112656661671236940159824795041754721840778666396772751442443,-1.0259481237075643513946645336910847133684983425017121706622857967651074257804883,0.0016943253587387647228224734013238171966756130774683515275692991192709456694476899,0.94630589855733581252858389366179644309875807669443188218650204936528994863523953,1.0033993060972457968251526518117446596915486697946950250094858888158240572410026,AVAILABLE,1146.7912978578146749630882220411038835244843343335422881705027804768179507395064,-1142.9062098102266874536562905318683706925071535469073581177863775963296723194640,46.209015669081144608092744055684538734743664829613353920680387887982838101787881,16,5,4,0,0,2026-08,-0.11743434742749520033498444748869935671079487905921122181452837545406822869577105,-0.012178591980519890421759285150306493567487411078071514118858165316777741952151804,AVAILABLE,AVAILABLE,AVAILABLE,10000,20260908,10000,0,-0.049634202260911684410530696488835193072189870726604188057604558553331374314047337,0.052080043796379312351923533034526510522815533561885375848540392902954826605447944,0.5257,AVAILABLE,WHOLE_SESSION
IMMEDIATE_CLOSE_BACK_1M,ATR050_TARGET_1R,COMMON_AVAILABLE_ATR_IDENTITIES,0.02,stop_first,ATR050_TARGET_1R,2293,2293,0,0,0,0,0,14,164,164,170,6,1165,1128,0,0.50806803314435237679895333624073266463148713475795900566942869603139991277802006,0.94590769389496994144838459485699337269598580404242177775352760069970147775900206,-1.0540603962003962010885303984901311195679321390221453802122674452094412165368087,-0.037940542314176595307673020710192160349674658136746017355681649969950924842687611,0.88402599033937859823470831011247581599356659152918747973878785280742147543589419,0.92683001039537465760432762100771585270575329021773355598047070679042380941636697,AVAILABLE,1101.9824633876399817873680530083972791908234617094213710828596548151522215892374,-1188.9801269140469148278622894968679028726274528169799888794376781962496922535202,97.949973798145097337616674593311023792459077602140342983745695658535103102883581,16,4,5,0,0,2026-08,-0.15791639219117658828751027106710472954820709994937333469726922465424543083049757,-0.053695575119816297200599386670764779506050848836211767054973616195791097824200793,AVAILABLE,AVAILABLE,AVAILABLE,10000,20260908,10000,0,-0.088288297967800527654101345967932797919431302671769540776625633712803431367142856,0.012806089646239544913495616731760831367272194561107024757161403411234844826213572,0.0691,AVAILABLE,WHOLE_SESSION
IMMEDIATE_CLOSE_BACK_1M,ATR050_TARGET_1R,COMMON_AVAILABLE_ATR_IDENTITIES,0.02,target_first,ATR050_TARGET_1R,2293,2293,0,0,0,0,0,14,164,164,170,6,1179,1114,0,0.51417357174007849978194505015263846489315307457479284779764500654164849542084605,0.94592268066526537609235535892942341574202645766008644742292831580508649656838617,-1.0540758564010366350568951567919756111684498964890489580863649081824905297292732,-0.025729465122724349341689592886380559826342778503078333099249028949453759557035626,0.89261179711467162505716778732359288619751615338886376437300409873057989727047906,0.94975674631909843296741388201630293058461415704817967352978126230961068921378187,AVAILABLE,1115.2428405043478784128869681777902071598491935812419215116324843341969794541273,-1174.2405040307548114533812046662608308416531846888005393082105077152944501184103,69.949973798145097337616674593311023792459077602140342983745695658535103102883581,16,4,5,0,0,2026-08,-0.15791639219117658828751027106710472954820709994937333469726922465424543083049757,-0.040149372894368788734222995766071988020806533403217088777276470574117174263484819,AVAILABLE,AVAILABLE,AVAILABLE,10000,20260908,10000,0,-0.077544751429981097501390370129267925021678236109068598039667915011509353513733254,0.024773048525292641701885745396808312345309528588018286878850785459491339494512610,0.1591,AVAILABLE,WHOLE_SESSION
IMMEDIATE_CLOSE_BACK_1M,USD025_TARGET_1.5R,COMMON_AVAILABLE_ATR_IDENTITIES,0,stop_first,ATR050_TARGET_1.5R,2293,2293,0,0,0,0,0,58,164,164,170,6,927,1366,0,0.40427387701700828608809419973833406018316615787178368948975141735717400784997819,1.4950809061488673139158576051779935275080906148867313915857605177993527508090615,-0.99887262079062957540263543191800878477306002928257686676427525622254758418740849,0.0093676406454426515481901439162668992586131705189707806367204535542956825119930222,-1.00000000000,1.0157424915351127918737082801987599489908095510311771689899300822303328789411196,AVAILABLE,1385.9400000000,-1364.4600000000,54.1600000000,19,6,3,0,0,2026-08,-0.076923076923076923076923076923076923076923076923076923076923076923076923076923077,-0.0100000000,AVAILABLE,AVAILABLE,AVAILABLE,10000,20260908,10000,0,-0.045958933218567129158343093164221165495150993486950719741332564641661341595424941,0.066363039129117289602387693991991059180794181950884144056668632517342387107495104,0.6225,AVAILABLE,WHOLE_SESSION
IMMEDIATE_CLOSE_BACK_1M,USD025_TARGET_1.5R,COMMON_AVAILABLE_ATR_IDENTITIES,0,target_first,ATR050_TARGET_1.5R,2293,2293,0,0,0,0,0,58,164,164,170,6,985,1308,0,0.42956825119930222416048844308765808983863933711295246402093327518534670737025730,1.4953705583756345177664974619289340101522842639593908629441624365482233502538071,-0.99882262996941896024464831804281345565749235474006116207951070336391437308868502,0.072603576101177496729175752289576973397296118621892716964675098124727431312690798,-1.00000000000,1.1274283177441330006276502916277574514336451173399874469941674448509713270976532,AVAILABLE,1472.9400000000,-1306.4600000000,36.0000000000,18,8,1,0,0,2026-08,-0.076923076923076923076923076923076923076923076923076923076923076923076923076923077,0.054935064935064935064935064935064935064935064935064935064935064935064935064935065,AVAILABLE,AVAILABLE,AVAILABLE,10000,20260908,10000,0,0.011605424209693847720859528139607162529348953284774855447750400807461634802088815,0.13286615990990990990990990990990990990990990990990990990990990990990990990990991,0.9898,AVAILABLE,WHOLE_SESSION
IMMEDIATE_CLOSE_BACK_1M,USD025_TARGET_1.5R,COMMON_AVAILABLE_ATR_IDENTITIES,0.01,stop_first,ATR050_TARGET_1.5R,2293,2293,0,0,0,0,0,58,164,164,170,6,927,1366,0,0.40427387701700828608809419973833406018316615787178368948975141735717400784997819,1.4550809061488673139158576051779935275080906148867313915857605177993527508090615,-1.0388726207906295754026354319180087847730600292825768667642752562225475841874085,-0.030632359354557348451809856083733100741386829481029219363279546445704317488006978,-1.04000000000,0.95050384046226481572827848636459727996617574519061376929039532097808470157141850,AVAILABLE,1348.8600000000,-1419.1000000000,118.7000000000,19,2,7,0,0,2026-08,-0.11692307692307692307692307692307692307692307692307692307692307692307692307692308,-0.0500000000,AVAILABLE,AVAILABLE,AVAILABLE,10000,20260908,10000,0,-0.085958933218567129158343093164221165495150993486950719741332564641661341595424941,0.026363039129117289602387693991991059180794181950884144056668632517342387107495104,0.1421,AVAILABLE,WHOLE_SESSION
IMMEDIATE_CLOSE_BACK_1M,USD025_TARGET_1.5R,COMMON_AVAILABLE_ATR_IDENTITIES,0.01,target_first,ATR050_TARGET_1.5R,2293,2293,0,0,0,0,0,58,164,164,170,6,985,1308,0,0.42956825119930222416048844308765808983863933711295246402093327518534670737025730,1.4553705583756345177664974619289340101522842639593908629441624365482233502538071,-1.0388226299694189602446483180428134556574923547400611620795107033639143730886850,0.032603576101177496729175752289576973397296118621892716964675098124727431312690798,-1.04000000000,1.0550199443618540161026803456041448946849379590515020827507028363679182796332004,AVAILABLE,1433.5400000000,-1358.7800000000,51.4800000000,18,7,2,0,0,2026-08,-0.11692307692307692307692307692307692307692307692307692307692307692307692307692308,0.014935064935064935064935064935064935064935064935064935064935064935064935064935065,AVAILABLE,AVAILABLE,AVAILABLE,10000,20260908,10000,0,-0.028394575790306152279140471860392837470651046715225144552249599192538365197911185,0.092866159909909909909909909909909909909909909909909909909909909909909909909909910,0.8506,AVAILABLE,WHOLE_SESSION
IMMEDIATE_CLOSE_BACK_1M,USD025_TARGET_1.5R,COMMON_AVAILABLE_ATR_IDENTITIES,0.02,stop_first,ATR050_TARGET_1.5R,2293,2293,0,0,0,0,0,58,164,164,170,6,927,1366,0,0.40427387701700828608809419973833406018316615787178368948975141735717400784997819,1.4150809061488673139158576051779935275080906148867313915857605177993527508090615,-1.0788726207906295754026354319180087847730600292825768667642752562225475841874085,-0.070632359354557348451809856083733100741386829481029219363279546445704317488006978,-1.08000000000,0.89010273182515233351880250247669195380460596848833579871619145846621520756714210,AVAILABLE,1311.7800000000,-1473.7400000000,199.3200000000,19,2,7,0,0,2026-08,-0.15692307692307692307692307692307692307692307692307692307692307692307692307692308,-0.0900000000,AVAILABLE,AVAILABLE,AVAILABLE,10000,20260908,10000,0,-0.12595893321856712915834309316422116549515099348695071974133256464166134159542494,-0.013636960870882710397612306008008940819205818049115855943331367482657612892504896,0.0068,AVAILABLE,WHOLE_SESSION
IMMEDIATE_CLOSE_BACK_1M,USD025_TARGET_1.5R,COMMON_AVAILABLE_ATR_IDENTITIES,0.02,target_first,ATR050_TARGET_1.5R,2293,2293,0,0,0,0,0,58,164,164,170,6,985,1308,0,0.42956825119930222416048844308765808983863933711295246402093327518534670737025730,1.4153705583756345177664974619289340101522842639593908629441624365482233502538071,-1.0788226299694189602446483180428134556574923547400611620795107033639143730886850,-0.0073964238988225032708242477104230266027038813781072830353249018752725686873092019,-1.08000000000,0.98798100772447027141945999574799801573240734179009283537665650910637091630642761,AVAILABLE,1394.1400000000,-1411.1000000000,78.8000000000,18,5,4,0,0,2026-08,-0.15692307692307692307692307692307692307692307692307692307692307692307692307692308,-0.025064935064935064935064935064935064935064935064935064935064935064935064935064935,AVAILABLE,AVAILABLE,AVAILABLE,10000,20260908,10000,0,-0.068394575790306152279140471860392837470651046715225144552249599192538365197911185,0.052866159909909909909909909909909909909909909909909909909909909909909909909909910,0.4068,AVAILABLE,WHOLE_SESSION
IMMEDIATE_CLOSE_BACK_1M,USD030_TARGET_1.5R,COMMON_AVAILABLE_ATR_IDENTITIES,0,stop_first,ATR050_TARGET_1.5R,2293,2293,0,0,0,0,0,28,164,164,170,6,921,1372,0,0.40165721761883994766681203663323157435673789795028347143480156999563890100305277,1.4933767643865363735070575461454940282301845819761129207383279044516829533116178,-0.99572400388726919339164237123420796890184645286686103012633624878522837706511173,0.0040412850705044337839802296845471725541503125454281145515336531472597761302514898,-1.00000000000,1.0067831348819051337107163771227796213156353699004489556900253757563927386297092,AVAILABLE,1375.4000000000000000000000000000000000000000000000000000000000000000000000000000,-1366.1333333333333333333333333333333333333333333333333333333333333333333333333333,51.700000000000000000000000000000000000000000000000000000000000000000000000000001,19,6,3,0,0,2026-08,-0.15384615384615384615384615384615384615384615384615384615384615384615384615384615,-0.0034005037783375314861460957178841309823677581863979848866498740554156171284634761,AVAILABLE,AVAILABLE,AVAILABLE,10000,20260908,10000,0,-0.059794051446978247937727961457037312702629563169657570111517649626029600752976472,0.068966162604277057688649764952039346756881606478084834651232303470014401782560257,0.5415,AVAILABLE,WHOLE_SESSION
IMMEDIATE_CLOSE_BACK_1M,USD030_TARGET_1.5R,COMMON_AVAILABLE_ATR_IDENTITIES,0,target_first,ATR050_TARGET_1.5R,2293,2293,0,0,0,0,0,28,164,164,170,6,949,1344,0,0.41386829481029219363279546445704317488006977758395115569123419101613606628870475,1.4935721812434141201264488935721812434141201264488935721812434141201264488935722,-0.99563492063492063492063492063492063492063492063492063492063492063492063492063490,0.034568978049135048698938799244076173862480011629597325192615205698502689344381452,-1.00000000000,1.0592367477082502989238740534077321642088481466719808688720605819051414906337186,AVAILABLE,1417.4000000000000000000000000000000000000000000000000000000000000000000000000000,-1338.1333333333333333333333333333333333333333333333333333333333333333333333333333,41.00000000000000000000000000000000000000000000000000000000000000000000000000000,19,7,2,0,0,2026-08,-0.15384615384615384615384615384615384615384615384615384615384615384615384615384615,0.027068214804063860667634252539912917271407837445573294629898403483309143686502177,AVAILABLE,AVAILABLE,AVAILABLE,10000,20260908,10000,0,-0.032325928584618825799840305032992355968924503814212852063680318765719160535056167,0.10179176885317767344207953754830331679660572586195757050535534741811863620320578,0.8399,AVAILABLE,WHOLE_SESSION
IMMEDIATE_CLOSE_BACK_1M,USD030_TARGET_1.5R,COMMON_AVAILABLE_ATR_IDENTITIES,0.01,stop_first,ATR050_TARGET_1.5R,2293,2293,0,0,0,0,0,28,164,164,170,6,921,1372,0,0.40165721761883994766681203663323157435673789795028347143480156999563890100305277,1.4600434310532030401737242128121606948968512486427795874049945711183496199782952,-1.0290573372206025267249757045675413022351797862001943634596695821185617103984333,-0.029292048262828899549353103648786160779183020787905218781799680186073557203081582,-1.0333333333333333333333333333333333333333333333333333333333333333333333333333333,0.95242704693549910284257248087638115025025970346586079894229861176692794409294454,AVAILABLE,1344.7000000000000000000000000000000000000000000000000000000000000000000000000099,-1411.8666666666666666666666666666666666666666666666666666666666666666666666666505,85.916666666666666666666666666666666666666666666666666666666666666666666666666252,19,2,7,0,0,2026-08,-0.1871794871794871794871794871794871794871794871794871794871794871794871794871793,-0.036733837111670864819479429051217464315701091519731318219983207388748950461796522,AVAILABLE,AVAILABLE,AVAILABLE,10000,20260908,10000,0,-0.093127384780311581271061294790370646035962896502990903444850982959362934086309804,0.035632829270943724355316431618706013423548273144751501317898970136681068449226929,0.1821,AVAILABLE,WHOLE_SESSION
IMMEDIATE_CLOSE_BACK_1M,USD030_TARGET_1.5R,COMMON_AVAILABLE_ATR_IDENTITIES,0.01,target_first,ATR050_TARGET_1.5R,2293,2293,0,0,0,0,0,28,164,164,170,6,949,1344,0,0.41386829481029219363279546445704317488006977758395115569123419101613606628870475,1.4602388479100807867931155602388479100807867931155602388479100807867931155602503,-1.0289682539682539682539682539682539682539682539682539682539682539682539682539569,0.0012356447158017153656054659107428405291466782962639918592818723651693560110483381,-1.0333333333333333333333333333333333333333333333333333333333333333333333333333333,1.0020487851908985730813729271114539143848823756266872348630929425376012340918044,AVAILABLE,1385.7666666666666666666666666666666666666666666666666666666666666666666666666775,-1382.9333333333333333333333333333333333333333333333333333333333333333333333333181,52.849999999999999999999999999999999999999999999999999999999999999999999999999854,19,5,4,0,0,2026-08,-0.1871794871794871794871794871794871794871794871794871794871794871794871794871793,-0.0062651185292694726656990807934204160619254958877600387034349298500241896468309594,AVAILABLE,AVAILABLE,AVAILABLE,10000,20260908,10000,0,-0.065659261917952159133173638366325689302257837147546185397013652099052493868389496,0.068458435519844340108746204214969983463272392528624237172022014084785302869872459,0.5092,AVAILABLE,WHOLE_SESSION
IMMEDIATE_CLOSE_BACK_1M,USD030_TARGET_1.5R,COMMON_AVAILABLE_ATR_IDENTITIES,0.02,stop_first,ATR050_TARGET_1.5R,2293,2293,0,0,0,0,0,28,164,164,170,6,921,1372,0,0.40165721761883994766681203663323157435673789795028347143480156999563890100305277,1.4267100977198697068403908794788273615635179153094462540716612377850162866449409,-1.0623906705539358600583090379008746355685131195335276967930029154518950437317909,-0.062625381596162232882686436982119494112516354121238552115133013519406890536416062,-1.0666666666666666666666666666666666666666666666666666666666666666666666666666667,0.90148188803512623490669593852908891328210757409440175631174533479692645444564708,AVAILABLE,1313.9999999999999999999999999999999999999999999999999999999999999999999999999906,-1457.6000000000000000000000000000000000000000000000000000000000000000000000000171,157.26666666666666666666666666666666666666666666666666666666666666666666666666863,19,1,8,0,0,2026-08,-0.22051282051282051282051282051282051282051282051282051282051282051282051282051304,-0.070067170445004198152812762384550797649034424853064651553316540722082283795130972,AVAILABLE,AVAILABLE,AVAILABLE,10000,20260908,10000,0,-0.12646071811364491460439462812370397936929622983632423677818431629269626741964313,0.0022994959376103910219830982853726800902149398114181679845656368033477351158936000,0.0293,AVAILABLE,WHOLE_SESSION
IMMEDIATE_CLOSE_BACK_1M,USD030_TARGET_1.5R,COMMON_AVAILABLE_ATR_IDENTITIES,0.02,target_first,ATR050_TARGET_1.5R,2293,2293,0,0,0,0,0,28,164,164,170,6,949,1344,0,0.41386829481029219363279546445704317488006977758395115569123419101613606628870475,1.4269055145767474534597822269055145767474534597822269055145767474534597822268946,-1.0623015873015873015873015873015873015873015873015873015873015873015873015873136,-0.032097688617531617967727867422590492804186655037069341474051460968163977322285531,-1.0666666666666666666666666666666666666666666666666666666666666666666666666666667,0.94844975719088531938737392603660814344415390362345909600298841987299215539781542,AVAILABLE,1354.1333333333333333333333333333333333333333333333333333333333333333333333333230,-1427.7333333333333333333333333333333333333333333333333333333333333333333333333495,90.416666666666666666666666666666666666666666666666666666666666666666666666667188,19,3,6,0,0,2026-08,-0.22051282051282051282051282051282051282051282051282051282051282051282051282051304,-0.039598451862602805999032414126753749395258829221093372036768263183357522980164804,AVAILABLE,AVAILABLE,AVAILABLE,10000,20260908,10000,0,-0.098992595251285492466506971699659022635591170480879518730346985432385827201722821,0.035125102186511006775412870881636650129939059195290903838688680751451969536539131,0.1722,AVAILABLE,WHOLE_SESSION
IMMEDIATE_CLOSE_BACK_1M,USD040_TARGET_1.5R,COMMON_AVAILABLE_ATR_IDENTITIES,0,stop_first,ATR050_TARGET_1.5R,2293,2293,0,0,0,0,0,18,164,164,170,6,950,1343,0,0.41430440470998691670300915830789358918447448757086785870039249890972525076319232,1.4645657894736842105263157894736842105263157894736842105263157894736842105263158,-0.99082278481012658227848101265822784810126582278481012658227848101265822784810127,0.026455516790231138246838203227213257740950719581334496293065852594853903183602268,-1.00000000000,1.0455877656076803126232926898002893268453980122869972006688334867642361959156067,AVAILABLE,1391.3375000000,-1330.6750000000,65.7250000000,21,6,3,0,0,2026-08,-0.098269230769230769230769230769230769230769230769230769230769230769230769230769231,0.010637713029136888400219901044529961517317207256734469488730071467839472237493128,AVAILABLE,AVAILABLE,AVAILABLE,10000,20260908,10000,0,-0.035182680171940735321017011157856228278763490031095664898481799890250594475946588,0.090644832259221548572221965103901513398435692136807516082750960336927847456842690,0.7959,AVAILABLE,WHOLE_SESSION
IMMEDIATE_CLOSE_BACK_1M,USD040_TARGET_1.5R,COMMON_AVAILABLE_ATR_IDENTITIES,0,target_first,ATR050_TARGET_1.5R,2293,2293,0,0,0,0,0,18,164,164,170,6,968,1325,0,0.42215438290449193196685564762320104666375926733536851286524204099433057130396860,1.4652246900826446280991735537190082644628099173553719008264462809917355371900826,-0.99069811320754716981132075471698113207547169811320754716981132075471698113207547,0.046080462276493676406454426515481901439162668992586131705189707806367204535542957,-1.00000000000,1.0804940293675129030414992286742720018283276515512217418629896966118803207191422,AVAILABLE,1418.3375000000,-1312.6750000000,50.3875000000,21,7,2,0,0,2026-08,-0.098269230769230769230769230769230769230769230769230769230769230769230769230769231,0.032627817482133040131940626717976910390324354040681693238042880703683342495876855,AVAILABLE,AVAILABLE,AVAILABLE,10000,20260908,10000,0,-0.018423238801963491333026537812547936800122718208314158613284246050007669888019635,0.11170657338184088828591683829192021700875728531038232727667622363771100729047252,0.9217,AVAILABLE,WHOLE_SESSION
IMMEDIATE_CLOSE_BACK_1M,USD040_TARGET_1.5R,COMMON_AVAILABLE_ATR_IDENTITIES,0.01,stop_first,ATR050_TARGET_1.5R,2293,2293,0,0,0,0,0,18,164,164,170,6,949,1343,1,0.41386829481029219363279546445704317488006977758395115569123419101613606628870475,1.4410827186512118018967334035827186512118018967334035827186512118018967334035827,-1.0158227848101265822784810126582278481012658227848101265822784810126582278481013,0.0014555167902311382468382032272132577409507195813344962930658525948539031836022678,-1.02500000000,1.0024463991203958218801539307311709730621220450797141286421110500274876305662452,AVAILABLE,1367.5875000000,-1364.2500000000,88.6250000000,21,6,3,0,0,2026-08,-0.12326923076923076923076923076923076923076923076923076923076923076923076923076923,-0.014362286970863111599780098955470038482682792743265530511269928532160527762506872,AVAILABLE,AVAILABLE,AVAILABLE,10000,20260908,10000,0,-0.060182680171940735321017011157856228278763490031095664898481799890250594475946588,0.065644832259221548572221965103901513398435692136807516082750960336927847456842690,0.5128,AVAILABLE,WHOLE_SESSION
IMMEDIATE_CLOSE_BACK_1M,USD040_TARGET_1.5R,COMMON_AVAILABLE_ATR_IDENTITIES,0.01,target_first,ATR050_TARGET_1.5R,2293,2293,0,0,0,0,0,18,164,164,170,6,967,1325,1,0.42171827300479720889664195377235063235935455734845180985608373310074138682948103,1.4417140641158221302998965873836608066184074457083764219234746639089968976215098,-1.0156981132075471698113207547169811320754716981132075471698113207547169811320755,0.021080462276493676406454426515481901439162668992586131705189707806367204535542957,-1.02500000000,1.0359172982612572447614801604993312527864467231386535889433794025858225590726705,AVAILABLE,1394.1375000000,-1345.8000000000,65.9875000000,21,6,3,0,0,2026-08,-0.12326923076923076923076923076923076923076923076923076923076923076923076923076923,0.0076278174821330401319406267179769103903243540406816932380428807036833424958768554,AVAILABLE,AVAILABLE,AVAILABLE,10000,20260908,10000,0,-0.043423238801963491333026537812547936800122718208314158613284246050007669888019635,0.086706573381840888285916838291920217008757285310382327276676223637711007290472523,0.7386,AVAILABLE,WHOLE_SESSION
IMMEDIATE_CLOSE_BACK_1M,USD040_TARGET_1.5R,COMMON_AVAILABLE_ATR_IDENTITIES,0.02,stop_first,ATR050_TARGET_1.5R,2293,2293,0,0,0,0,0,18,164,164,170,6,948,1345,0,0.41343218491059747056258177060619276057566506759703445268207588312254688181421718,1.4175896624472573839662447257383966244725738396624472573839662447257383966244726,-1.0393029739776951672862453531598513011152416356877323420074349442379182156133829,-0.023544483209768861753161796772786742259049280418665503706934147405146096816397732,-1.05000000000,0.96137853329637213960600559783240483237800570513909629881336683686700229815164224,AVAILABLE,1343.8750000000,-1397.8625000000,116.6625000000,21,3,6,0,0,2026-08,-0.14826923076923076923076923076923076923076923076923076923076923076923076923076923,-0.039362286970863111599780098955470038482682792743265530511269928532160527762506872,AVAILABLE,AVAILABLE,AVAILABLE,10000,20260908,10000,0,-0.085182680171940735321017011157856228278763490031095664898481799890250594475946588,0.040644832259221548572221965103901513398435692136807516082750960336927847456842690,0.2284,AVAILABLE,WHOLE_SESSION
IMMEDIATE_CLOSE_BACK_1M,USD040_TARGET_1.5R,COMMON_AVAILABLE_ATR_IDENTITIES,0.02,target_first,ATR050_TARGET_1.5R,2293,2293,0,0,0,0,0,18,164,164,170,6,966,1327,0,0.42128216310510248582642825992150021805494984736153510684692542520715220235499346,1.4181935817805383022774327122153209109730848861283643892339544513457556935817805,-1.0391578749058025621703089675960813865862848530519969856819894498869630746043708,-0.0039195377235063235935455734845180985608373310074138682948102921936327954644570432,-1.05000000000,0.99348241884750310468921381110798879592447220283365211164190469283972551827914102,AVAILABLE,1369.9750000000,-1378.9625000000,82.5500000000,21,5,4,0,0,2026-08,-0.14826923076923076923076923076923076923076923076923076923076923076923076923076923,-0.017372182517866959868059373282023089609675645959318306761957119296316657504123145,AVAILABLE,AVAILABLE,AVAILABLE,10000,20260908,10000,0,-0.068423238801963491333026537812547936800122718208314158613284246050007669888019635,0.061706573381840888285916838291920217008757285310382327276676223637711007290472523,0.448,AVAILABLE,WHOLE_SESSION
IMMEDIATE_CLOSE_BACK_1M,ATR050_TARGET_1.5R,COMMON_AVAILABLE_ATR_IDENTITIES,0,stop_first,ATR050_TARGET_1.5R,2293,2293,0,0,0,0,0,1,164,164,170,6,930,1363,0,0.40558220671609245529873528129088530309638028783253379851722634103794156127344091,1.4944395667822929317078260386162851419811811559228588889965801889248331360154185,-0.99711888005535523384797459331482844144599389777733217427321965525219837915879156,0.013412892975178038706275117847812479874229739353578287497785078757674847667207338,-1.0,1.0226299564730004102447134426588510810973921456067643935430632580659747638130147,AVAILABLE,1389.8287971075324264882782159131451820424984750082587667668195757000948164943392,-1359.0730335154491837347893706881111656908896826705037535343983901087463907934329,67.160891503461656522914543493203607798153007051611570215959719788757914031150622,21,5,4,0,0,2026-08,-0.13464461035612150469015093160260167618107496586135680123947983394619871886873685,-0.011064161347028836959740303263088475163587524526062593872432914510684367600888173,AVAILABLE,AVAILABLE,AVAILABLE,10000,20260908,10000,0,-0.048859250078411300606674012285313512087069308628853129750479597209652481576199644,0.077649416110334980550364790161445077831722871337146150561495772901678700689128252,0.6597,AVAILABLE,WHOLE_SESSION
IMMEDIATE_CLOSE_BACK_1M,ATR050_TARGET_1.5R,COMMON_AVAILABLE_ATR_IDENTITIES,0,target_first,ATR050_TARGET_1.5R,2293,2293,0,0,0,0,0,1,164,164,170,6,931,1362,0,0.40601831661578717836894897514173571740078499781945050152638464893153074574792848,1.4944455393206578157768831535049894543958093179465722521662938514501555494031570,-0.99711676469563082506225357612930335219595424571989996588428663003579030161045,0.014503167724414846381809352474938515635241514320870045020680848491647808853426265,-1.0,1.0244874633185218395940427796397182014759866720287581662640397437101613663714311,AVAILABLE,1391.3287971075324264882782159131451820424984750082587667668195757000948164943392,-1358.0730335154491837347893706881111656908896826705037535343983901087463907934329,67.160891503461656522914543493203607798153007051611570215959719788757914031150622,21,5,4,0,0,2026-08,-0.13464461035612150469015093160260167618107496586135680123947983394619871886873685,-0.0098546790054710237038138397894551902095478535052594975976385265087491958543956720,AVAILABLE,AVAILABLE,AVAILABLE,10000,20260908,10000,0,-0.047999400637586958094406685135843351856077174620598764802764935547756447364359103,0.078586203136098837656517393275782043909698384464210493244125188415828819289631193,0.6723,AVAILABLE,WHOLE_SESSION
IMMEDIATE_CLOSE_BACK_1M,ATR050_TARGET_1.5R,COMMON_AVAILABLE_ATR_IDENTITIES,0.01,stop_first,ATR050_TARGET_1.5R,2293,2293,0,0,0,0,0,1,164,164,170,6,930,1363,0,0.40558220671609245529873528129088530309638028783253379851722634103794156127344091,1.4675531810270642082331395075445817714683230529889956655697362820244703806076170,-1.0249093516779760759011423806229883841729367709730040378552663117776924265212803,-0.014010897506285075358236948439891897148788652226968397129033249311049857559275987,-1.0165322431699003997128147648439354350354162595084110727124566571688730816205117,0.97700207257299370416428845836577874092125110895372447485338351243383250965156952,AVAILABLE,1364.8244583551697136568197420164610474655404392797659689798547422827574539650838,-1396.9514463370813914532570647891331676277128188362045035967279829529947773485051,85.450583863310561542106296293154077522156355134917395785594021085476862419013075,21,5,4,0,0,2026-08,-0.17512665511980289264267675518100704901848718675151891412222068314637592100346338,-0.039034942260877735272204013878853969616906646851208168530851219768023799912221186,AVAILABLE,AVAILABLE,AVAILABLE,10000,20260908,10000,0,-0.076150014152549053913967536934739037250391241579542062071945424631387576229332613,0.050455505839625242490352206244526750780940615037095388005292292808086642951581982,0.3308,AVAILABLE,WHOLE_SESSION
IMMEDIATE_CLOSE_BACK_1M,ATR050_TARGET_1.5R,COMMON_AVAILABLE_ATR_IDENTITIES,0.01,target_first,ATR050_TARGET_1.5R,2293,2293,0,0,0,0,0,1,164,164,170,6,931,1362,0,0.40601831661578717836894897514173571740078499781945050152638464893153074574792848,1.4675366403592913596978886260174335337255842617007712948896064257950898748076658,-1.0248925111280557515970423154147597210430920170336685830830373150407239330612029,-0.012920622757048267682702713812765861387776877259676639606137479577076896373057060,-1.0164946857236391147908099353551385785031325175476951502841037967904395518476380,0.97877576361391148074801850155357273990679727238407871771986335047126228965949260,AVAILABLE,1366.2766121745002558787343108222306198985189476434180755422235824152286734459369,-1395.9036001564119336751716335949027400606913271998566101590968230854659968293583,85.450583863310561542106296293154077522156355134917395785594021085476862419013073,21,5,4,0,0,2026-08,-0.17512665511980289264267675518100704901848718675151891412222068314637592100346338,-0.037825459919319922016277550405220684662866975830405072256056831766088628165728687,AVAILABLE,AVAILABLE,AVAILABLE,10000,20260908,10000,0,-0.075366752663248404999280222075268581533396575155050378438953823064783745296928044,0.051420396290893065761938910692636098815601208173700157684198212134652137173049347,0.343,AVAILABLE,WHOLE_SESSION
IMMEDIATE_CLOSE_BACK_1M,ATR050_TARGET_1.5R,COMMON_AVAILABLE_ATR_IDENTITIES,0.02,stop_first,ATR050_TARGET_1.5R,2293,2293,0,0,0,0,0,1,164,164,170,6,930,1363,0,0.40558220671609245529873528129088530309638028783253379851722634103794156127344091,1.4406667952718354847584529764728784009554649500551324421428923751241076251998173,-1.0526998233005969179543101679311483268998796441686759014373129683031864738837676,-0.041434687987748189422749014727596274171807043807515081755851577379774562785759317,-1.0330644863398007994256295296878708700708325190168221454249133143377461632410233,0.93378327127119181103936268422448961477303771751992408687137430296720008932396184,AVAILABLE,1339.8201196028070008253612681197769128885824035512731711928899088654200914358301,-1434.8298591587135991717247588901551695645359550019052536590575757972431639035753,110.08694026911208538591534961360181718971128238188242236704776269330769075791598,21,3,6,0,0,2026-08,-0.21560869988348428059520257875941242185589940764168102700496153234655312313818989,-0.067005723174726633584667724494619464070225769176353743189269525025363232223554141,AVAILABLE,AVAILABLE,AVAILABLE,10000,20260908,10000,0,-0.10358089863901515475807233376539134023013436485392444183988069422764083358042916,0.022766326777298074356764136430102312796883576617499908281144887389679028620368435,0.1,AVAILABLE,WHOLE_SESSION
IMMEDIATE_CLOSE_BACK_1M,ATR050_TARGET_1.5R,COMMON_AVAILABLE_ATR_IDENTITIES,0.02,target_first,ATR050_TARGET_1.5R,2293,2293,0,0,0,0,0,1,164,164,170,6,931,1362,0,0.40601831661578717836894897514173571740078499781945050152638464893153074574792848,1.4406277413979249036188940985298776130553592054549703376129190001400242002121765,-1.0526682575604806781318310547002160898902297883474372002817880000456575645119541,-0.040344413238511381747214780100470238410795268840223324232955807645801601599540386,-1.0329893714472782295816198707102771570062650350953903005682075935808791036952760,0.93547636535540502311925516414402733820820851977537440790295151959771938463657068,AVAILABLE,1341.2244272414680852691904057313160577545394202785773843176275891303625303975363,-1433.7341667973746836155538965016943144304929717292094667837952560621856028652815,107.58694026911208538591534961360181718971128238188242236704776269330769075791597,21,3,6,0,0,2026-08,-0.21560869988348428059520257875941242185589940764168102700496153234655312313818989,-0.065796240833168820328741261020986179116186098155550646914475137023428060477061640,AVAILABLE,AVAILABLE,AVAILABLE,10000,20260908,10000,0,-0.10261249398982711080049100505298239653511411897482801781087104106487655382890831,0.023870195212337945494788419733746488586404711423062270697331860931233314244314336,0.1058,AVAILABLE,WHOLE_SESSION
IMMEDIATE_CLOSE_BACK_1M,USD025_TARGET_2R,COMMON_AVAILABLE_ATR_IDENTITIES,0,stop_first,ATR050_TARGET_2R,2293,2293,0,0,0,0,0,39,164,164,170,6,775,1518,0,0.33798517226341037941561273440907108591365023986044483209768861753161796772786742,1.9762322580645161290322580645161290322580645161290322580645161290322580645161290,-0.99724637681159420289855072463768115942028985507246376811594202898550724637681159,0.0077453118185782817269952027911033580462276493676406454426515481901439162668992586,-1.00000000000,1.0117319100025102059690055620879629017981001704297736851144786037970168183799923,AVAILABLE,1531.5800000000,-1513.8200000000,81.1400000000,21,6,3,0,0,2026-08,-0.23846153846153846153846153846153846153846153846153846153846153846153846153846154,-0.0041209068010075566750629722921914357682619647355163727959697732997481108312342569,AVAILABLE,AVAILABLE,AVAILABLE,10000,20260908,10000,0,-0.057992741251325556733828207847295864262990455991516436903499469777306468716861082,0.074265114843251612658652223900261670167646210402716962833279991028225746741265600,0.5901,AVAILABLE,WHOLE_SESSION
IMMEDIATE_CLOSE_BACK_1M,USD025_TARGET_2R,COMMON_AVAILABLE_ATR_IDENTITIES,0,target_first,ATR050_TARGET_2R,2293,2293,0,0,0,0,0,39,164,164,170,6,814,1479,0,0.35499345835150457915394679459223724378543392935019624945486262538159616223288269,1.9773710073710073710073710073710073710073710073710073710073710073710073710073710,-0.99717376605814739688979039891818796484110885733603786342123056118999323867478026,0.058770170082860880941997383340601831661578717836894897514173571740078499781945050,-1.00000000000,1.0913738625730597632253427536919759699488751169634260452122970938826433056237371,AVAILABLE,1609.5800000000,-1474.8200000000,55.0000000000,21,6,3,0,0,2026-08,-0.23846153846153846153846153846153846153846153846153846153846153846153846153846154,0.041219143576826196473551637279596977329974811083123425692695214105793450881612091,AVAILABLE,AVAILABLE,AVAILABLE,10000,20260908,10000,0,-0.014083060334609428985024790553865863684738803899909714971678746702578923741936134,0.13044925373134328358208955223880597014925373134328358208955223880597014925373134,0.943,AVAILABLE,WHOLE_SESSION
IMMEDIATE_CLOSE_BACK_1M,USD025_TARGET_2R,COMMON_AVAILABLE_ATR_IDENTITIES,0.01,stop_first,ATR050_TARGET_2R,2293,2293,0,0,0,0,0,39,164,164,170,6,775,1518,0,0.33798517226341037941561273440907108591365023986044483209768861753161796772786742,1.9362322580645161290322580645161290322580645161290322580645161290322580645161290,-1.0372463768115942028985507246376811594202898550724637681159420289855072463768116,-0.032254688181421718273004797208896641953772350632359354557348451809856083733100741,-1.04000000000,0.95302755090375601763054606424733572980044965513737345510434793654019586672933047,AVAILABLE,1500.5800000000,-1574.5400000000,121.9800000000,21,4,5,0,0,2026-08,-0.27846153846153846153846153846153846153846153846153846153846153846153846153846154,-0.044120906801007556675062972292191435768261964735516372795969773299748110831234257,AVAILABLE,AVAILABLE,AVAILABLE,10000,20260908,10000,0,-0.097992741251325556733828207847295864262990455991516436903499469777306468716861082,0.034265114843251612658652223900261670167646210402716962833279991028225746741265600,0.1677,AVAILABLE,WHOLE_SESSION
IMMEDIATE_CLOSE_BACK_1M,USD025_TARGET_2R,COMMON_AVAILABLE_ATR_IDENTITIES,0.01,target_first,ATR050_TARGET_2R,2293,2293,0,0,0,0,0,39,164,164,170,6,814,1479,0,0.35499345835150457915394679459223724378543392935019624945486262538159616223288269,1.9373710073710073710073710073710073710073710073710073710073710073710073710073710,-1.0371737660581473968897903989181879648411088573360378634212305611899932386747803,0.018770170082860880941997383340601831661578717836894897514173571740078499781945050,-1.04000000000,1.0280577321738223444894979074042686345323928604023520515260955162388036349887221,AVAILABLE,1577.0200000000,-1533.9800000000,83.0000000000,21,6,3,0,0,2026-08,-0.27846153846153846153846153846153846153846153846153846153846153846153846153846154,0.0012191435768261964735516372795969773299748110831234256926952141057934508816120907,AVAILABLE,AVAILABLE,AVAILABLE,10000,20260908,10000,0,-0.054083060334609428985024790553865863684738803899909714971678746702578923741936134,0.090449253731343283582089552238805970149253731343283582089552238805970149253731343,0.6907,AVAILABLE,WHOLE_SESSION
IMMEDIATE_CLOSE_BACK_1M,USD025_TARGET_2R,COMMON_AVAILABLE_ATR_IDENTITIES,0.02,stop_first,ATR050_TARGET_2R,2293,2293,0,0,0,0,0,39,164,164,170,6,775,1518,0,0.33798517226341037941561273440907108591365023986044483209768861753161796772786742,1.8962322580645161290322580645161290322580645161290322580645161290322580645161290,-1.0772463768115942028985507246376811594202898550724637681159420289855072463768116,-0.072254688181421718273004797208896641953772350632359354557348451809856083733100741,-1.08000000000,0.89868277827379132370387583625845431307559654122280249012389467118378728764844734,AVAILABLE,1469.5800000000,-1635.2600000000,181.8800000000,21,3,6,0,0,2026-08,-0.31846153846153846153846153846153846153846153846153846153846153846153846153846154,-0.084120906801007556675062972292191435768261964735516372795969773299748110831234257,AVAILABLE,AVAILABLE,AVAILABLE,10000,20260908,10000,0,-0.13799274125132555673382820784729586426299045599151643690349946977730646871686109,-0.0057348851567483873413477760997383298323537895972830371667200089717742532587343993,0.016,AVAILABLE,WHOLE_SESSION
IMMEDIATE_CLOSE_BACK_1M,USD025_TARGET_2R,COMMON_AVAILABLE_ATR_IDENTITIES,0.02,target_first,ATR050_TARGET_2R,2293,2293,0,0,0,0,0,39,164,164,170,6,814,1479,0,0.35499345835150457915394679459223724378543392935019624945486262538159616223288269,1.8973710073710073710073710073710073710073710073710073710073710073710073710073710,-1.0771737660581473968897903989181879648411088573360378634212305611899932386747803,-0.021229829917139119058002616659398168338421282163105102485826428259921500218054950,-1.08000000000,0.96944399111189223797029765117943181390210527637244686593770792271865623862309653,AVAILABLE,1544.4600000000,-1593.1400000000,114.8200000000,21,5,4,0,0,2026-08,-0.31846153846153846153846153846153846153846153846153846153846153846153846153846154,-0.038780856423173803526448362720403022670025188916876574307304785894206549118387909,AVAILABLE,AVAILABLE,AVAILABLE,10000,20260908,10000,0,-0.094083060334609428985024790553865863684738803899909714971678746702578923741936134,0.050449253731343283582089552238805970149253731343283582089552238805970149253731343,0.2843,AVAILABLE,WHOLE_SESSION
IMMEDIATE_CLOSE_BACK_1M,USD030_TARGET_2R,COMMON_AVAILABLE_ATR_IDENTITIES,0,stop_first,ATR050_TARGET_2R,2293,2293,0,0,0,0,0,19,164,164,170,6,770,1523,0,0.33580462276493676406454426515481901439162668992586131705189707806367204535542957,1.9600865800865800865800865800865800865800865800865800865800865800865800865800864,-0.99619172685489166119500984898227183191070256073539067629678266579120157583716349,-0.0034598052042448030236953045500799534816106992295391772059892426224741968309347296,-1.00000000000,0.99477106951401704894981984357149134370331312066086650848053431760260128306529561,AVAILABLE,1509.2666666666666666666666666666666666666666666666666666666666666666666666666665,-1517.2000000000000000000000000000000000000000000000000000000000000000000000000000,110.96666666666666666666666666666666666666666666666666666666666666666666666666667,29,5,4,0,0,2026-07,-0.14431739431739431739431739431739431739431739431739431739431739431739431739431740,-0.017556675062972292191435768261964735516372795969773299748110831234256926952141058,AVAILABLE,AVAILABLE,AVAILABLE,10000,20260908,10000,0,-0.074401990425799949609473418997228521038044847568657092466616276140085663895187705,0.070894525013184158995913818572253427982212380560799853773857073629139997409569985,0.4575,AVAILABLE,WHOLE_SESSION
IMMEDIATE_CLOSE_BACK_1M,USD030_TARGET_2R,COMMON_AVAILABLE_ATR_IDENTITIES,0,target_first,ATR050_TARGET_2R,2293,2293,0,0,0,0,0,19,164,164,170,6,789,1504,0,0.34409071085913650239860444832097688617531617967727867422590492804186655037069341,1.9610477397549640895648500211237853823405154203633291085762568652302492606675113,-0.99614361702127659574468085106382978723404255319148936170212765957446808510638298,0.021398459078354411978485244948393661869457770024712894316034307312109318214856809,-1.00000000000,1.0327504116050371556979486494904997107640279446446847327904596627063587416010322,AVAILABLE,1547.2666666666666666666666666666666666666666666666666666666666666666666666666664,-1498.2000000000000000000000000000000000000000000000000000000000000000000000000000,81.783333333333333333333333333333333333333333333333333333333333333333333333333338,29,7,2,0,0,2026-08,-0.12589743589743589743589743589743589743589743589743589743589743589743589743589744,0.0081360201511335012594458438287153652392947103274559193954659949622166246851385385,AVAILABLE,AVAILABLE,AVAILABLE,10000,20260908,10000,0,-0.051422489783052910743011173427242293813312464675448893526368418764401547758793095,0.098542665454345070810602303411032126522290185705626274315313825976745467570397310,0.7083,AVAILABLE,WHOLE_SESSION
IMMEDIATE_CLOSE_BACK_1M,USD030_TARGET_2R,COMMON_AVAILABLE_ATR_IDENTITIES,0.01,stop_first,ATR050_TARGET_2R,2293,2293,0,0,0,0,0,19,164,164,170,6,770,1523,0,0.33580462276493676406454426515481901439162668992586131705189707806367204535542957,1.9267532467532467532467532467532467532467532467532467532467532467532467532467660,-1.0295250601882249945283431823156051652440358940687240096301159991245349091704829,-0.036793138537578136357028637883413286814944032562872510539322575955807530164267812,-1.0333333333333333333333333333333333333333333333333333333333333333333333333333333,0.94619358404727991666489508705542209655817513127404919322264503922277259295480123,AVAILABLE,1483.6000000000000000000000000000000000000000000000000000000000000000000000000098,-1567.9666666666666666666666666666666666666666666666666666666666666666666666666455,142.76666666666666666666666666666666666666666666666666666666666666666666666666636,29,4,5,0,0,2026-07,-0.17765072765072765072765072765072765072765072765072765072765072765072765072765043,-0.050890008396305625524769101595298068849706129303106633081444164567590260285473990,AVAILABLE,AVAILABLE,AVAILABLE,10000,20260908,10000,0,-0.10773532375913328294280675233056185437137818090199042579994960947341899722852103,0.037561191679850825662580485238920094648879047227466520440523740295806664076236657,0.1587,AVAILABLE,WHOLE_SESSION
IMMEDIATE_CLOSE_BACK_1M,USD030_TARGET_2R,COMMON_AVAILABLE_ATR_IDENTITIES,0.01,target_first,ATR050_TARGET_2R,2293,2293,0,0,0,0,0,19,164,164,170,6,789,1504,0,0.34409071085913650239860444832097688617531617967727867422590492804186655037069341,1.9277144064216307562315166877904520490071820870299957752429235318969159273341915,-1.0294769503546099290780141843971631205673758865248226950354609929078014184397027,-0.011934874254978921354848088384939671463875563308620439017299026021224015118476270,-1.0333333333333333333333333333333333333333333333333333333333333333333333333333333,0.98232508073196986006458557588805166846071044133476856835306781485468245425190351,AVAILABLE,1520.9666666666666666666666666666666666666666666666666666666666666666666666666771,-1548.3333333333333333333333333333333333333333333333333333333333333333333333333128,106.76666666666666666666666666666666666666666666666666666666666666666666666666638,29,5,4,0,0,2026-08,-0.15923076923076923076923076923076923076923076923076923076923076923076923076923061,-0.025197313182199832073887489504617968094038623005877413937867338371116708648194540,AVAILABLE,AVAILABLE,AVAILABLE,10000,20260908,10000,0,-0.084755823116386244076344506760575627146645798008782226859701752097734881092126424,0.065209332121011737477268970077698793188956852372292940981980492643412134237063982,0.3741,AVAILABLE,WHOLE_SESSION
IMMEDIATE_CLOSE_BACK_1M,USD030_TARGET_2R,COMMON_AVAILABLE_ATR_IDENTITIES,0.02,stop_first,ATR050_TARGET_2R,2293,2293,0,0,0,0,0,19,164,164,170,6,770,1523,0,0.33580462276493676406454426515481901439162668992586131705189707806367204535542957,1.8934199134199134199134199134199134199134199134199134199134199134199134199134078,-1.0628583935215583278616765156489384985773692274020573429634493324578682425038447,-0.070126471870911469690361971216746620148277365896205843872655909289140863497602202,-1.0666666666666666666666666666666666666666666666666666666666666666666666666666667,0.90066306989003747786334994440097195337918537127795395576788435402166302870555416,AVAILABLE,1457.9333333333333333333333333333333333333333333333333333333333333333333333333240,-1618.7333333333333333333333333333333333333333333333333333333333333333333333333555,183.46666666666666666666666666666666666666666666666666666666666666666666666666845,29,3,6,0,0,2026-07,-0.21098406098406098406098406098406098406098406098406098406098406098406098406098439,-0.084223341729638958858102434928631402183039462636439966414777497900923593618808630,AVAILABLE,AVAILABLE,AVAILABLE,10000,20260908,10000,0,-0.14106865709246661627614008566389518770471151423532375913328294280675233056185436,0.0042278583465174923292471519055867613155457138941331871071904069624733307429033277,0.0317,AVAILABLE,WHOLE_SESSION
IMMEDIATE_CLOSE_BACK_1M,USD030_TARGET_2R,COMMON_AVAILABLE_ATR_IDENTITIES,0.02,target_first,ATR050_TARGET_2R,2293,2293,0,0,0,0,0,19,164,164,170,6,789,1504,0,0.34409071085913650239860444832097688617531617967727867422590492804186655037069341,1.8943810730882974228981833544571187156738487536966624419095901985635825940008323,-1.0628102836879432624113475177304964539007092198581560283687943262411347517730640,-0.045268207588312254688181421718273004797208896641953772350632359354557348451810240,-1.0666666666666666666666666666666666666666666666666666666666666666666666666666667,0.93506276848646619677190641030988030195604120615589940359511198231638653709803347,AVAILABLE,1494.6666666666666666666666666666666666666666666666666666666666666666666666666567,-1598.4666666666666666666666666666666666666666666666666666666666666666666666666882,140.80000000000000000000000000000000000000000000000000000000000000000000000000052,29,4,5,0,0,2026-08,-0.19256410256410256410256410256410256410256410256410256410256410256410256410256429,-0.058530646515533165407220822837951301427371956339210747271200671704450041981528700,AVAILABLE,AVAILABLE,AVAILABLE,10000,20260908,10000,0,-0.11808915644971957740967784009390896047997913134211556019303508543106821442545975,0.031875998787678404143935636744365459855623519038959607648647159310078800903730655,0.1176,AVAILABLE,WHOLE_SESSION
IMMEDIATE_CLOSE_BACK_1M,USD040_TARGET_2R,COMMON_AVAILABLE_ATR_IDENTITIES,0,stop_first,ATR050_TARGET_2R,2293,2293,0,0,0,0,0,3,164,164,170,6,786,1507,0,0.34278238116005233318796336676842564326210204971652856519843000436109899694723070,1.9120852417302798982188295165394402035623409669211195928753180661577608142493639,-0.98967319177173191771731917717319177173191771731917717319177173191771731917717319,0.0049984736153510684692542520715220235499345835150457915394679459223724378543392935,-1.00000000000,1.0076848677869505091564346477810836860411515735657712777102627498638058919666429,AVAILABLE,1502.8990000000,-1491.4375000000,110.6885000000,22,6,3,0,0,2026-07,-0.19893659043659043659043659043659043659043659043659043659043659043659043659043659,-0.019365585486531061022539857064321055525013743815283122594832325453545904343045629,AVAILABLE,AVAILABLE,AVAILABLE,10000,20260908,10000,0,-0.070560139641362191670406770656823323593797228353957335336197184388653287780393306,0.083631981590771913352558513848836429481590771913352558513848836429481590771913353,0.5501,AVAILABLE,WHOLE_SESSION
IMMEDIATE_CLOSE_BACK_1M,USD040_TARGET_2R,COMMON_AVAILABLE_ATR_IDENTITIES,0,target_first,ATR050_TARGET_2R,2293,2293,0,0,0,0,0,3,164,164,170,6,789,1504,0,0.34409071085913650239860444832097688617531617967727867422590492804186655037069341,1.9124195183776932826362484157160963244613434727503168567807351077313054499366286,-0.98965259308510638297872340425531914893617021276595744680851063829787234042553191,0.0089234627126035761011774967291757522895769733972961186218927169646750981247274313,-1.00000000000,1.0137469661977745118622716775141717404996850724333403317237035481839176989292463,AVAILABLE,1508.8990000000,-1488.4375000000,110.6885000000,22,6,3,0,0,2026-07,-0.19893659043659043659043659043659043659043659043659043659043659043659043659043659,-0.014417811984606926882902693787795492028587135788894997251236943375481033534909291,AVAILABLE,AVAILABLE,AVAILABLE,10000,20260908,10000,0,-0.067829013369800075503827401463489080058154011743254857546768195217555443103046660,0.088392850420164894087591083377027461489829517379474332666593303686058228629255862,0.5884,AVAILABLE,WHOLE_SESSION
IMMEDIATE_CLOSE_BACK_1M,USD040_TARGET_2R,COMMON_AVAILABLE_ATR_IDENTITIES,0.01,stop_first,ATR050_TARGET_2R,2293,2293,0,0,0,0,0,3,164,164,170,6,785,1507,1,0.34234627126035761011774967291757522895769733972961186218927169646750981247274313,1.8894891719745222929936305732484076433121019108280254777070063694267515923566879,-1.0146731917717319177173191771731917717319177173191771731917717319177173191771732,-0.020001526384648931530745747928477976450065416484954208460532054077627562145660706,-1.02500000000,0.97000645799442487063574459040783460994531141430077904666922806529931577957802320,AVAILABLE,1483.2490000000,-1529.1125000000,123.5385000000,22,5,4,0,0,2026-07,-0.22393659043659043659043659043659043659043659043659043659043659043659043659043659,-0.044365585486531061022539857064321055525013743815283122594832325453545904343045629,AVAILABLE,AVAILABLE,AVAILABLE,10000,20260908,10000,0,-0.095560139641362191670406770656823323593797228353957335336197184388653287780393306,0.058631981590771913352558513848836429481590771913352558513848836429481590771913353,0.3047,AVAILABLE,WHOLE_SESSION
IMMEDIATE_CLOSE_BACK_1M,USD040_TARGET_2R,COMMON_AVAILABLE_ATR_IDENTITIES,0.01,target_first,ATR050_TARGET_2R,2293,2293,0,0,0,0,0,3,164,164,170,6,788,1504,1,0.34365460095944177932839075447012647187091146969036197121674662014827736589620584,1.8898147208121827411167512690355329949238578680203045685279187817258883248730964,-1.0146525930851063829787234042553191489361702127659574468085106382978723404255319,-0.016076537287396423898822503270824247710423026602703881378107283035324901875272569,-1.02500000000,0.97584364735466854517008920160874159383370330021378897962861332044592613222152142,AVAILABLE,1489.1740000000,-1526.0375000000,123.5385000000,22,5,4,0,0,2026-07,-0.22393659043659043659043659043659043659043659043659043659043659043659043659043659,-0.039417811984606926882902693787795492028587135788894997251236943375481033534909291,AVAILABLE,AVAILABLE,AVAILABLE,10000,20260908,10000,0,-0.092829013369800075503827401463489080058154011743254857546768195217555443103046660,0.063392850420164894087591083377027461489829517379474332666593303686058228629255862,0.3411,AVAILABLE,WHOLE_SESSION
IMMEDIATE_CLOSE_BACK_1M,USD040_TARGET_2R,COMMON_AVAILABLE_ATR_IDENTITIES,0.02,stop_first,ATR050_TARGET_2R,2293,2293,0,0,0,0,0,3,164,164,170,6,784,1509,0,0.34191016136066288704753597906672481465329262974269515918011338857392062799825556,1.8668832908163265306122448979591836734693877551020408163265306122448979591836735,-1.0383200795228628230616302186878727634194831013916500994035785288270377733598410,-0.045001526384648931530745747928477976450065416484954208460532054077627562145660706,-1.05000000000,0.93414165589647854738084980773219727793467681457725017152521819603337960525266064,AVAILABLE,1463.6365000000,-1566.8250000000,145.7510000000,22,4,5,0,0,2026-07,-0.24893659043659043659043659043659043659043659043659043659043659043659043659043659,-0.069365585486531061022539857064321055525013743815283122594832325453545904343045629,AVAILABLE,AVAILABLE,AVAILABLE,10000,20260908,10000,0,-0.12056013964136219167040677065682332359379722835395733533619718438865328778039330,0.033631981590771913352558513848836429481590771913352558513848836429481590771913353,0.1302,AVAILABLE,WHOLE_SESSION
IMMEDIATE_CLOSE_BACK_1M,USD040_TARGET_2R,COMMON_AVAILABLE_ATR_IDENTITIES,0.02,target_first,ATR050_TARGET_2R,2293,2293,0,0,0,0,0,3,164,164,170,6,787,1506,0,0.34321849105974705625817706061927605756650675970344526820758831225468818142171827,1.8672001270648030495552731893265565438373570520965692503176620076238881829733164,-1.0382968127490039840637450199203187250996015936254980079681274900398406374501992,-0.041076537287396423898822503270824247710423026602703881378107283035324901875272569,-1.05000000000,0.93976465697795257966009560810270676451308615920827537691655874782163812812764801,AVAILABLE,1469.4865000000,-1563.6750000000,137.8885000000,22,4,5,0,0,2026-07,-0.24893659043659043659043659043659043659043659043659043659043659043659043659043659,-0.064417811984606926882902693787795492028587135788894997251236943375481033534909291,AVAILABLE,AVAILABLE,AVAILABLE,10000,20260908,10000,0,-0.11782901336980007550382740146348908005815401174325485754676819521755544310304666,0.038392850420164894087591083377027461489829517379474332666593303686058228629255862,0.1538,AVAILABLE,WHOLE_SESSION
IMMEDIATE_CLOSE_BACK_1M,ATR050_TARGET_2R,COMMON_AVAILABLE_ATR_IDENTITIES,0,stop_first,ATR050_TARGET_2R,2293,2293,0,0,0,0,0,1,164,164,170,6,754,1539,0,0.32882686436982119494112516354121238552115133013519406890536415176624509376362843,1.9804966153498170299413907559931366673818533324407822084845219044890055770837117,-0.99649049538933572634200609165140341124651037794674859672133708783135892879193262,-0.017577158495606472858499234641380201789124317051764633736069891926625026729029984,-1.0,0.97371905707830801740302751496109098716294100622650421902461358700607405918135918,AVAILABLE,1493.2944479737620405758086300188250472059174126603497851973295159847102051211186,-1533.5988724041876828403473750515098499083794716600460903541377781724613914107843,125.39258811739630401967797528685748687438278692832560046253018835152284814889718,21,5,4,0,0,2026-07,-0.18999748185259980958411300245014401033439301739365741434802039488257175612465985,-0.032040826383273959775785541779130166706325799550284137440517896556474166490064667,AVAILABLE,AVAILABLE,AVAILABLE,10000,20260908,10000,0,-0.088788738479621105627548703798573766863648178609129288380669589763237011509121748,0.054158773495805721621488503201529823502610321180908167697207375190167627210230504,0.3115,AVAILABLE,WHOLE_SESSION
IMMEDIATE_CLOSE_BACK_1M,ATR050_TARGET_2R,COMMON_AVAILABLE_ATR_IDENTITIES,0,target_first,ATR050_TARGET_2R,2293,2293,0,0,0,0,0,1,164,164,170,6,755,1538,0,0.32926297426951591801133885739206279982555604012211077191452245965983427823811601,1.9805224476473669411600114304885099962992283611395361393342112794499472915511505,-0.99648821352678002785458216843401160592222332357610278956705967371421416866761008,-0.016268828796522303647858153088828958875910187091014524708594968245857473305567272,-1.0,0.97565936847395287733896032118994031382589328276381329405753989443434108574871008,AVAILABLE,1495.2944479737620405758086300188250472059174126603497851973295159847102051211186,-1532.5988724041876828403473750515098499083794716600460903541377781724613914107843,125.39258811739630401967797528685748687438278692832560046253018835152284814889718,21,5,4,0,0,2026-07,-0.18999748185259980958411300245014401033439301739365741434802039488257175612465985,-0.032040826383273959775785541779130166706325799550284137440517896556474166490064667,AVAILABLE,AVAILABLE,AVAILABLE,10000,20260908,10000,0,-0.087063183424092656410450359565042464101236824032945783706293607312107520980382116,0.055582270914618013658306234642916843147032537558328910644173510139026253777622641,0.324,AVAILABLE,WHOLE_SESSION
IMMEDIATE_CLOSE_BACK_1M,ATR050_TARGET_2R,COMMON_AVAILABLE_ATR_IDENTITIES,0.01,stop_first,ATR050_TARGET_2R,2293,2293,0,0,0,0,0,1,164,164,170,6,754,1539,0,0.32882686436982119494112516354121238552115133013519406890536415176624509376362843,1.9534714886555016667954239101829043893797011532686763522838192531427169869883662,-1.0241096026320135279910425869449648140406354129034904630462003933196527248623921,-0.045000948977069586923011300929084578812142708632311318362888219995349731955513284,-1.0181590455847177085267782826460525038917912513172451851701919400807307442056221,0.93453025207319675958844578852161993731116156166762947874547327659917665862501654,AVAILABLE,1472.9175024462482567637496282779099095922946695645819696219997168696086081892281,-1576.1046784506688195782145413083008488085379004584718226281024053189455435632214,147.17153549130355639098184270100672297637134646179839066798275124766487467821481,21,5,4,0,0,2026-07,-0.21780838088749607126989280003457439729550029850934296404191849178627715921400649,-0.060551228638136533449148943112078444318817631702123558403657007549149120798714228,AVAILABLE,AVAILABLE,AVAILABLE,10000,20260908,10000,0,-0.11632032770833399335445157576396211118060034086356257160209868900160660968976420,0.026720882456191840688768874947294962435906864017748049395209875402769633133099523,0.1092,AVAILABLE,WHOLE_SESSION
IMMEDIATE_CLOSE_BACK_1M,ATR050_TARGET_2R,COMMON_AVAILABLE_ATR_IDENTITIES,0.01,target_first,ATR050_TARGET_2R,2293,2293,0,0,0,0,0,1,164,164,170,6,755,1538,0,0.32926297426951591801133885739206279982555604012211077191452245965983427823811601,1.9534697433981176145505486054088469960599644740771312267342629894067282485696441,-1.0240941692262674654097068336242330437201016962432535300328161543897378173238456,-0.043692619277985417712370219376533335898928578671561209335413296314582178532050576,-1.0181156027145021154524409728779746956441207839309501473488709752045023668875827,0.93639138985224484987372328271725435840138100575491621652238375857462498079574286,AVAILABLE,1474.8696562655787989856641970836794820252731779282340761843685570020798276700813,-1575.0568322699993618001291101140704212415164088221239291904712454514167630440746,147.17153549130355639098184270100672297637134646179839066798275124766487467821481,21,5,4,0,0,2026-07,-0.21780838088749607126989280003457439729550029850934296404191849178627715921400649,-0.060551228638136533449148943112078444318817631702123558403657007549149120798714228,AVAILABLE,AVAILABLE,AVAILABLE,10000,20260908,10000,0,-0.11473782196436963644082991790731508009587686224184237149396528012053492633988957,0.028257429545870444900630542954638590610989792578844095345184431277545727617063163,0.1159,AVAILABLE,WHOLE_SESSION
IMMEDIATE_CLOSE_BACK_1M,ATR050_TARGET_2R,COMMON_AVAILABLE_ATR_IDENTITIES,0.02,stop_first,ATR050_TARGET_2R,2293,2293,0,0,0,0,0,1,164,164,170,6,754,1539,0,0.32882686436982119494112516354121238552115133013519406890536415176624509376362843,1.9264463619611863036494570643726721113775489740965704960831166017964283968930221,-1.0517287098746913296400790822385262168347604478602323293710636988079465209328504,-0.072424739458532700987523367216788955835161100212858002989706548064074437181996572,-1.0363180911694354170535565652921050077835825026344903703403838801614614884112443,0.89739969611650696142982859332051734447063666476108092738757411460238826014722207,AVAILABLE,1452.5405569187344729516906265369947719786719264688141540466699177545070112573387,-1618.6104844971499563160817075650918477086963292568975549020670324654296957156567,185.41199995427597280452018209301405732607040313341437406608347794252118030154530,21,3,6,0,0,2026-08,-0.25022408449886889597981796337479703724051479225706564238957691696193773852280528,-0.089061630892999107122512344445026721931309463853962979366796118541824075107363744,AVAILABLE,AVAILABLE,AVAILABLE,10000,20260908,10000,0,-0.14397172948414997668258790763141896062504133639180159213997722540828962163271209,-0.00035915386312509028082054710666601009430022546006056162818387785183589137189757435,0.0242,AVAILABLE,WHOLE_SESSION
IMMEDIATE_CLOSE_BACK_1M,ATR050_TARGET_2R,COMMON_AVAILABLE_ATR_IDENTITIES,0.02,target_first,ATR050_TARGET_2R,2293,2293,0,0,0,0,0,1,164,164,170,6,755,1538,0,0.32926297426951591801133885739206279982555604012211077191452245965983427823811601,1.9264170391488682879410857803291839958207005870147263141343146993635092055881391,-1.0517001249257549029648314988144544815179800689104042704985726350652614659800799,-0.071116409759448531776882285664237712921946970252107893962231624383306883758533860,-1.0362312054290042309048819457559493912882415678619002946977419504090047337751654,0.89918489254549971454191613286500588252067336356409481060012085357834343006132657,AVAILABLE,1454.4448645573955573955197641485339168446289431961183671714075980194494502190450,-1617.5147921358110407599108451766309925746533459842017680268047127303721346773629,185.41199995427597280452018209301405732607040313341437406608347794252118030154530,21,3,6,0,0,2026-08,-0.25022408449886889597981796337479703724051479225706564238957691696193773852280528,-0.089061630892999107122512344445026721931309463853962979366796118541824075107363744,AVAILABLE,AVAILABLE,AVAILABLE,10000,20260908,10000,0,-0.14203705347218844951157034983364103328893458525824587471876004300115337925850602,0.00089873270024633308695640221040252446937556140066149863420597966226217778597183040,0.0267,AVAILABLE,WHOLE_SESSION
IMMEDIATE_CLOSE_BACK_1M,USD025_TARGET_2R_BE1R,COMMON_AVAILABLE_ATR_IDENTITIES,0,stop_first,ATR050_TARGET_2R_BE1R,2293,2293,0,0,0,0,0,55,164,164,170,6,608,1205,480,0.26515481901439162668992586131705189707806367204535542956825119930222416048844309,1.9848026315789473684210526315789473684210526315789473684210526315789473684210526,-0.97287136929460580912863070539419087136929460580912863070539419087136929460580913,0.015023986044483209768861753161796772786742259049280418665503706934147405146096816,-1.00000000000,1.0293864250923390570753469645400960496796922315769719613412834489170953075551689,AVAILABLE,1206.7600000000,-1172.3100000000,58.8996000000,19,5,4,0,0,2026-08,-0.15569230769230769230769230769230769230769230769230769230769230769230769230769231,0.0029572427572427572427572427572427572427572427572427572427572427572427572427572428,AVAILABLE,AVAILABLE,AVAILABLE,10000,20260908,10000,0,-0.043621160090858542240940764489453074165651212038756846924651294852532326948785595,0.076626650245181890751511004675561637586954042650245181890751511004675561637586954,0.6855,AVAILABLE,WHOLE_SESSION
IMMEDIATE_CLOSE_BACK_1M,USD025_TARGET_2R_BE1R,COMMON_AVAILABLE_ATR_IDENTITIES,0,target_first,ATR050_TARGET_2R_BE1R,2293,2293,0,0,0,0,0,55,164,164,170,6,663,1168,462,0.28914086349760139555167902311382468382032272132577409507195813344962930658525949,1.9860633484162895927601809954751131221719457013574660633484162895927601809954751,-0.97201198630136986301369863013698630136986301369863013698630136986301369863013699,0.079132141299607501090274749236807675534234627126035761011774967291757522895769734,-0.20000000000,1.1598241889880297011388959843566955280936484308250609965560067294395363380926795,AVAILABLE,1316.7600000000,-1135.3100000000,43.5996000000,19,7,2,0,0,2026-08,-0.14030769230769230769230769230769230769230769230769230769230769230769230769230769,0.061898301698301698301698301698301698301698301698301698301698301698301698301698302,AVAILABLE,AVAILABLE,AVAILABLE,10000,20260908,10000,0,0.010882433533455119789862491248444756638370131929334057219084228011681327408156353,0.14866448049025836509953409572215163066497246929267259635747564591274883523930538,0.9888,AVAILABLE,WHOLE_SESSION
IMMEDIATE_CLOSE_BACK_1M,USD025_TARGET_2R_BE1R,COMMON_AVAILABLE_ATR_IDENTITIES,0.01,stop_first,ATR050_TARGET_2R_BE1R,2293,2293,0,0,0,0,0,55,164,164,170,6,608,1685,0,0.26515481901439162668992586131705189707806367204535542956825119930222416048844309,1.9448026315789473684210526315789473684210526315789473684210526315789473684210526,-0.73573293768545994065281899109792284866468842729970326409495548961424332344213650,-0.024976013955516790231138246838203227213257740950719581334496293065852594853903184,-1.04000000000,0.95380371215848867880391381855433932129288301296270902065805712626340031136314138,AVAILABLE,1182.4400000000,-1239.7100000000,96.7996000000,41,4,5,0,0,2026-08,-0.19569230769230769230769230769230769230769230769230769230769230769230769230769231,-0.037042757242757242757242757242757242757242757242757242757242757242757242757242757,AVAILABLE,AVAILABLE,AVAILABLE,10000,20260908,10000,0,-0.083621160090858542240940764489453074165651212038756846924651294852532326948785595,0.036626650245181890751511004675561637586954042650245181890751511004675561637586954,0.2149,AVAILABLE,WHOLE_SESSION
IMMEDIATE_CLOSE_BACK_1M,USD025_TARGET_2R_BE1R,COMMON_AVAILABLE_ATR_IDENTITIES,0.01,target_first,ATR050_TARGET_2R_BE1R,2293,2293,0,0,0,0,0,55,164,164,170,6,663,1630,0,0.28914086349760139555167902311382468382032272132577409507195813344962930658525949,1.9460633484162895927601809954751131221719457013574660633484162895927601809954751,-0.73650920245398773006134969325153374233128834355828220858895705521472392638036810,0.039132141299607501090274749236807675534234627126035761011774967291757522895769734,-0.24000000000,1.0747432341254966639178349201589324537071744508583851862958242746832596146637679,AVAILABLE,1290.2400000000,-1200.5100000000,57.4196000000,41,6,3,0,0,2026-08,-0.18030769230769230769230769230769230769230769230769230769230769230769230769230769,0.021898301698301698301698301698301698301698301698301698301698301698301698301698302,AVAILABLE,AVAILABLE,AVAILABLE,10000,20260908,10000,0,-0.029117566466544880210137508751555243361629868070665942780915771988318672591843647,0.10866448049025836509953409572215163066497246929267259635747564591274883523930538,0.8653,AVAILABLE,WHOLE_SESSION
IMMEDIATE_CLOSE_BACK_1M,USD025_TARGET_2R_BE1R,COMMON_AVAILABLE_ATR_IDENTITIES,0.02,stop_first,ATR050_TARGET_2R_BE1R,2293,2293,0,0,0,0,0,55,164,164,170,6,608,1685,0,0.26515481901439162668992586131705189707806367204535542956825119930222416048844309,1.9048026315789473684210526315789473684210526315789473684210526315789473684210526,-0.77573293768545994065281899109792284866468842729970326409495548961424332344213650,-0.064976013955516790231138246838203227213257740950719581334496293065852594853903184,-1.08000000000,0.88601571405620031978945918859162580042995616283250835813359242909931069305567244,AVAILABLE,1158.1200000000,-1307.1100000000,174.5900000000,41,4,5,0,0,2026-08,-0.23569230769230769230769230769230769230769230769230769230769230769230769230769231,-0.077042757242757242757242757242757242757242757242757242757242757242757242757242757,AVAILABLE,AVAILABLE,AVAILABLE,10000,20260908,10000,0,-0.12362116009085854224094076448945307416565121203875684692465129485253232694878559,-0.0033733497548181092484889953244383624130459573497548181092484889953244383624130460,0.0195,AVAILABLE,WHOLE_SESSION
IMMEDIATE_CLOSE_BACK_1M,USD025_TARGET_2R_BE1R,COMMON_AVAILABLE_ATR_IDENTITIES,0.02,target_first,ATR050_TARGET_2R_BE1R,2293,2293,0,0,0,0,0,55,164,164,170,6,663,1630,0,0.28914086349760139555167902311382468382032272132577409507195813344962930658525949,1.9060633484162895927601809954751131221719457013574660633484162895927601809954751,-0.77650920245398773006134969325153374233128834355828220858895705521472392638036810,-0.00086785870039249890972525076319232446576537287396423898822503270824247710423026603,-0.28000000000,0.99842775991340828467816482448586169027660364538480378601733414447227247947792148,AVAILABLE,1263.7200000000,-1265.7100000000,84.7396000000,41,5,4,0,0,2026-08,-0.22030769230769230769230769230769230769230769230769230769230769230769230769230769,-0.018101698301698301698301698301698301698301698301698301698301698301698301698301698,AVAILABLE,AVAILABLE,AVAILABLE,10000,20260908,10000,0,-0.069117566466544880210137508751555243361629868070665942780915771988318672591843647,0.068664480490258365099534095722151630664972469292672596357475645912748835239305379,0.4946,AVAILABLE,WHOLE_SESSION
IMMEDIATE_CLOSE_BACK_1M,USD030_TARGET_2R_BE1R,COMMON_AVAILABLE_ATR_IDENTITIES,0,stop_first,ATR050_TARGET_2R_BE1R,2293,2293,0,0,0,0,0,26,164,164,170,6,604,1167,522,0.26341037941561273440907108591365023986044483209768861753161796772786742259049280,1.9773178807947019867549668874172185430463576158940397350993377483443708609271522,-0.97790631248214795772636389602970579834333047700656955155669808626106826620965441,0.023150167175461549643843581915976159325483355138828318069486844018025875854048551,-0.26666666666666666666666666666666666666666666666666666666666666666666666666666667,1.0465146846202152673316489711273056533232076877017218465672600879178654360112744,AVAILABLE,1194.2999999999999999999999999999999999999999999999999999999999999999999999999999,-1141.2166666666666666666666666666666666666666666666666666666666666666666666666667,58.116333333333333333333333333333333333333333333333333333333333333333333333333335,19,7,2,0,0,2026-08,-0.079743589743589743589743589743589743589743589743589743589743589743589743589743592,0.013320013320013320013320013320013320013320013320013320013320013320013320013320011,AVAILABLE,AVAILABLE,AVAILABLE,10000,20260908,10000,0,-0.040337107014342007133556089313966733680321508821405068534911522234684622167007914,0.090754844783327116437181131124345342847770135379940043489043535585940776026029571,0.7571,AVAILABLE,WHOLE_SESSION
IMMEDIATE_CLOSE_BACK_1M,USD030_TARGET_2R_BE1R,COMMON_AVAILABLE_ATR_IDENTITIES,0,target_first,ATR050_TARGET_2R_BE1R,2293,2293,0,0,0,0,0,26,164,164,170,6,630,1149,514,0.27474923680767553423462712603576101177496729175752289576973397296118621892716965,1.9782539682539682539682539682539682539682539682539682539682539682539682539682538,-0.97756019727299100667246881346098056280823904844792573252103278212938787351319991,0.053677860154092164558802151475505160633813054222997528710568396569268789068178500,-0.050000000000000000000000000000000000000000000000000000000000000000000000000000000,1.1095811137655246093807962251272387339931446886175122045316279138782959654563529,AVAILABLE,1246.2999999999999999999999999999999999999999999999999999999999999999999999999999,-1123.2166666666666666666666666666666666666666666666666666666666666666666666666667,42.750000000000000000000000000000000000000000000000000000000000000000000000000000,19,7,2,0,0,2026-08,-0.064358974358974358974358974358974358974358974358974358974358974358974358974358977,0.042291042291042291042291042291042291042291042291042291042291042291042291042291039,AVAILABLE,AVAILABLE,AVAILABLE,10000,20260908,10000,0,-0.011758516062907995024742788294434971314818275867957962877037975663958947152444585,0.12244830587707571066704193639178159301998311286236982831410075992119335772586547,0.9426,AVAILABLE,WHOLE_SESSION
IMMEDIATE_CLOSE_BACK_1M,USD030_TARGET_2R_BE1R,COMMON_AVAILABLE_ATR_IDENTITIES,0.01,stop_first,ATR050_TARGET_2R_BE1R,2293,2293,0,0,0,0,0,26,164,164,170,6,604,1689,0,0.26341037941561273440907108591365023986044483209768861753161796772786742259049280,1.9439845474613686534216335540838852097130242825607064017660044150110375275938263,-0.70900927570554568778369844089204657588316558121176238405368067890270376948884127,-0.010183166157871783689489751417357174007849978194505015263846489315307457479284570,-0.30000000000000000000000000000000000000000000000000000000000000000000000000000000,0.98050131522177840252745264505713212063854365283712126483973779070576609928882098,AVAILABLE,1174.1666666666666666666666666666666666666666666666666666666666666666666666666711,-1197.5166666666666666666666666666666666666666666666666666666666666666666666666529,81.033333333333333333333333333333333333333333333333333333333333333333333333333116,29,5,4,0,0,2026-08,-0.11307692307692307692307692307692307692307692307692307692307692307692307692307678,-0.020013320013320013320013320013320013320013320013320013320013320013320013320013108,AVAILABLE,AVAILABLE,AVAILABLE,10000,20260908,10000,0,-0.073670440347675340466889422647300067013654842154738401868244855568017955500341240,0.057421511449993783103847797791012009514436802046606710155710202252607442692696243,0.3769,AVAILABLE,WHOLE_SESSION
IMMEDIATE_CLOSE_BACK_1M,USD030_TARGET_2R_BE1R,COMMON_AVAILABLE_ATR_IDENTITIES,0.01,target_first,ATR050_TARGET_2R_BE1R,2293,2293,0,0,0,0,0,26,164,164,170,6,630,1663,0,0.27474923680767553423462712603576101177496729175752289576973397296118621892716965,1.9449206349206349206349206349206349206349206349206349206349206349206349206349290,-0.70874924834636199639206253758268190018039687312086590499098015634395670475044317,0.020344526820758831225468818142171827300479720889664195377235063235935455734845450,-0.083333333333333333333333333333333333333333333333333333333333333333333333333333333,1.0395791795698468586942688669240232469350528146608407924320196835362490985449615,AVAILABLE,1225.3000000000000000000000000000000000000000000000000000000000000000000000000053,-1178.6499999999999999999999999999999999999999999999999999999999999999999999999870,59.082999999999999999999999999999999999999999999999999999999999999999999999999775,29,6,3,0,0,2026-08,-0.097692307692307692307692307692307692307692307692307692307692307692307692307692215,0.0089577089577089577089577089577089577089577089577089577089577089577089577089579690,AVAILABLE,AVAILABLE,AVAILABLE,10000,20260908,10000,0,-0.045091849396241328358076121627768304648151609201291296210371308997292280485777914,0.089114972543742377333708603058448259686649779529036494980767426587860024392532137,0.7206,AVAILABLE,WHOLE_SESSION
IMMEDIATE_CLOSE_BACK_1M,USD030_TARGET_2R_BE1R,COMMON_AVAILABLE_ATR_IDENTITIES,0.02,stop_first,ATR050_TARGET_2R_BE1R,2293,2293,0,0,0,0,0,26,164,164,170,6,604,1689,0,0.26341037941561273440907108591365023986044483209768861753161796772786742259049280,1.9106512141280353200883002207505518763796909492273730684326710816777041942604788,-0.74234260903887902111703177422537990921649891454509571738701401223603710282219207,-0.043516499491205117022823084750690507341183311527838348597179822648640790812618589,-0.33333333333333333333333333333333333333333333333333333333333333333333333333333334,0.92041632880936872748541121110210158316606627763229605604221776176740352789481295,AVAILABLE,1154.0333333333333333333333333333333333333333333333333333333333333333333333333292,-1253.8166666666666666666666666666666666666666666666666666666666666666666666666824,134.06666666666666666666666666666666666666666666666666666666666666666666666666763,29,4,5,0,0,2026-08,-0.14641025641025641025641025641025641025641025641025641025641025641025641025641043,-0.053346653346653346653346653346653346653346653346653346653346653346653346653347258,AVAILABLE,AVAILABLE,AVAILABLE,10000,20260908,10000,0,-0.10700377368100867380022275598063340034698817548807173520157818890135128883367457,0.024088178116660449770514464457678676181103468713273376822376868919274109359362912,0.1017,AVAILABLE,WHOLE_SESSION
IMMEDIATE_CLOSE_BACK_1M,USD030_TARGET_2R_BE1R,COMMON_AVAILABLE_ATR_IDENTITIES,0.02,target_first,ATR050_TARGET_2R_BE1R,2293,2293,0,0,0,0,0,26,164,164,170,6,630,1663,0,0.27474923680767553423462712603576101177496729175752289576973397296118621892716965,1.9115873015873015873015873015873015873015873015873015873015873015873015873015794,-0.74208258167969532972539587091601523351373020645419923832431348967729003808379333,-0.012988806512574502107864515191161506032853612443669137956098270097397877598488348,-0.11666666666666666666666666666666666666666666666666666666666666666666666666666667,0.97586602741576068606928219326085488554257546086839084340603686947126747248293367,AVAILABLE,1204.2999999999999999999999999999999999999999999999999999999999999999999999999950,-1234.0833333333333333333333333333333333333333333333333333333333333333333333333483,81.849666666666666666666666666666666666666666666666666666666666666666666666666818,29,5,4,0,0,2026-08,-0.1310256410256410256410256410256410256410256410256410256410256410256410256410258,-0.024375624375624375624375624375624375624375624375624375624375624375624375624375862,AVAILABLE,AVAILABLE,AVAILABLE,10000,20260908,10000,0,-0.078425182729574661691409454961101637981484942534624629543704642330625613819111242,0.055781639210409044000375269725114926353316446195703161647434093254526691059198807,0.3554,AVAILABLE,WHOLE_SESSION
IMMEDIATE_CLOSE_BACK_1M,USD040_TARGET_2R_BE1R,COMMON_AVAILABLE_ATR_IDENTITIES,0,stop_first,ATR050_TARGET_2R_BE1R,2293,2293,0,0,0,0,0,9,164,164,170,6,613,1138,542,0.26733536851286524204099433057130396860008722197993894461404273877017008286088094,1.9392332789559543230016313213703099510603588907014681892332789559543230016313214,-0.97648286467486818980667838312829525483304042179261862917398945518453427065026362,0.033803968600087221979938944614042738770170082860880941997383340601831661578717837,0E-11,1.0697533155603550096176559916309519792123645935274862484392400364458542840751864,AVAILABLE,1188.7500000000,-1111.2375000000,74.2375000000,19,8,1,0,0,2026-07,-0.13147089397089397089397089397089397089397089397089397089397089397089397089397089,0.018533534909290819131390874106652006597031335898845519516217702034084661902144035,AVAILABLE,AVAILABLE,AVAILABLE,10000,20260908,10000,0,-0.029160511628018182848121426937187661617755570318023281049184766016112669507828645,0.10127502165168404118196237800958155792384502815349875465590706599516076406948083,0.8503,AVAILABLE,WHOLE_SESSION
IMMEDIATE_CLOSE_BACK_1M,USD040_TARGET_2R_BE1R,COMMON_AVAILABLE_ATR_IDENTITIES,0,target_first,ATR050_TARGET_2R_BE1R,2293,2293,0,0,0,0,0,9,164,164,170,6,622,1135,536,0.27126035761011774967291757522895769733972961186218927169646750981247274313126908,1.9401125401929260450160771704180064308681672025723472668810289389067524115755627,-0.97642070484581497797356828193832599118942731277533039647577092511013215859030837,0.042962276493676406454426515481901439162668992586131705189707806367204535542956825,0E-11,1.0888911447230399621019862619700199641322369979359117517680100159036307650661523,AVAILABLE,1206.7500000000,-1108.2375000000,74.2375000000,19,8,1,0,0,2026-07,-0.13147089397089397089397089397089397089397089397089397089397089397089397089397089,0.024580813633864760857614073666849917537108301264431006047278724573941726223199560,AVAILABLE,AVAILABLE,AVAILABLE,10000,20260908,10000,0,-0.021318963622983267653526238921650218180031651364537072740076195523847948393090296,0.11159523435656212109671079166515781731726169441492649510321153901384936397317287,0.9021,AVAILABLE,WHOLE_SESSION
IMMEDIATE_CLOSE_BACK_1M,USD040_TARGET_2R_BE1R,COMMON_AVAILABLE_ATR_IDENTITIES,0.01,stop_first,ATR050_TARGET_2R_BE1R,2293,2293,0,0,0,0,0,9,164,164,170,6,612,1680,1,0.26689925861317051897078063672045355429568251199302224160488443087658089838639337,1.9173611111111111111111111111111111111111111111111111111111111111111111111111111,-0.68645089285714285714285714285714285714285714285714285714285714285714285714285714,0.0088039686000872219799389446140427387701700828608809419973833406018316615787178369,-0.02500000000,1.0175050672563110374055647687488483508384005896443707388981020821816841717339230,AVAILABLE,1173.4250000000,-1153.2375000000,86.5375000000,26,6,3,0,0,2026-07,-0.15647089397089397089397089397089397089397089397089397089397089397089397089397089,-0.0064664650907091808686091258933479934029686641011544804837822979659153380978559648,AVAILABLE,AVAILABLE,AVAILABLE,10000,20260908,10000,0,-0.054160511628018182848121426937187661617755570318023281049184766016112669507828645,0.076275021651684041181962378009581557923845028153498754655907065995160764069480832,0.6072,AVAILABLE,WHOLE_SESSION
IMMEDIATE_CLOSE_BACK_1M,USD040_TARGET_2R_BE1R,COMMON_AVAILABLE_ATR_IDENTITIES,0.01,target_first,ATR050_TARGET_2R_BE1R,2293,2293,0,0,0,0,0,9,164,164,170,6,621,1671,1,0.27082424771042302660270388137810728303532490187527256868730920191888355865678151,1.9181964573268921095008051529790660225442834138486312399355877616747181964573269,-0.68821813285457809694793536804308797127468581687612208258527827648114901256732496,0.017962276493676406454426515481901439162668992586131705189707806367204535542956825,-0.02500000000,1.0358148280996945685372985076249171204660818904142346278844795165269942718013935,AVAILABLE,1191.2000000000,-1150.0125000000,86.5375000000,26,6,3,0,0,2026-07,-0.15647089397089397089397089397089397089397089397089397089397089397089397089397089,-0.00041918636613523914238592633315008246289169873556899395272127542605827377680043980,AVAILABLE,AVAILABLE,AVAILABLE,10000,20260908,10000,0,-0.046318963622983267653526238921650218180031651364537072740076195523847948393090296,0.086595234356562121096710791665157817317261694414926495103211539013849363973172867,0.7043,AVAILABLE,WHOLE_SESSION
IMMEDIATE_CLOSE_BACK_1M,USD040_TARGET_2R_BE1R,COMMON_AVAILABLE_ATR_IDENTITIES,0.02,stop_first,ATR050_TARGET_2R_BE1R,2293,2293,0,0,0,0,0,9,164,164,170,6,611,1682,0,0.26646314871347579590056694286960313999127780200610553859572612298299171391190580,1.8954787234042553191489361702127659574468085106382978723404255319148936170212766,-0.71062722948870392390011890606420927467300832342449464922711058263971462544589774,-0.016196031399912778020061055385957261229829917139119058002616659398168338421282163,-0.05000000000,0.96892974420112526406057183493338353098659304344188575850745644307795277237455816,AVAILABLE,1158.1375000000,-1195.2750000000,98.8375000000,26,4,5,0,0,2026-07,-0.18147089397089397089397089397089397089397089397089397089397089397089397089397089,-0.031466465090709180868609125893347993402968664101154480483782297965915338097855965,AVAILABLE,AVAILABLE,AVAILABLE,10000,20260908,10000,0,-0.079160511628018182848121426937187661617755570318023281049184766016112669507828645,0.051275021651684041181962378009581557923845028153498754655907065995160764069480832,0.3128,AVAILABLE,WHOLE_SESSION
IMMEDIATE_CLOSE_BACK_1M,USD040_TARGET_2R_BE1R,COMMON_AVAILABLE_ATR_IDENTITIES,0.02,target_first,ATR050_TARGET_2R_BE1R,2293,2293,0,0,0,0,0,9,164,164,170,6,620,1673,0,0.27038813781072830353249018752725686873092019188835586567815089402529437418229394,1.8962701612903225806451612903225806451612903225806451612903225806451612903225806,-0.71238792588164973102211595935445307830245068738792588164973102211595935445307830,-0.0070377235063235935455734845180985608373310074138682948102921936327954644570431749,-0.05000000000,0.98645984100014683363748872527426425859501185157216873282570847230088309944832505,AVAILABLE,1175.6875000000,-1191.8250000000,98.8375000000,26,4,5,0,0,2026-07,-0.18147089397089397089397089397089397089397089397089397089397089397089397089397089,-0.025419186366135239142385926333150082462891698735568993952721275426058273776800440,AVAILABLE,AVAILABLE,AVAILABLE,10000,20260908,10000,0,-0.071318963622983267653526238921650218180031651364537072740076195523847948393090296,0.061595234356562121096710791665157817317261694414926495103211539013849363973172867,0.4187,AVAILABLE,WHOLE_SESSION
IMMEDIATE_CLOSE_BACK_1M,ATR050_TARGET_2R_BE1R,COMMON_AVAILABLE_ATR_IDENTITIES,0,stop_first,ATR050_TARGET_2R_BE1R,2293,2293,0,0,0,0,0,8,164,164,170,6,569,1149,575,0.24814653292629742695159180113388573920627998255560401221107719145224596598342782,1.9787954374211682145910851456344706837282713465074690054835832642945164985146970,-0.98564721230276276317491016801989997611609139159292641151871133361478751018619304,-0.0028670052521716968101370846876804420043622384550905288769474247447932671387148875,-0.040775139777223539325229175839057615094047974117625833071827402330658796815999093,0.99419514980215251265885568282757606605578647236113346823741920791522269413564299,AVAILABLE,1125.9346038926447141023274478660138190413863961627498641201588773835798876548626,-1132.5086469358744148879717830548650725573890089402724468349993223233908492039358,89.730650190214228487040419936763050256842678094637988509226488585809497157542324,16,7,2,0,0,2026-07,-0.12833025123475765670960665037094559740811420484960832504801270306196187880375578,-0.020023460538323618523260410191874882657253717356805278567295735842732207784661864,AVAILABLE,AVAILABLE,AVAILABLE,10000,20260908,10000,0,-0.062062359078507557476140960342043803356605952042526840733819091642035723596723995,0.059336256889892956777083986471363305854151612219761584067734400449401061629860375,0.4609,AVAILABLE,WHOLE_SESSION
IMMEDIATE_CLOSE_BACK_1M,ATR050_TARGET_2R_BE1R,COMMON_AVAILABLE_ATR_IDENTITIES,0,target_first,ATR050_TARGET_2R_BE1R,2293,2293,0,0,0,0,0,8,164,164,170,6,577,1148,568,0.25163541212385521151330135194068905364151766245093763628434365460095944177932839,1.9790894348226078234009141210849459602103750366772094698789581930391332541678728,-0.98563470987445506523342489813141556842978136667271119062282170934093279547381167,0.0045468630426385953834957107767766011705178313224934222787438094462228689275738173,-0.013421551666370746886850547793979181921209035286845241514978162174239804690975868,1.0092142088220039610058862246307319867655711020597579814483040165368375157114036,AVAILABLE,1141.9346038926447141023274478660138190413863961627498641201588773835798876548626,-1131.5086469358744148879717830548650725573890089402724468349993223233908492039358,89.730650190214228487040419936763050256842678094637988509226488585809497157542324,16,7,2,0,0,2026-07,-0.12833025123475765670960665037094559740811420484960832504801270306196187880375578,-0.012766566488976738987701629350075172933015691231986700918529407831121177305706856,AVAILABLE,AVAILABLE,AVAILABLE,10000,20260908,10000,0,-0.055800250737985056516768694078061672707338348876019379179887192274802066621509107,0.068162164160434784045108930147610750008360688016820457546954392249226539501427016,0.5577,AVAILABLE,WHOLE_SESSION
IMMEDIATE_CLOSE_BACK_1M,ATR050_TARGET_2R_BE1R,COMMON_AVAILABLE_ATR_IDENTITIES,0.01,stop_first,ATR050_TARGET_2R_BE1R,2293,2293,0,0,0,0,0,8,164,164,170,6,569,1724,0,0.24814653292629742695159180113388573920627998255560401221107719145224596598342782,1.9516844070965409750486477193771143682738253077231434212267170174839510995322529,-0.68443458367468470773680455656156349511461159209175448795947613349754343751000748,-0.030290795733634810874649150975384819027380630035637213503765752813517972365198210,-0.067958566295372565542048626398429358490079956862709721786379003884431328026665155,0.94113657478440051893438968040424965989052234767274723681467894814497481438936385,AVAILABLE,1110.5084276379318148026805523255780755478066000944686066780019829483681756338519,-1179.9652222551564361382510555121354655775903847661847372421368541497648862672529,106.88637794314099743958789105642865206782517401908999451511439730595115796487196,43,4,5,0,0,2026-08,-0.16366941112141455691620732909742379137266698565459353114689727571350129375897409,-0.047994241452172516835724120807640377110572839681950853225714041100071640095994847,AVAILABLE,AVAILABLE,AVAILABLE,10000,20260908,10000,0,-0.089410449580950118567635124365575198087282649475988244146841464783274248199342748,0.031844393107670343505311953539159765403020072643614592730189888506148858072620355,0.1637,AVAILABLE,WHOLE_SESSION
IMMEDIATE_CLOSE_BACK_1M,ATR050_TARGET_2R_BE1R,COMMON_AVAILABLE_ATR_IDENTITIES,0.01,target_first,ATR050_TARGET_2R_BE1R,2293,2293,0,0,0,0,0,8,164,164,170,6,577,1716,0,0.25163541212385521151330135194068905364151766245093763628434365460095944177932839,1.9519621883075676004983162788070236169814160343678828376152433158860189601938775,-0.68691082591532116947733041728333917076227321474474622836138127299978417870936375,-0.022876927438824518681016355510927775852500560258053262348074518622501836298909498,-0.060470944043865100736240249407462775753172861327056425303249190232647095862854671,0.95549753115088668362886064295756081721200512125306879692930431066433203620585566,AVAILABLE,1126.2821826534665054875284928716526269982770518302683973039953932662329400318673,-1178.7389772706911268230989960582100170280608365019845278681302644676296506652682,106.82648554005719402546849793302368620810130092083252834518288955773198331019955,43,5,4,0,0,2026-08,-0.16366941112141455691620732909742379137266698565459353114689727571350129375897409,-0.040737347402825637300165339965840667386334813557132275576947713088460609617039862,AVAILABLE,AVAILABLE,AVAILABLE,10000,20260908,10000,0,-0.083286550869150542922703565426795698532032813860235328210792022308193598398912307,0.040789168543873281658514120646125569985239102155196917723315955202514836236381267,0.2305,AVAILABLE,WHOLE_SESSION
IMMEDIATE_CLOSE_BACK_1M,ATR050_TARGET_2R_BE1R,COMMON_AVAILABLE_ATR_IDENTITIES,0.02,stop_first,ATR050_TARGET_2R_BE1R,2293,2293,0,0,0,0,0,8,164,164,170,6,569,1724,0,0.24814653292629742695159180113388573920627998255560401221107719145224596598342782,1.9245733767719137355062102931197580528193792689388178369698507706733857005498107,-0.71196159952113599616504079348573425672725740173555512044621484105344485111981920,-0.057714586215097924939161217263089196050399021616183898130584080882242677591681509,-0.11946627937201861953211877805461728348781727951146146266372507783434941880967881,0.89218087339434457744018267409516365524343362538940900271488809301075304767163106,AVAILABLE,1095.0822513832189155030336567851423320542268040261873492358450885131564636128423,-1227.4217975744384573885303279694058585977917605920970276492743859761389233305683,150.29152147850535670074602371244513766457972985756007422623652774752583351467365,43,2,7,0,0,2026-08,-0.20415145588509594486873315267582916421007920654475564402963812491367849589370066,-0.075965022366021415148187831423405871563891962007096427884132346357411072407327823,AVAILABLE,AVAILABLE,AVAILABLE,10000,20260908,10000,0,-0.11721570148405123821254807907203764003344840900916652471367704690537757740729468,0.0048094458966674370193427434313609855581194499085771528329195571264421879932499737,0.0354,AVAILABLE,WHOLE_SESSION
IMMEDIATE_CLOSE_BACK_1M,ATR050_TARGET_2R_BE1R,COMMON_AVAILABLE_ATR_IDENTITIES,0.02,target_first,ATR050_TARGET_2R_BE1R,2293,2293,0,0,0,0,0,8,164,164,170,6,577,1716,0,0.25163541212385521151330135194068905364151766245093763628434365460095944177932839,1.9248349417925273775957184365291012737524570320585562053515284387329046662198839,-0.71443432844143813447449079782141897523236169234481154364875361690668324716002267,-0.050300717920287632745528421798632152875518951838599946974892846691226541525392800,-0.11763130997347579499570852475552378254241505892476108956505458827625278741989438,0.90591971146774134557792938321323353847927698723975708723314807186528021781539170,AVAILABLE,1110.6297614142882968727295378772914349551677074977869304878319091488859924088730,-1225.9693076055078387582262090615549614987326640636966089012612066118684521265989,133.29152147850535670074602371244513766457972985756007422623652774752583351467364,43,2,7,0,0,2026-08,-0.20415145588509594486873315267582916421007920654475564402963812491367849589370066,-0.068708128316674535612629050581606161839653935882277850235366018345800041928372840,AVAILABLE,AVAILABLE,AVAILABLE,10000,20260908,10000,0,-0.11115359242818683010315504855498713841851482383576533920132919392633088885544947,0.013458185513344570458998617719857696184969119420728396461077538343245360601548770,0.0578,AVAILABLE,WHOLE_SESSION
MOMENTUM_AWAY_025,USD025_TARGET_1R,COMMON_AVAILABLE_ATR_IDENTITIES,0,stop_first,ATR050_TARGET_1R,4125,4125,0,0,0,0,0,212,164,164,170,6,1916,2209,0,0.46448484848484848484848484848484848484848484848484848484848484848484848484848485,1.0000000000,-1.0000358533272974196468990493435943866002716161158895427795382526029877772747850,-0.071049503030303030303030303030303030303030303030303030303030303030303030303030303,-1.00000000000,0.86732970008499468918995751714107850909102761005580967853031253926975547096726998,AVAILABLE,1916.0000000000,-2209.0792000000,336.0792000000,31,2,7,0,0,2026-06,-0.18279569892473118279569892473118279569892473118279569892473118279569892473118280,-0.085756031843233312921004286589099816289038579301898346601347213717085119412124923,AVAILABLE,AVAILABLE,AVAILABLE,10000,20260908,10000,0,-0.12092820550621708172954157295893159799508246883501965059342404989579723973000599,-0.018876188803834027943842544624672836702411914963964488196213469720855607716170405,0.0031,AVAILABLE,WHOLE_SESSION
MOMENTUM_AWAY_025,USD025_TARGET_1R,COMMON_AVAILABLE_ATR_IDENTITIES,0,target_first,ATR050_TARGET_1R,4125,4125,0,0,0,0,0,212,164,164,170,6,2128,1997,0,0.51587878787878787878787878787878787878787878787878787878787878787878787878787879,1.0000000000,-1.0000396594892338507761642463695543314972458688032048072108162243365047571357036,0.031738375757575757575757575757575757575757575757575757575757575757575757575757576,1.00000000000,1.0655561381842042118309579309623774560367961370785895722112573201904060690232015,AVAILABLE,2128.0000000000,-1997.0792000000,69.0000000000,21,7,2,0,0,2026-06,-0.015053763440860215053763440860215053763440860215053763440860215053763440860215054,0.019762803843979649519502543810062182023742227247032221594120972300734878462408140,AVAILABLE,AVAILABLE,AVAILABLE,10000,20260908,10000,0,-0.014167208716704407743983244581074041785985150078136175564834132688451230341127159,0.077625720911158499550006871816243200226991607517323627077616056109487983188434068,0.9106,AVAILABLE,WHOLE_SESSION
MOMENTUM_AWAY_025,USD025_TARGET_1R,COMMON_AVAILABLE_ATR_IDENTITIES,0.01,stop_first,ATR050_TARGET_1R,4125,4125,0,0,0,0,0,212,164,164,170,6,1916,2209,0,0.46448484848484848484848484848484848484848484848484848484848484848484848484848485,0.9600000000,-1.0400358533272974196468990493435943866002716161158895427795382526029877772747850,-0.11104950303030303030303030303030303030303030303030303030303030303030303030303030,-1.04000000000,0.80061313483290439198565080634125159873654110193645168063642337085569010923118227,AVAILABLE,1839.3600000000,-2297.4392000000,482.2392000000,31,2,7,0,0,2026-06,-0.22279569892473118279569892473118279569892473118279569892473118279569892473118280,-0.12575603184323331292100428658909981628903857930189834660134721371708511941212492,AVAILABLE,AVAILABLE,AVAILABLE,10000,20260908,10000,0,-0.16092820550621708172954157295893159799508246883501965059342404989579723973000599,-0.058876188803834027943842544624672836702411914963964488196213469720855607716170405,0,AVAILABLE,WHOLE_SESSION
MOMENTUM_AWAY_025,USD025_TARGET_1R,COMMON_AVAILABLE_ATR_IDENTITIES,0.01,target_first,ATR050_TARGET_1R,4125,4125,0,0,0,0,0,212,164,164,170,6,2128,1997,0,0.51587878787878787878787878787878787878787878787878787878787878787878787878787879,0.9600000000,-1.0400396594892338507761642463695543314972458688032048072108162243365047571357036,-0.0082616242424242424242424242424242424242424242424242424242424242424242424242424242,0.96000000000,0.98359178167775274545595310683040860889323199030582786604570759021169024408375475,AVAILABLE,2042.8800000000,-2076.9592000000,112.9592000000,21,5,4,0,0,2026-06,-0.055053763440860215053763440860215053763440860215053763440860215053763440860215054,-0.020237196156020350480497456189937817976257772752967778405879027699265121537591860,AVAILABLE,AVAILABLE,AVAILABLE,10000,20260908,10000,0,-0.054167208716704407743983244581074041785985150078136175564834132688451230341127159,0.037625720911158499550006871816243200226991607517323627077616056109487983188434068,0.3681,AVAILABLE,WHOLE_SESSION
MOMENTUM_AWAY_025,USD025_TARGET_1R,COMMON_AVAILABLE_ATR_IDENTITIES,0.02,stop_first,ATR050_TARGET_1R,4125,4125,0,0,0,0,0,212,164,164,170,6,1916,2209,0,0.46448484848484848484848484848484848484848484848484848484848484848484848484848485,0.9200000000,-1.0800358533272974196468990493435943866002716161158895427795382526029877772747850,-0.15104950303030303030303030303030303030303030303030303030303030303030303030303030,-1.08000000000,0.73883837332161063680463971988925136700523665193617300232140240469524845175570517,AVAILABLE,1762.7200000000,-2385.7992000000,638.3192000000,31,1,8,0,0,2026-06,-0.26279569892473118279569892473118279569892473118279569892473118279569892473118280,-0.16575603184323331292100428658909981628903857930189834660134721371708511941212492,AVAILABLE,AVAILABLE,AVAILABLE,10000,20260908,10000,0,-0.20092820550621708172954157295893159799508246883501965059342404989579723973000599,-0.098876188803834027943842544624672836702411914963964488196213469720855607716170405,0,AVAILABLE,WHOLE_SESSION
MOMENTUM_AWAY_025,USD025_TARGET_1R,COMMON_AVAILABLE_ATR_IDENTITIES,0.02,target_first,ATR050_TARGET_1R,4125,4125,0,0,0,0,0,212,164,164,170,6,2128,1997,0,0.51587878787878787878787878787878787878787878787878787878787878787878787878787879,0.9200000000,-1.0800396594892338507761642463695543314972458688032048072108162243365047571357036,-0.048261624242424242424242424242424242424242424242424242424242424242424242424242424,0.92000000000,0.90769863604111052877748141817897226645361415908983850070974229325950678196130708,AVAILABLE,1957.7600000000,-2156.8392000000,223.2392000000,21,2,7,0,0,2026-06,-0.095053763440860215053763440860215053763440860215053763440860215053763440860215054,-0.060237196156020350480497456189937817976257772752967778405879027699265121537591860,AVAILABLE,AVAILABLE,AVAILABLE,10000,20260908,10000,0,-0.094167208716704407743983244581074041785985150078136175564834132688451230341127159,-0.0023742790888415004499931281837567997730083924826763729223839438905120168115659318,0.0211,AVAILABLE,WHOLE_SESSION
MOMENTUM_AWAY_025,USD030_TARGET_1R,COMMON_AVAILABLE_ATR_IDENTITIES,0,stop_first,ATR050_TARGET_1R,4125,4125,0,0,0,0,0,105,164,164,170,6,1950,2175,0,0.47272727272727272727272727272727272727272727272727272727272727272727272727272727,0.99959829059829059829059829059829059829059829059829059829059829059829059829059831,-1.0000000000,-0.054735353535353535353535353535353535353535353535353535353535353535353535353535353,-1.00000000000,0.89619157088122605363984674329501915708812260536398467432950191570881226053639848,AVAILABLE,1949.2166666666666666666666666666666666666666666666666666666666666666666666666667,-2175.0000000000,274.78333333333333333333333333333333333333333333333333333333333333333333333333333,28,4,5,0,0,2026-06,-0.16559139784946236559139784946236559139784946236559139784946236559139784946236559,-0.066988160849152888344560114309042661767707695448050622576035925699122269850989997,AVAILABLE,AVAILABLE,AVAILABLE,10000,20260908,10000,0,-0.10223876516106077016554908262116738983532936385332671310566869833979815035656337,-0.0064031269124564436222420774244018361137096542162107098338461729875417678543239886,0.0138,AVAILABLE,WHOLE_SESSION
MOMENTUM_AWAY_025,USD030_TARGET_1R,COMMON_AVAILABLE_ATR_IDENTITIES,0,target_first,ATR050_TARGET_1R,4125,4125,0,0,0,0,0,105,164,164,170,6,2055,2070,0,0.49818181818181818181818181818181818181818181818181818181818181818181818181818182,0.99961881589618815896188158961881589618815896188158961881589618815896188158961883,-1.0000000000,-0.0038262626262626262626262626262626262626262626262626262626262626262626262626262625,-1.00000000000,0.99237520128824476650563607085346215780998389694041867954911433172302737520128826,AVAILABLE,2054.2166666666666666666666666666666666666666666666666666666666666666666666666667,-2070.0000000000,121.78333333333333333333333333333333333333333333333333333333333333333333333333333,27,5,4,0,0,2026-07,-0.083474919093851132686084142394822006472491909385113268608414239482200647249190938,-0.020006595063124175617109478047861315244017335594497833050687770868664028641416995,AVAILABLE,AVAILABLE,AVAILABLE,10000,20260908,10000,0,-0.051398090970437887727188693172148004611324351985525616200373328268766993707368073,0.044349084002337426994961241536584002337426994961241536584002337426994961241536585,0.4429,AVAILABLE,WHOLE_SESSION
MOMENTUM_AWAY_025,USD030_TARGET_1R,COMMON_AVAILABLE_ATR_IDENTITIES,0.01,stop_first,ATR050_TARGET_1R,4125,4125,0,0,0,0,0,105,164,164,170,6,1950,2175,0,0.47272727272727272727272727272727272727272727272727272727272727272727272727272727,0.96626495726495726495726495726495726495726495726495726495726495726495726495728215,-1.0333333333333333333333333333333333333333333333333333333333333333333333333333135,-0.088068686868686868686868686868686868686868686868686868686868686868686868686866504,-1.0333333333333333333333333333333333333333333333333333333333333333333333333333333,0.83836114200964034111976269929551353355580274378939562476826103077493511308864802,AVAILABLE,1884.2166666666666666666666666666666666666666666666666666666666666666666666667002,-2247.4999999999999999999999999999999999999999999999999999999999999999999999999568,390.54999999999999999999999999999999999999999999999999999999999999999999999999174,28,3,6,0,0,2026-06,-0.19892473118279569892473118279569892473118279569892473118279569892473118279569867,-0.10032149418248622167789344764237599510104102878138395590936925903245560318432126,AVAILABLE,AVAILABLE,AVAILABLE,10000,20260908,10000,0,-0.13557209849439410349888241595450072316866269718666004643900203167313148368989669,-0.039736460245789776955575410757735169447042987549544043167179506320875101187657314,0.0001,AVAILABLE,WHOLE_SESSION
MOMENTUM_AWAY_025,USD030_TARGET_1R,COMMON_AVAILABLE_ATR_IDENTITIES,0.01,target_first,ATR050_TARGET_1R,4125,4125,0,0,0,0,0,105,164,164,170,6,2055,2070,0,0.49818181818181818181818181818181818181818181818181818181818181818181818181818182,0.96628548256285482562854825628548256285482562854825628548256285482562854825630350,-1.0333333333333333333333333333333333333333333333333333333333333333333333333333142,-0.037159595959595959595959595959595959595959595959595959595959595959595959595958642,-1.0333333333333333333333333333333333333333333333333333333333333333333333333333333,0.92833878759544958703443976936263051270063892784790400498675393486052672588440419,AVAILABLE,1985.7166666666666666666666666666666666666666666666666666666666666666666666667037,-2138.9999999999999999999999999999999999999999999999999999999999999999999999999603,182.21666666666666666666666666666666666666666666666666666666666666666666666666391,27,4,5,0,0,2026-07,-0.11680825242718446601941747572815533980582524271844660194174757281553398058252375,-0.053339928396457508950442811381194648577350668927831166384021104201997361974748991,AVAILABLE,AVAILABLE,AVAILABLE,10000,20260908,10000,0,-0.084731424303771221060522026505481337944657685318858949533706661602100327040701396,0.011015750669004093661627908203250669004093661627908203250669004093661627908203260,0.0652,AVAILABLE,WHOLE_SESSION
MOMENTUM_AWAY_025,USD030_TARGET_1R,COMMON_AVAILABLE_ATR_IDENTITIES,0.02,stop_first,ATR050_TARGET_1R,4125,4125,0,0,0,0,0,105,164,164,170,6,1950,2175,0,0.47272727272727272727272727272727272727272727272727272727272727272727272727272727,0.93293162393162393162393162393162393162393162393162393162393162393162393162391497,-1.0666666666666666666666666666666666666666666666666666666666666666666666666666869,-0.12140202020202020202020202020202020202020202020202020202020202020202020202020469,-1.0666666666666666666666666666666666666666666666666666666666666666666666666666667,0.78414511494252873563218390804597701149425287356321839080459770114942528735629294,AVAILABLE,1819.2166666666666666666666666666666666666666666666666666666666666666666666666342,-2320.0000000000000000000000000000000000000000000000000000000000000000000000000441,520.25000000000000000000000000000000000000000000000000000000000000000000000001081,28,1,8,0,0,2026-06,-0.23225806451612903225806451612903225806451612903225806451612903225806451612903301,-0.13365482751581955501122678097570932843437436211471728924270259236578893651765932,AVAILABLE,AVAILABLE,AVAILABLE,10000,20260908,10000,0,-0.16890543182772743683221574928783405650199603051999337977233536500646481702323001,-0.073069793579123110288908744091068502780376320882877376500512839654208434520990637,0,AVAILABLE,WHOLE_SESSION
MOMENTUM_AWAY_025,USD030_TARGET_1R,COMMON_AVAILABLE_ATR_IDENTITIES,0.02,target_first,ATR050_TARGET_1R,4125,4125,0,0,0,0,0,105,164,164,170,6,2055,2070,0,0.49818181818181818181818181818181818181818181818181818181818181818181818181818182,0.93295214922952149229521492295214922952149229521492295214922952149229521492293465,-1.0666666666666666666666666666666666666666666666666666666666666666666666666666863,-0.070492929292929292929292929292929292929292929292929292929292929292929292929294878,-1.0666666666666666666666666666666666666666666666666666666666666666666666666666667,0.86830464975845410628019323671497584541062801932367149758454106280193236714972620,AVAILABLE,1917.2166666666666666666666666666666666666666666666666666666666666666666666666307,-2208.0000000000000000000000000000000000000000000000000000000000000000000000000406,310.25000000000000000000000000000000000000000000000000000000000000000000000000784,27,3,6,0,0,2026-07,-0.15014158576051779935275080906148867313915857605177993527508090614886731391585869,-0.086673261729790842283776144714527981910684002261164499717354437535330695308085721,AVAILABLE,AVAILABLE,AVAILABLE,10000,20260908,10000,0,-0.11806475763710455439385535983881467127799101865219228286703999493543366037403471,-0.022317582664329239671705425130082664329239671705425130082664329239671705425130063,0.0014,AVAILABLE,WHOLE_SESSION
MOMENTUM_AWAY_025,USD040_TARGET_1R,COMMON_AVAILABLE_ATR_IDENTITIES,0,stop_first,ATR050_TARGET_1R,4125,4125,0,0,0,0,0,41,164,164,170,6,2029,2095,1,0.49187878787878787878787878787878787878787878787878787878787878787878787878787879,0.99821956628881222276983735830458353868900936421882700837851158206012814194184327,-0.99755489260143198090692124105011933174224343675417661097852028639618138424821002,-0.015633939393939393939393939393939393939393939393939393939393939393939393939393939,-1.00000000000,0.96914173199146839946360492421206506122966537512366155432555257425375410759721563,AVAILABLE,2025.3875000000,-2089.8775000000,138.8900000000,21,4,5,0,0,2026-07,-0.095740291262135922330097087378640776699029126213592233009708737864077669902912621,-0.031993263931414574402939375382731169626454378444580526638089406001224739742804654,AVAILABLE,AVAILABLE,AVAILABLE,10000,20260908,10000,0,-0.065534249776095183574091949316028241953703587630704001314874940628660652228114088,0.035001594111110093187805639875136533764871355332807047778304601103609400471790167,0.2714,AVAILABLE,WHOLE_SESSION
MOMENTUM_AWAY_025,USD040_TARGET_1R,COMMON_AVAILABLE_ATR_IDENTITIES,0,target_first,ATR050_TARGET_1R,4125,4125,0,0,0,0,0,41,164,164,170,6,2070,2054,1,0.50181818181818181818181818181818181818181818181818181818181818181818181818181818,0.99825483091787439613526570048309178743961352657004830917874396135265700483091787,-0.99750608568646543330087633885102239532619279454722492697176241480038948393378773,0.0042448484848484848484848484848484848484848484848484848484848484848484848484848485,1.00000000000,1.0085461429490050039594851327129123141817897848944116961604585925708101143186940,AVAILABLE,2066.3875000000,-2048.8775000000,110.8900000000,21,6,3,0,0,2026-07,-0.095740291262135922330097087378640776699029126213592233009708737864077669902912621,-0.0087232088181261481935088793631353337415799142682180036742192284139620330679730557,AVAILABLE,AVAILABLE,AVAILABLE,10000,20260908,10000,0,-0.044764446529918806244235545738324359913624248988686206133448061150292982038957058,0.054182790918594299261740159033840604596445301216585721925776907042596388212329728,0.5643,AVAILABLE,WHOLE_SESSION
MOMENTUM_AWAY_025,USD040_TARGET_1R,COMMON_AVAILABLE_ATR_IDENTITIES,0.01,stop_first,ATR050_TARGET_1R,4125,4125,0,0,0,0,0,41,164,164,170,6,2029,2096,0,0.49187878787878787878787878787878787878787878787878787878787878787878787878787879,0.97321956628881222276983735830458353868900936421882700837851158206012814194184327,-1.0220789599236641221374045801526717557251908396946564885496183206106870229007634,-0.040633939393939393939393939393939393939393939393939393939393939393939393939393939,-1.02500000000,0.92175850234155005595680298187326338441215015328312975326492482883286595690801028,AVAILABLE,1974.6625000000,-2142.2775000000,197.2650000000,21,3,6,0,0,2026-07,-0.12074029126213592233009708737864077669902912621359223300970873786407766990291262,-0.056993263931414574402939375382731169626454378444580526638089406001224739742804654,AVAILABLE,AVAILABLE,AVAILABLE,10000,20260908,10000,0,-0.090534249776095183574091949316028241953703587630704001314874940628660652228114088,0.010001594111110093187805639875136533764871355332807047778304601103609400471790167,0.0548,AVAILABLE,WHOLE_SESSION
MOMENTUM_AWAY_025,USD040_TARGET_1R,COMMON_AVAILABLE_ATR_IDENTITIES,0.01,target_first,ATR050_TARGET_1R,4125,4125,0,0,0,0,0,41,164,164,170,6,2070,2055,0,0.50181818181818181818181818181818181818181818181818181818181818181818181818181818,0.97325483091787439613526570048309178743961352657004830917874396135265700483091787,-1.0220206812652068126520681265206812652068126520681265206812652068126520681265207,-0.020755151515151515151515151515151515151515151515151515151515151515151515151515152,0.97500000000,0.95923585378424737025667151925780352600461135030192798246877458781741719150435483,AVAILABLE,2014.6375000000,-2100.2525000000,139.4400000000,21,5,4,0,0,2026-07,-0.12074029126213592233009708737864077669902912621359223300970873786407766990291262,-0.033723208818126148193508879363135333741579914268218003674219228413962033067973056,AVAILABLE,AVAILABLE,AVAILABLE,10000,20260908,10000,0,-0.069764446529918806244235545738324359913624248988686206133448061150292982038957058,0.029182790918594299261740159033840604596445301216585721925776907042596388212329728,0.2063,AVAILABLE,WHOLE_SESSION
MOMENTUM_AWAY_025,USD040_TARGET_1R,COMMON_AVAILABLE_ATR_IDENTITIES,0.02,stop_first,ATR050_TARGET_1R,4125,4125,0,0,0,0,0,41,164,164,170,6,2029,2096,0,0.49187878787878787878787878787878787878787878787878787878787878787878787878787879,0.94821956628881222276983735830458353868900936421882700837851158206012814194184327,-1.0470789599236641221374045801526717557251908396946564885496183206106870229007634,-0.065633939393939393939393939393939393939393939393939393939393939393939393939393939,-1.05000000000,0.87663791149269083954248403239200292525895034691885254211609678415165781760645926,AVAILABLE,1923.9375000000,-2194.6775000000,297.7650000000,21,2,7,0,0,2026-07,-0.14574029126213592233009708737864077669902912621359223300970873786407766990291262,-0.081993263931414574402939375382731169626454378444580526638089406001224739742804654,AVAILABLE,AVAILABLE,AVAILABLE,10000,20260908,10000,0,-0.11553424977609518357409194931602824195370358763070400131487494062866065222811409,-0.014998405888889906812194360124863466235128644667192952221695398896390599528209833,0.0052,AVAILABLE,WHOLE_SESSION
MOMENTUM_AWAY_025,USD040_TARGET_1R,COMMON_AVAILABLE_ATR_IDENTITIES,0.02,target_first,ATR050_TARGET_1R,4125,4125,0,0,0,0,0,41,164,164,170,6,2070,2055,0,0.50181818181818181818181818181818181818181818181818181818181818181818181818181818,0.94825483091787439613526570048309178743961352657004830917874396135265700483091787,-1.0470206812652068126520681265206812652068126520681265206812652068126520681265207,-0.045755151515151515151515151515151515151515151515151515151515151515151515151515152,0.95000000000,0.91228035521947920818078408088760717178043132466005384296305935855532614265248051,AVAILABLE,1962.8875000000,-2151.6275000000,216.5900000000,21,4,5,0,0,2026-07,-0.14574029126213592233009708737864077669902912621359223300970873786407766990291262,-0.058723208818126148193508879363135333741579914268218003674219228413962033067973056,AVAILABLE,AVAILABLE,AVAILABLE,10000,20260908,10000,0,-0.094764446529918806244235545738324359913624248988686206133448061150292982038957058,0.0041827909185942992617401590338406045964453012165857219257769070425963882123297275,0.0361,AVAILABLE,WHOLE_SESSION
MOMENTUM_AWAY_025,ATR050_TARGET_1R,COMMON_AVAILABLE_ATR_IDENTITIES,0,stop_first,ATR050_TARGET_1R,4125,4125,0,0,0,0,0,22,164,164,170,6,2048,2077,0,0.49648484848484848484848484848484848484848484848484848484848484848484848484848485,0.99969290349422889210207646126196261902602098823975154837797284094311903551376479,-0.99917070283628741152252886127967439823562967908033040295590942495855652194798989,-0.0067652081054031958078157217486992197260877235235963820269904236090700876009174975,-1.0,0.98655289099156927420501029256498354337050136770736262222440435527116194974211910,AVAILABLE,2047.3710663561807710250525926644994437652909839150111710780883782515077847321903,-2075.2775497909689537322924448778837251354028434498462469394238756389218960859750,107.09102381792236193303897792457351504769690573818691417115192247652989744265826,31,5,4,0,0,2026-07,-0.063173697850230517057726017477177375200497951404507133862204883728330935163257931,-0.016144547110514662165970898229806829568201709620476568997928597782144011741189331,AVAILABLE,AVAILABLE,AVAILABLE,10000,20260908,10000,0,-0.051456189577638489807955502321683122586684616492873655476593773115361968507444898,0.037771739779195923389026706901282830367293423377102241126464168342411428502149095,0.3827,AVAILABLE,WHOLE_SESSION
MOMENTUM_AWAY_025,ATR050_TARGET_1R,COMMON_AVAILABLE_ATR_IDENTITIES,0,target_first,ATR050_TARGET_1R,4125,4125,0,0,0,0,0,22,164,164,170,6,2070,2055,0,0.50181818181818181818181818181818181818181818181818181818181818181818181818181818,0.99969616732182645943239255684275335447598598256763824689762723587029361581265232,-0.99916182471579997748530045979459062050384566591233394011650796868074058203697080,0.0039014585612634708588509449179674469405789431430702846396762430575965790657491692,1.0,1.0078379645103752267758311785994355144696328062635782419017131690638344098739931,AVAILABLE,2069.3710663561807710250525926644994437652909839150111710780883782515077847321903,-2053.2775497909689537322924448778837251354028434498462469394238756389218960859750,93.037473642641328475197278829270907496761460668879839083436348965895052661727715,31,6,3,0,0,2026-01,-0.054708457955331826620697461797968356047171663302002241649412072754777301142329633,-0.0059693068617865671970619101009204530843125066809627193653678289862141078406805690,AVAILABLE,AVAILABLE,AVAILABLE,10000,20260908,10000,0,-0.040730227418313035994515017477008120655862271804173341692372376718797750091769605,0.048587356940784879071498644940203146460024134906316257212833239575758179995948975,0.5713,AVAILABLE,WHOLE_SESSION
MOMENTUM_AWAY_025,ATR050_TARGET_1R,COMMON_AVAILABLE_ATR_IDENTITIES,0.01,stop_first,ATR050_TARGET_1R,4125,4125,0,0,0,0,0,22,164,164,170,6,2048,2077,0,0.49648484848484848484848484848484848484848484848484848484848484848484848484848485,0.97387068770225379504622691439272755277826860773028138566835576857696913969766030,-1.0249052114812414437032103449475066345468688586325961036715955336338183463684588,-0.032543262019957019713186706855676424694291517757160201085360317408923129043995416,-1.0097877652933832709113607990012484394506866416978778777713875134234516467399521,0.93693842144363213163275385883319139155693133516171138909557631795396366303266079,AVAILABLE,1994.4871684142157722546727206763060280898941086316162778487926140456327981008083,-2128.7281242465384785715678864559712799538466193799021073259039233574407054072890,154.15011830889146288959951057515511176451487657981938311016469490264280785982338,31,3,6,0,0,2026-07,-0.089690226458253338929319395189305274778491497329165013214919001550985077612808874,-0.042782233434575325635223862229839821018360588170370704095191476389529203876863202,AVAILABLE,AVAILABLE,AVAILABLE,10000,20260908,10000,0,-0.077238968917553880989640857738866863138280060926709086959229666747206699709891424,0.011844173792748615386075801389387778381178412457943870950756127132696343774073081,0.0777,AVAILABLE,WHOLE_SESSION
MOMENTUM_AWAY_025,ATR050_TARGET_1R,COMMON_AVAILABLE_ATR_IDENTITIES,0.01,target_first,ATR050_TARGET_1R,4125,4125,0,0,0,0,0,22,164,164,170,6,2070,2055,0,0.50181818181818181818181818181818181818181818181818181818181818181818181818181818,0.97384729745541225644878627675506370515908949850402119063374334033506476670703415,-1.0248685457737353173556607098115071151062130280543112866612944154770763865644970,-0.021876595353290353046520040189009758027624851090493534418693650742256462377328738,0.93052453879451788125375578072909473856914645680124472173485093984084946948731984,0.95715267673554225212164298842132360170899767898668749234543630225495638768557481,AVAILABLE,2015.8639057327033708489875928829818696793152619033238646118487144935840670835607,-2106.1048615650260771658827586626471215432677726516096940889600238053919743900413,121.25217021962651682421761535359021363281572862998227821184371997901897358030479,31,5,4,0,0,2026-01,-0.083869424469917160470951848632505789658037715233449092070208842088350627716125697,-0.032606993185847230666314874100953444534471385230856854462630707593599299976354378,AVAILABLE,AVAILABLE,AVAILABLE,10000,20260908,10000,0,-0.066654830723466430425466915710275381113994160321938518039415903526669981948594527,0.022940788437686738400668155647188272709337273749556133355266850824637953299888128,0.1665,AVAILABLE,WHOLE_SESSION
MOMENTUM_AWAY_025,ATR050_TARGET_1R,COMMON_AVAILABLE_ATR_IDENTITIES,0.02,stop_first,ATR050_TARGET_1R,4125,4125,0,0,0,0,0,22,164,164,170,6,2048,2077,0,0.49648484848484848484848484848484848484848484848484848484848484848484848484848485,0.94804847191027869799037736752349248653051622722081122295873869621081924388155615,-1.0506397201261954758838918286153388708581080381848618043872816423090801707889292,-0.058321315934510843618557691962653629662495311990724020143730211208776170487073336,-1.0195755305867665418227215980024968789013732833957557555427750268469032934799042,0.88975447869006144652840803203575532304040375071736642644064118119573050344945639,AVAILABLE,1941.6032704722507734842928486881126124144972333482213846194968498397578114694270,-2182.1786987021080034108433280340588347722903953099579677123839710759595147286059,251.68106241643501263952596791211434682996108049639027756154039419963612059396322,31,2,7,0,0,2026-01,-0.11693664098450249432120623546704322326890376716489594249100561142192395428992176,-0.069419919758635989104476826229872812468519466720264839192454354996914396012537058,AVAILABLE,AVAILABLE,AVAILABLE,10000,20260908,10000,0,-0.10340032530928224109808188110953510706717556304640621960403676898518165929338324,-0.013729388844526135699509784637135771946933863423589599198677453041263766107851838,0.0043,AVAILABLE,WHOLE_SESSION
MOMENTUM_AWAY_025,ATR050_TARGET_1R,COMMON_AVAILABLE_ATR_IDENTITIES,0.02,target_first,ATR050_TARGET_1R,4125,4125,0,0,0,0,0,22,164,164,170,6,2070,2055,0,0.50181818181818181818181818181818181818181818181818181818181818181818181818181818,0.94799842758899805346517999666737405584219301444040413436985944479983591760141623,-1.0505752668316706572260209598284236097085803901962886332060808622734121910920246,-0.047654649267844176951891025295986962995828645324057353477063544542109503820406664,0.86104907758903576250751156145818947713829291360248944346970187968169893897463968,0.90894784437538558392872914544633037992032670092129407889541908679041301144392429,AVAILABLE,1962.3567451092259706729225931014642955933395398916365581456090507356603494349316,-2158.9321733390832005994730724474105179511327018533731412384961719718620526941105,207.68106241643501263952596791211434682996108049639027756154039419963612059396320,31,2,7,0,0,2026-01,-0.11303039098450249432120623546704322326890376716489594249100561142192395428992176,-0.059244679509907894135567838100986435984630263780750989559893586200984492112028256,AVAILABLE,AVAILABLE,AVAILABLE,10000,20260908,10000,0,-0.092427622654496471949866153876569286298846635133331670758016087878083800128851985,-0.0028786830518328515736962013613139863275714911115668358338463005409115987829579503,0.0188,AVAILABLE,WHOLE_SESSION
MOMENTUM_AWAY_025,USD025_TARGET_1.5R,COMMON_AVAILABLE_ATR_IDENTITIES,0,stop_first,ATR050_TARGET_1.5R,4125,4125,0,0,0,0,0,103,164,164,170,6,1582,2543,0,0.38351515151515151515151515151515151515151515151515151515151515151515151515151515,1.4986472819216182048040455120101137800252844500632111251580278128950695322376738,-1.0000311443177349587101848210774675580023594180102241447109712937475422729060165,-0.041750109090909090909090909090909090909090909090909090909090909090909090909090909,-1.00000000000,0.93227926208511319663186266475696077416700195573932577483233711321298998473975958,AVAILABLE,2370.8600000000,-2543.0792000000,231.8192000000,51,4,5,0,0,2026-07,-0.13084854368932038834951456310679611650485436893203883495145631067961165048543689,-0.059160808328230251071647274954072259644825474586650336803429271279853031230863442,AVAILABLE,AVAILABLE,AVAILABLE,10000,20260908,10000,0,-0.096438579739234195859758423759490802490914358325660376276077297512814555384407977,0.011990580703460634232633650628336000857692042608915402464333029567401576009128294,0.0686,AVAILABLE,WHOLE_SESSION
MOMENTUM_AWAY_025,USD025_TARGET_1.5R,COMMON_AVAILABLE_ATR_IDENTITIES,0,target_first,ATR050_TARGET_1.5R,4125,4125,0,0,0,0,0,103,164,164,170,6,1685,2440,0,0.40848484848484848484848484848484848484848484848484848484848484848484848484848485,1.4987299703264094955489614243323442136498516320474777448071216617210682492581602,-1.0000324590163934426229508196721311475409836065573770491803278688524590163934426,0.020674133333333333333333333333333333333333333333333333333333333333333333333333333,-1.00000000000,1.0349500130979355096342774447649076308670636592451589276282507551394233433078730,AVAILABLE,2525.3600000000,-2440.0792000000,132.8192000000,47,7,2,0,0,2026-07,-0.10050873786407766990291262135922330097087378640776699029126213592233009708737864,0.0059034905082669932639314145744029393753827311696264543784445805266380894060012247,AVAILABLE,AVAILABLE,AVAILABLE,10000,20260908,10000,0,-0.034269846955282443473623424382605673590686774534365128015088101127527384145109208,0.074595210638340878137993551884913350095396385606595386535101443572340702619901756,0.7634,AVAILABLE,WHOLE_SESSION
MOMENTUM_AWAY_025,USD025_TARGET_1.5R,COMMON_AVAILABLE_ATR_IDENTITIES,0.01,stop_first,ATR050_TARGET_1.5R,4125,4125,0,0,0,0,0,103,164,164,170,6,1582,2543,0,0.38351515151515151515151515151515151515151515151515151515151515151515151515151515,1.4586472819216182048040455120101137800252844500632111251580278128950695322376738,-1.0400311443177349587101848210774675580023594180102241447109712937475422729060165,-0.081750109090909090909090909090909090909090909090909090909090909090909090909090909,-1.04000000000,0.87249723910987268901170266536680743097623441507393075436501946915289448060934078,AVAILABLE,2307.5800000000,-2644.7992000000,375.8792000000,51,3,6,0,0,2026-07,-0.17084854368932038834951456310679611650485436893203883495145631067961165048543689,-0.099160808328230251071647274954072259644825474586650336803429271279853031230863442,AVAILABLE,AVAILABLE,AVAILABLE,10000,20260908,10000,0,-0.13643857973923419585975842375949080249091435832566037627607729751281455538440798,-0.028009419296539365767366349371663999142307957391084597535666970432598423990871706,0.002,AVAILABLE,WHOLE_SESSION
MOMENTUM_AWAY_025,USD025_TARGET_1.5R,COMMON_AVAILABLE_ATR_IDENTITIES,0.01,target_first,ATR050_TARGET_1.5R,4125,4125,0,0,0,0,0,103,164,164,170,6,1685,2440,0,0.40848484848484848484848484848484848484848484848484848484848484848484848484848485,1.4587299703264094955489614243323442136498516320474777448071216617210682492581602,-1.0400324590163934426229508196721311475409836065573770491803278688524590163934426,-0.019325866666666666666666666666666666666666666666666666666666666666666666666666667,-1.04000000000,0.96858578499599161312430664995008037264915124023556641832427045940243353060544453,AVAILABLE,2457.9600000000,-2537.6792000000,168.3792000000,47,6,3,0,0,2026-07,-0.14050873786407766990291262135922330097087378640776699029126213592233009708737864,-0.034096509491733006736068585425597060624617268830373545621555419473361910593998775,AVAILABLE,AVAILABLE,AVAILABLE,10000,20260908,10000,0,-0.074269846955282443473623424382605673590686774534365128015088101127527384145109208,0.034595210638340878137993551884913350095396385606595386535101443572340702619901756,0.2509,AVAILABLE,WHOLE_SESSION
MOMENTUM_AWAY_025,USD025_TARGET_1.5R,COMMON_AVAILABLE_ATR_IDENTITIES,0.02,stop_first,ATR050_TARGET_1.5R,4125,4125,0,0,0,0,0,103,164,164,170,6,1582,2543,0,0.38351515151515151515151515151515151515151515151515151515151515151515151515151515,1.4186472819216182048040455120101137800252844500632111251580278128950695322376738,-1.0800311443177349587101848210774675580023594180102241447109712937475422729060165,-0.12175010909090909090909090909090909090909090909090909090909090909090909090909091,-1.08000000000,0.81714338643618438931721285618538548720140023051723068238518048590375774544011926,AVAILABLE,2244.3000000000,-2746.5192000000,523.5992000000,51,1,8,0,0,2026-07,-0.21084854368932038834951456310679611650485436893203883495145631067961165048543689,-0.13916080832823025107164727495407225964482547458665033680342927127985303123086344,AVAILABLE,AVAILABLE,AVAILABLE,10000,20260908,10000,0,-0.17643857973923419585975842375949080249091435832566037627607729751281455538440798,-0.068009419296539365767366349371663999142307957391084597535666970432598423990871706,0,AVAILABLE,WHOLE_SESSION
MOMENTUM_AWAY_025,USD025_TARGET_1.5R,COMMON_AVAILABLE_ATR_IDENTITIES,0.02,target_first,ATR050_TARGET_1.5R,4125,4125,0,0,0,0,0,103,164,164,170,6,1685,2440,0,0.40848484848484848484848484848484848484848484848484848484848484848484848484848485,1.4187299703264094955489614243323442136498516320474777448071216617210682492581602,-1.0800324590163934426229508196721311475409836065573770491803278688524590163934426,-0.059325866666666666666666666666666666666666666666666666666666666666666666666666667,-1.08000000000,0.90713727790209098147930587392789348468276150777496365470497395494185208155553309,AVAILABLE,2390.5600000000,-2635.2792000000,277.9192000000,47,2,7,0,0,2026-07,-0.18050873786407766990291262135922330097087378640776699029126213592233009708737864,-0.074096509491733006736068585425597060624617268830373545621555419473361910593998775,AVAILABLE,AVAILABLE,AVAILABLE,10000,20260908,10000,0,-0.11426984695528244347362342438260567359068677453436512801508810112752738414510920,-0.0054047893616591218620064481150866499046036143934046134648985564276592973800982441,0.0156,AVAILABLE,WHOLE_SESSION
MOMENTUM_AWAY_025,USD030_TARGET_1.5R,COMMON_AVAILABLE_ATR_IDENTITIES,0,stop_first,ATR050_TARGET_1.5R,4125,4125,0,0,0,0,0,54,164,164,170,6,1604,2521,0,0.38884848484848484848484848484848484848484848484848484848484848484848484848484848,1.4978595178719866999168744804655029093931837073981712385702410640066500415627598,-1.0000000000,-0.028711111111111111111111111111111111111111111111111111111111111111111111111111113,-1.00000000000,0.95302128784873727356868967341002247785270395345762263651989951077614703160121646,AVAILABLE,2402.5666666666666666666666666666666666666666666666666666666666666666666666666667,-2521.0000000000,187.06666666666666666666666666666666666666666666666666666666666666666666666666667,38,5,4,0,0,2026-07,-0.11961974110032362459546925566343042071197411003236245954692556634304207119741101,-0.042801959675899755040512530619935933672508008290936498963632937629545882796306764,AVAILABLE,AVAILABLE,AVAILABLE,10000,20260908,10000,0,-0.083799603437195392756228830134814580583278125295676130504069440441456185284050379,0.027164041738354574400308234893032952218045126682840124225761352387988453023944779,0.1587,AVAILABLE,WHOLE_SESSION
MOMENTUM_AWAY_025,USD030_TARGET_1.5R,COMMON_AVAILABLE_ATR_IDENTITIES,0,target_first,ATR050_TARGET_1.5R,4125,4125,0,0,0,0,0,54,164,164,170,6,1658,2467,0,0.40193939393939393939393939393939393939393939393939393939393939393939393939393939,1.4979292320064334539605950944913550462404503417772416566143948532368315239244069,-1.0000000000,0.0040161616161616161616161616161616161616161616161616161616161616161616161616161610,-1.00000000000,1.0067153087420618835292528036751790298608296176192406431563302256451830833671126,AVAILABLE,2483.5666666666666666666666666666666666666666666666666666666666666666666666666667,-2467.0000000000,153.56666666666666666666666666666666666666666666666666666666666666666666666666667,31,6,3,0,0,2026-07,-0.11355177993527508090614886731391585760517799352750809061488673139158576051779936,-0.0095911060863011117392123610325984548709251931411343508573582061428302242321462219,AVAILABLE,AVAILABLE,AVAILABLE,10000,20260908,10000,0,-0.053711281402845709204090706980880391285015562472209871053801689639839928857269898,0.062409112475175543101160837192437778334732694055146904828803721991462957034269326,0.553,AVAILABLE,WHOLE_SESSION
MOMENTUM_AWAY_025,USD030_TARGET_1.5R,COMMON_AVAILABLE_ATR_IDENTITIES,0.01,stop_first,ATR050_TARGET_1.5R,4125,4125,0,0,0,0,0,54,164,164,170,6,1604,2521,0,0.38884848484848484848484848484848484848484848484848484848484848484848484848484848,1.4645261845386533665835411471321695760598503740648379052369077306733167082294468,-1.0333333333333333333333333333333333333333333333333333333333333333333333333333116,-0.062044444444444444444444444444444444444444444444444444444444444444444444444442822,-1.0333333333333333333333333333333333333333333333333333333333333333333333333333333,0.90175429617023454594311013294775498714027971491087765991478036109582730867170553,AVAILABLE,2349.1000000000000000000000000000000000000000000000000000000000000000000000000326,-2605.0333333333333333333333333333333333333333333333333333333333333333333333332786,298.93333333333333333333333333333333333333333333333333333333333333333333333332796,38,3,6,0,0,2026-07,-0.15295307443365695792880258899676375404530744336569579288025889967637540453074294,-0.076135293009233088373845863953269267005841341624269832296966270962879216129638383,AVAILABLE,AVAILABLE,AVAILABLE,10000,20260908,10000,0,-0.11713293677052872608956216346814791391661145862900946383740277377478951861738370,-0.0061692915949787589330250984403003811152882066504932091075719809453448803093885462,0.0157,AVAILABLE,WHOLE_SESSION
MOMENTUM_AWAY_025,USD030_TARGET_1.5R,COMMON_AVAILABLE_ATR_IDENTITIES,0.01,target_first,ATR050_TARGET_1.5R,4125,4125,0,0,0,0,0,54,164,164,170,6,1658,2467,0,0.40193939393939393939393939393939393939393939393939393939393939393939393939393939,1.4645958986731001206272617611580217129071170084439083232810615199034981905910943,-1.0333333333333333333333333333333333333333333333333333333333333333333333333333119,-0.029317171717171717171717171717171717171717171717171717171717171717171717171716373,-1.0333333333333333333333333333333333333333333333333333333333333333333333333333333,0.95256090066294441466061691750460922891849837205957346653242151235011833623184153,AVAILABLE,2428.3000000000000000000000000000000000000000000000000000000000000000000000000344,-2549.2333333333333333333333333333333333333333333333333333333333333333333333332804,187.86666666666666666666666666666666666666666666666666666666666666666666666666559,31,5,4,0,0,2026-07,-0.14688511326860841423948220064724919093851132686084142394822006472491909385113138,-0.042924439419634445072545694365931788204258526474467684190691539476163557565478477,AVAILABLE,AVAILABLE,AVAILABLE,10000,20260908,10000,0,-0.087044614736179042537424040314213724618348895805543204387135022973173262190603221,0.029075779141842209767827503859104445001399360721813571495470388658129623700936001,0.1609,AVAILABLE,WHOLE_SESSION
MOMENTUM_AWAY_025,USD030_TARGET_1.5R,COMMON_AVAILABLE_ATR_IDENTITIES,0.02,stop_first,ATR050_TARGET_1.5R,4125,4125,0,0,0,0,0,54,164,164,170,6,1604,2521,0,0.38884848484848484848484848484848484848484848484848484848484848484848484848484848,1.4311928512053200332502078137988362427265170407315045719035743973399833748960730,-1.0666666666666666666666666666666666666666666666666666666666666666666666666666887,-0.095377777777777777777777777777777777777777777777777777777777777777777777777780611,-1.0666666666666666666666666666666666666666666666666666666666666666666666666666667,0.85369149147163823879412931376437921459738199127330424434748115827052756842519844,AVAILABLE,2295.6333333333333333333333333333333333333333333333333333333333333333333333333011,-2689.0666666666666666666666666666666666666666666666666666666666666666666666667223,420.43333333333333333333333333333333333333333333333333333333333333333333333334370,38,2,7,0,0,2026-07,-0.18628640776699029126213592233009708737864077669902912621359223300970873786407930,-0.10946862634256642170717919728660260033917467495760316563029960429621254946297618,AVAILABLE,AVAILABLE,AVAILABLE,10000,20260908,10000,0,-0.15046627010386205942289549680148124724994479196234279717073610710812285195071702,-0.039502624928312092266358431773633714448621539983826542440905314278678213642721871,0.0005,AVAILABLE,WHOLE_SESSION
MOMENTUM_AWAY_025,USD030_TARGET_1.5R,COMMON_AVAILABLE_ATR_IDENTITIES,0.02,target_first,ATR050_TARGET_1.5R,4125,4125,0,0,0,0,0,54,164,164,170,6,1658,2467,0,0.40193939393939393939393939393939393939393939393939393939393939393939393939393939,1.4312625653397667872939284278246883795737836751105749899477281865701648572577197,-1.0666666666666666666666666666666666666666666666666666666666666666666666666666885,-0.062650505050505050505050505050505050505050505050505050505050505050505050505052225,-1.0666666666666666666666666666666666666666666666666666666666666666666666666666667,0.90179114308877178759627077421970004053506282934738548844750709363599513579242910,AVAILABLE,2373.0333333333333333333333333333333333333333333333333333333333333333333333332993,-2631.4666666666666666666666666666666666666666666666666666666666666666666666667205,300.43333333333333333333333333333333333333333333333333333333333333333333333333911,31,4,5,0,0,2026-07,-0.18021844660194174757281553398058252427184466019417475728155339805825242718446754,-0.076257772752967778405879027699265121537591859807801017524024872809496890898814791,AVAILABLE,AVAILABLE,AVAILABLE,10000,20260908,10000,0,-0.12037794806951237587075737364754705795168222913887653772046835630650659552393655,-0.0042575541914911235655058294742288883319339726115197618378629446752037096323973228,0.0175,AVAILABLE,WHOLE_SESSION
MOMENTUM_AWAY_025,USD040_TARGET_1.5R,COMMON_AVAILABLE_ATR_IDENTITIES,0,stop_first,ATR050_TARGET_1.5R,4125,4125,0,0,0,0,0,26,164,164,170,6,1631,2493,1,0.39539393939393939393939393939393939393939393939393939393939393939393939393939394,1.4794527896995708154506437768240343347639484978540772532188841201716738197424893,-0.99729342158042519053349378259125551544324107501002807862013638186923385479342158,-0.017761212121212121212121212121212121212121212121212121212121212121212121212121212,-1.00000000000,0.97053195522176448289141991812979574681171763527638484023646029516310189733343657,AVAILABLE,2412.9875000000,-2486.2525000000,220.6900000000,31,5,4,0,0,2026-07,-0.16042475728155339805825242718446601941747572815533980582524271844660194174757282,-0.036863429031392540917628119130668097665682854843037295411859404346659511671585726,AVAILABLE,AVAILABLE,AVAILABLE,10000,20260908,10000,0,-0.077960359417384125486496049062389432716122184219837244958131855171600424578370090,0.043792232401391829087281310071294741708640533372265615495048300362556877630970631,0.28,AVAILABLE,WHOLE_SESSION
MOMENTUM_AWAY_025,USD040_TARGET_1.5R,COMMON_AVAILABLE_ATR_IDENTITIES,0,target_first,ATR050_TARGET_1.5R,4125,4125,0,0,0,0,0,26,164,164,170,6,1657,2467,1,0.40169696969696969696969696969696969696969696969696969696969696969696969696969697,1.4797751961375980687990343995171997585998792999396499698249849124924562462281231,-0.99726489663558978516416700445885691122821240372922578029995946493717065261451155,-0.0020036363636363636363636363636363636363636363636363636363636363636363636363636364,-1.00000000000,0.99664058872006023771950236815123650926073644879946265678014756615428700915861278,AVAILABLE,2451.9875000000,-2460.2525000000,202.6900000000,31,6,3,0,0,2026-07,-0.16042475728155339805825242718446601941747572815533980582524271844660194174757282,-0.022106251676951972095519184330560772739468741615240139522404078347196136302656292,AVAILABLE,AVAILABLE,AVAILABLE,10000,20260908,10000,0,-0.063863874356195814984258979724518967834009800673116961933103799128550362994961528,0.061196483560284766994414966115770588869236669772985172083705774582707315063108981,0.4788,AVAILABLE,WHOLE_SESSION
MOMENTUM_AWAY_025,USD040_TARGET_1.5R,COMMON_AVAILABLE_ATR_IDENTITIES,0.01,stop_first,ATR050_TARGET_1.5R,4125,4125,0,0,0,0,0,26,164,164,170,6,1630,2494,1,0.39515151515151515151515151515151515151515151515151515151515151515151515151515152,1.4553450920245398773006134969325153374233128834355828220858895705521472392638037,-1.0218935445068163592622293504410585404971932638331996792301523656776263031275060,-0.042761212121212121212121212121212121212121212121212121212121212121212121212121212,-1.02500000000,0.93078952092372192211221640094914762109822932371760602133914566904803711053410644,AVAILABLE,2372.2125000000,-2548.6025000000,250.1900000000,31,4,5,0,0,2026-07,-0.18542475728155339805825242718446601941747572815533980582524271844660194174757282,-0.061863429031392540917628119130668097665682854843037295411859404346659511671585726,AVAILABLE,AVAILABLE,AVAILABLE,10000,20260908,10000,0,-0.10296035941738412548649604906238943271612218421983724495813185517160042457837009,0.018792232401391829087281310071294741708640533372265615495048300362556877630970631,0.0835,AVAILABLE,WHOLE_SESSION
MOMENTUM_AWAY_025,USD040_TARGET_1.5R,COMMON_AVAILABLE_ATR_IDENTITIES,0.01,target_first,ATR050_TARGET_1.5R,4125,4125,0,0,0,0,0,26,164,164,170,6,1656,2468,1,0.40145454545454545454545454545454545454545454545454545454545454545454545454545455,1.4556536835748792270531400966183574879227053140096618357487922705314009661835749,-1.0218608184764991896272285251215559157212317666126418152350081037277147487844408,-0.027003636363636363636363636363636363636363636363636363636363636363636363636363636,-1.02500000000,0.95583184060762444970712176379214120805209455768893347515466687021266260962488389,AVAILABLE,2410.5625000000,-2521.9525000000,227.9900000000,31,5,4,0,0,2026-07,-0.18542475728155339805825242718446601941747572815533980582524271844660194174757282,-0.047106251676951972095519184330560772739468741615240139522404078347196136302656292,AVAILABLE,AVAILABLE,AVAILABLE,10000,20260908,10000,0,-0.088863874356195814984258979724518967834009800673116961933103799128550362994961528,0.036196483560284766994414966115770588869236669772985172083705774582707315063108981,0.1963,AVAILABLE,WHOLE_SESSION
MOMENTUM_AWAY_025,USD040_TARGET_1.5R,COMMON_AVAILABLE_ATR_IDENTITIES,0.02,stop_first,ATR050_TARGET_1.5R,4125,4125,0,0,0,0,0,26,164,164,170,6,1629,2496,0,0.39490909090909090909090909090909090909090909090909090909090909090909090909090909,1.4312308164518109269490484960098219766728054020871700429711479435236341313689380,-1.0460697115384615384615384615384615384615384615384615384615384615384615384615385,-0.067761212121212121212121212121212121212121212121212121212121212121212121212121212,-1.05000000000,0.89294673667842465884587838329522518278507386087269579737953802963626823542028120,AVAILABLE,2331.4750000000,-2610.9900000000,320.4400000000,31,3,6,0,0,2026-07,-0.21042475728155339805825242718446601941747572815533980582524271844660194174757282,-0.086863429031392540917628119130668097665682854843037295411859404346659511671585726,AVAILABLE,AVAILABLE,AVAILABLE,10000,20260908,10000,0,-0.12796035941738412548649604906238943271612218421983724495813185517160042457837009,-0.0062077675986081709127186899287052582913594666277343845049516996374431223690293696,0.0146,AVAILABLE,WHOLE_SESSION
MOMENTUM_AWAY_025,USD040_TARGET_1.5R,COMMON_AVAILABLE_ATR_IDENTITIES,0.02,target_first,ATR050_TARGET_1.5R,4125,4125,0,0,0,0,0,26,164,164,170,6,1655,2470,0,0.40121212121212121212121212121212121212121212121212121212121212121212121212121212,1.4315256797583081570996978851963746223564954682779456193353474320241691842900302,-1.0460283400809716599190283400809716599190283400809716599190283400809716599190283,-0.052003636363636363636363636363636363636363636363636363636363636363636363636363636,-1.05000000000,0.91697339851143132496545638215110945972620554323467598667022746536929740022990374,AVAILABLE,2369.1750000000,-2583.6900000000,267.9400000000,31,4,5,0,0,2026-07,-0.21042475728155339805825242718446601941747572815533980582524271844660194174757282,-0.072106251676951972095519184330560772739468741615240139522404078347196136302656292,AVAILABLE,AVAILABLE,AVAILABLE,10000,20260908,10000,0,-0.11386387435619581498425897972451896783400980067311696193310379912855036299496153,0.011196483560284766994414966115770588869236669772985172083705774582707315063108981,0.0527,AVAILABLE,WHOLE_SESSION
MOMENTUM_AWAY_025,ATR050_TARGET_1.5R,COMMON_AVAILABLE_ATR_IDENTITIES,0,stop_first,ATR050_TARGET_1.5R,4125,4125,0,0,0,0,0,7,164,164,170,6,1638,2487,0,0.39709090909090909090909090909090909090909090909090909090909090909090909090909091,1.4983629931139328550866959534008445521084136513141747156821126987305245546618074,-0.99903512370348884830872258369578535005111851675446247094410233697748504746864318,-0.0073410351345344846331600227832326761754061067432072681092562209799772345499333299,-1.0,0.98781221700397406179364360696655604999002516081484296203280724264997776886383541,AVAILABLE,2454.3185827206220166320079716705833763535815608526181842873006005205992205360406,-2484.6003526505767657437930656514181655771317511683481652379825120630053130545156,171.66373521508073861118274858125808033000362910372649495427064816481528409113383,34,7,2,0,0,2026-07,-0.12946770461289970411596081086551132281365592280602006574428534392119529369409059,-0.022550900521067381044299660234767025541658342655204329107565131103635403337213002,AVAILABLE,AVAILABLE,AVAILABLE,10000,20260908,10000,0,-0.068823514449692111583956875962971718020923090875823394513850857144296297650231863,0.052245547485155005782959761391715964381219500477846052569665485317557659396699101,0.4099,AVAILABLE,WHOLE_SESSION
MOMENTUM_AWAY_025,ATR050_TARGET_1.5R,COMMON_AVAILABLE_ATR_IDENTITIES,0,target_first,ATR050_TARGET_1.5R,4125,4125,0,0,0,0,0,7,164,164,170,6,1645,2480,0,0.39878787878787878787878787878787878787878787878787878787878787878787878787878788,1.4983699591006820769799440557267984050781650825851782275302739212891180671951615,-0.99903240026232934102572301034331377644239183514852748598305746454153440042520786,-0.0030986108921102422089175985408084337511636825007830256850137967375529921256909057,-1.0,0.99484106873157302962294810343546751298215298572583304399070039226270709353854010,AVAILABLE,2464.8185827206220166320079716705833763535815608526181842873006005205992205360406,-2477.6003526505767657437930656514181655771317511683481652379825120630053130545155,171.66373521508073861118274858125808033000362910372649495427064816481528409113383,34,7,2,0,0,2026-07,-0.12946770461289970411596081086551132281365592280602006574428534392119529369409059,-0.017604603177935668212191124338780592528656646781829541091736979605613922274465686,AVAILABLE,AVAILABLE,AVAILABLE,10000,20260908,10000,0,-0.065026598169554234923546472742981195361801884509635865947603273520435198103449398,0.056479954769240104460210704622242041381267735470442708047463480387929054073770565,0.4685,AVAILABLE,WHOLE_SESSION
MOMENTUM_AWAY_025,ATR050_TARGET_1.5R,COMMON_AVAILABLE_ATR_IDENTITIES,0.01,stop_first,ATR050_TARGET_1.5R,4125,4125,0,0,0,0,0,7,164,164,170,6,1638,2487,0,0.39709090909090909090909090909090909090909090909090909090909090909090909090909091,1.4725156791990514618663017761455828820818722186643381560735313528480698457486604,-1.0247675612607702321103509114891759230267380521517356792178938799485075576226286,-0.033119089049088308538531007890209881143609900976771087167626114779830275993011222,-1.0163302227811369018332034423372426427237938573943025079097615698200832207955450,0.94639550844815006783158619417010120980298304968410968079798473541388185977245642,AVAILABLE,2411.9806825280462945370023093264647608501066941721858996484443559651384073363057,-2548.5969248555355672584427168735805205674975357013666342149020794319382958074774,197.65099852378704394916957521540602107441621097739791548847896841290818451863560,34,5,4,0,0,2026-07,-0.15598423322092252598755418857763922239164946873067794509699946174384943614364147,-0.049188586845128044513552624234800016991817221205098464204828009711020595472886865,AVAILABLE,AVAILABLE,AVAILABLE,10000,20260908,10000,0,-0.094487775435344657485705402900781970285283988276327142453799174944592245730664680,0.026439025173306093390693028756633774661021816361048974240621664200086128088529524,0.1393,AVAILABLE,WHOLE_SESSION
MOMENTUM_AWAY_025,ATR050_TARGET_1.5R,COMMON_AVAILABLE_ATR_IDENTITIES,0.01,target_first,ATR050_TARGET_1.5R,4125,4125,0,0,0,0,0,7,164,164,170,6,1645,2480,0,0.39878787878787878787878787878787878787878787878787878787878787878787878787878788,1.4724832796004940337242316698457034310908301082564431643536232534304220394415027,-1.0247384021251217573378231872755233483313735361334797338420032158709048965130821,-0.028876664806664066114288583647785638719367476734346844743383690537406033568768798,-1.0162748054746661274984159385853736649980302512251610480417609406466212283797163,0.95312877630585469159460946287653014152562701691804401797839926289835241507321453,AVAILABLE,2422.2349949428126854763610968961821441444155280818490053617102518930442548812720,-2541.3512372703019581978015044432979038618063696110297399281679753598441433524437,197.65099852378704394916957521540602107441621097739791548847896841290818451863561,34,5,4,0,0,2026-07,-0.15598423322092252598755418857763922239164946873067794509699946174384943614364147,-0.044242289501996331681444088338813583978815525331723676188999858212999114410139545,AVAILABLE,AVAILABLE,AVAILABLE,10000,20260908,10000,0,-0.090592737207745395322706639054694131553710097180823058025046818681796403360284869,0.030615315461585673279380769132878462872765402353786592339330961001156145392872381,0.1714,AVAILABLE,WHOLE_SESSION
MOMENTUM_AWAY_025,ATR050_TARGET_1.5R,COMMON_AVAILABLE_ATR_IDENTITIES,0.02,stop_first,ATR050_TARGET_1.5R,4125,4125,0,0,0,0,0,7,164,164,170,6,1638,2487,0,0.39709090909090909090909090909090909090909090909090909090909090909090909090909091,1.4466683652841700686459075988903212120553307860145015964649500069656151368355140,-1.0504999988180516159119792392825664960023575875490088874916854229195300677766148,-0.058897142963642132443901992997187086111813695210334906225996008579683317436089171,-1.0326604455622738036664068846744852854475877147886050158195231396401664415910900,0.90700783914590050965767174517812884826055091901810454799197618098273690869541708,AVAILABLE,2369.6427823354705724419966469823461453466318274917536150095881114096775941365720,-2612.5934970604943687730923680957428755578633202343851031918216468008712785604410,273.49799092843890536756861798392233632831624409083876948956660282556253306715937,34,2,7,0,0,2026-07,-0.18250076182894534785914756628976712196964301465533582444971357956650357859319245,-0.075826273169188707982805588234833008441976099754992599302090888318405787608560709,AVAILABLE,AVAILABLE,AVAILABLE,10000,20260908,10000,0,-0.11997984752507827701526366325637352895819527097291419635442005262921544342331114,0.00052826807556755938622612946418129822448097161540319404730505298167907818672307559,0.0264,AVAILABLE,WHOLE_SESSION
MOMENTUM_AWAY_025,ATR050_TARGET_1.5R,COMMON_AVAILABLE_ATR_IDENTITIES,0.02,target_first,ATR050_TARGET_1.5R,4125,4125,0,0,0,0,0,7,164,164,170,6,1645,2480,0,0.39878787878787878787878787878787878787878787878787878787878787878787878787878788,1.4465966001003059904685192839646084571034951339277081011769725855717260116878447,-1.0504444039879141736499233642077329202203552371184319817009489672002753926009571,-0.054654718721217890019659568754762843687571270967910663801753584337259075011846737,-1.0325496109493322549968318771707473299960605024503220960835218812932424567594326,0.91345801270874667643383474954838304314877480710795325717813193153156549043960299,AVAILABLE,2379.6514071650033543207142221217809119352494953110798264361199032654892892265046,-2605.1021218900271506518099432351776421464809880537113146183534386566829736503735,258.49799092843890536756861798392233632831624409083876948956660282556253306715933,34,3,6,0,0,2026-07,-0.18250076182894534785914756628976712196964301465533582444971357956650357859319245,-0.070879975826056995150697052338846575428974403881617811286262736820384306545813366,AVAILABLE,AVAILABLE,AVAILABLE,10000,20260908,10000,0,-0.11631138283018911003855898875099551508481027604927590491139862997475110519802032,0.0046987171857010151540253935448046830565445046470664598962769114418653142991929343,0.0357,AVAILABLE,WHOLE_SESSION
MOMENTUM_AWAY_025,USD025_TARGET_2R,COMMON_AVAILABLE_ATR_IDENTITIES,0,stop_first,ATR050_TARGET_2R,4125,4125,0,0,0,0,0,78,164,164,170,6,1327,2798,0,0.32169696969696969696969696969696969696969696969696969696969696969696969696969697,1.9883948756593820648078372268274302938960060286360211002260738507912584777694047,-1.0000283059328091493924231593995711222301644031451036454610436025732666190135811,-0.038661624242424242424242424242424242424242424242424242424242424242424242424242424,-1.00000000000,0.94300404363107377375165077528899110504091521069167734780345030976964483349863721,AVAILABLE,2638.6000000000,-2798.0792000000,214.5592000000,51,5,4,0,0,2026-07,-0.17465922330097087378640776699029126213592233009708737864077669902912621359223301,-0.052717789106519989267507378588677220284411054467400053662463107056613898577944728,AVAILABLE,AVAILABLE,AVAILABLE,10000,20260908,10000,0,-0.098604563992797617768059952973644153592131837579934056642498354487004286011143424,0.022358522543938696614283015095202022361379373033768145090676987603653810359225442,0.1045,AVAILABLE,WHOLE_SESSION
MOMENTUM_AWAY_025,USD025_TARGET_2R,COMMON_AVAILABLE_ATR_IDENTITIES,0,target_first,ATR050_TARGET_2R,4125,4125,0,0,0,0,0,78,164,164,170,6,1405,2720,0,0.34060606060606060606060606060606060606060606060606060606060606060606060606060606,1.9890391459074733096085409252669039145907473309608540925266903914590747330960854,-1.0000291176470588235294117647058823529411764705882352941176470588235294117647059,0.018065648484848484848484848484848484848484848484848484848484848484848484848484848,-1.00000000000,1.0273965552179510067206866623589489600155760170512682130726193560834552170392686,AVAILABLE,2794.6000000000,-2720.0792000000,168.9192000000,51,7,2,0,0,2026-07,-0.14189223300970873786407766990291262135922330097087378640776699029126213592233010,0.0036277971558894553259994633753689294338610142205527233700026831231553528306949289,AVAILABLE,AVAILABLE,AVAILABLE,10000,20260908,10000,0,-0.045250554435278888980575054170999712566058315112347839411142177998879912827884267,0.080074424678577192279875435586929104678338105114672181610610688391720411469011314,0.714,AVAILABLE,WHOLE_SESSION
MOMENTUM_AWAY_025,USD025_TARGET_2R,COMMON_AVAILABLE_ATR_IDENTITIES,0.01,stop_first,ATR050_TARGET_2R,4125,4125,0,0,0,0,0,78,164,164,170,6,1327,2798,0,0.32169696969696969696969696969696969696969696969696969696969696969696969696969697,1.9483948756593820648078372268274302938960060286360211002260738507912584777694047,-1.0400283059328091493924231593995711222301644031451036454610436025732666190135811,-0.078661624242424242424242424242424242424242424242424242424242424242424242424242424,-1.04000000000,0.88849508962064319467854149238254086117961819370946906102242227420543620768005709,AVAILABLE,2585.5200000000,-2909.9992000000,362.7592000000,51,3,6,0,0,2026-07,-0.21465922330097087378640776699029126213592233009708737864077669902912621359223301,-0.092717789106519989267507378588677220284411054467400053662463107056613898577944728,AVAILABLE,AVAILABLE,AVAILABLE,10000,20260908,10000,0,-0.13860456399279761776805995297364415359213183757993405664249835448700428601114343,-0.017641477456061303385716984904797977638620626966231854909323012396346189640774558,0.0054,AVAILABLE,WHOLE_SESSION
MOMENTUM_AWAY_025,USD025_TARGET_2R,COMMON_AVAILABLE_ATR_IDENTITIES,0.01,target_first,ATR050_TARGET_2R,4125,4125,0,0,0,0,0,78,164,164,170,6,1405,2720,0,0.34060606060606060606060606060606060606060606060606060606060606060606060606060606,1.9490391459074733096085409252669039145907473309608540925266903914590747330960854,-1.0400291176470588235294117647058823529411764705882352941176470588235294117647059,-0.021934351515151515151515151515151515151515151515151515151515151515151515151515152,-1.04000000000,0.96801588417066377383664880423313940022606833123167648869559364712356752455177301,AVAILABLE,2738.4000000000,-2828.8792000000,205.6792000000,51,7,2,0,0,2026-07,-0.18189223300970873786407766990291262135922330097087378640776699029126213592233010,-0.036372202844110544674000536624631070566138985779447276629997316876844647169305071,AVAILABLE,AVAILABLE,AVAILABLE,10000,20260908,10000,0,-0.085250554435278888980575054170999712566058315112347839411142177998879912827884267,0.040074424678577192279875435586929104678338105114672181610610688391720411469011314,0.2449,AVAILABLE,WHOLE_SESSION
MOMENTUM_AWAY_025,USD025_TARGET_2R,COMMON_AVAILABLE_ATR_IDENTITIES,0.02,stop_first,ATR050_TARGET_2R,4125,4125,0,0,0,0,0,78,164,164,170,6,1327,2798,0,0.32169696969696969696969696969696969696969696969696969696969696969696969696969697,1.9083948756593820648078372268274302938960060286360211002260738507912584777694047,-1.0800283059328091493924231593995711222301644031451036454610436025732666190135811,-0.11866162424242424242424242424242424242424242424242424242424242424242424242424242,-1.08000000000,0.83802373008517236331136848397534917545115038151913525682619177905219967496152776,AVAILABLE,2532.4400000000,-3021.9192000000,510.9592000000,51,1,8,0,0,2026-07,-0.25465922330097087378640776699029126213592233009708737864077669902912621359223301,-0.13271778910651998926750737858867722028441105446740005366246310705661389857794473,AVAILABLE,AVAILABLE,AVAILABLE,10000,20260908,10000,0,-0.17860456399279761776805995297364415359213183757993405664249835448700428601114343,-0.057641477456061303385716984904797977638620626966231854909323012396346189640774558,0.0001,AVAILABLE,WHOLE_SESSION
MOMENTUM_AWAY_025,USD025_TARGET_2R,COMMON_AVAILABLE_ATR_IDENTITIES,0.02,target_first,ATR050_TARGET_2R,4125,4125,0,0,0,0,0,78,164,164,170,6,1405,2720,0,0.34060606060606060606060606060606060606060606060606060606060606060606060606060606,1.9090391459074733096085409252669039145907473309608540925266903914590747330960854,-1.0800291176470588235294117647058823529411764705882352941176470588235294117647059,-0.061934351515151515151515151515151515151515151515151515151515151515151515151515152,-1.08000000000,0.91303366276344946037674910180798502436889637234725970078693412132951753207089460,AVAILABLE,2682.2000000000,-2937.6792000000,291.9592000000,51,3,6,0,0,2026-07,-0.22189223300970873786407766990291262135922330097087378640776699029126213592233010,-0.076372202844110544674000536624631070566138985779447276629997316876844647169305071,AVAILABLE,AVAILABLE,AVAILABLE,10000,20260908,10000,0,-0.12525055443527888898057505417099971256605831511234783941114217799887991282788427,0.000074424678577192279875435586929104678338105114672181610610688391720411469011314800,0.0254,AVAILABLE,WHOLE_SESSION
MOMENTUM_AWAY_025,USD030_TARGET_2R,COMMON_AVAILABLE_ATR_IDENTITIES,0,stop_first,ATR050_TARGET_2R,4125,4125,0,0,0,0,0,37,164,164,170,6,1327,2798,0,0.32169696969696969696969696969696969696969696969696969696969696969696969696969697,1.9773800552624968600854056769655865360462195428284350665661893996483295654358201,-1.0000000000,-0.042185858585858585858585858585858585858585858585858585858585858585858585858585859,-1.00000000000,0.93780676673814629497259947581605908982606623778889683106981177031212771026923992,AVAILABLE,2623.9833333333333333333333333333333333333333333333333333333333333333333333333333,-2798.0000000000,279.58333333333333333333333333333333333333333333333333333333333333333333333333333,38,5,4,0,0,2026-07,-0.21915453074433656957928802588996763754045307443365695792880258899676375404530744,-0.060490861126813642359148294705106463161861692104767288486904088939136988882607877,AVAILABLE,AVAILABLE,AVAILABLE,10000,20260908,10000,0,-0.10664685767845235872741782734292974510722979845347620489866060863795311235955222,0.023342018295976235484742100999189846070753443154199297866594652984066972724817715,0.1029,AVAILABLE,WHOLE_SESSION
MOMENTUM_AWAY_025,USD030_TARGET_2R,COMMON_AVAILABLE_ATR_IDENTITIES,0,target_first,ATR050_TARGET_2R,4125,4125,0,0,0,0,0,37,164,164,170,6,1364,2761,0,0.33066666666666666666666666666666666666666666666666666666666666666666666666666667,1.9779936461388074291300097751710654936461388074291300097751710654936461388074291,-1.0000000000,-0.015276767676767676767676767676767676767676767676767676767676767676767676767676768,-1.00000000000,0.97717614390921163829530363394905227574550283713630327176143909211638295303633948,AVAILABLE,2697.9833333333333333333333333333333333333333333333333333333333333333333333333333,-2761.0000000000,262.58333333333333333333333333333333333333333333333333333333333333333333333333333,38,5,4,0,0,2026-07,-0.21187297734627831715210355987055016181229773462783171521035598705501618122977346,-0.035900697192387412850951573393631053325796118334275485208215564348973054456378369,AVAILABLE,AVAILABLE,AVAILABLE,10000,20260908,10000,0,-0.083715456783588036767959555725611771370851933974412004127501355497425791109995025,0.055039712909746020967127381277608390798720795139017872926913329991437820616242061,0.3363,AVAILABLE,WHOLE_SESSION
MOMENTUM_AWAY_025,USD030_TARGET_2R,COMMON_AVAILABLE_ATR_IDENTITIES,0.01,stop_first,ATR050_TARGET_2R,4125,4125,0,0,0,0,0,37,164,164,170,6,1327,2798,0,0.32169696969696969696969696969696969696969696969696969696969696969696969696969697,1.9440467219291635267520723436322532027128862094951017332328560663149962321025079,-1.0333333333333333333333333333333333333333333333333333333333333333333333333333105,-0.075519191919191919191919191919191919191919191919191919191919191919191919191917241,-1.0333333333333333333333333333333333333333333333333333333333333333333333333333333,0.89225598930111369872489566280061795291567709654361410223892642209873411884067597,AVAILABLE,2579.7500000000000000000000000000000000000000000000000000000000000000000000000280,-2891.2666666666666666666666666666666666666666666666666666666666666666666666666027,366.18333333333333333333333333333333333333333333333333333333333333333333333332659,38,5,4,0,0,2026-07,-0.25248786407766990291262135922330097087378640776699029126213592233009708737863843,-0.093824194460146975692481628038439796495195025438100621820237422272470322215939322,AVAILABLE,AVAILABLE,AVAILABLE,10000,20260908,10000,0,-0.13998019101178569206075116067626307844056313178680953823199394197128644569288555,-0.0099913150373570978485912323341434872625798901791340354667386803492663606085156076,0.0122,AVAILABLE,WHOLE_SESSION
MOMENTUM_AWAY_025,USD030_TARGET_2R,COMMON_AVAILABLE_ATR_IDENTITIES,0.01,target_first,ATR050_TARGET_2R,4125,4125,0,0,0,0,0,37,164,164,170,6,1364,2761,0,0.33066666666666666666666666666666666666666666666666666666666666666666666666666667,1.9446603128054740957966764418377321603128054740957966764418377321603128054741172,-1.0333333333333333333333333333333333333333333333333333333333333333333333333333106,-0.048610101010101010101010101010101010101010101010101010101010101010101010101008851,-1.0333333333333333333333333333333333333333333333333333333333333333333333333333333,0.92971807783528642030119989251206318421329345375097849072916544963839656038605258,AVAILABLE,2652.5166666666666666666666666666666666666666666666666666666666666666666666666959,-2853.0333333333333333333333333333333333333333333333333333333333333333333333332706,298.44999999999999999999999999999999999999999999999999999999999999999999999999811,38,5,4,0,0,2026-07,-0.24520631067961165048543689320388349514563106796116504854368932038834951456310445,-0.069234030525720746184284906726964386659129451667608818541548897682306387789710342,AVAILABLE,AVAILABLE,AVAILABLE,10000,20260908,10000,0,-0.11704879011692137010129288905894510470418526730774533746083468883075912444332835,0.021706379576412687633794047944275057465387461805684539593579996658104487282908737,0.0859,AVAILABLE,WHOLE_SESSION
MOMENTUM_AWAY_025,USD030_TARGET_2R,COMMON_AVAILABLE_ATR_IDENTITIES,0.02,stop_first,ATR050_TARGET_2R,4125,4125,0,0,0,0,0,37,164,164,170,6,1327,2798,0,0.32169696969696969696969696969696969696969696969696969696969696969696969696969697,1.9107133885958301934187390102989198693795528761617683998995227329816628987691326,-1.0666666666666666666666666666666666666666666666666666666666666666666666666666898,-0.10885252525252525252525252525252525252525252525252525252525252525252525252525532,-1.0666666666666666666666666666666666666666666666666666666666666666666666666666667,0.84955213545389563974267333809864188706218727662616154395997140814867762687631248,AVAILABLE,2535.5166666666666666666666666666666666666666666666666666666666666666666666666389,-2984.5333333333333333333333333333333333333333333333333333333333333333333333333982,487.68333333333333333333333333333333333333333333333333333333333333333333333334357,38,4,5,0,0,2026-07,-0.28582119741100323624595469255663430420711974110032362459546925566343042071197649,-0.12715752779348030902581496137177312982852835877143395515357075560580365554927725,AVAILABLE,AVAILABLE,AVAILABLE,10000,20260908,10000,0,-0.17331352434511902539408449400959641177389646512014287156532727530461977902621887,-0.043324648370690431181924565667476820595913223512467368800072013682599693941848931,0.0004,AVAILABLE,WHOLE_SESSION
MOMENTUM_AWAY_025,USD030_TARGET_2R,COMMON_AVAILABLE_ATR_IDENTITIES,0.02,target_first,ATR050_TARGET_2R,4125,4125,0,0,0,0,0,37,164,164,170,6,1364,2761,0,0.33066666666666666666666666666666666666666666666666666666666666666666666666666667,1.9113269794721407624633431085043988269794721407624633431085043988269794721407412,-1.0666666666666666666666666666666666666666666666666666666666666666666666666666897,-0.081943434343434343434343434343434343434343434343434343434343434343434343434345547,-1.0666666666666666666666666666666666666666666666666666666666666666666666666666667,0.88522614089098152843172763491488591090184715682723650851140890981528431727632018,AVAILABLE,2607.0499999999999999999999999999999999999999999999999999999999999999999999999710,-2945.0666666666666666666666666666666666666666666666666666666666666666666666667303,397.68333333333333333333333333333333333333333333333333333333333333333333333334075,38,5,4,0,0,2026-07,-0.27853964401294498381877022653721682847896440129449838187702265372168284789644251,-0.10256736385905407951761824006029771999246278500094215187488223101563972112304725,AVAILABLE,AVAILABLE,AVAILABLE,10000,20260908,10000,0,-0.15038212345025470343462622239227843803751860064107867079416802216409245777666168,-0.011626953756920645699539285389058275867945871527648793739753336675228846050424587,0.011,AVAILABLE,WHOLE_SESSION
MOMENTUM_AWAY_025,USD040_TARGET_2R,COMMON_AVAILABLE_ATR_IDENTITIES,0,stop_first,ATR050_TARGET_2R,4125,4125,0,0,0,0,0,8,164,164,170,6,1353,2771,1,0.328,1.9380173688100517368810051736881005173688100517368810051736881005173688100517369,-0.99603356189101407434139299891735835438469866474197040779501984843016961385781306,-0.033423393939393939393939393939393939393939393939393939393939393939393939393939394,-1.00000000000,0.95004672086214211620324426478319454755401159923753871817084654434097859825819409,AVAILABLE,2622.1375000000,-2760.0090000000,298.0275000000,34,5,4,0,0,2026-07,-0.25291565533980582524271844660194174757281553398058252427184466019417475728155340,-0.052008049369466058492084786691709149449959753152669707539576066541454252750201234,AVAILABLE,AVAILABLE,AVAILABLE,10000,20260908,10000,0,-0.099941947330878904549679716701629639614592899006152921584651114462314408395606741,0.036576622917509773690386458665971603520332248313341376352051515966763990749766343,0.1711,AVAILABLE,WHOLE_SESSION
MOMENTUM_AWAY_025,USD040_TARGET_2R,COMMON_AVAILABLE_ATR_IDENTITIES,0,target_first,ATR050_TARGET_2R,4125,4125,0,0,0,0,0,8,164,164,170,6,1361,2763,1,0.32993939393939393939393939393939393939393939393939393939393939393939393939393939,1.9383817046289493019838354151359294636296840558412931667891256429096252755326965,-0.99602207745204487875497647484618168657256605139341295693087224031849439015562794,-0.027605212121212121212121212121212121212121212121212121212121212121212121212121212,-1.00000000000,0.95862241002845557554499276710214247119104625021211776560323748941228026507180754,AVAILABLE,2638.1375000000,-2752.0090000000,286.0275000000,34,5,4,0,0,2026-07,-0.25291565533980582524271844660194174757281553398058252427184466019417475728155340,-0.048788301583042661658170110008049369466058492084786691709149449959753152669707540,AVAILABLE,AVAILABLE,AVAILABLE,10000,20260908,10000,0,-0.094971225059593902452119073270076702542315249954365029653782691640031353909037872,0.042125522851112859865736968858828358941822163529298745040956601237990027823723159,0.2182,AVAILABLE,WHOLE_SESSION
MOMENTUM_AWAY_025,USD040_TARGET_2R,COMMON_AVAILABLE_ATR_IDENTITIES,0.01,stop_first,ATR050_TARGET_2R,4125,4125,0,0,0,0,0,8,164,164,170,6,1352,2772,1,0.32775757575757575757575757575757575757575757575757575757575757575757575757575758,1.9144323224852071005917159763313609467455621301775147928994082840236686390532544,-1.0206742424242424242424242424242424242424242424242424242424242424242424242424242,-0.058423393939393939393939393939393939393939393939393939393939393939393939393939394,-1.02500000000,0.91482142812962458324629794766142545759406271990793511772662512295404991112670974,AVAILABLE,2588.3125000000,-2829.3090000000,336.2025000000,34,4,5,0,0,2026-07,-0.27791565533980582524271844660194174757281553398058252427184466019417475728155340,-0.077008049369466058492084786691709149449959753152669707539576066541454252750201234,AVAILABLE,AVAILABLE,AVAILABLE,10000,20260908,10000,0,-0.12494194733087890454967971670162963961459289900615292158465111446231440839560674,0.011576622917509773690386458665971603520332248313341376352051515966763990749766343,0.0482,AVAILABLE,WHOLE_SESSION
MOMENTUM_AWAY_025,USD040_TARGET_2R,COMMON_AVAILABLE_ATR_IDENTITIES,0.01,target_first,ATR050_TARGET_2R,4125,4125,0,0,0,0,0,8,164,164,170,6,1360,2764,1,0.32969696969696969696969696969696969696969696969696969696969696969696969696969697,1.9147886029411764705882352941176470588235294117647058823529411764705882352941176,-1.0206617221418234442836468885672937771345875542691751085383502170767004341534009,-0.052605212121212121212121212121212121212121212121212121212121212121212121212121212,-1.02500000000,0.92308113582282712224164326865782215433717732990820276706784459586637737145214878,AVAILABLE,2604.1125000000,-2821.1090000000,324.2025000000,34,4,5,0,0,2026-07,-0.27791565533980582524271844660194174757281553398058252427184466019417475728155340,-0.073788301583042661658170110008049369466058492084786691709149449959753152669707540,AVAILABLE,AVAILABLE,AVAILABLE,10000,20260908,10000,0,-0.11997122505959390245211907327007670254231524995436502965378269164003135390903787,0.017125522851112859865736968858828358941822163529298745040956601237990027823723159,0.0684,AVAILABLE,WHOLE_SESSION
MOMENTUM_AWAY_025,USD040_TARGET_2R,COMMON_AVAILABLE_ATR_IDENTITIES,0.02,stop_first,ATR050_TARGET_2R,4125,4125,0,0,0,0,0,8,164,164,170,6,1350,2774,1,0.32727272727272727272727272727272727272727272727272727272727272727272727272727273,1.8922407407407407407407407407407407407407407407407407407407407407407407407407407,-1.0449338500360490266762797404470079307858687815428983417447728911319394376351839,-0.083423393939393939393939393939393939393939393939393939393939393939393939393939394,-1.05000000000,0.88128200523934187904596162381304515745538478044839203400621634959626846529923535,AVAILABLE,2554.5250000000,-2898.6465000000,375.4215000000,34,4,5,0,0,2026-07,-0.30291565533980582524271844660194174757281553398058252427184466019417475728155340,-0.10200804936946605849208478669170914944995975315266970753957606654145425275020123,AVAILABLE,AVAILABLE,AVAILABLE,10000,20260908,10000,0,-0.14994194733087890454967971670162963961459289900615292158465111446231440839560674,-0.013423377082490226309613541334028396479667751686658623647948484033236009250233657,0.0088,AVAILABLE,WHOLE_SESSION
MOMENTUM_AWAY_025,USD040_TARGET_2R,COMMON_AVAILABLE_ATR_IDENTITIES,0.02,target_first,ATR050_TARGET_2R,4125,4125,0,0,0,0,0,8,164,164,170,6,1358,2766,1,0.32921212121212121212121212121212121212121212121212121212121212121212121212121212,1.8925810014727540500736377025036818851251840942562592047128129602356406480117820,-1.0449191973969631236442516268980477223427331887201735357917570498915401301518438,-0.077605212121212121212121212121212121212121212121212121212121212121212121212121212,-1.05000000000,0.88924076199037002553242431052161121897388336946346963831631661866903047888821940,AVAILABLE,2570.1250000000,-2890.2465000000,362.3775000000,34,4,5,0,0,2026-07,-0.30291565533980582524271844660194174757281553398058252427184466019417475728155340,-0.098788301583042661658170110008049369466058492084786691709149449959753152669707540,AVAILABLE,AVAILABLE,AVAILABLE,10000,20260908,10000,0,-0.14497122505959390245211907327007670254231524995436502965378269164003135390903787,-0.0078744771488871401342630311411716410581778364707012549590433987620099721762768412,0.0143,AVAILABLE,WHOLE_SESSION
MOMENTUM_AWAY_025,ATR050_TARGET_2R,COMMON_AVAILABLE_ATR_IDENTITIES,0,stop_first,ATR050_TARGET_2R,4125,4125,0,0,0,0,0,10,164,164,170,6,1345,2780,0,0.32606060606060606060606060606060606060606060606060606060606060606060606060606061,1.9951353465932200396641377416472024293588189117280030248802403493738717649591871,-0.99887942913498825706988981706874278329424525173469747604168470778382366133593378,-0.022649156806639127589340225196513374562518876011707858165323689146950849610615539,-1.0,0.96635518643403462256741487985911542957202056801232989883503272014935780410687163,AVAILABLE,2683.4570411678809533482652625154872674876114362741640684639232699078575238701067,-2776.8848129952673546542936914511049375580017998224589833958834876390297785138959,237.34570673138947972005067929964714543110379083525265218415057608460690002108265,42,4,5,0,0,2026-07,-0.21247439292797027717223181198044129019257596294851440927824038317333989377973204,-0.046475717337752415581960297587729965294863592296969431985258264565694804729331176,AVAILABLE,AVAILABLE,AVAILABLE,10000,20260908,10000,0,-0.091038225467351954518170458530644449763175759760523477577496592913281928728064919,0.045736375706298361055585635972518008393420457640134806141544489143649392642482443,0.2589,AVAILABLE,WHOLE_SESSION
MOMENTUM_AWAY_025,ATR050_TARGET_2R,COMMON_AVAILABLE_ATR_IDENTITIES,0,target_first,ATR050_TARGET_2R,4125,4125,0,0,0,0,0,10,164,164,170,6,1355,2770,0,0.32848484848484848484848484848484848484848484848484848484848484848484848484848485,1.9951712480943770873418931826682562859687169271396044785711610848028468810849496,-0.99887538375280409915317461785238445399205841148825234057613122297437898141295881,-0.015376429533911854862067497923786101835246148738980585438050961874223576883342813,-1.0,0.97707610684424437152661566742555261945415769868024204983857946719984414461509445,AVAILABLE,2703.4570411678809533482652625154872674876114362741640684639232699078575238701067,-2766.8848129952673546542936914511049375580017998224589833958834876390297785138959,237.34570673138947972005067929964714543110379083525265218415057608460690002108265,42,4,5,0,0,2026-07,-0.21247439292797027717223181198044129019257596294851440927824038317333989377973204,-0.037996350463812336441202807480324651558289256514041223958124290569086551478907207,AVAILABLE,AVAILABLE,AVAILABLE,10000,20260908,10000,0,-0.084031912082133406350445942111982555686167889246530557832859766861903070746128477,0.053144442465457100685670366163412015308378979755641352174732799694438710766625552,0.3322,AVAILABLE,WHOLE_SESSION
MOMENTUM_AWAY_025,ATR050_TARGET_2R,COMMON_AVAILABLE_ATR_IDENTITIES,0.01,stop_first,ATR050_TARGET_2R,4125,4125,0,0,0,0,0,10,164,164,170,6,1345,2780,0,0.32606060606060606060606060606060606060606060606060606060606060606060606060606061,1.9691902419660283678447326804310335021761000404139822699014960092069754384494929,-1.0245766617515212516787227329790067269752106363735797919299453820283985666586523,-0.048427210721192951494711210303490579530722670245271677223693582946803891053693452,-1.0175837138408134583281214512434020989314689179208549476600750922955446043830298,0.92986671952860496577256653721400744299156048762985258584183983646866485186801717,AVAILABLE,2648.5608754443081547511654551797400604268545543568061530175121323833819647145679,-2848.3231196692290796668491976816387009910855691185518215652481620389480153110533,266.58571151540864543952815033068568206322171283933356564030881484463006665255018,42,3,6,0,0,2026-07,-0.23899092153599309904382518969256918977056950887317228863095450099599403622928307,-0.073113403661813079051213261587762956745022470846863567082521143173079996865005045,AVAILABLE,AVAILABLE,AVAILABLE,10000,20260908,10000,0,-0.11677901233112567790773466922078423800742599016786466993046010630048571331214843,0.019788882058700801178219126567714450422777212517074378897044437127795508827875717,0.0837,AVAILABLE,WHOLE_SESSION
MOMENTUM_AWAY_025,ATR050_TARGET_2R,COMMON_AVAILABLE_ATR_IDENTITIES,0.01,target_first,ATR050_TARGET_2R,4125,4125,0,0,0,0,0,10,164,164,170,6,1355,2770,0,0.32848484848484848484848484848484848484848484848484848484848484848484848484848485,1.9691471803208828478988708356322127877373392424751817918420644878383428924459077,-1.0245330951479123407287558573225801328333305733991397099255355273200435631266031,-0.041154483448465678767438483030763306803449942972544404496420855674076618326420725,-1.0174582922599799576852606721814625627212175844646325407898548703772212825409599,0.94018152362700306250240374234054190853272965655990972413453890834109800701853598,AVAILABLE,2668.1944293347962589029699822816483273840946735538713279459973810209546192642050,-2837.9566735597171838186537247835469679483256883156169964937334106765206698606906,265.14598867361135148637196551866767573164054613182034709656414133171535253965721,42,4,5,0,0,2026-07,-0.23899092153599309904382518969256918977056950887317228863095450099599403622928307,-0.064634036787872999910455771480357643008448135063935359055387169176471743614581077,AVAILABLE,AVAILABLE,AVAILABLE,10000,20260908,10000,0,-0.10963530227340809504435480603577262201616710478701313212930733974175139475515356,0.027248246233606020634606247088160448320979956726153315155871005003430207384643929,0.1215,AVAILABLE,WHOLE_SESSION
MOMENTUM_AWAY_025,ATR050_TARGET_2R,COMMON_AVAILABLE_ATR_IDENTITIES,0.02,stop_first,ATR050_TARGET_2R,4125,4125,0,0,0,0,0,10,164,164,170,6,1345,2780,0,0.32606060606060606060606060606060606060606060606060606060606060606060606060606061,1.9432451373388366960253276192148645749933811690999615149227516690400791119397993,-1.0502738943680542462875556488892706706561760210124621078182060562729734719813717,-0.074205264635746775400082195410467784498926464478835496282063476746656932496771382,-1.0351674276816269166562429024868041978629378358417098953201501845910892087660595,0.89516379185616495438524272559280079515678773679951171356644948691890705908760189,AVAILABLE,2613.6647097207353561540656478439928533660976724394482375711009948589064055590300,-2919.7614263431908046794047039121724644241693384146446597346128364388662521082132,320.60855844243800885117543626397098715737982089007750107006725319059219088217239,42,3,6,0,0,2026-07,-0.26550745014401592091541856740469708934856305479783016798366861881864817867883399,-0.099751089985873742520466225587795948195181349396757702179784021780465189000678934,AVAILABLE,AVAILABLE,AVAILABLE,10000,20260908,10000,0,-0.14271501229528407288169356965532722153056368444797719227210319246684262489039840,-0.0059317891419536561287073493203484011035385411955968372606967021571973519419383512,0.0155,AVAILABLE,WHOLE_SESSION
MOMENTUM_AWAY_025,ATR050_TARGET_2R,COMMON_AVAILABLE_ATR_IDENTITIES,0.02,target_first,ATR050_TARGET_2R,4125,4125,0,0,0,0,0,10,164,164,170,6,1355,2770,0,0.32848484848484848484848484848484848484848484848484848484848484848484848484848485,1.9431231125473886084558484885961692895059615578107591051129678908738389038068667,-1.0501908065430205823043370967927758116746027353100270792749398316657081448402483,-0.066932537363019502672809468137740511771653737206108223554790749473929659769498669,-1.0349165845199599153705213443629251254424351689292650815797097407544425650819198,0.90508971865221631325909596233899064147745174070339989732047779371413528885025263,AVAILABLE,2632.9318175017115644576747020478093872805779108335785874280714921340517146583044,-2909.0285341241670129830137581159889983386495768087750095915833337140115612074877,293.42911916377322543654130124788320960560207764408309138730460515762048282777177,42,4,5,0,0,2026-07,-0.26550745014401592091541856740469708934856305479783016798366861881864817867883399,-0.091271723111933663379708735480390634458607013613829494152650047783856935750254949,AVAILABLE,AVAILABLE,AVAILABLE,10000,20260908,10000,0,-0.13540685633437870230120606431393139912703377928411552218286911164354465004172270,0.0016111265275027116209470934528507521502188144111653020780075386436615437322277737,0.0281,AVAILABLE,WHOLE_SESSION
MOMENTUM_AWAY_025,USD025_TARGET_2R_BE1R,COMMON_AVAILABLE_ATR_IDENTITIES,0,stop_first,ATR050_TARGET_2R_BE1R,4125,4125,0,0,0,0,0,116,164,164,170,6,1001,2312,812,0.24266666666666666666666666666666666666666666666666666666666666666666666666666667,1.9956243756243756243756243756243756243756243756243756243756243756243756243756244,-0.96830432525951557093425605536332179930795847750865051903114186851211072664359862,-0.058448387878787878787878787878787878787878787878787878787878787878787878787878788,-1.00000000000,0.89230469059189011433142408723271998869353714507167400508755093759843796427207766,AVAILABLE,1997.6200000000,-2238.7196000000,289.2392000000,31,4,5,0,0,2026-07,-0.16000388349514563106796116504854368932038834951456310679611650485436893203883495,-0.067990233431714515696270458814059565334048832841427421518647705929702173329755836,AVAILABLE,AVAILABLE,AVAILABLE,10000,20260908,10000,0,-0.11104707945017074714574851328858221260168637226785030515679823704548828994975267,-0.0047790248936329077016183995049076582887926037392677012727943070054818400588147831,0.0159,AVAILABLE,WHOLE_SESSION
MOMENTUM_AWAY_025,USD025_TARGET_2R_BE1R,COMMON_AVAILABLE_ATR_IDENTITIES,0,target_first,ATR050_TARGET_2R_BE1R,4125,4125,0,0,0,0,0,116,164,164,170,6,1117,2243,765,0.27078787878787878787878787878787878787878787878787878787878787878787878787878788,1.9960787824529991047448522829006266786034019695613249776186213070725156669650850,-0.96732929112795363352652697280427998216674097191261703076237182345073562193490860,0.014521309090909090909090909090909090909090909090909090909090909090909090909090909,-1.00000000000,1.0276074383067747555951469489421582401707575485790882840344899866323740634504108,AVAILABLE,2229.6200000000,-2169.7196000000,136.6032000000,31,7,2,0,0,2026-07,-0.11024660194174757281553398058252427184466019417475728155339805825242718446601942,0.0015026562919237993023879796082640193184867185403810034880601019586799034075664073,AVAILABLE,AVAILABLE,AVAILABLE,10000,20260908,10000,0,-0.044566581277764323630747728987941701792592181984478104549475644182287991545242359,0.072080706372929585128858833948546542642046325019371925087593587902025127574140298,0.689,AVAILABLE,WHOLE_SESSION
MOMENTUM_AWAY_025,USD025_TARGET_2R_BE1R,COMMON_AVAILABLE_ATR_IDENTITIES,0.01,stop_first,ATR050_TARGET_2R_BE1R,4125,4125,0,0,0,0,0,116,164,164,170,6,1001,3124,0,0.24266666666666666666666666666666666666666666666666666666666666666666666666666667,1.9556243756243756243756243756243756243756243756243756243756243756243756243756244,-0.75661959026888604353393085787451984635083226632522407170294494238156209987195903,-0.098448387878787878787878787878787878787878787878787878787878787878787878787878788,-1.04000000000,0.82819177353817327864571831139888841110275690495446167915482284485596101942073706,AVAILABLE,1957.5800000000,-2363.6796000000,437.4392000000,58,0,9,0,0,2026-07,-0.20000388349514563106796116504854368932038834951456310679611650485436893203883495,-0.10799023343171451569627045881405956533404883284142742151864770592970217332975584,AVAILABLE,AVAILABLE,AVAILABLE,10000,20260908,10000,0,-0.15104707945017074714574851328858221260168637226785030515679823704548828994975267,-0.044779024893632907701618399504907658288792603739267701272794307005481840058814783,0.0003,AVAILABLE,WHOLE_SESSION
MOMENTUM_AWAY_025,USD025_TARGET_2R_BE1R,COMMON_AVAILABLE_ATR_IDENTITIES,0.01,target_first,ATR050_TARGET_2R_BE1R,4125,4125,0,0,0,0,0,116,164,164,170,6,1117,3008,0,0.27078787878787878787878787878787878787878787878787878787878787878787878787878788,1.9560787824529991047448522829006266786034019695613249776186213070725156669650850,-0.76131635638297872340425531914893617021276595744680851063829787234042553191489362,-0.025478690909090909090909090909090909090909090909090909090909090909090909090909091,-1.04000000000,0.95410577179538729373937463788835791311207020175546309330196735462565800172189162,AVAILABLE,2184.9400000000,-2290.0396000000,174.3632000000,58,5,4,0,0,2026-07,-0.15024660194174757281553398058252427184466019417475728155339805825242718446601942,-0.038497343708076200697612020391735980681513281459618996511939898041320096592433593,AVAILABLE,AVAILABLE,AVAILABLE,10000,20260908,10000,0,-0.084566581277764323630747728987941701792592181984478104549475644182287991545242359,0.032080706372929585128858833948546542642046325019371925087593587902025127574140298,0.1971,AVAILABLE,WHOLE_SESSION
MOMENTUM_AWAY_025,USD025_TARGET_2R_BE1R,COMMON_AVAILABLE_ATR_IDENTITIES,0.02,stop_first,ATR050_TARGET_2R_BE1R,4125,4125,0,0,0,0,0,116,164,164,170,6,1001,3124,0,0.24266666666666666666666666666666666666666666666666666666666666666666666666666667,1.9156243756243756243756243756243756243756243756243756243756243756243756243756244,-0.79661959026888604353393085787451984635083226632522407170294494238156209987195903,-0.13844838787878787878787878787878787878787878787878787878787878787878787878787879,-1.08000000000,0.77051735413998877137533293290036853869881360081226707153579007583098814308025959,AVAILABLE,1917.5400000000,-2488.6396000000,586.4596000000,58,0,9,0,0,2026-07,-0.24000388349514563106796116504854368932038834951456310679611650485436893203883495,-0.14799023343171451569627045881405956533404883284142742151864770592970217332975584,AVAILABLE,AVAILABLE,AVAILABLE,10000,20260908,10000,0,-0.19104707945017074714574851328858221260168637226785030515679823704548828994975267,-0.084779024893632907701618399504907658288792603739267701272794307005481840058814783,0,AVAILABLE,WHOLE_SESSION
MOMENTUM_AWAY_025,USD025_TARGET_2R_BE1R,COMMON_AVAILABLE_ATR_IDENTITIES,0.02,target_first,ATR050_TARGET_2R_BE1R,4125,4125,0,0,0,0,0,116,164,164,170,6,1117,3008,0,0.27078787878787878787878787878787878787878787878787878787878787878787878787878788,1.9160787824529991047448522829006266786034019695613249776186213070725156669650850,-0.80131635638297872340425531914893617021276595744680851063829787234042553191489362,-0.065478690909090909090909090909090909090909090909090909090909090909090909090909091,-1.08000000000,0.88794219750447194684145884290460228424007770458814527093799613966314403875670668,AVAILABLE,2140.2600000000,-2410.3596000000,287.6392000000,58,1,8,0,0,2026-07,-0.19024660194174757281553398058252427184466019417475728155339805825242718446601942,-0.078497343708076200697612020391735980681513281459618996511939898041320096592433593,AVAILABLE,AVAILABLE,AVAILABLE,10000,20260908,10000,0,-0.12456658127776432363074772898794170179259218198447810454947564418228799154524236,-0.0079192936270704148711411660514534573579536749806280749124064120979748724258597019,0.0119,AVAILABLE,WHOLE_SESSION
MOMENTUM_AWAY_025,USD030_TARGET_2R_BE1R,COMMON_AVAILABLE_ATR_IDENTITIES,0,stop_first,ATR050_TARGET_2R_BE1R,4125,4125,0,0,0,0,0,40,164,164,170,6,1008,2241,876,0.24436363636363636363636363636363636363636363636363636363636363636363636363636364,1.9909226190476190476190476190476190476190476190476190476190476190476190476190477,-0.97760538450096683028409936040458128811542466160940056522385839654915960136843672,-0.044597252525252525252525252525252525252525252525252525252525252525252525252525251,-1.00000000000,0.91602952388617866634329619695330851962003158339496695367824526686508102545157883,AVAILABLE,2006.8500000000000000000000000000000000000000000000000000000000000000000000000001,-2190.8136666666666666666666666666666666666666666666666666666666666666666666666667,248.13033333333333333333333333333333333333333333333333333333333333333333333333333,31,5,4,0,0,2026-07,-0.18454692556634304207119741100323624595469255663430420711974110032362459546925567,-0.055374385117610231642965745461049995528128074411948841785171272694750022359359627,AVAILABLE,AVAILABLE,AVAILABLE,10000,20260908,10000,0,-0.10303068959702868164533396812607960545189308625246439972410930642788693364584668,0.013319498111485984679695291446516858700956988562819615082649012243512211683323785,0.0706,AVAILABLE,WHOLE_SESSION
MOMENTUM_AWAY_025,USD030_TARGET_2R_BE1R,COMMON_AVAILABLE_ATR_IDENTITIES,0,target_first,ATR050_TARGET_2R_BE1R,4125,4125,0,0,0,0,0,40,164,164,170,6,1048,2214,863,0.25406060606060606060606060606060606060606060606060606060606060606060606060606061,1.9912690839694656488549618320610687022900763358778625954198473282442748091603054,-0.97733227943390545016561276723878349894610057211683227943390545016561276723878351,-0.018657858585858585858585858585858585858585858585858585858585858585858585858585858,-1.00000000000,0.96443147214925006635660710772846891776417593566667246917903128134415763772635386,AVAILABLE,2086.8500000000000000000000000000000000000000000000000000000000000000000000000001,-2163.8136666666666666666666666666666666666666666666666666666666666666666666666667,220.38333333333333333333333333333333333333333333333333333333333333333333333333333,31,6,3,0,0,2026-07,-0.17969255663430420711974110032362459546925566343042071197411003236245954692556635,-0.030421339772828906180127001162686700652893301135855469099364994186566496735533493,AVAILABLE,AVAILABLE,AVAILABLE,10000,20260908,10000,0,-0.079882308896279101731824418009080701524500016699966535948382939034396859870027046,0.043298255966694975007861813442800003022656554717930921834682775100982886532379336,0.2819,AVAILABLE,WHOLE_SESSION
MOMENTUM_AWAY_025,USD030_TARGET_2R_BE1R,COMMON_AVAILABLE_ATR_IDENTITIES,0.01,stop_first,ATR050_TARGET_2R_BE1R,4125,4125,0,0,0,0,0,40,164,164,170,6,1008,3117,0,0.24436363636363636363636363636363636363636363636363636363636363636363636363636364,1.9575892857142857142857142857142857142857142857142857142857142857142857142857321,-0.73619302748369158378783017859052507753181477916800342209389370120842690621321976,-0.077930585858585858585858585858585858585858585858585858585858585858585858585856773,-1.0333333333333333333333333333333333333333333333333333333333333333333333333333333,0.85991120751303612171801826836492744701190751322496154567432596165592773303164629,AVAILABLE,1973.2500000000000000000000000000000000000000000000000000000000000000000000000180,-2294.7136666666666666666666666666666666666666666666666666666666666666666666666060,370.83033333333333333333333333333333333333333333333333333333333333333333333332705,44,3,6,0,0,2026-07,-0.21788025889967637540453074433656957928802588996763754045307443365695792880258715,-0.088707718450943564976299078794383328861461407745282175118504606028083355692690869,AVAILABLE,AVAILABLE,AVAILABLE,10000,20260908,10000,0,-0.13636402293036201497866730145941293878522641958579773305744263976122026697918001,-0.020013835221847348653638041886816474632376344770513718250684321089821121650009539,0.0041,AVAILABLE,WHOLE_SESSION
MOMENTUM_AWAY_025,USD030_TARGET_2R_BE1R,COMMON_AVAILABLE_ATR_IDENTITIES,0.01,target_first,ATR050_TARGET_2R_BE1R,4125,4125,0,0,0,0,0,40,164,164,170,6,1048,3077,0,0.25406060606060606060606060606060606060606060606060606060606060606060606060606061,1.9579357506361323155216284987277353689567430025445292620865139949109414758269905,-0.73655519445347199653341999783338749864586718665366699165854186978658866861659857,-0.051991191919191919191919191919191919191919191919191919191919191919191919191918068,-1.0333333333333333333333333333333333333333333333333333333333333333333333333333333,0.90537172269261661142194286013483173830341215162327123382203722499651058861703555,AVAILABLE,2051.9166666666666666666666666666666666666666666666666666666666666666666666666860,-2266.3803333333333333333333333333333333333333333333333333333333333333333333332738,270.66366666666666666666666666666666666666666666666666666666666666666666666666324,44,3,6,0,0,2026-07,-0.21302588996763754045307443365695792880258899676375404530744336569579288025889783,-0.063754673106162239513460334496020033986226634469188802432698327519899830068865565,AVAILABLE,AVAILABLE,AVAILABLE,10000,20260908,10000,0,-0.11321564222961243506515775134241403485783335003329986928171627236773019320336037,0.0099649226333616416745284801094666696893232213845975885013494417676495531990460128,0.0527,AVAILABLE,WHOLE_SESSION
MOMENTUM_AWAY_025,USD030_TARGET_2R_BE1R,COMMON_AVAILABLE_ATR_IDENTITIES,0.02,stop_first,ATR050_TARGET_2R_BE1R,4125,4125,0,0,0,0,0,40,164,164,170,6,1008,3117,0,0.24436363636363636363636363636363636363636363636363636363636363636363636363636364,1.9242559523809523809523809523809523809523809523809523809523809523809523809523633,-0.76952636081702491712116351192385841086514811250133675542722703454176023954659265,-0.11126391919191919191919191919191919191919191919191919191919191919191919191919456,-1.0666666666666666666666666666666666666666666666666666666666666666666666666666667,0.80865461035061780825896514389353516843965840823887020294083763107050308643559448,AVAILABLE,1939.6499999999999999999999999999999999999999999999999999999999999999999999999822,-2398.6136666666666666666666666666666666666666666666666666666666666666666666667293,493.53033333333333333333333333333333333333333333333333333333333333333333333334303,44,1,8,0,0,2026-07,-0.25121359223300970873786407766990291262135922330097087378640776699029126213592434,-0.12204105178427689830963241212771666219479474107861550845183793936141668902602887,AVAILABLE,AVAILABLE,AVAILABLE,10000,20260908,10000,0,-0.16969735626369534831200063479274627211855975291913106639077597309455360031251333,-0.053347168555180681986971375220149807965709678103847051584017654423154454983342864,0.0003,AVAILABLE,WHOLE_SESSION
MOMENTUM_AWAY_025,USD030_TARGET_2R_BE1R,COMMON_AVAILABLE_ATR_IDENTITIES,0.02,target_first,ATR050_TARGET_2R_BE1R,4125,4125,0,0,0,0,0,40,164,164,170,6,1048,3077,0,0.25406060606060606060606060606060606060606060606060606060606060606060606060606061,1.9246024173027989821882951653944020356234096692111959287531806615776081424936204,-0.76988852778680532986675333116672083197920051998700032499187520311992200194997117,-0.085324525252525252525252525252525252525252525252525252525252525252525252525254616,-1.0666666666666666666666666666666666666666666666666666666666666666666666666666667,0.85142611182661888735093412108136371701575988543995848507093376649343920878485758,AVAILABLE,2016.9833333333333333333333333333333333333333333333333333333333333333333333333142,-2368.9470000000000000000000000000000000000000000000000000000000000000000000000613,393.19700000000000000000000000000000000000000000000000000000000000000000000000741,44,2,7,0,0,2026-07,-0.24635922330097087378640776699029126213592233009708737864077669902912621359223502,-0.097088006439495572846793667829353367319559967802522135766031660853233163402202361,AVAILABLE,AVAILABLE,AVAILABLE,10000,20260908,10000,0,-0.14654897556294576839849108467574736819116668336663320261504960570106352653669369,-0.023368410699971691658804853223866663644010111948735744831983891565683780134287311,0.0038,AVAILABLE,WHOLE_SESSION
MOMENTUM_AWAY_025,USD040_TARGET_2R_BE1R,COMMON_AVAILABLE_ATR_IDENTITIES,0,stop_first,ATR050_TARGET_2R_BE1R,4125,4125,0,0,0,0,0,13,164,164,170,6,1010,2131,984,0.24484848484848484848484848484848484848484848484848484848484848484848484848484848,1.9606806930693069306930693069306930693069306930693069306930693069306930693069307,-0.98339500234631628343500703894885030502111684655091506335053965274519005161895824,-0.027958121212121212121212121212121212121212121212121212121212121212121212121212121,-1.00000000000,0.94496734192198255905576156113617734366490787488492338584656363961935274601402763,AVAILABLE,1980.2875000000,-2095.6147500000,247.1772500000,23,6,3,0,0,2026-07,-0.22683859223300970873786407766990291262135922330097087378640776699029126213592233,-0.046869947948560930802204531537048377219840783833435394978567054500918554807103491,AVAILABLE,AVAILABLE,AVAILABLE,10000,20260908,10000,0,-0.087646012738705417153510727684414751327506970097882877817829500876027924191394112,0.034148200171599378924699702581806148492392688647795458945968290620952118529085308,0.1855,AVAILABLE,WHOLE_SESSION
MOMENTUM_AWAY_025,USD040_TARGET_2R_BE1R,COMMON_AVAILABLE_ATR_IDENTITIES,0,target_first,ATR050_TARGET_2R_BE1R,4125,4125,0,0,0,0,0,13,164,164,170,6,1023,2125,977,0.248,1.9611803519061583577712609970674486803519061583577712609970674486803519061583578,-0.98334811764705882352941176470588235294117647058823529411764705882352941176470588,-0.020200545454545454545454545454545454545454545454545454545454545454545454545454545,-1.00000000000,0.96012315188720791715314988085722499805287075045770996783019453705521556066734311,AVAILABLE,2006.2875000000,-2089.6147500000,235.1772500000,23,6,3,0,0,2026-07,-0.21955703883495145631067961165048543689320388349514563106796116504854368932038835,-0.038909139620330679730557256582976117575015309246785058175137783221065523576240049,AVAILABLE,AVAILABLE,AVAILABLE,10000,20260908,10000,0,-0.079280905144766009549767011427705659218681301935028687965588295043040449546598281,0.041462015817167922392956459320241247585944724805868019663181422585209479544387573,0.2582,AVAILABLE,WHOLE_SESSION
MOMENTUM_AWAY_025,USD040_TARGET_2R_BE1R,COMMON_AVAILABLE_ATR_IDENTITIES,0.01,stop_first,ATR050_TARGET_2R_BE1R,4125,4125,0,0,0,0,0,13,164,164,170,6,1009,3115,1,0.24460606060606060606060606060606060606060606060606060606060606060606060606060606,1.9375991080277502477700693756194251734390485629335976214073339940535183349851338,-0.69774951845906902086677367576243980738362760834670947030497592295345104333868379,-0.052958121212121212121212121212121212121212121212121212121212121212121212121212121,-1.02500000000,0.89949239466162653861146573154991874242793185475109786001981375803589595948175049,AVAILABLE,1955.0375000000,-2173.4897500000,278.6272500000,44,5,4,0,0,2026-07,-0.25183859223300970873786407766990291262135922330097087378640776699029126213592233,-0.071869947948560930802204531537048377219840783833435394978567054500918554807103491,AVAILABLE,AVAILABLE,AVAILABLE,10000,20260908,10000,0,-0.11264601273870541715351072768441475132750697009788287781782950087602792419139411,0.0091482001715993789246997025818061484923926886477954589459682906209521185290853084,0.048,AVAILABLE,WHOLE_SESSION
MOMENTUM_AWAY_025,USD040_TARGET_2R_BE1R,COMMON_AVAILABLE_ATR_IDENTITIES,0.01,target_first,ATR050_TARGET_2R_BE1R,4125,4125,0,0,0,0,0,13,164,164,170,6,1022,3102,1,0.24775757575757575757575757575757575757575757575757575757575757575757575757575758,1.9380748532289628180039138943248532289628180039138943248532289628180039138943249,-0.69863467117988394584139264990328820116054158607350096711798839458413926499032882,-0.045200545454545454545454545454545454545454545454545454545454545454545454545454545,-1.02500000000,0.91396489353197536089492042540835900916162465267119170335342525297165340106237885,AVAILABLE,1980.7125000000,-2167.1647500000,266.6272500000,44,5,4,0,0,2026-07,-0.24455703883495145631067961165048543689320388349514563106796116504854368932038835,-0.063909139620330679730557256582976117575015309246785058175137783221065523576240049,AVAILABLE,AVAILABLE,AVAILABLE,10000,20260908,10000,0,-0.10428090514476600954976701142770565921868130193502868796558829504304044954659828,0.016462015817167922392956459320241247585944724805868019663181422585209479544387573,0.0767,AVAILABLE,WHOLE_SESSION
MOMENTUM_AWAY_025,USD040_TARGET_2R_BE1R,COMMON_AVAILABLE_ATR_IDENTITIES,0.02,stop_first,ATR050_TARGET_2R_BE1R,4125,4125,0,0,0,0,0,13,164,164,170,6,1009,3116,0,0.24460606060606060606060606060606060606060606060606060606060606060606060606060606,1.9125991080277502477700693756194251734390485629335976214073339940535183349851338,-0.72252559370988446726572528883183568677792041078305519897304236200256739409499358,-0.077958121212121212121212121212121212121212121212121212121212121212121212121212121,-1.05000000000,0.85716500219475548380727948148471405273120746863131983256119914377330713173940674,AVAILABLE,1929.8125000000,-2251.3897500000,353.5272500000,44,3,6,0,0,2026-07,-0.27683859223300970873786407766990291262135922330097087378640776699029126213592233,-0.096869947948560930802204531537048377219840783833435394978567054500918554807103491,AVAILABLE,AVAILABLE,AVAILABLE,10000,20260908,10000,0,-0.13764601273870541715351072768441475132750697009788287781782950087602792419139411,-0.015851799828400621075300297418193851507607311352204541054031709379047881470914692,0.0074,AVAILABLE,WHOLE_SESSION
MOMENTUM_AWAY_025,USD040_TARGET_2R_BE1R,COMMON_AVAILABLE_ATR_IDENTITIES,0.02,target_first,ATR050_TARGET_2R_BE1R,4125,4125,0,0,0,0,0,13,164,164,170,6,1022,3103,0,0.24775757575757575757575757575757575757575757575757575757575757575757575757575758,1.9130748532289628180039138943248532289628180039138943248532289628180039138943249,-0.72340952304221720915243312922977763454721237512085078955849178214631002255881405,-0.070200545454545454545454545454545454545454545454545454545454545454545454545454545,-1.05000000000,0.87099740626947956884534164817992820771316585809112169907446954596852485906216968,AVAILABLE,1955.1625000000,-2244.7397500000,321.5272500000,44,4,5,0,0,2026-07,-0.26955703883495145631067961165048543689320388349514563106796116504854368932038835,-0.088909139620330679730557256582976117575015309246785058175137783221065523576240049,AVAILABLE,AVAILABLE,AVAILABLE,10000,20260908,10000,0,-0.12928090514476600954976701142770565921868130193502868796558829504304044954659828,-0.0085379841828320776070435406797587524140552751941319803368185774147905204556124267,0.0134,AVAILABLE,WHOLE_SESSION
MOMENTUM_AWAY_025,ATR050_TARGET_2R_BE1R,COMMON_AVAILABLE_ATR_IDENTITIES,0,stop_first,ATR050_TARGET_2R_BE1R,4125,4125,0,0,0,0,0,13,164,164,170,6,1008,2102,1015,0.24436363636363636363636363636363636363636363636363636363636363636363636363636364,1.9948411871773895443733053588447440480158453335640168307869629844992169150479145,-0.98963946444262513728383042537984596102675550728541833410368542512379190338552141,-0.016829633353597424931471455135256778103822540625798878267318321269090892254077109,-1.0,0.96662748858746843903136979673632409194399527389083542803300220648377463564957430,AVAILABLE,2010.7999166748086607282918017155020003999720962325289654332586883752106503682978,-2080.2221542583980385706115541484362100782400763139493382859467636102105809163660,191.29053961454364100429296181099603241664058105633920290616568017631614183814162,31,5,4,0,0,2026-07,-0.16291581759445631407758807496843056307474672790166836633437228403072909268160796,-0.033365810491104742329045688714685112007216742557039912999661007417669857931694655,AVAILABLE,AVAILABLE,AVAILABLE,10000,20260908,10000,0,-0.072822797164584340225403513763439296770093930123830207003186535128689159201881476,0.036408307231036791953611674980299857091125657004581362567573346822957271653151366,0.2702,AVAILABLE,WHOLE_SESSION
MOMENTUM_AWAY_025,ATR050_TARGET_2R_BE1R,COMMON_AVAILABLE_ATR_IDENTITIES,0,target_first,ATR050_TARGET_2R_BE1R,4125,4125,0,0,0,0,0,13,164,164,170,6,1021,2096,1008,0.24751515151515151515151515151515151515151515151515151515151515151515151515151515,1.9949068723553463866094924600543604313417944135480205342147489602107841825350615,-0.98960980642099143061574978728455926053351148679100636368604330324914626952116698,-0.0090720575960216673557138793776810205280649648682231206915607455115151346783195314,-1.0,0.98195842354361071496237281214868344243673635081457027641278746430663425604742230,AVAILABLE,2036.7999166748086607282918017155020003999720962325289654332586883752106503682978,-2074.2221542583980385706115541484362100782400763139493382859467636102105809163660,189.29053961454364100429296181099603241664058105633920290616568017631614183814162,31,5,4,0,0,2026-07,-0.16291581759445631407758807496843056307474672790166836633437228403072909268160796,-0.025451734742094001797672031281106819186414029159640252174335965020835488231298944,AVAILABLE,AVAILABLE,AVAILABLE,10000,20260908,10000,0,-0.066175160460918120437892304849637511909326776187619918308584431699524579418223467,0.045048649268631273318565155838291953416797783633531261899209061403180688773617272,0.3749,AVAILABLE,WHOLE_SESSION
MOMENTUM_AWAY_025,ATR050_TARGET_2R_BE1R,COMMON_AVAILABLE_ATR_IDENTITIES,0.01,stop_first,ATR050_TARGET_2R_BE1R,4125,4125,0,0,0,0,0,13,164,164,170,6,1008,3117,0,0.24436363636363636363636363636363636363636363636363636363636363636363636363636364,1.9693974655496252664925156646865567611482601204097178373123110706446113138468307,-0.69326575401191728266808817966097670690072339835350231199206719485696564993852082,-0.042607687268151248836842440242233983072026334859362697325688215068943933697155004,-1.0097877652933832709113607990012484394506866416978778777713875134234516467399521,0.91866539447677494627809278285474478795404210432260289612610077437480519620396534,AVAILABLE,1985.1526452740222686244557900040492152374462013729955800108095592097682043576053,-2160.9093552551461700764308560032643954095548326678667064792734463691619308583694,224.12046922757847612211941014576268504555201626593828677289323770799496586045309,42,4,5,0,0,2026-07,-0.18943234620247913594918145268055846265274027382632624568708640185338323513115880,-0.060003496815165405798298652714718103457375621106934048096923886025055050067368505,AVAILABLE,AVAILABLE,AVAILABLE,10000,20260908,10000,0,-0.098731296819182631821791287665215365745061110377462910282533762856432861376516884,0.010696929647054848146456976478422782718706517461003088685723219609669826943626672,0.0622,AVAILABLE,WHOLE_SESSION
MOMENTUM_AWAY_025,ATR050_TARGET_2R_BE1R,COMMON_AVAILABLE_ATR_IDENTITIES,0.01,target_first,ATR050_TARGET_2R_BE1R,4125,4125,0,0,0,0,0,13,164,164,170,6,1021,3104,0,0.24751515151515151515151515151515151515151515151515151515151515151515151515151515,1.9693914767233603594969694713165990816751861178700640616716685812045663069439734,-0.69410612361974060196468456707907952402141548248717993989537290868854894519670135,-0.034850111510575491261084864484658225496268759101786939749930639311368176121397423,-1.0097061675196916848621408956307209130985126090363616884538425352833983515530574,0.93327623617638413138559261565251691651699300513752437870780659685957544131417758,AVAILABLE,2010.7486977345509270464058302142476623903650263453354069667736214098621993897968,-2154.5054077156748284983808962134628425624736576402065334352375085692559258905610,219.12046922757847612211941014576268504555201626593828677289323770799496586045307,42,4,5,0,0,2026-07,-0.18943234620247913594918145268055846265274027382632624568708640185338323513115880,-0.052089421066154665266924995281139810636572907709534387271598843628220680366972773,AVAILABLE,AVAILABLE,AVAILABLE,10000,20260908,10000,0,-0.091979169928848765368310641925121827405452589177659276094307633119531595958328780,0.019345408241148408064492041353753364686329618597865973857254928694146065491918552,0.108,AVAILABLE,WHOLE_SESSION
MOMENTUM_AWAY_025,ATR050_TARGET_2R_BE1R,COMMON_AVAILABLE_ATR_IDENTITIES,0.02,stop_first,ATR050_TARGET_2R_BE1R,4125,4125,0,0,0,0,0,13,164,164,170,6,1008,3117,0,0.24436363636363636363636363636363636363636363636363636363636363636363636363636364,1.9439537439218609886117259705283694742806749072554188438376591567900057126457458,-0.71915192693355608007130258513252889982061905326332501593602827370167253153685364,-0.068385741182705072742213425349211188040230129092926516384058108868796975140232924,-1.0195755305867665418227215980024968789013732833957557555427750268469032934799042,0.87415613144484190950750178611325466541838699739011124689746205809854105799693363,AVAILABLE,1959.5053738732358765206197782925964300749203065134621945883604300443257583469118,-2241.5965562518943015822501578580925807408695890217840746726001291281132808003728,286.04750870961269847322092460880931959371423222436154313640061638914533939470625,42,2,7,0,0,2026-09,-0.22350054082254614508358763505112655679148327952439160257813960043836920858333809,-0.086641183139226069267551616714751094907534499656828183194186764632440242203042332,AVAILABLE,AVAILABLE,AVAILABLE,10000,20260908,10000,0,-0.12452355635540249398616713633636954438824074276906420532611581474478252338671350,-0.014884949313913928472162350626757318321090836322539170327897735297789506416069096,0.0058,AVAILABLE,WHOLE_SESSION
MOMENTUM_AWAY_025,ATR050_TARGET_2R_BE1R,COMMON_AVAILABLE_ATR_IDENTITIES,0.02,target_first,ATR050_TARGET_2R_BE1R,4125,4125,0,0,0,0,0,13,164,164,170,6,1021,3104,0,0.24751515151515151515151515151515151515151515151515151515151515151515151515151515,1.9438760810913743323844464825788377320085778221921075891285882021983484313528845,-0.71997057383149214511151747367219377417741856925465970637388152497690118262395493,-0.060628165425129315166455849591635430464472553335350758808300533111221217564475353,-1.0194123350393833697242817912614418261970252180727233769076850705667967031061147,0.88809179734812350549248346043991387689596573566476604516245088502783313312887537,AVAILABLE,1984.6974787942931933645198587129933243807579564581418485002885544445137484112951,-2234.7886611729516184261502382784894750467072389664637285845282535283012708647561,263.74899843280333095640625264943133220040218813174485453388657901563153716862751,42,3,6,0,0,2026-09,-0.22350054082254614508358763505112655679148327952439160257813960043836920858333809,-0.078727107390215328736177959281172802086731786259428522368861722235605872502646617,AVAILABLE,AVAILABLE,AVAILABLE,10000,20260908,10000,0,-0.11799291741730610953718307510637750203269481504149623330151110221454930653421120,-0.0063089677443928037036233877723876448473134657597572637475376353568132378248739497,0.0136,AVAILABLE,WHOLE_SESSION
