entry_variant,model,population,cost_per_share_roundtrip,ambiguity_sensitivity,eligible_entries,executable_outcomes,unavailable_outcomes,atr_unavailable,path_unavailable,entry_unavailable,invalid_risk,ambiguous_outcomes,eligible_sessions,contributing_sessions,calendar_sessions,zero_outcome_sessions,wins,losses,zero_r_outcomes,win_rate,average_win_r,average_loss_r,mean_r,median_r,profit_factor,profit_factor_status,sum_positive_r,sum_negative_r,event_order_max_drawdown_r,longest_losing_streak,positive_months,negative_months,zero_months,empty_months,worst_month,worst_month_mean_r,lomo_minimum_mean_r,numeric_status,average_win_status,average_loss_status,bootstrap_draws,bootstrap_seed,bootstrap_valid_draws,bootstrap_null_draws,mean_r_ci_low,mean_r_ci_high,bootstrap_probability_mean_above_zero,bootstrap_status,bootstrap_unit
IMMEDIATE_CLOSE_BACK_1M,USD025_TARGET_1R,NATURAL,0,stop_first,3311,3311,0,0,0,0,0,206,167,167,170,3,1580,1731,0,0.47719722138326789489580187254605859257022047719722138326789489580187254605859257,1.0000000000,-0.99945696129404968226458694396302715193529751588677065280184864240323512420566147,-0.045321655089096949562065841135608577469042585321655089096949562065841135608577469,-1.00000000000,0.91326312382229518051397061373593979399558396818607447140561599019687178479359097,AVAILABLE,1580.0000000000,-1730.0600000000,185.0600000000,17,3,6,0,0,2026-02,-0.11908177905308464849354375896700143472022955523672883787661406025824964131994261,-0.055576259489302967563837129054520358868184955141476880607315389924085576259489303,AVAILABLE,AVAILABLE,AVAILABLE,10000,20260908,10000,0,-0.088712881243920243712878715078807128635420301876231756516402908504830930091021433,-0.0015771023858306478991062983121514685175113867345199379465345125847350193833520427,0.0201,AVAILABLE,WHOLE_SESSION
IMMEDIATE_CLOSE_BACK_1M,USD025_TARGET_1R,NATURAL,0,target_first,3311,3311,0,0,0,0,0,206,167,167,170,3,1786,1525,0,0.53941407429779522802778616732105104198127453941407429779522802778616732105104198,1.0000000000,-0.99938360655737704918032786885245901639344262295081967213114754098360655737704918,0.079112050739957716701902748414376321353065539112050739957716701902748414376321353,1.00000000000,1.1718698738894794168208600711258086951957272023411151791924202459220765586656693,AVAILABLE,1786.0000000000,-1524.0600000000,44.0000000000,17,8,1,0,0,2026-08,-0.072727272727272727272727272727272727272727272727272727272727272727272727272727273,0.066758853288364249578414839797639123102866779089376053962900505902192242833052277,AVAILABLE,AVAILABLE,AVAILABLE,10000,20260908,10000,0,0.035971199250884402904542345718703927398449913674853045288088003069823752597532678,0.12217089073134223635895876698552283836564773019622517950277147601562317281380827,0.9995,AVAILABLE,WHOLE_SESSION
IMMEDIATE_CLOSE_BACK_1M,USD025_TARGET_1R,NATURAL,0.01,stop_first,3311,3311,0,0,0,0,0,206,167,167,170,3,1580,1731,0,0.47719722138326789489580187254605859257022047719722138326789489580187254605859257,0.9600000000,-1.0394569612940496822645869439630271519352975158867706528018486424032351242056615,-0.085321655089096949562065841135608577469042585321655089096949562065841135608577469,-1.04000000000,0.84299449786027899738787306174623464680709164675151447785249819374201078197076641,AVAILABLE,1516.8000000000,-1799.3000000000,303.2200000000,17,0,9,0,0,2026-02,-0.15908177905308464849354375896700143472022955523672883787661406025824964131994261,-0.095576259489302967563837129054520358868184955141476880607315389924085576259489303,AVAILABLE,AVAILABLE,AVAILABLE,10000,20260908,10000,0,-0.12871288124392024371287871507880712863542030187623175651640290850483093009102144,-0.041577102385830647899106298312151468517511386734519937946534512584735019383352043,0.0002,AVAILABLE,WHOLE_SESSION
IMMEDIATE_CLOSE_BACK_1M,USD025_TARGET_1R,NATURAL,0.01,target_first,3311,3311,0,0,0,0,0,206,167,167,170,3,1786,1525,0,0.53941407429779522802778616732105104198127453941407429779522802778616732105104198,0.9600000000,-1.0393836065573770491803278688524590163934426229508196721311475409836065573770492,0.039112050739957716701902748414376321353065539112050739957716701902748414376321353,0.96000000000,1.0817003772727846264494719442797118090166933743833041020529191323987735480044919,AVAILABLE,1714.5600000000,-1585.0600000000,57.4400000000,17,7,2,0,0,2026-08,-0.11272727272727272727272727272727272727272727272727272727272727272727272727272727,0.026758853288364249578414839797639123102866779089376053962900505902192242833052277,AVAILABLE,AVAILABLE,AVAILABLE,10000,20260908,10000,0,-0.0040288007491155970954576542812960726015500863251469547119119969301762474024673217,0.082170890731342236358958766985522838365647730196225179502771476015623172813808265,0.9608,AVAILABLE,WHOLE_SESSION
IMMEDIATE_CLOSE_BACK_1M,USD025_TARGET_1R,NATURAL,0.02,stop_first,3311,3311,0,0,0,0,0,206,167,167,170,3,1580,1731,0,0.47719722138326789489580187254605859257022047719722138326789489580187254605859257,0.9200000000,-1.0794569612940496822645869439630271519352975158867706528018486424032351242056615,-0.12532165508909694956206584113560857746904258532165508909694956206584113560857747,-1.08000000000,0.77793357380628726171235296006507754717586993053399980733620901880612670855320197,AVAILABLE,1453.6000000000,-1868.5400000000,423.7000000000,17,0,9,0,0,2026-02,-0.19908177905308464849354375896700143472022955523672883787661406025824964131994261,-0.13557625948930296756383712905452035886818495514147688060731538992408557625948930,AVAILABLE,AVAILABLE,AVAILABLE,10000,20260908,10000,0,-0.16871288124392024371287871507880712863542030187623175651640290850483093009102144,-0.081577102385830647899106298312151468517511386734519937946534512584735019383352043,0,AVAILABLE,WHOLE_SESSION
IMMEDIATE_CLOSE_BACK_1M,USD025_TARGET_1R,NATURAL,0.02,target_first,3311,3311,0,0,0,0,0,206,167,167,170,3,1786,1525,0,0.53941407429779522802778616732105104198127453941407429779522802778616732105104198,0.9200000000,-1.0793836065573770491803278688524590163934426229508196721311475409836065573770492,-0.00088794926004228329809725158562367864693446088794926004228329809725158562367864693,0.92000000000,0.99821391686815790432912530527441284035818864439935360800942857490006439619454941,AVAILABLE,1643.1200000000,-1646.0600000000,70.8800000000,17,3,6,0,0,2026-08,-0.15272727272727272727272727272727272727272727272727272727272727272727272727272727,-0.013241146711635750421585160202360876897133220910623946037099494097807757166947723,AVAILABLE,AVAILABLE,AVAILABLE,10000,20260908,10000,0,-0.044028800749115597095457654281296072601550086325146954711911996930176247402467322,0.042170890731342236358958766985522838365647730196225179502771476015623172813808265,0.4824,AVAILABLE,WHOLE_SESSION
IMMEDIATE_CLOSE_BACK_1M,USD025_TARGET_1.5R,NATURAL,0,stop_first,3311,3311,0,0,0,0,0,116,167,167,170,3,1304,2007,0,0.39383871942011476895197825430383569918453639383871942011476895197825430383569918,1.4965030674846625766871165644171779141104294478527607361963190184049079754601227,-0.99923268560039860488290981564524165421026407573492775286497259591429995017438964,-0.016315312594382361824222289338568408335850196315312594382361824222289338568408336,-1.00000000000,0.97306353654523151795598017412463973352747000688121428500194469099358750610832427,AVAILABLE,1951.4400000000,-2005.4600000000,110.5200000000,17,4,5,0,0,2026-08,-0.10227272727272727272727272727272727272727272727272727272727272727272727272727273,-0.030545203588681849551414768806073153899240855762594893029675638371290545203588682,AVAILABLE,AVAILABLE,AVAILABLE,10000,20260908,10000,0,-0.066627959053599226752595301225917024817546428625596860681720723664707350400480936,0.034534143974952369822171609967956644987348446345725786067799281946192167723454159,0.2642,AVAILABLE,WHOLE_SESSION
IMMEDIATE_CLOSE_BACK_1M,USD025_TARGET_1.5R,NATURAL,0,target_first,3311,3311,0,0,0,0,0,116,167,167,170,3,1420,1891,0,0.42887345212926608275445484747810329205678042887345212926608275445484747810329206,1.4967887323943661971830985915492957746478873239436619718309859154929577464788732,-0.99918561607615018508725542041248016922263352723426758328926493918561607615018509,0.071271519178495922681969193597100573844759891271519178495922681969193597100573845,-1.00000000000,1.1248928265218633895398685338668190911689054015432980851671906258931123178050872,AVAILABLE,2125.4400000000,-1889.4600000000,54.5000000000,17,8,1,0,0,2026-08,-0.090909090909090909090909090909090909090909090909090909090909090909090909090909091,0.050455311973018549747048903878583473861720067453625632377740303541315345699831366,AVAILABLE,AVAILABLE,AVAILABLE,10000,20260908,10000,0,0.018883918898003405045658566785327348707630397771242841665376876644482278285095187,0.12285270066323073448183815527401901398328576415268680314572596045255744235231309,0.9962,AVAILABLE,WHOLE_SESSION
IMMEDIATE_CLOSE_BACK_1M,USD025_TARGET_1.5R,NATURAL,0.01,stop_first,3311,3311,0,0,0,0,0,116,167,167,170,3,1304,2007,0,0.39383871942011476895197825430383569918453639383871942011476895197825430383569918,1.4565030674846625766871165644171779141104294478527607361963190184049079754601227,-1.0392326856003986048829098156452416542102640757349277528649725959142999501743896,-0.056315312594382361824222289338568408335850196315312594382361824222289338568408336,-1.04000000000,0.91060247202431750841427982394737599125490233682050495267866560549253502354080566,AVAILABLE,1899.2800000000,-2085.7400000000,223.1200000000,17,4,5,0,0,2026-08,-0.14227272727272727272727272727272727272727272727272727272727272727272727272727273,-0.070545203588681849551414768806073153899240855762594893029675638371290545203588682,AVAILABLE,AVAILABLE,AVAILABLE,10000,20260908,10000,0,-0.10662795905359922675259530122591702481754642862559686068172072366470735040048094,-0.0054658560250476301778283900320433550126515536542742139322007180538078322765458405,0.0149,AVAILABLE,WHOLE_SESSION
IMMEDIATE_CLOSE_BACK_1M,USD025_TARGET_1.5R,NATURAL,0.01,target_first,3311,3311,0,0,0,0,0,116,167,167,170,3,1420,1891,0,0.42887345212926608275445484747810329205678042887345212926608275445484747810329206,1.4567887323943661971830985915492957746478873239436619718309859154929577464788732,-1.0391856160761501850872554204124801692226335272342675832892649391856160761501851,0.031271519178495922681969193597100573844759891271519178495922681969193597100573845,-1.04000000000,1.0526894305633301104269502824283751463029871253371329703322986107577222533204417,AVAILABLE,2068.6400000000,-1965.1000000000,76.9000000000,17,7,2,0,0,2026-08,-0.13090909090909090909090909090909090909090909090909090909090909090909090909090909,0.010455311973018549747048903878583473861720067453625632377740303541315345699831366,AVAILABLE,AVAILABLE,AVAILABLE,10000,20260908,10000,0,-0.021116081101996594954341433214672651292369602228757158334623123355517721714904813,0.082852700663230734481838155274019013983285764152686803145725960452557442352313094,0.8759,AVAILABLE,WHOLE_SESSION
IMMEDIATE_CLOSE_BACK_1M,USD025_TARGET_1.5R,NATURAL,0.02,stop_first,3311,3311,0,0,0,0,0,116,167,167,170,3,1304,2007,0,0.39383871942011476895197825430383569918453639383871942011476895197825430383569918,1.4165030674846625766871165644171779141104294478527607361963190184049079754601227,-1.0792326856003986048829098156452416542102640757349277528649725959142999501743896,-0.096315312594382361824222289338568408335850196315312594382361824222289338568408336,-1.08000000000,0.85277144255362369691877267984598480161771359451897951080784110950037395776585627,AVAILABLE,1847.1200000000,-2166.0200000000,337.6400000000,17,1,8,0,0,2026-08,-0.18227272727272727272727272727272727272727272727272727272727272727272727272727273,-0.11054520358868184955141476880607315389924085576259489302967563837129054520358868,AVAILABLE,AVAILABLE,AVAILABLE,10000,20260908,10000,0,-0.14662795905359922675259530122591702481754642862559686068172072366470735040048094,-0.045465856025047630177828390032043355012651553654274213932200718053807832276545841,0.0003,AVAILABLE,WHOLE_SESSION
IMMEDIATE_CLOSE_BACK_1M,USD025_TARGET_1.5R,NATURAL,0.02,target_first,3311,3311,0,0,0,0,0,116,167,167,170,3,1420,1891,0,0.42887345212926608275445484747810329205678042887345212926608275445484747810329206,1.4167887323943661971830985915492957746478873239436619718309859154929577464788732,-1.0791856160761501850872554204124801692226335272342675832892649391856160761501851,-0.0087284808215040773180308064028994261552401087284808215040773180308064028994261552,-1.08000000000,0.98583847035879141879906308495937748071777884492880033713260875956760782853278713,AVAILABLE,2011.8400000000,-2040.7400000000,104.1400000000,17,5,4,0,0,2026-08,-0.17090909090909090909090909090909090909090909090909090909090909090909090909090909,-0.029544688026981450252951096121416526138279932546374367622259696458684654300168634,AVAILABLE,AVAILABLE,AVAILABLE,10000,20260908,10000,0,-0.061116081101996594954341433214672651292369602228757158334623123355517721714904813,0.042852700663230734481838155274019013983285764152686803145725960452557442352313094,0.3755,AVAILABLE,WHOLE_SESSION
IMMEDIATE_CLOSE_BACK_1M,USD025_TARGET_2R,NATURAL,0,stop_first,3311,3311,0,0,0,0,0,78,167,167,170,3,1099,2212,0,0.33192389006342494714587737843551797040169133192389006342494714587737843551797040,1.9832393084622383985441310282074613284804367606915377616014558689717925386715196,-0.99811030741410488245931283905967450271247739602169981916817359855334538878842676,-0.0085291452733313198429477499244941105406221685291452733313198429477499244941105406,-1.00000000000,0.98720910219130182714170539264976311474667318893750396318540460725964979029087516,AVAILABLE,2179.5800000000,-2207.8200000000,136.0000000000,21,5,4,0,0,2026-08,-0.27727272727272727272727272727272727272727272727272727272727272727272727272727273,-0.025877605917955615332885003362474781439139206455951580363147276395427034297242771,AVAILABLE,AVAILABLE,AVAILABLE,10000,20260908,10000,0,-0.065779949139795330108480309960464823642679261736914032207561139057886404405933495,0.048938264099029874786778413261722566369344676985799310297480420581230163131017074,0.3851,AVAILABLE,WHOLE_SESSION
IMMEDIATE_CLOSE_BACK_1M,USD025_TARGET_2R,NATURAL,0,target_first,3311,3311,0,0,0,0,0,78,167,167,170,3,1177,2134,0,0.35548172757475083056478405315614617940199335548172757475083056478405315614617940,1.9843500424808836023789294817332200509770603228547153780798640611724723874256585,-0.99804123711340206185567010309278350515463917525773195876288659793814432989690722,0.062144367260646330413772274237390516460283902144367260646330413772274237390516460,-1.00000000000,1.0966091031166953075846785174333981275412945694941356546562620315331812078015983,AVAILABLE,2335.5800000000,-2129.8200000000,107.0800000000,21,7,2,0,0,2026-08,-0.27727272727272727272727272727272727272727272727272727272727272727272727272727273,0.042961214165261382799325463743676222596964586846543001686340640809443507588532884,AVAILABLE,AVAILABLE,AVAILABLE,10000,20260908,10000,0,0.000017015093975383042263605479104123304840352148359346931894008080603868493764564055,0.12378023020672602332735933142293058337566249125463624078741817693907476447417602,0.975,AVAILABLE,WHOLE_SESSION
IMMEDIATE_CLOSE_BACK_1M,USD025_TARGET_2R,NATURAL,0.01,stop_first,3311,3311,0,0,0,0,0,78,167,167,170,3,1099,2212,0,0.33192389006342494714587737843551797040169133192389006342494714587737843551797040,1.9432393084622383985441310282074613284804367606915377616014558689717925386715196,-1.0381103074141048824593128390596745027124773960216998191681735985533453887884268,-0.048529145273331319842947749924494110540622168529145273331319842947749924494110541,-1.04000000000,0.93002656447328310760789095501458868614728040761224578670034403170317467229891565,AVAILABLE,2135.6200000000,-2296.3000000000,189.3600000000,21,4,5,0,0,2026-08,-0.31727272727272727272727272727272727272727272727272727272727272727272727272727273,-0.065877605917955615332885003362474781439139206455951580363147276395427034297242771,AVAILABLE,AVAILABLE,AVAILABLE,10000,20260908,10000,0,-0.10577994913979533010848030996046482364267926173691403220756113905788640440593350,0.0089382640990298747867784132617225663693446769857993102974804205812301631310170736,0.0477,AVAILABLE,WHOLE_SESSION
IMMEDIATE_CLOSE_BACK_1M,USD025_TARGET_2R,NATURAL,0.01,target_first,3311,3311,0,0,0,0,0,78,167,167,170,3,1177,2134,0,0.35548172757475083056478405315614617940199335548172757475083056478405315614617940,1.9443500424808836023789294817332200509770603228547153780798640611724723874256585,-1.0380412371134020618556701030927835051546391752577319587628865979381443298969072,0.022144367260646330413772274237390516460283902144367260646330413772274237390516460,-1.04000000000,1.0330988903836257098745925838983739470381639415307108225968092886356864904883576,AVAILABLE,2288.5000000000,-2215.1800000000,138.4800000000,21,5,4,0,0,2026-08,-0.31727272727272727272727272727272727272727272727272727272727272727272727272727273,0.0029612141652613827993254637436762225969645868465430016863406408094435075885328836,AVAILABLE,AVAILABLE,AVAILABLE,10000,20260908,10000,0,-0.039982984906024616957736394520895876695159647851640653068105991919396131506235436,0.083780230206726023327359331422930583375662491254636240787418176939074764474176019,0.7535,AVAILABLE,WHOLE_SESSION
IMMEDIATE_CLOSE_BACK_1M,USD025_TARGET_2R,NATURAL,0.02,stop_first,3311,3311,0,0,0,0,0,78,167,167,170,3,1099,2212,0,0.33192389006342494714587737843551797040169133192389006342494714587737843551797040,1.9032393084622383985441310282074613284804367606915377616014558689717925386715196,-1.0781103074141048824593128390596745027124773960216998191681735985533453887884268,-0.088529145273331319842947749924494110540622168529145273331319842947749924494110541,-1.08000000000,0.87708719462591937201754459530858192369946074690327828982128330495894799520291180,AVAILABLE,2091.6600000000,-2384.7800000000,310.6400000000,21,1,8,0,0,2026-08,-0.35727272727272727272727272727272727272727272727272727272727272727272727272727273,-0.10587760591795561533288500336247478143913920645595158036314727639542703429724277,AVAILABLE,AVAILABLE,AVAILABLE,10000,20260908,10000,0,-0.14577994913979533010848030996046482364267926173691403220756113905788640440593350,-0.031061735900970125213221586738277433630655323014200689702519579418769836868982926,0.0018,AVAILABLE,WHOLE_SESSION
IMMEDIATE_CLOSE_BACK_1M,USD025_TARGET_2R,NATURAL,0.02,target_first,3311,3311,0,0,0,0,0,78,167,167,170,3,1177,2134,0,0.35548172757475083056478405315614617940199335548172757475083056478405315614617940,1.9043500424808836023789294817332200509770603228547153780798640611724723874256585,-1.0780412371134020618556701030927835051546391752577319587628865979381443298969072,-0.017855632739353669586227725762609483539716097855632739353669586227725762609483540,-1.08000000000,0.97430168569118554774096516470046163074756361549896980708877046258704478079059699,AVAILABLE,2241.4200000000,-2300.5400000000,174.9600000000,21,5,4,0,0,2026-08,-0.35727272727272727272727272727272727272727272727272727272727272727272727272727273,-0.037038785834738617200674536256323777403035413153456998313659359190556492411467116,AVAILABLE,AVAILABLE,AVAILABLE,10000,20260908,10000,0,-0.079982984906024616957736394520895876695159647851640653068105991919396131506235436,0.043780230206726023327359331422930583375662491254636240787418176939074764474176019,0.2893,AVAILABLE,WHOLE_SESSION
IMMEDIATE_CLOSE_BACK_1M,USD025_TARGET_2R_BE1R,NATURAL,0,stop_first,3311,3311,0,0,0,0,0,104,167,167,170,3,881,1815,615,0.26608275445484747810329205678042887345212926608275445484747810329205678042887345,1.9895119182746878547105561861520998864926220204313280363223609534619750283768445,-0.96928352617079889807162534435261707988980716253443526170798898071625344352617080,-0.0019600120809423135004530353367562669888251283600120809423135004530353367562669888,-1.00000000000,0.99631115448313872005427768748675571675559852337041884221545367979620401789490246,AVAILABLE,1752.7600000000,-1759.2496000000,112.1796000000,17,5,4,0,0,2026-08,-0.18145454545454545454545454545454545454545454545454545454545454545454545454545455,-0.015867383994620040349697377269670477471418964357767316745124411566913248150638870,AVAILABLE,AVAILABLE,AVAILABLE,10000,20260908,10000,0,-0.057193751687521168551760984987620869449069060760302823586656299045447389887753009,0.054330933025307062001761913357679211428060090193918467536514960063811503041691930,0.479,AVAILABLE,WHOLE_SESSION
IMMEDIATE_CLOSE_BACK_1M,USD025_TARGET_2R_BE1R,NATURAL,0,target_first,3311,3311,0,0,0,0,0,104,167,167,170,3,985,1742,584,0.29749320446994865599516762307459981878586529749320446994865599516762307459981879,1.9906192893401015228426395939086294416243654822335025380710659898477157360406091,-0.96799632606199770378874856486796785304247990815154994259471871412169919632606200,0.082908607671398369072787677438840229537903956508607671398369072787677438840229538,-1.00000000000,1.1627934559628657584262733109024903549272895305653445373686078265044510611003258,AVAILABLE,1960.7600000000,-1686.2496000000,86.1796000000,17,6,3,0,0,2026-08,-0.16327272727272727272727272727272727272727272727272727272727272727272727272727273,0.065838111298482293423271500843170320404721753794266441821247892074198988195615514,AVAILABLE,AVAILABLE,AVAILABLE,10000,20260908,10000,0,0.021804189506017469772818375889103299120918048680444854620540500228393508031061517,0.14541056946459847646561225188454003529440347378208908413452512683236041814370874,0.9959,AVAILABLE,WHOLE_SESSION
IMMEDIATE_CLOSE_BACK_1M,USD025_TARGET_2R_BE1R,NATURAL,0.01,stop_first,3311,3311,0,0,0,0,0,104,167,167,170,3,881,2430,0,0.26608275445484747810329205678042887345212926608275445484747810329205678042887345,1.9495119182746878547105561861520998864926220204313280363223609534619750283768445,-0.76397102880658436213991769547325102880658436213991769547325102880658436213991770,-0.041960012080942313500453035336756266988825128360012080942313500453035336756266989,-1.04000000000,0.92516381807510422044315127111449726402483536315771782869839288930871056235515362,AVAILABLE,1717.5200000000,-1856.4496000000,171.4896000000,37,4,5,0,0,2026-08,-0.22145454545454545454545454545454545454545454545454545454545454545454545454545455,-0.055867383994620040349697377269670477471418964357767316745124411566913248150638870,AVAILABLE,AVAILABLE,AVAILABLE,10000,20260908,10000,0,-0.097193751687521168551760984987620869449069060760302823586656299045447389887753009,0.014330933025307062001761913357679211428060090193918467536514960063811503041691930,0.0717,AVAILABLE,WHOLE_SESSION
IMMEDIATE_CLOSE_BACK_1M,USD025_TARGET_2R_BE1R,NATURAL,0.01,target_first,3311,3311,0,0,0,0,0,104,167,167,170,3,985,2326,0,0.29749320446994865599516762307459981878586529749320446994865599516762307459981879,1.9506192893401015228426395939086294416243654822335025380710659898477157360406091,-0.76495683576956147893379191745485812553740326741186586414445399828030954428202923,0.042908607671398369072787677438840229537903956508607671398369072787677438840229538,-1.04000000000,1.0798466983677081010308833368103764558619350104670987791981698763371628766896631,AVAILABLE,1921.3600000000,-1779.2896000000,111.5396000000,37,6,3,0,0,2026-08,-0.20327272727272727272727272727272727272727272727272727272727272727272727272727273,0.025838111298482293423271500843170320404721753794266441821247892074198988195615514,AVAILABLE,AVAILABLE,AVAILABLE,10000,20260908,10000,0,-0.018195810493982530227181624110896700879081951319555145379459499771606491968938483,0.10541056946459847646561225188454003529440347378208908413452512683236041814370874,0.9125,AVAILABLE,WHOLE_SESSION
IMMEDIATE_CLOSE_BACK_1M,USD025_TARGET_2R_BE1R,NATURAL,0.02,stop_first,3311,3311,0,0,0,0,0,104,167,167,170,3,881,2430,0,0.26608275445484747810329205678042887345212926608275445484747810329205678042887345,1.9095119182746878547105561861520998864926220204313280363223609534619750283768445,-0.80397102880658436213991769547325102880658436213991769547325102880658436213991770,-0.081960012080942313500453035336756266988825128360012080942313500453035336756266989,-1.08000000000,0.86109607372785785127486525731123943618139097205558253639751980088957610412839641,AVAILABLE,1682.2800000000,-1953.6496000000,290.9296000000,37,1,8,0,0,2026-08,-0.26145454545454545454545454545454545454545454545454545454545454545454545454545455,-0.095867383994620040349697377269670477471418964357767316745124411566913248150638870,AVAILABLE,AVAILABLE,AVAILABLE,10000,20260908,10000,0,-0.13719375168752116855176098498762086944906906076030282358665629904544738988775301,-0.025669066974692937998238086642320788571939909806081532463485039936188496958308070,0.0024,AVAILABLE,WHOLE_SESSION
IMMEDIATE_CLOSE_BACK_1M,USD025_TARGET_2R_BE1R,NATURAL,0.02,target_first,3311,3311,0,0,0,0,0,104,167,167,170,3,985,2326,0,0.29749320446994865599516762307459981878586529749320446994865599516762307459981879,1.9106192893401015228426395939086294416243654822335025380710659898477157360406091,-0.80495683576956147893379191745485812553740326741186586414445399828030954428202923,0.0029086076713983690727876774388402295379039565086076713983690727876774388402295379,-1.08000000000,1.0051435388299154166018632616821311803220971350343443803911448069827021908963037,AVAILABLE,1881.9600000000,-1872.3296000000,140.8996000000,37,5,4,0,0,2026-08,-0.24327272727272727272727272727272727272727272727272727272727272727272727272727273,-0.014161888701517706576728499156829679595278246205733558178752107925801011804384486,AVAILABLE,AVAILABLE,AVAILABLE,10000,20260908,10000,0,-0.058195810493982530227181624110896700879081951319555145379459499771606491968938483,0.065410569464598476465612251884540035294403473782089084134525126832360418143708740,0.5407,AVAILABLE,WHOLE_SESSION
IMMEDIATE_CLOSE_BACK_1M,USD030_TARGET_1R,NATURAL,0,stop_first,3311,3311,0,0,0,0,0,116,167,167,170,3,1624,1687,0,0.49048625792811839323467230443974630021141649048625792811839323467230443974630021,0.99975369458128078817733990147783251231527093596059113300492610837438423645320197,-0.99905157083580320094842916419679905157083580320094842916419679905157083580320095,-0.018665055874358199939595288432497734823316218665055874358199939595288432497734823,-1.00000000000,0.96333214667141331434674261302954788180847276610893556425774296902812388750444998,AVAILABLE,1623.6000000000,-1685.4000000000000000000000000000000000000000000000000000000000000000000000000000,102.45000000000000000000000000000000000000000000000000000000000000000000000000000,17,3,5,1,0,2026-02,-0.073170731707317073170731707317073170731707317073170731707317073170731707317073171,-0.026725327812284334023464458247066942719116632160110420979986197377501725327812284,AVAILABLE,AVAILABLE,AVAILABLE,10000,20260908,10000,0,-0.061947069025041478935753471235103609178958696949736367677297145038919018228093005,0.025723598176529539732590256899122485395126005230867003984258512380533352887976339,0.2007,AVAILABLE,WHOLE_SESSION
IMMEDIATE_CLOSE_BACK_1M,USD030_TARGET_1R,NATURAL,0,target_first,3311,3311,0,0,0,0,0,116,167,167,170,3,1740,1571,0,0.52552099063726970703714889761401389308366052552099063726970703714889761401389308,0.99977011494252873563218390804597701149425287356321839080459770114942528735632184,-0.99898154042011457670273711012094207511139401654996817313812858052196053469127944,0.051404409543944427665357897916037450921171851404409543944427665357897916037450921,1.00000000000,1.1084490888237543010067541735695170128711609532305339620237033261118898942270932,AVAILABLE,1739.6000000000,-1569.4000000000000000000000000000000000000000000000000000000000000000000000000000,59.000000000000000000000000000000000000000000000000000000000000000000000000000000,17,8,1,0,0,2026-08,-0.045454545454545454545454545454545454545454545454545454545454545454545454545454545,0.041888701517706576728499156829679595278246205733558178752107925801011804384485666,AVAILABLE,AVAILABLE,AVAILABLE,10000,20260908,10000,0,0.0074948198168250615166323746007850464624250878788386831461289084909621762078390179,0.096832724901572372093482781957487168594053341105452174299644820755509230214441322,0.9867,AVAILABLE,WHOLE_SESSION
IMMEDIATE_CLOSE_BACK_1M,USD030_TARGET_1R,NATURAL,0.01,stop_first,3311,3311,0,0,0,0,0,116,167,167,170,3,1624,1687,0,0.49048625792811839323467230443974630021141649048625792811839323467230443974630021,0.96642036124794745484400656814449917898193760262725779967159277504105090311988264,-1.0323849041691365342817624975301323849041691365342817624975301323849041691365184,-0.051998389207691533272928621765831068156649551998389207691533272928621765831066282,-1.0333333333333333333333333333333333333333333333333333333333333333333333333333333,0.90114643342456314953396237248559781048441118490306034565254837413156232655173128,AVAILABLE,1569.4666666666666666666666666666666666666666666666666666666666666666666666666894,-1741.6333333333333333333333333333333333333333333333333333333333333333333333333065,200.88333333333333333333333333333333333333333333333333333333333333333333333332733,17,2,7,0,0,2026-02,-0.10650406504065040650406504065040650406504065040650406504065040650406504065040621,-0.060058661145617667356797791580400276052449965493443754313319530710835058661143389,AVAILABLE,AVAILABLE,AVAILABLE,10000,20260908,10000,0,-0.095280402358374812269086804568436942512292030283069701010630478372252351561426330,-0.0076097351568037936007430764342108479382073281024663293490748209527999804453569882,0.0098,AVAILABLE,WHOLE_SESSION
IMMEDIATE_CLOSE_BACK_1M,USD030_TARGET_1R,NATURAL,0.01,target_first,3311,3311,0,0,0,0,0,116,167,167,170,3,1740,1571,0,0.52552099063726970703714889761401389308366052552099063726970703714889761401389308,0.96643678160919540229885057471264367816091954022988505747126436781609195402300379,-1.0323148737534479100360704434542754084447273498833015064714619138552938680245982,0.018071076210611094332024564582704117587838518071076210611094332024564582704117851,0.96666666666666666666666666666666666666666666666666666666666666666666666666666667,1.0368939222658417774854582451236306085955645078412430888126117608369473619304362,AVAILABLE,1681.6000000000000000000000000000000000000000000000000000000000000000000000000266,-1621.7666666666666666666666666666666666666666666666666666666666666666666666666437,71.033333333333333333333333333333333333333333333333333333333333333333333333333253,17,6,3,0,0,2026-08,-0.078787878787878787878787878787878787878787878787878787878787878787878787878787727,0.0085553681843732433951658234963462619449128724002248454187745924676784710511525619,AVAILABLE,AVAILABLE,AVAILABLE,10000,20260908,10000,0,-0.025838513516508271816700958732548286870908245454494650187204424842371157125494308,0.063499391568239038760149448624153835260720007772118840966311487422175896881107995,0.783,AVAILABLE,WHOLE_SESSION
IMMEDIATE_CLOSE_BACK_1M,USD030_TARGET_1R,NATURAL,0.02,stop_first,3311,3311,0,0,0,0,0,116,167,167,170,3,1624,1687,0,0.49048625792811839323467230443974630021141649048625792811839323467230443974630021,0.93308702791461412151067323481116584564860426929392446633825944170771756978652198,-1.0657182375024698676150958308634657182375024698676150958308634657182375024698841,-0.085331722541024866606261955099164401489982885331722541024866606261955099164403833,-1.0666666666666666666666666666666666666666666666666666666666666666666666666666667,0.84285078611687926431326016018985464253930584396321566300800949273212696529217313,AVAILABLE,1515.3333333333333333333333333333333333333333333333333333333333333333333333333117,-1797.8666666666666666666666666666666666666666666666666666666666666666666666666944,299.31666666666666666666666666666666666666666666666666666666666666666666666667422,17,1,8,0,0,2026-02,-0.13983739837398373983739837398373983739837398373983739837398373983739837398374013,-0.093391994478951000690131124913733609385783298826777087646652864044168391994481508,AVAILABLE,AVAILABLE,AVAILABLE,10000,20260908,10000,0,-0.12861373569170814560242013790177027584562536361640303434396381170558568489475966,-0.040943068490137126934076409767544181271540661435799662682408154286133313778690315,0.0003,AVAILABLE,WHOLE_SESSION
IMMEDIATE_CLOSE_BACK_1M,USD030_TARGET_1R,NATURAL,0.02,target_first,3311,3311,0,0,0,0,0,116,167,167,170,3,1740,1571,0,0.52552099063726970703714889761401389308366052552099063726970703714889761401389308,0.93310344827586206896551724137931034482758620689655172413793103448275862068964052,-1.0656482070867812433694037767876087417780606832166348398047952471886272013579613,-0.015262257122722239001308768750629215745494815262257122722239001308768750629216003,0.93333333333333333333333333333333333333333333333333333333333333333333333333333333,0.96981522777954762663268556865243708187320802803440586173940745460337687161513501,AVAILABLE,1623.5999999999999999999999999999999999999999999999999999999999999999999999999745,-1674.1333333333333333333333333333333333333333333333333333333333333333333333333572,83.066666666666666666666666666666666666666666666666666666666666666666666666666777,17,4,5,0,0,2026-08,-0.11212121212121212121212121212121212121212121212121212121212121212121212121212145,-0.024777965148960089938167509836987071388420460933108487914558740865654862282181266,AVAILABLE,AVAILABLE,AVAILABLE,10000,20260908,10000,0,-0.059171846849841605150034292065881620204241578787827983520537758175704490458827633,0.030166058234905705426816115290820501927386674438785507632978154088842563547774669,0.2553,AVAILABLE,WHOLE_SESSION
IMMEDIATE_CLOSE_BACK_1M,USD030_TARGET_1.5R,NATURAL,0,stop_first,3311,3311,0,0,0,0,0,63,167,167,170,3,1307,2004,0,0.39474479009362730292962851102385986106916339474479009362730292962851102385986107,1.4953328232593726090283091048201989288446824789594491201224177505738332058148431,-0.99707252162341982701264138389886892880904856952761144377910844976713240186294077,-0.013208496929427161985301520185241115473673613208496929427161985301520185241115474,-1.00000000000,0.97811290537835312958761510743360469771787001201121046309889229947951421326571463,AVAILABLE,1954.3999999999999999999999999999999999999999999999999999999999999999999999999999,-1998.1333333333333333333333333333333333333333333333333333333333333333333333333333,97.016666666666666666666666666666666666666666666666666666666666666666666666666667,18,5,4,0,0,2026-08,-0.11363636363636363636363636363636363636363636363636363636363636363636363636363636,-0.023456998313659359190556492411467116357504215851602023608768971332209106239460371,AVAILABLE,AVAILABLE,AVAILABLE,10000,20260908,10000,0,-0.063930817166908042886917408862409772990723637236112195136052356959295586139512566,0.038679325713521117337713669006484234840922335310470375515191208342356331856202454,0.308,AVAILABLE,WHOLE_SESSION
IMMEDIATE_CLOSE_BACK_1M,USD030_TARGET_1.5R,NATURAL,0,target_first,3311,3311,0,0,0,0,0,63,167,167,170,3,1370,1941,0,0.41377227423739051646028390214436726064633041377227423739051646028390214436726065,1.4955474452554744525547445255474452554744525547445255474452554744525547445255474,-0.99697750300532371629744118152155246436544736390176884767302077966683839945045507,0.034360213429980871841336957616027383469243934360213429980871841336957616027383470,-1.00000000000,1.0587900919833258690185000172253419230371722878699142177972232748820064078271953,AVAILABLE,2048.8999999999999999999999999999999999999999999999999999999999999999999999999999,-1935.1333333333333333333333333333333333333333333333333333333333333333333333333333,61.50000000000000000000000000000000000000000000000000000000000000000000000000000,18,7,2,0,0,2026-08,-0.11363636363636363636363636363636363636363636363636363636363636363636363636363636,0.016172006745362563237774030354131534569983136593591905564924114671163575042158516,AVAILABLE,AVAILABLE,AVAILABLE,10000,20260908,10000,0,-0.020671419035981939409911585732283233845240764195254527576114159940532697707484306,0.089345148631105020213595515821253026088637883915253703978141894761485768151681607,0.8842,AVAILABLE,WHOLE_SESSION
IMMEDIATE_CLOSE_BACK_1M,USD030_TARGET_1.5R,NATURAL,0.01,stop_first,3311,3311,0,0,0,0,0,63,167,167,170,3,1307,2004,0,0.39474479009362730292962851102385986106916339474479009362730292962851102385986107,1.4619994899260392756949757714868655955113491456261157867890844172404998724815272,-1.0304058549567531603459747172322022621423819028609447771124417831004657351962555,-0.046541830262760495318634853518574448807006946541830262760495318634853518574448046,-1.0333333333333333333333333333333333333333333333333333333333333333333333333333333,0.92537289339445986956802479498934590301543229805643442887583134241622005553047255,AVAILABLE,1910.8333333333333333333333333333333333333333333333333333333333333333333333333560,-2064.9333333333333333333333333333333333333333333333333333333333333333333333332961,173.09999999999999999999999999999999999999999999999999999999999999999999999999757,18,3,6,0,0,2026-08,-0.14696969696969696969696969696969696969696969696969696969696969696969696969696940,-0.056790331646992692523889825744800449690837549184935356942102304665542439572792799,AVAILABLE,AVAILABLE,AVAILABLE,10000,20260908,10000,0,-0.097264150500241376220250742195743106324056970569445528469385690292628919472845893,0.0053459923801877840043803356731509015075890019771370421818578750090229985228691273,0.038,AVAILABLE,WHOLE_SESSION
IMMEDIATE_CLOSE_BACK_1M,USD030_TARGET_1.5R,NATURAL,0.01,target_first,3311,3311,0,0,0,0,0,63,167,167,170,3,1370,1941,0,0.41377227423739051646028390214436726064633041377227423739051646028390214436726065,1.4622141119221411192214111922141119221411192214111922141119221411192214111922322,-1.0303108363386570496307745148548857976987806972351021810063541130001717327837703,0.0010268800966475385080036242826940501359106010268800966475385080036242826940503533,-1.0333333333333333333333333333333333333333333333333333333333333333333333333333333,1.0017001416784732061005083756979748312359363280273356113009417451454287857321743,AVAILABLE,2003.2333333333333333333333333333333333333333333333333333333333333333333333333581,-1999.8333333333333333333333333333333333333333333333333333333333333333333333332982,86.316666666666666666666666666666666666666666666666666666666666666666666666666398,18,6,3,0,0,2026-08,-0.14696969696969696969696969696969696969696969696969696969696969696969696969696940,-0.017161326587970770095559302979201798763350196739741427768409218662169758291174633,AVAILABLE,AVAILABLE,AVAILABLE,10000,20260908,10000,0,-0.054004752369315272743244919065616567178574097528587860909447493273866031040817630,0.056011815297771686880262182487919692755304550581920370644808561428152434818348282,0.5122,AVAILABLE,WHOLE_SESSION
IMMEDIATE_CLOSE_BACK_1M,USD030_TARGET_1.5R,NATURAL,0.02,stop_first,3311,3311,0,0,0,0,0,63,167,167,170,3,1307,2004,0,0.39474479009362730292962851102385986106916339474479009362730292962851102385986107,1.4286661565927059423616424381535322621780158122927824534557510839071665391481596,-1.0637391882900864936793080505655355954757152361942781104457751164337990685296265,-0.079875163596093828651968186851907782140340279875163596093828651968186851907784319,-1.0666666666666666666666666666666666666666666666666666666666666666666666666666667,0.87593820365273955466599949962471853890417813360020015011258443832874655991991392,AVAILABLE,1867.2666666666666666666666666666666666666666666666666666666666666666666666666446,-2131.7333333333333333333333333333333333333333333333333333333333333333333333333715,282.46666666666666666666666666666666666666666666666666666666666666666666666667379,18,2,7,0,0,2026-08,-0.18030303030303030303030303030303030303030303030303030303030303030303030303030332,-0.090123664980326025857223159078133783024170882518268690275435637998875772906129089,AVAILABLE,AVAILABLE,AVAILABLE,10000,20260908,10000,0,-0.13059748383357470955358407552907643965739030390277886180271902362596225280617921,-0.027987340953145549328952997660182431825744331356196291151475458324310334810464199,0.0016,AVAILABLE,WHOLE_SESSION
IMMEDIATE_CLOSE_BACK_1M,USD030_TARGET_1.5R,NATURAL,0.02,target_first,3311,3311,0,0,0,0,0,63,167,167,170,3,1370,1941,0,0.41377227423739051646028390214436726064633041377227423739051646028390214436726065,1.4288807785888077858880778588807785888077858880778588807785888077858880778588631,-1.0636441696719903829641078481882191310321140305684355143396874463335050661171403,-0.032306453236685794825329709050639283197422732306453236685794825329709050639283609,-1.0666666666666666666666666666666666666666666666666666666666666666666666666666667,0.94818845259622836476362696977525187290105915784035133040557995350038749677083197,AVAILABLE,1957.5666666666666666666666666666666666666666666666666666666666666666666666666425,-2064.5333333333333333333333333333333333333333333333333333333333333333333333333694,124.96666666666666666666666666666666666666666666666666666666666666666666666666794,18,2,7,0,0,2026-08,-0.18030303030303030303030303030303030303030303030303030303030303030303030303030332,-0.050494659921304103428892636312535132096683530073074761101742551995503091624508961,AVAILABLE,AVAILABLE,AVAILABLE,10000,20260908,10000,0,-0.087338085702648606076578252398949900511907430861921194242780826607199364374150957,0.022678481964438353546928849154586359421971217248587037311475228094819101485014958,0.1253,AVAILABLE,WHOLE_SESSION
IMMEDIATE_CLOSE_BACK_1M,USD030_TARGET_2R,NATURAL,0,stop_first,3311,3311,0,0,0,0,0,39,167,167,170,3,1091,2220,0,0.32950770160072485653881002718212020537601932950770160072485653881002718212020538,1.9718301252673388328750381912618392911701802627558814543232508402077604644057437,-0.99738738738738738738738738738738738738738738738738738738738738738738738738738739,-0.019007349239907379442263163193395751535286419007349239907379442263163193395751535,-1.00000000000,0.97157739439376147893896968054677385361153765091982055219341823984584349501701129,AVAILABLE,2151.2666666666666666666666666666666666666666666666666666666666666666666666666664,-2214.2000000000000000000000000000000000000000000000000000000000000000000000000000,179.78333333333333333333333333333333333333333333333333333333333333333333333333334,37,6,3,0,0,2026-07,-0.18176239567992145311732940598919980363279332351497299950908198330878743249877271,-0.035485317193454382425465142344765747590226406635283568706568034073077785249943958,AVAILABLE,AVAILABLE,AVAILABLE,10000,20260908,10000,0,-0.080411226297329030768061845582796385662145553427873692038580519513202765673351103,0.042909098593397962638569869830190197338934230410013986564795459580909765742755701,0.2795,AVAILABLE,WHOLE_SESSION
IMMEDIATE_CLOSE_BACK_1M,USD030_TARGET_2R,NATURAL,0,target_first,3311,3311,0,0,0,0,0,39,167,167,170,3,1130,2181,0,0.34128662035638779824826336454243430987617034128662035638779824826336454243430988,1.9728023598820058997050147492625368731563421828908554572271386430678466076696163,-0.99734066941769830353049060064190738193489225126088950022925263640531866116460339,0.016329407027081445686096848887546561965166616329407027081445686096848887546561958,-1.00000000000,1.0248559519431163417923256099056025499570920681623145764374157165624616893465734,AVAILABLE,2229.2666666666666666666666666666666666666666666666666666666666666666666666666664,-2175.2000000000000000000000000000000000000000000000000000000000000000000000000000,146.78333333333333333333333333333333333333333333333333333333333333333333333333335,37,7,2,0,0,2026-07,-0.14641629847815414825724104074619538537064310260186548846342660775650466372115857,0.0031197301854974704890387858347386172006745362563237774030354131534569983136593565,AVAILABLE,AVAILABLE,AVAILABLE,10000,20260908,10000,0,-0.049222424448049428834453890781217330383510270811697770637016180239991876141502603,0.081484438250405199321287052879363226337811194618986618504197242338925393570523165,0.6845,AVAILABLE,WHOLE_SESSION
IMMEDIATE_CLOSE_BACK_1M,USD030_TARGET_2R,NATURAL,0.01,stop_first,3311,3311,0,0,0,0,0,39,167,167,170,3,1091,2220,0,0.32950770160072485653881002718212020537601932950770160072485653881002718212020538,1.9384967919340054995417048579285059578368469294225481209899175068744271310724293,-1.0307207207207207207207207207207207207207207207207207207207207207207207207207007,-0.052340682573240712775596496526729084868619752340682573240712775596496526729084213,-1.0333333333333333333333333333333333333333333333333333333333333333333333333333333,0.92426361332051394108906564111528712525128922297002010313783760160825102700815551,AVAILABLE,2114.9000000000000000000000000000000000000000000000000000000000000000000000000204,-2288.1999999999999999999999999999999999999999999999999999999999999999999999999556,216.28333333333333333333333333333333333333333333333333333333333333333333333333181,37,4,5,0,0,2026-07,-0.21509572901325478645066273932253313696612665684830633284241531664212076583210502,-0.068818650526787715758798475678099080923559739968616902039901367406411118583276379,AVAILABLE,AVAILABLE,AVAILABLE,10000,20260908,10000,0,-0.11374455963066236410139517891612971899547888676120702537191385284653609900668443,0.0095757652600646293052365364968568640056008970766806532314621262475764324094223731,0.0516,AVAILABLE,WHOLE_SESSION
IMMEDIATE_CLOSE_BACK_1M,USD030_TARGET_2R,NATURAL,0.01,target_first,3311,3311,0,0,0,0,0,39,167,167,170,3,1130,2181,0,0.34128662035638779824826336454243430987617034128662035638779824826336454243430988,1.9394690265486725663716814159292035398230088495575221238938053097345132743363024,-1.0306740027510316368638239339752407152682255845942228335625859697386519944979170,-0.017003926306251887647236484445786771368166717003926306251887647236484445786771112,-1.0333333333333333333333333333333333333333333333333333333333333333333333333333333,0.97495440188620490235330753147382000978691222919169002179812269229058232127766525,AVAILABLE,2191.6000000000000000000000000000000000000000000000000000000000000000000000000217,-2247.8999999999999999999999999999999999999999999999999999999999999999999999999569,177.18333333333333333333333333333333333333333333333333333333333333333333333333308,37,5,4,0,0,2026-07,-0.17974963181148748159057437407952871870397643593519882179675994108983799705449121,-0.030213603147835862844294547498594716132658797077009555930297920179876335019673662,AVAILABLE,AVAILABLE,AVAILABLE,10000,20260908,10000,0,-0.082555757781382762167787224114550663716843604145031103970349513573325209474835928,0.048151104917071865987953719546029893004477861285653285170863909005592060237189839,0.3102,AVAILABLE,WHOLE_SESSION
IMMEDIATE_CLOSE_BACK_1M,USD030_TARGET_2R,NATURAL,0.02,stop_first,3311,3311,0,0,0,0,0,39,167,167,170,3,1091,2220,0,0.32950770160072485653881002718212020537601932950770160072485653881002718212020538,1.9051634586006721662083715245951726245035135960892147876565841735410937977390590,-1.0640540540540540540540540540540540540540540540540540540540540540540540540540745,-0.085674015906574046108929829860062418201953085674015906574046108929829860062419384,-1.0666666666666666666666666666666666666666666666666666666666666666666666666666667,0.87991420427285299015042474529393503231450907346259136962718369881184206812855539,AVAILABLE,2078.5333333333333333333333333333333333333333333333333333333333333333333333333134,-2362.2000000000000000000000000000000000000000000000000000000000000000000000000453,311.66666666666666666666666666666666666666666666666666666666666666666666666667049,37,2,7,0,0,2026-07,-0.24842906234658811978399607265586647029945999018163966617574864997545409916544082,-0.10215198386012104909213180901143241425689307330195023537323470073974445191661198,AVAILABLE,AVAILABLE,AVAILABLE,10000,20260908,10000,0,-0.14707789296399569743472851224946305232881222009454035870524718617986943234001776,-0.023757568073268704028096796836476469327732436256652680101871207085756900923910954,0.0048,AVAILABLE,WHOLE_SESSION
IMMEDIATE_CLOSE_BACK_1M,USD030_TARGET_2R,NATURAL,0.02,target_first,3311,3311,0,0,0,0,0,39,167,167,170,3,1130,2181,0,0.34128662035638779824826336454243430987617034128662035638779824826336454243430988,1.9061356932153392330383480825958702064896755162241887905604719764011799410029311,-1.0640073360843649701971572673085740486015589179275561668959193030719853278312902,-0.050337259639585220980569817779120104701500050337259639585220980569817779120105325,-1.0666666666666666666666666666666666666666666666666666666666666666666666666666667,0.92817949380907236634203797868367376253267833031687207331437271969892843804760461,AVAILABLE,2153.9333333333333333333333333333333333333333333333333333333333333333333333333121,-2320.6000000000000000000000000000000000000000000000000000000000000000000000000440,208.05000000000000000000000000000000000000000000000000000000000000000000000000135,37,5,4,0,0,2026-07,-0.21308296514482081492390770741286205203730976926853215513009327442317133038782649,-0.063546936481169196177627880831928049465992130410342889263631253513209668353008155,AVAILABLE,AVAILABLE,AVAILABLE,10000,20260908,10000,0,-0.11588909111471609550112055744788399705017693747836443730368284690665854280816925,0.014817771583738532654620386212696559671144527952319951837530575672258726903856515,0.0632,AVAILABLE,WHOLE_SESSION
IMMEDIATE_CLOSE_BACK_1M,USD030_TARGET_2R_BE1R,NATURAL,0,stop_first,3311,3311,0,0,0,0,0,60,167,167,170,3,870,1751,690,0.26276049531863485351857444880700694654183026276049531863485351857444880700694654,1.9842528735632183908045977011494252873563218390804597701149425287356321839080457,-0.97329164287074052922139729678279078621739958119169998096325909004378450409289937,0.0066645525017618040873854827343199436222692036645525017618040873854827343199436216,-1.00000000000,1.0129479506038002222308717055818441172288385336830767142455621793646841464032415,AVAILABLE,1726.2999999999999999999999999999999999999999999999999999999999999999999999999998,-1704.2336666666666666666666666666666666666666666666666666666666666666666666666668,105.19600000000000000000000000000000000000000000000000000000000000000000000000000,17,6,3,0,0,2026-07,-0.10139960726558664702994599901816396661757486499754540991654393716249386352479136,-0.0021857206904281551221699170589553911678995740865276843757005155794664873346783248,AVAILABLE,AVAILABLE,AVAILABLE,10000,20260908,10000,0,-0.047686946496096227691319715859593160206657139172476595789479225062047147936718488,0.063434910412211071954715867374006793405453297231267845174098198852578276084289400,0.5911,AVAILABLE,WHOLE_SESSION
IMMEDIATE_CLOSE_BACK_1M,USD030_TARGET_2R_BE1R,NATURAL,0,target_first,3311,3311,0,0,0,0,0,60,167,167,170,3,930,1715,666,0.28088190878888553307157958320749018423437028088190878888553307157958320749018423,1.9852688172043010752688172043010752688172043010752688172043010752688172043010751,-0.97273100097181729834791059280855199222546161321671525753158406219630709426627802,0.053780227524413570925198832175576361622873250780227524413570925198832175576361613,-0.63333333333333333333333333333333333333333333333333333333333333333333333333333333,1.1067394435751506433651081253405548103672926714303212119964809086496875637525596,AVAILABLE,1846.2999999999999999999999999999999999999999999999999999999999999999999999999998,-1668.2336666666666666666666666666666666666666666666666666666666666666666666666668,70.63366666666666666666666666666666666666666666666666666666666666666666666666669,17,7,2,0,0,2026-07,-0.064580756013745704467353951890034364261168384879725085910652920962199312714776635,0.039128611579539066891512085441259134345137717818999437886453063518830803822372108,AVAILABLE,AVAILABLE,AVAILABLE,10000,20260908,10000,0,-0.0043683862662103181501023445856561934235590187465002276745755806764831991260017980,0.11377389978231191897109086651039783015399304757000155427065173244057470134403826,0.9645,AVAILABLE,WHOLE_SESSION
IMMEDIATE_CLOSE_BACK_1M,USD030_TARGET_2R_BE1R,NATURAL,0.01,stop_first,3311,3311,0,0,0,0,0,60,167,167,170,3,870,2441,0,0.26276049531863485351857444880700694654183026276049531863485351857444880700694654,1.9509195402298850574712643678160919540229885057471264367816091954022988505747278,-0.73150361873549091902225863717055851427010787928444626519186125904683872729753916,-0.026668780831571529245947850599013389711064129668780831571529245947850599013389445,-1.0333333333333333333333333333333333333333333333333333333333333333333333333333333,0.95054865767834198059625511569311609671518505167543091483144511061732552693298749,AVAILABLE,1697.3000000000000000000000000000000000000000000000000000000000000000000000000132,-1785.6003333333333333333333333333333333333333333333333333333333333333333333332931,140.46266666666666666666666666666666666666666666666666666666666666666666666666624,37,6,3,0,0,2026-07,-0.13473294059891998036327933235149729995090819833087874324987727049582719685812438,-0.035519054023761488455503250392288724501232907419861017709033848912799820668011221,AVAILABLE,AVAILABLE,AVAILABLE,10000,20260908,10000,0,-0.081020279829429561024653049192926493539990472505809929122812558395380481270051813,0.030101577078877738621382534040673460072119963897934511840764865519244942750956073,0.1805,AVAILABLE,WHOLE_SESSION
IMMEDIATE_CLOSE_BACK_1M,USD030_TARGET_2R_BE1R,NATURAL,0.01,target_first,3311,3311,0,0,0,0,0,60,167,167,170,3,930,2381,0,0.28088190878888553307157958320749018423437028088190878888553307157958320749018423,1.9519354838709677419354838709677419354838709677419354838709677419354838709677583,-0.73397746045079098418031639367212655746885062298754024919501609967800643987118648,0.020446894191080237591865498842243028289539917446894191080237591865498842243029140,-0.66666666666666666666666666666666666666666666666666666666666666666666666666666666,1.0387386437135416736206466734098814736626471231694660926478041031883529433980357,AVAILABLE,1815.3000000000000000000000000000000000000000000000000000000000000000000000000152,-1747.6003333333333333333333333333333333333333333333333333333333333333333333332950,101.03366666666666666666666666666666666666666666666666666666666666666666666666526,37,7,2,0,0,2026-07,-0.097914089347079037800687285223367697594501718213058419243986254295532646048109658,0.0057952782462057335581787521079258010118043844856661045531197301854974704890390627,AVAILABLE,AVAILABLE,AVAILABLE,10000,20260908,10000,0,-0.037701719599543651483435677918989526756892352079833561007908914009816532459335124,0.080440566448978585637757533177064496820659714236668220937318399107241368010704934,0.7497,AVAILABLE,WHOLE_SESSION
IMMEDIATE_CLOSE_BACK_1M,USD030_TARGET_2R_BE1R,NATURAL,0.02,stop_first,3311,3311,0,0,0,0,0,60,167,167,170,3,870,2441,0,0.26276049531863485351857444880700694654183026276049531863485351857444880700694654,1.9175862068965517241379310344827586206896551724137931034482758620689655172413647,-0.76483695206882425235559197050389184760344121261777959852519459238017206063090610,-0.060002114164904862579281183932346723044397463002114164904862579281183932346723917,-1.0666666666666666666666666666666666666666666666666666666666666666666666666666667,0.89358837087104378384834868532759282836815005300040118545212636324048577184275349,AVAILABLE,1668.2999999999999999999999999999999999999999999999999999999999999999999999999873,-1866.9670000000000000000000000000000000000000000000000000000000000000000000000418,226.21700000000000000000000000000000000000000000000000000000000000000000000000275,37,3,6,0,0,2026-07,-0.16806627393225331369661266568483063328424153166421207658321060382916053019145860,-0.068852387357094821788836583725622057834566240753194351042367182246133154001345985,AVAILABLE,AVAILABLE,AVAILABLE,10000,20260908,10000,0,-0.11435361316276289435798638252625982687332380583914326245614589172871381460338514,-0.0032317562544555947119507992926598732612133694353988214925684678140883905823772541,0.0198,AVAILABLE,WHOLE_SESSION
IMMEDIATE_CLOSE_BACK_1M,USD030_TARGET_2R_BE1R,NATURAL,0.02,target_first,3311,3311,0,0,0,0,0,60,167,167,170,3,930,2381,0,0.28088190878888553307157958320749018423437028088190878888553307157958320749018423,1.9186021505376344086021505376344086021505376344086021505376344086021505376343928,-0.76731079378412431751364972700545989080218395632087358252834943301133977320455267,-0.012886439142253095741467834491090305043793415886439142253095741467834491090305275,-0.70000000000000000000000000000000000000000000000000000000000000000000000000000000,0.97664599305844057391293876681954299119798004014303487692990623257015589225199269,AVAILABLE,1784.2999999999999999999999999999999999999999999999999999999999999999999999999853,-1826.9670000000000000000000000000000000000000000000000000000000000000000000000399,131.43366666666666666666666666666666666666666666666666666666666666666666666666691,37,5,4,0,0,2026-07,-0.13124742268041237113402061855670103092783505154639175257731958762886597938144361,-0.027538055087127599775154581225407532321528948847667228780213603147835862844294775,AVAILABLE,AVAILABLE,AVAILABLE,10000,20260908,10000,0,-0.071035052932876984816769011252322860090225685413166894341242247343149865792668451,0.047107233115645252304424199843731163487326380903334887603985065773908034677371607,0.3405,AVAILABLE,WHOLE_SESSION
IMMEDIATE_CLOSE_BACK_1M,USD040_TARGET_1R,NATURAL,0,stop_first,3311,3311,0,0,0,0,0,68,167,167,170,3,1661,1650,0,0.50166112956810631229235880398671096345514950166112956810631229235880398671096346,0.99601896447922937989163154726068633353401565322095123419626730885009030704394943,-0.99378787878787878787878787878787878787878787878787878787878787878787878787878788,0.0044208698278465720326185442464512231954092419208698278465720326185442464512231954,0.45000000000,1.0089266656502515627382222899832291507851806677847232809879554810184479341363013,AVAILABLE,1654.3875000000,-1639.7500000000,85.3875000000,17,6,3,0,0,2026-07,-0.082971281296023564064801178203240058910162002945508100147275405007363770250368189,-0.011206004140786749482401656314699792960662525879917184265010351966873706004140787,AVAILABLE,AVAILABLE,AVAILABLE,10000,20260908,10000,0,-0.036949741828787839995347195025544594701807987715583388095457098577828436034836612,0.046893854902039963134341121362129086814826075802635704580653130255494218362518647,0.5792,AVAILABLE,WHOLE_SESSION
IMMEDIATE_CLOSE_BACK_1M,USD040_TARGET_1R,NATURAL,0,target_first,3311,3311,0,0,0,0,0,68,167,167,170,3,1729,1582,0,0.52219873150105708245243128964059196617336152219873150105708245243128964059196617,0.99617553499132446500867553499132446500867553499132446500867553499132446500867553,-0.99352085967130214917825537294563843236409608091024020227560050568900126422250316,0.045496073693748112352763515554213228631833282996073693748112352763515554213228632,1.00000000000,1.0958406235088277397804994432956895180531254970574200731668522347701606489581676,AVAILABLE,1722.3875000000,-1571.7500000000,52.0000000000,17,7,2,0,0,2026-08,-0.063636363636363636363636363636363636363636363636363636363636363636363636363636364,0.031897133220910623946037099494097807757166947723440134907251264755480607082630691,AVAILABLE,AVAILABLE,AVAILABLE,10000,20260908,10000,0,0.0027641723568991253438133797391943464325494346179977622137414220298186281814576930,0.089327198403799607679739327063075547399122663283411594515006952214643189872706588,0.9821,AVAILABLE,WHOLE_SESSION
IMMEDIATE_CLOSE_BACK_1M,USD040_TARGET_1R,NATURAL,0.01,stop_first,3311,3311,0,0,0,0,0,68,167,167,170,3,1660,1650,1,0.50135910601026880096647538508003624282694050135910601026880096647538508003624283,0.97160391566265060240963855421686746987951807228915662650602409638554216867469880,-1.0187878787878787878787878787878787878787878787878787878787878787878787878787879,-0.020579130172153427967381455753548776804590758079130172153427967381455753548776805,0.42500000000,0.95946609161213563355145746579417013682331945270672218917311124330755502676977989,AVAILABLE,1612.8625000000,-1681.0000000000,141.7625000000,17,3,6,0,0,2026-07,-0.10797128129602356406480117820324005891016200294550810014727540500736377025036819,-0.036206004140786749482401656314699792960662525879917184265010351966873706004140787,AVAILABLE,AVAILABLE,AVAILABLE,10000,20260908,10000,0,-0.061949741828787839995347195025544594701807987715583388095457098577828436034836612,0.021893854902039963134341121362129086814826075802635704580653130255494218362518647,0.1675,AVAILABLE,WHOLE_SESSION
IMMEDIATE_CLOSE_BACK_1M,USD040_TARGET_1R,NATURAL,0.01,target_first,3311,3311,0,0,0,0,0,68,167,167,170,3,1728,1582,1,0.52189670794321957112654787073391724554515252189670794321957112654787073391724555,0.97173755787037037037037037037037037037037037037037037037037037037037037037037037,-1.0185208596713021491782553729456384323640960809102402022756005056890012642225032,0.020496073693748112352763515554213228631833282996073693748112352763515554213228632,0.97500000000,1.0421166139142307453608887233910507044001737727300937131508719667349345249177683,AVAILABLE,1679.1625000000,-1611.3000000000,70.6125000000,17,6,3,0,0,2026-08,-0.088636363636363636363636363636363636363636363636363636363636363636363636363636364,0.0068971332209106239460370994940978077571669477234401349072512647554806070826306914,AVAILABLE,AVAILABLE,AVAILABLE,10000,20260908,10000,0,-0.022235827643100874656186620260805653567450565382002237786258577970181371818542307,0.064327198403799607679739327063075547399122663283411594515006952214643189872706588,0.8232,AVAILABLE,WHOLE_SESSION
IMMEDIATE_CLOSE_BACK_1M,USD040_TARGET_1R,NATURAL,0.02,stop_first,3311,3311,0,0,0,0,0,68,167,167,170,3,1659,1652,0,0.50105708245243128964059196617336152219873150105708245243128964059196617336152220,0.94718203737191078963230861965039180229053646775165762507534659433393610608800482,-1.0425469128329297820823244552058111380145278450363196125907990314769975786924939,-0.045579130172153427967381455753548776804590758079130172153427967381455753548776805,0.40000000000,0.91237670830218532039511405616077455128716895407996632385707961069217537722360523,AVAILABLE,1571.3750000000,-1722.2875000000,211.9875000000,17,3,6,0,0,2026-07,-0.13297128129602356406480117820324005891016200294550810014727540500736377025036819,-0.061206004140786749482401656314699792960662525879917184265010351966873706004140787,AVAILABLE,AVAILABLE,AVAILABLE,10000,20260908,10000,0,-0.086949741828787839995347195025544594701807987715583388095457098577828436034836612,-0.0031061450979600368656588786378709131851739241973642954193468697445057816374813533,0.0191,AVAILABLE,WHOLE_SESSION
IMMEDIATE_CLOSE_BACK_1M,USD040_TARGET_1R,NATURAL,0.02,target_first,3311,3311,0,0,0,0,0,68,167,167,170,3,1727,1584,0,0.52159468438538205980066445182724252491694352159468438538205980066445182724252492,0.94729299363057324840764331210191082802547770700636942675159235668789808917197452,-1.0422269570707070707070707070707070707070707070707070707070707070707070707070707,-0.0045039263062518876472364844457867713681667170039263062518876472364844457867713682,0.95000000000,0.99096697988203314883661061095925676340756108456814895018588486495899932612004149,AVAILABLE,1635.9750000000,-1650.8875000000,92.8875000000,17,4,5,0,0,2026-08,-0.11363636363636363636363636363636363636363636363636363636363636363636363636363636,-0.018102866779089376053962900505902192242833052276559865092748735244519392917369309,AVAILABLE,AVAILABLE,AVAILABLE,10000,20260908,10000,0,-0.047235827643100874656186620260805653567450565382002237786258577970181371818542307,0.039327198403799607679739327063075547399122663283411594515006952214643189872706588,0.4183,AVAILABLE,WHOLE_SESSION
IMMEDIATE_CLOSE_BACK_1M,USD040_TARGET_1.5R,NATURAL,0,stop_first,3311,3311,0,0,0,0,0,36,167,167,170,3,1352,1959,0,0.40833585019631531259438236182422228933856840833585019631531259438236182422228934,1.4751017011834319526627218934911242603550295857988165680473372781065088757396450,-0.99370852475752935171005615109749872383869321082184788157223072996426748340990301,0.014395197825430383569918453639383871942011476895197825430383569918453639383871942,-1.00000000000,1.0244840561470199185791156715938716015770480434587180705562048107670771957311827,AVAILABLE,1994.3375000000,-1946.6750000000,126.8875000000,22,7,2,0,0,2026-07,-0.12093151693667157584683357879234167893961708394698085419734904270986745213549337,0.00080227743271221532091097308488612836438923395445134575569358178053830227743271222,AVAILABLE,AVAILABLE,AVAILABLE,10000,20260908,10000,0,-0.039421952252743588766528217048355752010059825477270129177304424036886026749990473,0.069798477118176379051654490532596972394424493597082503644880518229709059600927040,0.6985,AVAILABLE,WHOLE_SESSION
IMMEDIATE_CLOSE_BACK_1M,USD040_TARGET_1.5R,NATURAL,0,target_first,3311,3311,0,0,0,0,0,36,167,167,170,3,1388,1923,0,0.41920869827846572032618544246451223195409241920869827846572032618544246451223195,1.4757474783861671469740634005763688760806916426512968299711815561959654178674352,-0.99359074362974518980759230369214768590743629745189807592303692147685907436297452,0.041577318030806402899426155240108728480821504077318030806402899426155240108728481,-1.00000000000,1.0720491449356902665288445182985070721080246509741321784186216912871105761053031,AVAILABLE,2048.3375000000,-1910.6750000000,97.8875000000,17,7,2,0,0,2026-08,-0.10352272727272727272727272727272727272727272727272727272727272727272727272727273,0.030132850241545893719806763285024154589371980676328502415458937198067632850241546,AVAILABLE,AVAILABLE,AVAILABLE,10000,20260908,10000,0,-0.014593158568113202223413560565446798905222764594678479726870009311249682571033548,0.097722446958313359637154762343744238356871566060695453372174490209815996165050333,0.93,AVAILABLE,WHOLE_SESSION
IMMEDIATE_CLOSE_BACK_1M,USD040_TARGET_1.5R,NATURAL,0.01,stop_first,3311,3311,0,0,0,0,0,36,167,167,170,3,1351,1959,1,0.40803382663847780126849894291754756871035940803382663847780126849894291754756871,1.4511750555144337527757216876387860843819393042190969652109548482605477424130274,-1.0187085247575293517100561510974987238386932108218478815722307299642674834099030,-0.010604802174569616430081546360616128057988523104802174569616430081546360616128058,-1.02500000000,0.98240548192318292285721444141006689549770751384260767168591686919048931425851226,AVAILABLE,1960.5375000000,-1995.6500000000,150.9125000000,22,6,3,0,0,2026-07,-0.14593151693667157584683357879234167893961708394698085419734904270986745213549337,-0.024197722567287784679089026915113871635610766045548654244306418219461697722567288,AVAILABLE,AVAILABLE,AVAILABLE,10000,20260908,10000,0,-0.064421952252743588766528217048355752010059825477270129177304424036886026749990473,0.044798477118176379051654490532596972394424493597082503644880518229709059600927040,0.3557,AVAILABLE,WHOLE_SESSION
IMMEDIATE_CLOSE_BACK_1M,USD040_TARGET_1.5R,NATURAL,0.01,target_first,3311,3311,0,0,0,0,0,36,167,167,170,3,1387,1923,1,0.41890667472062820900030202355783751132588341890667472062820900030202355783751133,1.4517934390771449170872386445565969718817591925018024513338139870223503965392934,-1.0185907436297451898075923036921476859074362974518980759230369214768590743629745,0.016577318030806402899426155240108728480821504077318030806402899426155240108728481,-1.02500000000,1.0280216975111678366305041480536056158264199106573069559668155711550733886407147,AVAILABLE,2013.6375000000,-1958.7500000000,120.8125000000,17,7,2,0,0,2026-08,-0.12852272727272727272727272727272727272727272727272727272727272727272727272727273,0.0051328502415458937198067632850241545893719806763285024154589371980676328502415459,AVAILABLE,AVAILABLE,AVAILABLE,10000,20260908,10000,0,-0.039593158568113202223413560565446798905222764594678479726870009311249682571033548,0.072722446958313359637154762343744238356871566060695453372174490209815996165050333,0.7173,AVAILABLE,WHOLE_SESSION
IMMEDIATE_CLOSE_BACK_1M,USD040_TARGET_1.5R,NATURAL,0.02,stop_first,3311,3311,0,0,0,0,0,36,167,167,170,3,1350,1961,0,0.40773180308064028994261552401087284808215040773180308064028994261552401087284808,1.4272407407407407407407407407407407407407407407407407407407407407407407407407407,-1.0426631820499745028046914839367669556348801631820499745028046914839367669556349,-0.035604802174569616430081546360616128057988523104802174569616430081546360616128058,-1.05000000000,0.94234378534354691788987180035824983340771398702719886533841159604580218006639238,AVAILABLE,1926.7750000000,-2044.6625000000,186.6125000000,22,4,5,0,0,2026-07,-0.17093151693667157584683357879234167893961708394698085419734904270986745213549337,-0.049197722567287784679089026915113871635610766045548654244306418219461697722567288,AVAILABLE,AVAILABLE,AVAILABLE,10000,20260908,10000,0,-0.089421952252743588766528217048355752010059825477270129177304424036886026749990473,0.019798477118176379051654490532596972394424493597082503644880518229709059600927040,0.1048,AVAILABLE,WHOLE_SESSION
IMMEDIATE_CLOSE_BACK_1M,USD040_TARGET_1.5R,NATURAL,0.02,target_first,3311,3311,0,0,0,0,0,36,167,167,170,3,1386,1925,0,0.41860465116279069767441860465116279069767441860465116279069767441860465116279070,1.4278318903318903318903318903318903318903318903318903318903318903318903318903319,-1.0425259740259740259740259740259740259740259740259740259740259740259740259740260,-0.0084226819691935971005738447598912715191784959226819691935971005738447598912715192,-1.05000000000,0.98610393088714348890369918218114096008072301914057390578577256787647384910525758,AVAILABLE,1978.9750000000,-2006.8625000000,143.7375000000,17,7,2,0,0,2026-08,-0.15352272727272727272727272727272727272727272727272727272727272727272727272727273,-0.019867149758454106280193236714975845410628019323671497584541062801932367149758454,AVAILABLE,AVAILABLE,AVAILABLE,10000,20260908,10000,0,-0.064593158568113202223413560565446798905222764594678479726870009311249682571033548,0.047722446958313359637154762343744238356871566060695453372174490209815996165050333,0.3883,AVAILABLE,WHOLE_SESSION
IMMEDIATE_CLOSE_BACK_1M,USD040_TARGET_2R,NATURAL,0,stop_first,3311,3311,0,0,0,0,0,13,167,167,170,3,1118,2193,0,0.33766233766233766233766233766233766233766233766233766233766233766233766233766234,1.9381923076923076923076923076923076923076923076923076923076923076923076923076923,-0.99290355677154582763337893296853625170998632010943912448700410396716826265389877,-0.0031828752642706131078224101479915433403805496828752642706131078224101479915433404,-1.00000000000,0.99516013662849105887080570624874422342776773156519991963029937713482017279485634,AVAILABLE,2166.8990000000,-2177.4375000000,196.1885000000,29,7,2,0,0,2026-07,-0.22487260677466863033873343151693667157584683357879234167893961708394698085419735,-0.020402151983860121049092131809011432414256893073301950235373234700739744451916611,AVAILABLE,AVAILABLE,AVAILABLE,10000,20260908,10000,0,-0.069817055856672297099251861722667295592869725667503528822124143285344176359943866,0.065853466447496727126867928662517666912961112896413766104971394812257434021072361,0.4595,AVAILABLE,WHOLE_SESSION
IMMEDIATE_CLOSE_BACK_1M,USD040_TARGET_2R,NATURAL,0,target_first,3311,3311,0,0,0,0,0,13,167,167,170,3,1131,2180,0,0.34158864391422530957414678344910903050437934158864391422530957414678344910903050,1.9389027409372236958443854995579133510167992926613616268788682581786030061892131,-0.99286123853211009174311926605504587155963302752293577981651376146788990825688073,0.0085960434913923286016309272123225611597704620960434913923286016309272123225611598,-1.00000000000,1.0131496058444746036787849036989980075654760185960555571597701481331754786174237,AVAILABLE,2192.8990000000,-2164.4375000000,186.1885000000,29,7,2,0,0,2026-07,-0.22045434462444771723122238586156111929307805596465390279823269513991163475699558,-0.012344350758853288364249578414839797639123102866779089376053962900505902192242833,AVAILABLE,AVAILABLE,AVAILABLE,10000,20260908,10000,0,-0.059007280314539392792963208171758252151707178662631230492764589047574009268892462,0.078608168146604590623513804410402743360616755525518760481589947685915246176566294,0.5957,AVAILABLE,WHOLE_SESSION
IMMEDIATE_CLOSE_BACK_1M,USD040_TARGET_2R,NATURAL,0.01,stop_first,3311,3311,0,0,0,0,0,13,167,167,170,3,1117,2193,1,0.33736031410450015101177891875566294170945333736031410450015101177891875566294171,1.9149051029543419874664279319606087735004476275738585496866606982990152193375112,-1.0179035567715458276333789329685362517099863201094391244870041039671682626538988,-0.028182875264270613107822410147991543340380549682875264270613107822410147991543340,-1.02500000000,0.95819779259831673022326003326221714516101936936180220740168326977673996673778285,AVAILABLE,2138.9490000000,-2232.2625000000,220.2135000000,29,4,5,0,0,2026-07,-0.24987260677466863033873343151693667157584683357879234167893961708394698085419735,-0.045402151983860121049092131809011432414256893073301950235373234700739744451916611,AVAILABLE,AVAILABLE,AVAILABLE,10000,20260908,10000,0,-0.094817055856672297099251861722667295592869725667503528822124143285344176359943866,0.040853466447496727126867928662517666912961112896413766104971394812257434021072361,0.21,AVAILABLE,WHOLE_SESSION
IMMEDIATE_CLOSE_BACK_1M,USD040_TARGET_2R,NATURAL,0.01,target_first,3311,3311,0,0,0,0,0,13,167,167,170,3,1130,2180,1,0.34128662035638779824826336454243430987617034128662035638779824826336454243430988,1.9155964601769911504424778761061946902654867256637168141592920353982300884955752,-1.0178612385321100917431192660550458715596330275229357798165137614678899082568807,-0.016403956508607671398369072787677438840229537903956508607671398369072787677438840,-1.02500000000,0.97552274455679801706898008618989944511731402980029856631833929527082218404078529,AVAILABLE,2164.6240000000,-2218.9375000000,210.0385000000,29,6,3,0,0,2026-07,-0.24545434462444771723122238586156111929307805596465390279823269513991163475699558,-0.037344350758853288364249578414839797639123102866779089376053962900505902192242833,AVAILABLE,AVAILABLE,AVAILABLE,10000,20260908,10000,0,-0.084007280314539392792963208171758252151707178662631230492764589047574009268892462,0.053608168146604590623513804410402743360616755525518760481589947685915246176566294,0.3179,AVAILABLE,WHOLE_SESSION
IMMEDIATE_CLOSE_BACK_1M,USD040_TARGET_2R,NATURAL,0.02,stop_first,3311,3311,0,0,0,0,0,13,167,167,170,3,1116,2195,0,0.33705829054666263968589549984898822108124433705829054666263968589549984898822108,1.8916097670250896057347670250896057347670250896057347670250896057347670250896057,-1.0419703872437357630979498861047835990888382687927107061503416856492027334851936,-0.053182875264270613107822410147991543340380549682875264270613107822410147991543340,-1.05000000000,0.92300879925670875006831721047166202109635459364923211455429851888287697436738263,AVAILABLE,2111.0365000000,-2287.1250000000,244.2385000000,29,4,5,0,0,2026-07,-0.27487260677466863033873343151693667157584683357879234167893961708394698085419735,-0.070402151983860121049092131809011432414256893073301950235373234700739744451916611,AVAILABLE,AVAILABLE,AVAILABLE,10000,20260908,10000,0,-0.11981705585667229709925186172266729559286972566750352882212414328534417635994387,0.015853466447496727126867928662517666912961112896413766104971394812257434021072361,0.0654,AVAILABLE,WHOLE_SESSION
IMMEDIATE_CLOSE_BACK_1M,USD040_TARGET_2R,NATURAL,0.02,target_first,3311,3311,0,0,0,0,0,13,167,167,170,3,1129,2182,0,0.34098459679855028692237994563575958924796134098459679855028692237994563575958925,1.8922821080602302922940655447298494242692648361381753764393268379096545615589017,-1.0419225481209899175068744271310724106324472960586617781851512373968835930339138,-0.041403956508607671398369072787677438840229537903956508607671398369072787677438840,-1.05000000000,0.93970089840442494419336038443352137146878676915294867988431805935847106302026633,AVAILABLE,2136.3865000000,-2273.4750000000,233.8885000000,29,4,5,0,0,2026-07,-0.27045434462444771723122238586156111929307805596465390279823269513991163475699558,-0.062344350758853288364249578414839797639123102866779089376053962900505902192242833,AVAILABLE,AVAILABLE,AVAILABLE,10000,20260908,10000,0,-0.10900728031453939279296320817175825215170717866263123049276458904757400926889246,0.028608168146604590623513804410402743360616755525518760481589947685915246176566294,0.1205,AVAILABLE,WHOLE_SESSION
IMMEDIATE_CLOSE_BACK_1M,USD040_TARGET_2R_BE1R,NATURAL,0,stop_first,3311,3311,0,0,0,0,0,23,167,167,170,3,880,1687,744,0.26578073089700996677740863787375415282392026578073089700996677740863787375415282,1.9576704545454545454545454545454545454545454545454545454545454545454545454545455,-0.97846799051570835803200948429164196799051570835803200948429164196799051570835803,0.021768196919359710057384475989127151917849592268196919359710057384475989127151918,-0.30000000000,1.0436636395221229127105842426327888188805128567062393547368940776064102241779199,AVAILABLE,1722.7500000000,-1650.6755000000,127.8755000000,17,7,2,0,0,2026-07,-0.15688586156111929307805596465390279823269513991163475699558173784977908689248895,0.0062688026981450252951096121416526138279932546374367622259696458684654300168634064,AVAILABLE,AVAILABLE,AVAILABLE,10000,20260908,10000,0,-0.032833503459613621919243212514331886571301734517570334032761335364548900876041557,0.080153191339501542052179711594565307993665082937401016920896890889389013920146703,0.7766,AVAILABLE,WHOLE_SESSION
IMMEDIATE_CLOSE_BACK_1M,USD040_TARGET_2R_BE1R,NATURAL,0,target_first,3311,3311,0,0,0,0,0,23,167,167,170,3,903,1675,733,0.27272727272727272727272727272727272727272727272727272727272727272727272727272727,1.9587486157253599114064230343300110741971207087486157253599114064230343300110742,-0.97831373134328358208955223880597014925373134328358208955223880597014925373134328,0.039285563273935366958622772576260948353971609785563273935366958622772576260948354,-0.15000000000,1.0793778267875488466142320428907370617306477090796805102657603656123497300106092,AVAILABLE,1768.7500000000,-1638.6755000000,120.3005000000,17,7,2,0,0,2026-07,-0.15246759941089837997054491899852724594992636229749631811487481590574374079528719,0.019084991568296795952782462057335581787521079258010118043844856661045531197301855,AVAILABLE,AVAILABLE,AVAILABLE,10000,20260908,10000,0,-0.017142084739176586549397224960194101144893471832587762529380544393054818409280461,0.099026552421118073828463656136401660912284971177392124355483900406102179567128538,0.9151,AVAILABLE,WHOLE_SESSION
IMMEDIATE_CLOSE_BACK_1M,USD040_TARGET_2R_BE1R,NATURAL,0.01,stop_first,3311,3311,0,0,0,0,0,23,167,167,170,3,879,2431,1,0.26547870733917245545152521896707943219571126547870733917245545152521896707943220,1.9348691695108077360637087599544937428896473265073947667804323094425483503981797,-0.70401090086384204031262854792266556972439325380501851090086384204031262854792267,-0.0032318030806402899426155240108728480821504077318030806402899426155240108728480822,-0.32500000000,0.99374770114589934093916242392052823029354340075859629010596567064019672202029799,AVAILABLE,1700.7500000000,-1711.4505000000,151.9255000000,29,6,3,0,0,2026-07,-0.18188586156111929307805596465390279823269513991163475699558173784977908689248895,-0.018731197301854974704890387858347386172006745362563237774030354131534569983136594,AVAILABLE,AVAILABLE,AVAILABLE,10000,20260908,10000,0,-0.057833503459613621919243212514331886571301734517570334032761335364548900876041557,0.055153191339501542052179711594565307993665082937401016920896890889389013920146703,0.4542,AVAILABLE,WHOLE_SESSION
IMMEDIATE_CLOSE_BACK_1M,USD040_TARGET_2R_BE1R,NATURAL,0.01,target_first,3311,3311,0,0,0,0,0,23,167,167,170,3,902,2408,1,0.27242524916943521594684385382059800664451827242524916943521594684385382059800664,1.9358924611973392461197339246119733924611973392461197339246119733924611973392461,-0.70551308139534883720930232558139534883720930232558139534883720930232558139534884,0.014285563273935366958622772576260948353971609785563273935366958622772576260948354,-0.17500000000,1.0278416517278635191336857821541366627513316896970966971976463254664629632954269,AVAILABLE,1746.1750000000,-1698.8755000000,142.9755000000,29,7,2,0,0,2026-07,-0.17746759941089837997054491899852724594992636229749631811487481590574374079528719,-0.0059150084317032040472175379426644182124789207419898819561551433389544688026981450,AVAILABLE,AVAILABLE,AVAILABLE,10000,20260908,10000,0,-0.042142084739176586549397224960194101144893471832587762529380544393054818409280461,0.074026552421118073828463656136401660912284971177392124355483900406102179567128538,0.6904,AVAILABLE,WHOLE_SESSION
IMMEDIATE_CLOSE_BACK_1M,USD040_TARGET_2R_BE1R,NATURAL,0.02,stop_first,3311,3311,0,0,0,0,0,23,167,167,170,3,878,2433,0,0.26517668378133494412564180006040471156750226517668378133494412564180006040471157,1.9120586560364464692482915717539863325740318906605922551252847380410022779043280,-0.72842704480065762433210028771064529387587340731607069461570078092889436909165639,-0.028231803080640289942615524010872848082150407731803080640289942615524010872848082,-0.35000000000,0.94725641736017735516681214921261686329850592152519123854642341458350143291373797,AVAILABLE,1678.7875000000,-1772.2630000000,175.9755000000,29,5,4,0,0,2026-07,-0.20688586156111929307805596465390279823269513991163475699558173784977908689248895,-0.043731197301854974704890387858347386172006745362563237774030354131534569983136594,AVAILABLE,AVAILABLE,AVAILABLE,10000,20260908,10000,0,-0.082833503459613621919243212514331886571301734517570334032761335364548900876041557,0.030153191339501542052179711594565307993665082937401016920896890889389013920146703,0.1684,AVAILABLE,WHOLE_SESSION
IMMEDIATE_CLOSE_BACK_1M,USD040_TARGET_2R_BE1R,NATURAL,0.02,target_first,3311,3311,0,0,0,0,0,23,167,167,170,3,901,2410,0,0.27212322561159770462096043491392328601630927212322561159770462096043491392328602,1.9130271920088790233074361820199778024417314095449500554938956714761376248612653,-0.72992240663900414937759336099585062240663900414937759336099585062240663900414938,-0.010714436726064633041377227423739051646028390214436726064633041377227423739051646,-0.20000000000,0.97983330235181025892026265509947342780139763619505966927650469299016038196522907,AVAILABLE,1723.6375000000,-1759.1130000000,165.6505000000,29,6,3,0,0,2026-07,-0.20246759941089837997054491899852724594992636229749631811487481590574374079528719,-0.030915008431703204047217537942664418212478920741989881956155143338954468802698145,AVAILABLE,AVAILABLE,AVAILABLE,10000,20260908,10000,0,-0.067142084739176586549397224960194101144893471832587762529380544393054818409280461,0.049026552421118073828463656136401660912284971177392124355483900406102179567128538,0.3609,AVAILABLE,WHOLE_SESSION
IMMEDIATE_CLOSE_BACK_1M,ATR050_TARGET_1R,NATURAL,0,stop_first,3311,2293,1018,1018,0,0,0,14,167,164,170,6,1165,1128,0,0.50806803314435237679895333624073266463148713475795900566942869603139991277802006,0.99943326627577808713587079476774039475460899148999369513250907864329521203852996,-0.99784744289866893923220866701903892778666766170657285188595943925298306251818927,0.016907038648749632821351111865216593696362125024347351897955006167498485610279041,1.0,1.0344427922237843354181862634763879144967522687893509860233465895482440864068289,AVAILABLE,1164.3397552112814715132894759044175598891194750858426548293730766194389220248874,-1125.5719155896985634539313763974759105433611224050141769273622474773648945205175,43.003799346295795609719621108338217903539745561976384161132378413005833452935791,16,6,3,0,0,2026-08,-0.076952302663813812382458623910293983873382658169049108931787526253891026561044546,0.0022459867078814994243280345607662094005873958140793822618629943188877667984651960,AVAILABLE,AVAILABLE,AVAILABLE,10000,20260908,10000,0,-0.032692896887322515152566982739469674458882979771496901302259554725413049880513008,0.067326142597814281919073120842963222639977325592545499328431876426572907658315723,0.7472,AVAILABLE,WHOLE_SESSION
IMMEDIATE_CLOSE_BACK_1M,ATR050_TARGET_1R,NATURAL,0,target_first,3311,2293,1018,1018,0,0,0,14,167,164,170,6,1179,1114,0,0.51417357174007849978194505015263846489315307457479284779764500654164849542084605,0.99943999593832185878989777430400132306117003824074864701388725752284895846046429,-0.99782039101409206773243391059019381556854678851437538323820668534772432183170332,0.029118115840201878787334539689028194219694004658015036154387627187995650895931025,1.0,1.0600661447857487374237826244391823434375081883352482609360159581828663972872927,AVAILABLE,1178.3397552112814715132894759044175598891194750858426548293730766194389220248874,-1111.5719155896985634539313763974759105433611224050141769273622474773648945205175,39.003799346295795609719621108338217903539745561976384161132378413005833452935791,16,6,3,0,0,2026-08,-0.076952302663813812382458623910293983873382658169049108931787526253891026561044546,0.015792188933329007890704425465459000885831711247074060539560139940561690359181209,AVAILABLE,AVAILABLE,AVAILABLE,10000,20260908,10000,0,-0.021499737131938879221468742329558880877100319036827314088699640631726925847287091,0.079429532950519963521169110704887409704531642502753824962440844767652559047688654,0.8709,AVAILABLE,WHOLE_SESSION
IMMEDIATE_CLOSE_BACK_1M,ATR050_TARGET_1R,NATURAL,0.01,stop_first,3311,2293,1018,1018,0,0,0,14,167,164,170,6,1165,1128,0,0.50806803314435237679895333624073266463148713475795900566942869603139991277802006,0.97267048008537401429212769481236688372529739776620773644301833967149834489876524,-1.0259539195495325701603695327545850236772999003643591160491134422312121395274993,-0.010516751832713481243160954422487783326656266556199332728863321901226219616204276,0.94201299516968929911735415505623790799678329576459373986939392640371073771794710,0.97916235063237037668899767298650230231372304241925366980070098463329275205288602,AVAILABLE,1133.1611092994607266503287644564074195399714683976320129561163657172955718070615,-1157.2760212518727391408968329471719067079942876109970829033999628368072933870192,51.293491706144700628911373908288687627543093645282209730766679709724781840798239,16,5,4,0,0,2026-08,-0.11743434742749520033498444748869935671079487905921122181452837545406822869577105,-0.025724794205967398888135676054999285052731726511066192396555310938451665512867811,AVAILABLE,AVAILABLE,AVAILABLE,10000,20260908,10000,0,-0.060403531646477240138156227148021457084110579561042034620934369905464091236328244,0.040025396436064651258267559397284154511738907834068107952161244717441554197846755,0.3403,AVAILABLE,WHOLE_SESSION
IMMEDIATE_CLOSE_BACK_1M,ATR050_TARGET_1R,NATURAL,0.01,target_first,3311,2293,1018,1018,0,0,0,14,167,164,170,6,1179,1114,0,0.51417357174007849978194505015263846489315307457479284779764500654164849542084605,0.97268133830179361744112656661671236940159824795041754721840778666396772751442443,-1.0259481237075643513946645336910847133684983425017121706622857967651074257804883,0.0016943253587387647228224734013238171966756130774683515275692991192709456694476899,0.94630589855733581252858389366179644309875807669443188218650204936528994863523953,1.0033993060972457968251526518117446596915486697946950250094858888158240572410026,AVAILABLE,1146.7912978578146749630882220411038835244843343335422881705027804768179507395064,-1142.9062098102266874536562905318683706925071535469073581177863775963296723194640,46.209015669081144608092744055684538734743664829613353920680387887982838101787881,16,5,4,0,0,2026-08,-0.11743434742749520033498444748869935671079487905921122181452837545406822869577105,-0.012178591980519890421759285150306493567487411078071514118858165316777741952151804,AVAILABLE,AVAILABLE,AVAILABLE,10000,20260908,10000,0,-0.049634202260911684410530696488835193072189870726604188057604558553331374314047337,0.052080043796379312351923533034526510522815533561885375848540392902954826605447944,0.5257,AVAILABLE,WHOLE_SESSION
IMMEDIATE_CLOSE_BACK_1M,ATR050_TARGET_1R,NATURAL,0.02,stop_first,3311,2293,1018,1018,0,0,0,14,167,164,170,6,1165,1128,0,0.50806803314435237679895333624073266463148713475795900566942869603139991277802006,0.94590769389496994144838459485699337269598580404242177775352760069970147775900206,-1.0540603962003962010885303984901311195679321390221453802122674452094412165368087,-0.037940542314176595307673020710192160349674658136746017355681649969950924842687611,0.88402599033937859823470831011247581599356659152918747973878785280742147543589419,0.92683001039537465760432762100771585270575329021773355598047070679042380941636697,AVAILABLE,1101.9824633876399817873680530083972791908234617094213710828596548151522215892374,-1188.9801269140469148278622894968679028726274528169799888794376781962496922535202,97.949973798145097337616674593311023792459077602140342983745695658535103102883581,16,4,5,0,0,2026-08,-0.15791639219117658828751027106710472954820709994937333469726922465424543083049757,-0.053695575119816297200599386670764779506050848836211767054973616195791097824200793,AVAILABLE,AVAILABLE,AVAILABLE,10000,20260908,10000,0,-0.088288297967800527654101345967932797919431302671769540776625633712803431367142856,0.012806089646239544913495616731760831367272194561107024757161403411234844826213572,0.0691,AVAILABLE,WHOLE_SESSION
IMMEDIATE_CLOSE_BACK_1M,ATR050_TARGET_1R,NATURAL,0.02,target_first,3311,2293,1018,1018,0,0,0,14,167,164,170,6,1179,1114,0,0.51417357174007849978194505015263846489315307457479284779764500654164849542084605,0.94592268066526537609235535892942341574202645766008644742292831580508649656838617,-1.0540758564010366350568951567919756111684498964890489580863649081824905297292732,-0.025729465122724349341689592886380559826342778503078333099249028949453759557035626,0.89261179711467162505716778732359288619751615338886376437300409873057989727047906,0.94975674631909843296741388201630293058461415704817967352978126230961068921378187,AVAILABLE,1115.2428405043478784128869681777902071598491935812419215116324843341969794541273,-1174.2405040307548114533812046662608308416531846888005393082105077152944501184103,69.949973798145097337616674593311023792459077602140342983745695658535103102883581,16,4,5,0,0,2026-08,-0.15791639219117658828751027106710472954820709994937333469726922465424543083049757,-0.040149372894368788734222995766071988020806533403217088777276470574117174263484819,AVAILABLE,AVAILABLE,AVAILABLE,10000,20260908,10000,0,-0.077544751429981097501390370129267925021678236109068598039667915011509353513733254,0.024773048525292641701885745396808312345309528588018286878850785459491339494512610,0.1591,AVAILABLE,WHOLE_SESSION
IMMEDIATE_CLOSE_BACK_1M,ATR050_TARGET_1.5R,NATURAL,0,stop_first,3311,2293,1018,1018,0,0,0,1,167,164,170,6,930,1363,0,0.40558220671609245529873528129088530309638028783253379851722634103794156127344091,1.4944395667822929317078260386162851419811811559228588889965801889248331360154185,-0.99711888005535523384797459331482844144599389777733217427321965525219837915879156,0.013412892975178038706275117847812479874229739353578287497785078757674847667207338,-1.0,1.0226299564730004102447134426588510810973921456067643935430632580659747638130147,AVAILABLE,1389.8287971075324264882782159131451820424984750082587667668195757000948164943392,-1359.0730335154491837347893706881111656908896826705037535343983901087463907934329,67.160891503461656522914543493203607798153007051611570215959719788757914031150622,21,5,4,0,0,2026-08,-0.13464461035612150469015093160260167618107496586135680123947983394619871886873685,-0.011064161347028836959740303263088475163587524526062593872432914510684367600888173,AVAILABLE,AVAILABLE,AVAILABLE,10000,20260908,10000,0,-0.048859250078411300606674012285313512087069308628853129750479597209652481576199644,0.077649416110334980550364790161445077831722871337146150561495772901678700689128252,0.6597,AVAILABLE,WHOLE_SESSION
IMMEDIATE_CLOSE_BACK_1M,ATR050_TARGET_1.5R,NATURAL,0,target_first,3311,2293,1018,1018,0,0,0,1,167,164,170,6,931,1362,0,0.40601831661578717836894897514173571740078499781945050152638464893153074574792848,1.4944455393206578157768831535049894543958093179465722521662938514501555494031570,-0.99711676469563082506225357612930335219595424571989996588428663003579030161045,0.014503167724414846381809352474938515635241514320870045020680848491647808853426265,-1.0,1.0244874633185218395940427796397182014759866720287581662640397437101613663714311,AVAILABLE,1391.3287971075324264882782159131451820424984750082587667668195757000948164943392,-1358.0730335154491837347893706881111656908896826705037535343983901087463907934329,67.160891503461656522914543493203607798153007051611570215959719788757914031150622,21,5,4,0,0,2026-08,-0.13464461035612150469015093160260167618107496586135680123947983394619871886873685,-0.0098546790054710237038138397894551902095478535052594975976385265087491958543956720,AVAILABLE,AVAILABLE,AVAILABLE,10000,20260908,10000,0,-0.047999400637586958094406685135843351856077174620598764802764935547756447364359103,0.078586203136098837656517393275782043909698384464210493244125188415828819289631193,0.6723,AVAILABLE,WHOLE_SESSION
IMMEDIATE_CLOSE_BACK_1M,ATR050_TARGET_1.5R,NATURAL,0.01,stop_first,3311,2293,1018,1018,0,0,0,1,167,164,170,6,930,1363,0,0.40558220671609245529873528129088530309638028783253379851722634103794156127344091,1.4675531810270642082331395075445817714683230529889956655697362820244703806076170,-1.0249093516779760759011423806229883841729367709730040378552663117776924265212803,-0.014010897506285075358236948439891897148788652226968397129033249311049857559275987,-1.0165322431699003997128147648439354350354162595084110727124566571688730816205117,0.97700207257299370416428845836577874092125110895372447485338351243383250965156952,AVAILABLE,1364.8244583551697136568197420164610474655404392797659689798547422827574539650838,-1396.9514463370813914532570647891331676277128188362045035967279829529947773485051,85.450583863310561542106296293154077522156355134917395785594021085476862419013075,21,5,4,0,0,2026-08,-0.17512665511980289264267675518100704901848718675151891412222068314637592100346338,-0.039034942260877735272204013878853969616906646851208168530851219768023799912221186,AVAILABLE,AVAILABLE,AVAILABLE,10000,20260908,10000,0,-0.076150014152549053913967536934739037250391241579542062071945424631387576229332613,0.050455505839625242490352206244526750780940615037095388005292292808086642951581982,0.3308,AVAILABLE,WHOLE_SESSION
IMMEDIATE_CLOSE_BACK_1M,ATR050_TARGET_1.5R,NATURAL,0.01,target_first,3311,2293,1018,1018,0,0,0,1,167,164,170,6,931,1362,0,0.40601831661578717836894897514173571740078499781945050152638464893153074574792848,1.4675366403592913596978886260174335337255842617007712948896064257950898748076658,-1.0248925111280557515970423154147597210430920170336685830830373150407239330612029,-0.012920622757048267682702713812765861387776877259676639606137479577076896373057060,-1.0164946857236391147908099353551385785031325175476951502841037967904395518476380,0.97877576361391148074801850155357273990679727238407871771986335047126228965949260,AVAILABLE,1366.2766121745002558787343108222306198985189476434180755422235824152286734459369,-1395.9036001564119336751716335949027400606913271998566101590968230854659968293583,85.450583863310561542106296293154077522156355134917395785594021085476862419013073,21,5,4,0,0,2026-08,-0.17512665511980289264267675518100704901848718675151891412222068314637592100346338,-0.037825459919319922016277550405220684662866975830405072256056831766088628165728687,AVAILABLE,AVAILABLE,AVAILABLE,10000,20260908,10000,0,-0.075366752663248404999280222075268581533396575155050378438953823064783745296928044,0.051420396290893065761938910692636098815601208173700157684198212134652137173049347,0.343,AVAILABLE,WHOLE_SESSION
IMMEDIATE_CLOSE_BACK_1M,ATR050_TARGET_1.5R,NATURAL,0.02,stop_first,3311,2293,1018,1018,0,0,0,1,167,164,170,6,930,1363,0,0.40558220671609245529873528129088530309638028783253379851722634103794156127344091,1.4406667952718354847584529764728784009554649500551324421428923751241076251998173,-1.0526998233005969179543101679311483268998796441686759014373129683031864738837676,-0.041434687987748189422749014727596274171807043807515081755851577379774562785759317,-1.0330644863398007994256295296878708700708325190168221454249133143377461632410233,0.93378327127119181103936268422448961477303771751992408687137430296720008932396184,AVAILABLE,1339.8201196028070008253612681197769128885824035512731711928899088654200914358301,-1434.8298591587135991717247588901551695645359550019052536590575757972431639035753,110.08694026911208538591534961360181718971128238188242236704776269330769075791598,21,3,6,0,0,2026-08,-0.21560869988348428059520257875941242185589940764168102700496153234655312313818989,-0.067005723174726633584667724494619464070225769176353743189269525025363232223554141,AVAILABLE,AVAILABLE,AVAILABLE,10000,20260908,10000,0,-0.10358089863901515475807233376539134023013436485392444183988069422764083358042916,0.022766326777298074356764136430102312796883576617499908281144887389679028620368435,0.1,AVAILABLE,WHOLE_SESSION
IMMEDIATE_CLOSE_BACK_1M,ATR050_TARGET_1.5R,NATURAL,0.02,target_first,3311,2293,1018,1018,0,0,0,1,167,164,170,6,931,1362,0,0.40601831661578717836894897514173571740078499781945050152638464893153074574792848,1.4406277413979249036188940985298776130553592054549703376129190001400242002121765,-1.0526682575604806781318310547002160898902297883474372002817880000456575645119541,-0.040344413238511381747214780100470238410795268840223324232955807645801601599540386,-1.0329893714472782295816198707102771570062650350953903005682075935808791036952760,0.93547636535540502311925516414402733820820851977537440790295151959771938463657068,AVAILABLE,1341.2244272414680852691904057313160577545394202785773843176275891303625303975363,-1433.7341667973746836155538965016943144304929717292094667837952560621856028652815,107.58694026911208538591534961360181718971128238188242236704776269330769075791597,21,3,6,0,0,2026-08,-0.21560869988348428059520257875941242185589940764168102700496153234655312313818989,-0.065796240833168820328741261020986179116186098155550646914475137023428060477061640,AVAILABLE,AVAILABLE,AVAILABLE,10000,20260908,10000,0,-0.10261249398982711080049100505298239653511411897482801781087104106487655382890831,0.023870195212337945494788419733746488586404711423062270697331860931233314244314336,0.1058,AVAILABLE,WHOLE_SESSION
IMMEDIATE_CLOSE_BACK_1M,ATR050_TARGET_2R,NATURAL,0,stop_first,3311,2293,1018,1018,0,0,0,1,167,164,170,6,754,1539,0,0.32882686436982119494112516354121238552115133013519406890536415176624509376362843,1.9804966153498170299413907559931366673818533324407822084845219044890055770837117,-0.99649049538933572634200609165140341124651037794674859672133708783135892879193262,-0.017577158495606472858499234641380201789124317051764633736069891926625026729029984,-1.0,0.97371905707830801740302751496109098716294100622650421902461358700607405918135918,AVAILABLE,1493.2944479737620405758086300188250472059174126603497851973295159847102051211186,-1533.5988724041876828403473750515098499083794716600460903541377781724613914107843,125.39258811739630401967797528685748687438278692832560046253018835152284814889718,21,5,4,0,0,2026-07,-0.18999748185259980958411300245014401033439301739365741434802039488257175612465985,-0.032040826383273959775785541779130166706325799550284137440517896556474166490064667,AVAILABLE,AVAILABLE,AVAILABLE,10000,20260908,10000,0,-0.088788738479621105627548703798573766863648178609129288380669589763237011509121748,0.054158773495805721621488503201529823502610321180908167697207375190167627210230504,0.3115,AVAILABLE,WHOLE_SESSION
IMMEDIATE_CLOSE_BACK_1M,ATR050_TARGET_2R,NATURAL,0,target_first,3311,2293,1018,1018,0,0,0,1,167,164,170,6,755,1538,0,0.32926297426951591801133885739206279982555604012211077191452245965983427823811601,1.9805224476473669411600114304885099962992283611395361393342112794499472915511505,-0.99648821352678002785458216843401160592222332357610278956705967371421416866761008,-0.016268828796522303647858153088828958875910187091014524708594968245857473305567272,-1.0,0.97565936847395287733896032118994031382589328276381329405753989443434108574871008,AVAILABLE,1495.2944479737620405758086300188250472059174126603497851973295159847102051211186,-1532.5988724041876828403473750515098499083794716600460903541377781724613914107843,125.39258811739630401967797528685748687438278692832560046253018835152284814889718,21,5,4,0,0,2026-07,-0.18999748185259980958411300245014401033439301739365741434802039488257175612465985,-0.032040826383273959775785541779130166706325799550284137440517896556474166490064667,AVAILABLE,AVAILABLE,AVAILABLE,10000,20260908,10000,0,-0.087063183424092656410450359565042464101236824032945783706293607312107520980382116,0.055582270914618013658306234642916843147032537558328910644173510139026253777622641,0.324,AVAILABLE,WHOLE_SESSION
IMMEDIATE_CLOSE_BACK_1M,ATR050_TARGET_2R,NATURAL,0.01,stop_first,3311,2293,1018,1018,0,0,0,1,167,164,170,6,754,1539,0,0.32882686436982119494112516354121238552115133013519406890536415176624509376362843,1.9534714886555016667954239101829043893797011532686763522838192531427169869883662,-1.0241096026320135279910425869449648140406354129034904630462003933196527248623921,-0.045000948977069586923011300929084578812142708632311318362888219995349731955513284,-1.0181590455847177085267782826460525038917912513172451851701919400807307442056221,0.93453025207319675958844578852161993731116156166762947874547327659917665862501654,AVAILABLE,1472.9175024462482567637496282779099095922946695645819696219997168696086081892281,-1576.1046784506688195782145413083008488085379004584718226281024053189455435632214,147.17153549130355639098184270100672297637134646179839066798275124766487467821481,21,5,4,0,0,2026-07,-0.21780838088749607126989280003457439729550029850934296404191849178627715921400649,-0.060551228638136533449148943112078444318817631702123558403657007549149120798714228,AVAILABLE,AVAILABLE,AVAILABLE,10000,20260908,10000,0,-0.11632032770833399335445157576396211118060034086356257160209868900160660968976420,0.026720882456191840688768874947294962435906864017748049395209875402769633133099523,0.1092,AVAILABLE,WHOLE_SESSION
IMMEDIATE_CLOSE_BACK_1M,ATR050_TARGET_2R,NATURAL,0.01,target_first,3311,2293,1018,1018,0,0,0,1,167,164,170,6,755,1538,0,0.32926297426951591801133885739206279982555604012211077191452245965983427823811601,1.9534697433981176145505486054088469960599644740771312267342629894067282485696441,-1.0240941692262674654097068336242330437201016962432535300328161543897378173238456,-0.043692619277985417712370219376533335898928578671561209335413296314582178532050576,-1.0181156027145021154524409728779746956441207839309501473488709752045023668875827,0.93639138985224484987372328271725435840138100575491621652238375857462498079574286,AVAILABLE,1474.8696562655787989856641970836794820252731779282340761843685570020798276700813,-1575.0568322699993618001291101140704212415164088221239291904712454514167630440746,147.17153549130355639098184270100672297637134646179839066798275124766487467821481,21,5,4,0,0,2026-07,-0.21780838088749607126989280003457439729550029850934296404191849178627715921400649,-0.060551228638136533449148943112078444318817631702123558403657007549149120798714228,AVAILABLE,AVAILABLE,AVAILABLE,10000,20260908,10000,0,-0.11473782196436963644082991790731508009587686224184237149396528012053492633988957,0.028257429545870444900630542954638590610989792578844095345184431277545727617063163,0.1159,AVAILABLE,WHOLE_SESSION
IMMEDIATE_CLOSE_BACK_1M,ATR050_TARGET_2R,NATURAL,0.02,stop_first,3311,2293,1018,1018,0,0,0,1,167,164,170,6,754,1539,0,0.32882686436982119494112516354121238552115133013519406890536415176624509376362843,1.9264463619611863036494570643726721113775489740965704960831166017964283968930221,-1.0517287098746913296400790822385262168347604478602323293710636988079465209328504,-0.072424739458532700987523367216788955835161100212858002989706548064074437181996572,-1.0363180911694354170535565652921050077835825026344903703403838801614614884112443,0.89739969611650696142982859332051734447063666476108092738757411460238826014722207,AVAILABLE,1452.5405569187344729516906265369947719786719264688141540466699177545070112573387,-1618.6104844971499563160817075650918477086963292568975549020670324654296957156567,185.41199995427597280452018209301405732607040313341437406608347794252118030154530,21,3,6,0,0,2026-08,-0.25022408449886889597981796337479703724051479225706564238957691696193773852280528,-0.089061630892999107122512344445026721931309463853962979366796118541824075107363744,AVAILABLE,AVAILABLE,AVAILABLE,10000,20260908,10000,0,-0.14397172948414997668258790763141896062504133639180159213997722540828962163271209,-0.00035915386312509028082054710666601009430022546006056162818387785183589137189757435,0.0242,AVAILABLE,WHOLE_SESSION
IMMEDIATE_CLOSE_BACK_1M,ATR050_TARGET_2R,NATURAL,0.02,target_first,3311,2293,1018,1018,0,0,0,1,167,164,170,6,755,1538,0,0.32926297426951591801133885739206279982555604012211077191452245965983427823811601,1.9264170391488682879410857803291839958207005870147263141343146993635092055881391,-1.0517001249257549029648314988144544815179800689104042704985726350652614659800799,-0.071116409759448531776882285664237712921946970252107893962231624383306883758533860,-1.0362312054290042309048819457559493912882415678619002946977419504090047337751654,0.89918489254549971454191613286500588252067336356409481060012085357834343006132657,AVAILABLE,1454.4448645573955573955197641485339168446289431961183671714075980194494502190450,-1617.5147921358110407599108451766309925746533459842017680268047127303721346773629,185.41199995427597280452018209301405732607040313341437406608347794252118030154530,21,3,6,0,0,2026-08,-0.25022408449886889597981796337479703724051479225706564238957691696193773852280528,-0.089061630892999107122512344445026721931309463853962979366796118541824075107363744,AVAILABLE,AVAILABLE,AVAILABLE,10000,20260908,10000,0,-0.14203705347218844951157034983364103328893458525824587471876004300115337925850602,0.00089873270024633308695640221040252446937556140066149863420597966226217778597183040,0.0267,AVAILABLE,WHOLE_SESSION
IMMEDIATE_CLOSE_BACK_1M,ATR050_TARGET_2R_BE1R,NATURAL,0,stop_first,3311,2293,1018,1018,0,0,0,8,167,164,170,6,569,1149,575,0.24814653292629742695159180113388573920627998255560401221107719145224596598342782,1.9787954374211682145910851456344706837282713465074690054835832642945164985146970,-0.98564721230276276317491016801989997611609139159292641151871133361478751018619304,-0.0028670052521716968101370846876804420043622384550905288769474247447932671387148875,-0.040775139777223539325229175839057615094047974117625833071827402330658796815999093,0.99419514980215251265885568282757606605578647236113346823741920791522269413564299,AVAILABLE,1125.9346038926447141023274478660138190413863961627498641201588773835798876548626,-1132.5086469358744148879717830548650725573890089402724468349993223233908492039358,89.730650190214228487040419936763050256842678094637988509226488585809497157542324,16,7,2,0,0,2026-07,-0.12833025123475765670960665037094559740811420484960832504801270306196187880375578,-0.020023460538323618523260410191874882657253717356805278567295735842732207784661864,AVAILABLE,AVAILABLE,AVAILABLE,10000,20260908,10000,0,-0.062062359078507557476140960342043803356605952042526840733819091642035723596723995,0.059336256889892956777083986471363305854151612219761584067734400449401061629860375,0.4609,AVAILABLE,WHOLE_SESSION
IMMEDIATE_CLOSE_BACK_1M,ATR050_TARGET_2R_BE1R,NATURAL,0,target_first,3311,2293,1018,1018,0,0,0,8,167,164,170,6,577,1148,568,0.25163541212385521151330135194068905364151766245093763628434365460095944177932839,1.9790894348226078234009141210849459602103750366772094698789581930391332541678728,-0.98563470987445506523342489813141556842978136667271119062282170934093279547381167,0.0045468630426385953834957107767766011705178313224934222787438094462228689275738173,-0.013421551666370746886850547793979181921209035286845241514978162174239804690975868,1.0092142088220039610058862246307319867655711020597579814483040165368375157114036,AVAILABLE,1141.9346038926447141023274478660138190413863961627498641201588773835798876548626,-1131.5086469358744148879717830548650725573890089402724468349993223233908492039358,89.730650190214228487040419936763050256842678094637988509226488585809497157542324,16,7,2,0,0,2026-07,-0.12833025123475765670960665037094559740811420484960832504801270306196187880375578,-0.012766566488976738987701629350075172933015691231986700918529407831121177305706856,AVAILABLE,AVAILABLE,AVAILABLE,10000,20260908,10000,0,-0.055800250737985056516768694078061672707338348876019379179887192274802066621509107,0.068162164160434784045108930147610750008360688016820457546954392249226539501427016,0.5577,AVAILABLE,WHOLE_SESSION
IMMEDIATE_CLOSE_BACK_1M,ATR050_TARGET_2R_BE1R,NATURAL,0.01,stop_first,3311,2293,1018,1018,0,0,0,8,167,164,170,6,569,1724,0,0.24814653292629742695159180113388573920627998255560401221107719145224596598342782,1.9516844070965409750486477193771143682738253077231434212267170174839510995322529,-0.68443458367468470773680455656156349511461159209175448795947613349754343751000748,-0.030290795733634810874649150975384819027380630035637213503765752813517972365198210,-0.067958566295372565542048626398429358490079956862709721786379003884431328026665155,0.94113657478440051893438968040424965989052234767274723681467894814497481438936385,AVAILABLE,1110.5084276379318148026805523255780755478066000944686066780019829483681756338519,-1179.9652222551564361382510555121354655775903847661847372421368541497648862672529,106.88637794314099743958789105642865206782517401908999451511439730595115796487196,43,4,5,0,0,2026-08,-0.16366941112141455691620732909742379137266698565459353114689727571350129375897409,-0.047994241452172516835724120807640377110572839681950853225714041100071640095994847,AVAILABLE,AVAILABLE,AVAILABLE,10000,20260908,10000,0,-0.089410449580950118567635124365575198087282649475988244146841464783274248199342748,0.031844393107670343505311953539159765403020072643614592730189888506148858072620355,0.1637,AVAILABLE,WHOLE_SESSION
IMMEDIATE_CLOSE_BACK_1M,ATR050_TARGET_2R_BE1R,NATURAL,0.01,target_first,3311,2293,1018,1018,0,0,0,8,167,164,170,6,577,1716,0,0.25163541212385521151330135194068905364151766245093763628434365460095944177932839,1.9519621883075676004983162788070236169814160343678828376152433158860189601938775,-0.68691082591532116947733041728333917076227321474474622836138127299978417870936375,-0.022876927438824518681016355510927775852500560258053262348074518622501836298909498,-0.060470944043865100736240249407462775753172861327056425303249190232647095862854671,0.95549753115088668362886064295756081721200512125306879692930431066433203620585566,AVAILABLE,1126.2821826534665054875284928716526269982770518302683973039953932662329400318673,-1178.7389772706911268230989960582100170280608365019845278681302644676296506652682,106.82648554005719402546849793302368620810130092083252834518288955773198331019955,43,5,4,0,0,2026-08,-0.16366941112141455691620732909742379137266698565459353114689727571350129375897409,-0.040737347402825637300165339965840667386334813557132275576947713088460609617039862,AVAILABLE,AVAILABLE,AVAILABLE,10000,20260908,10000,0,-0.083286550869150542922703565426795698532032813860235328210792022308193598398912307,0.040789168543873281658514120646125569985239102155196917723315955202514836236381267,0.2305,AVAILABLE,WHOLE_SESSION
IMMEDIATE_CLOSE_BACK_1M,ATR050_TARGET_2R_BE1R,NATURAL,0.02,stop_first,3311,2293,1018,1018,0,0,0,8,167,164,170,6,569,1724,0,0.24814653292629742695159180113388573920627998255560401221107719145224596598342782,1.9245733767719137355062102931197580528193792689388178369698507706733857005498107,-0.71196159952113599616504079348573425672725740173555512044621484105344485111981920,-0.057714586215097924939161217263089196050399021616183898130584080882242677591681509,-0.11946627937201861953211877805461728348781727951146146266372507783434941880967881,0.89218087339434457744018267409516365524343362538940900271488809301075304767163106,AVAILABLE,1095.0822513832189155030336567851423320542268040261873492358450885131564636128423,-1227.4217975744384573885303279694058585977917605920970276492743859761389233305683,150.29152147850535670074602371244513766457972985756007422623652774752583351467365,43,2,7,0,0,2026-08,-0.20415145588509594486873315267582916421007920654475564402963812491367849589370066,-0.075965022366021415148187831423405871563891962007096427884132346357411072407327823,AVAILABLE,AVAILABLE,AVAILABLE,10000,20260908,10000,0,-0.11721570148405123821254807907203764003344840900916652471367704690537757740729468,0.0048094458966674370193427434313609855581194499085771528329195571264421879932499737,0.0354,AVAILABLE,WHOLE_SESSION
IMMEDIATE_CLOSE_BACK_1M,ATR050_TARGET_2R_BE1R,NATURAL,0.02,target_first,3311,2293,1018,1018,0,0,0,8,167,164,170,6,577,1716,0,0.25163541212385521151330135194068905364151766245093763628434365460095944177932839,1.9248349417925273775957184365291012737524570320585562053515284387329046662198839,-0.71443432844143813447449079782141897523236169234481154364875361690668324716002267,-0.050300717920287632745528421798632152875518951838599946974892846691226541525392800,-0.11763130997347579499570852475552378254241505892476108956505458827625278741989438,0.90591971146774134557792938321323353847927698723975708723314807186528021781539170,AVAILABLE,1110.6297614142882968727295378772914349551677074977869304878319091488859924088730,-1225.9693076055078387582262090615549614987326640636966089012612066118684521265989,133.29152147850535670074602371244513766457972985756007422623652774752583351467364,43,2,7,0,0,2026-08,-0.20415145588509594486873315267582916421007920654475564402963812491367849589370066,-0.068708128316674535612629050581606161839653935882277850235366018345800041928372840,AVAILABLE,AVAILABLE,AVAILABLE,10000,20260908,10000,0,-0.11115359242818683010315504855498713841851482383576533920132919392633088885544947,0.013458185513344570458998617719857696184969119420728396461077538343245360601548770,0.0578,AVAILABLE,WHOLE_SESSION
MOMENTUM_AWAY_025,USD025_TARGET_1R,NATURAL,0,stop_first,6024,6024,0,0,0,0,0,452,170,170,170,0,2717,3307,0,0.45102921646746347941567065073041168658698539176626826029216467463479415670650730,1.0000000000,-1.0000239491986694889628061687329906259449652252797097066827940731781070456607197,-0.097954714475431606905710491367861885790172642762284196547144754316069057104913679,-1.00000000000,0.82157088950273703756474897849437654834513790900441694894999793170964880429836697,AVAILABLE,2717.0000000000,-3307.0792000000,609.0792000000,28,1,8,0,0,2026-06,-0.19252873563218390804597701149425287356321839080459770114942528735632183908045977,-0.10821622992392223161453930684699915469146238377007607776838546069315300084530854,AVAILABLE,AVAILABLE,AVAILABLE,10000,20260908,10000,0,-0.13716119647974032594217204902123395695736317444604249624930082293694188426422838,-0.056369513124673218775854447133206254383334809189109599811780919480588526403750296,0,AVAILABLE,WHOLE_SESSION
MOMENTUM_AWAY_025,USD025_TARGET_1R,NATURAL,0,target_first,6024,6024,0,0,0,0,0,452,170,170,170,0,3169,2855,0,0.52606241699867197875166002656042496679946879150066401062416998671978751660026560,1.0000000000,-1.0000277408056042031523642732049036777583187390542907180385288966725043782837128,0.052111686586985391766268260292164674634794156706507304116865869853917662682602922,1.00000000000,1.1099516959109225411330095501378735833317688700194376394181989767569319968426795,AVAILABLE,3169.0000000000,-2855.0792000000,67.0000000000,21,7,2,0,0,2026-09,-0.035714285714285714285714285714285714285714285714285714285714285714285714285714286,0.037599492814877430262045646661031276415891800507185122569737954353338968723584108,AVAILABLE,AVAILABLE,AVAILABLE,10000,20260908,10000,0,0.012873760976817223960468396589050227820117059856641621078632319678969433206599252,0.091134944528791964224121124504737424604614752451193579057553935256696729842325793,0.9944,AVAILABLE,WHOLE_SESSION
MOMENTUM_AWAY_025,USD025_TARGET_1R,NATURAL,0.01,stop_first,6024,6024,0,0,0,0,0,452,170,170,170,0,2717,3307,0,0.45102921646746347941567065073041168658698539176626826029216467463479415670650730,0.9600000000,-1.0400239491986694889628061687329906259449652252797097066827940731781070456607197,-0.13795471447543160690571049136786188579017264276228419654714475431606905710491368,-1.04000000000,0.75837382731062228103421125656197817314341578512648518945040692463875247458887109,AVAILABLE,2608.3200000000,-3439.3592000000,840.3192000000,28,0,9,0,0,2026-06,-0.23252873563218390804597701149425287356321839080459770114942528735632183908045977,-0.14821622992392223161453930684699915469146238377007607776838546069315300084530854,AVAILABLE,AVAILABLE,AVAILABLE,10000,20260908,10000,0,-0.17716119647974032594217204902123395695736317444604249624930082293694188426422838,-0.096369513124673218775854447133206254383334809189109599811780919480588526403750296,0,AVAILABLE,WHOLE_SESSION
MOMENTUM_AWAY_025,USD025_TARGET_1R,NATURAL,0.01,target_first,6024,6024,0,0,0,0,0,452,170,170,170,0,3169,2855,0,0.52606241699867197875166002656042496679946879150066401062416998671978751660026560,0.9600000000,-1.0400277408056042031523642732049036777583187390542907180385288966725043782837128,0.012111686586985391766268260292164674634794156706507304116865869853917662682602922,0.96000000000,1.0245718893662812173405586109921896196221628467946025419233058312603274222242220,AVAILABLE,3042.2400000000,-2969.2792000000,94.4000000000,21,4,5,0,0,2026-09,-0.075714285714285714285714285714285714285714285714285714285714285714285714285714286,-0.0024005071851225697379543533389687235841081994928148774302620456466610312764158918,AVAILABLE,AVAILABLE,AVAILABLE,10000,20260908,10000,0,-0.027126239023182776039531603410949772179882940143358378921367680321030566793400748,0.051134944528791964224121124504737424604614752451193579057553935256696729842325793,0.7297,AVAILABLE,WHOLE_SESSION
MOMENTUM_AWAY_025,USD025_TARGET_1R,NATURAL,0.02,stop_first,6024,6024,0,0,0,0,0,452,170,170,170,0,2717,3307,0,0.45102921646746347941567065073041168658698539176626826029216467463479415670650730,0.9200000000,-1.0800239491986694889628061687329906259449652252797097066827940731781070456607197,-0.17795471447543160690571049136786188579017264276228419654714475431606905710491368,-1.08000000000,0.69985792517900464302217312431782023223398376857326462314558536595745729299868811,AVAILABLE,2499.6400000000,-3571.6392000000,1078.5592000000,28,0,9,0,0,2026-06,-0.27252873563218390804597701149425287356321839080459770114942528735632183908045977,-0.18821622992392223161453930684699915469146238377007607776838546069315300084530854,AVAILABLE,AVAILABLE,AVAILABLE,10000,20260908,10000,0,-0.21716119647974032594217204902123395695736317444604249624930082293694188426422838,-0.13636951312467321877585444713320625438333480918910959981178091948058852640375029,0,AVAILABLE,WHOLE_SESSION
MOMENTUM_AWAY_025,USD025_TARGET_1R,NATURAL,0.02,target_first,6024,6024,0,0,0,0,0,452,170,170,170,0,3169,2855,0,0.52606241699867197875166002656042496679946879150066401062416998671978751660026560,0.9200000000,-1.0800277408056042031523642732049036777583187390542907180385288966725043782837128,-0.027888313413014608233731739707835325365205843293492695883134130146082337317397078,0.92000000000,0.94551635049135405226667330851461556802458729087583921435241074433062496416385750,AVAILABLE,2915.4800000000,-3083.4792000000,193.4392000000,21,2,7,0,0,2026-09,-0.11571428571428571428571428571428571428571428571428571428571428571428571428571429,-0.042400507185122569737954353338968723584108199492814877430262045646661031276415892,AVAILABLE,AVAILABLE,AVAILABLE,10000,20260908,10000,0,-0.067126239023182776039531603410949772179882940143358378921367680321030566793400748,0.011134944528791964224121124504737424604614752451193579057553935256696729842325793,0.0833,AVAILABLE,WHOLE_SESSION
MOMENTUM_AWAY_025,USD025_TARGET_1.5R,NATURAL,0,stop_first,6024,6024,0,0,0,0,0,229,170,170,170,0,2269,3755,0,0.37666002656042496679946879150066401062416998671978751660026560424966799468791501,1.4990568532393124724548259144997796386073159982371088585279858968708682238871750,-1.0000317443408788282290279627163781624500665778961384820239680426098535286284953,-0.058724966799468791500664010624169986719787516600265604249667994687915006640106242,-1.00000000000,0.90579281744238638283439843933582720889392805426789114976696345618003284689338224,AVAILABLE,3401.3600000000,-3755.1192000000,397.8592000000,49,3,6,0,0,2026-07,-0.16710635451505016722408026755852842809364548494983277591973244147157190635451505,-0.076449535080304311073541842772612003381234150464919695688926458157227387996618766,AVAILABLE,AVAILABLE,AVAILABLE,10000,20260908,10000,0,-0.10769783153467151908732610080144388265253484052868556325161225777513116634461664,-0.010254550584982107712298797570428421561842061695483035236217769856159089936304910,0.0097,AVAILABLE,WHOLE_SESSION
MOMENTUM_AWAY_025,USD025_TARGET_1.5R,NATURAL,0,target_first,6024,6024,0,0,0,0,0,229,170,170,170,0,2498,3526,0,0.41467463479415670650730411686586985391766268260292164674634794156706507304116866,1.4991433146517213771016813450760608486789431545236188951160928742994395516413131,-1.0000338060124787294384571752694271128757799205899035734543391945547362450368690,0.036311553784860557768924302788844621513944223107569721115537848605577689243027888,-1.00000000000,1.0620344315075905545110329792594646261533075796189760119283545491031613451978594,AVAILABLE,3744.8600000000,-3526.1192000000,92.8592000000,47,6,3,0,0,2026-07,-0.045868896321070234113712374581939799331103678929765886287625418060200668896321070,0.016534404057480980557903634826711749788672865595942519019442096365173288250211327,AVAILABLE,AVAILABLE,AVAILABLE,10000,20260908,10000,0,-0.011046514345739484141684199341085121033875359058727761308457108233669462568032662,0.082854227959683418094471940421780855306611368811352898906713915686767285526114724,0.9313,AVAILABLE,WHOLE_SESSION
MOMENTUM_AWAY_025,USD025_TARGET_1.5R,NATURAL,0.01,stop_first,6024,6024,0,0,0,0,0,229,170,170,170,0,2269,3755,0,0.37666002656042496679946879150066401062416998671978751660026560424966799468791501,1.4590568532393124724548259144997796386073159982371088585279858968708682238871750,-1.0400317443408788282290279627163781624500665778961384820239680426098535286284953,-0.098724966799468791500664010624169986719787516600265604249667994687915006640106242,-1.04000000000,0.84771559774166475303734455303935207140046324510426702124630427136404112626696430,AVAILABLE,3310.6000000000,-3905.3192000000,619.4192000000,49,0,9,0,0,2026-07,-0.20710635451505016722408026755852842809364548494983277591973244147157190635451505,-0.11644953508030431107354184277261200338123415046491969568892645815722738799661877,AVAILABLE,AVAILABLE,AVAILABLE,10000,20260908,10000,0,-0.14769783153467151908732610080144388265253484052868556325161225777513116634461664,-0.050254550584982107712298797570428421561842061695483035236217769856159089936304910,0,AVAILABLE,WHOLE_SESSION
MOMENTUM_AWAY_025,USD025_TARGET_1.5R,NATURAL,0.01,target_first,6024,6024,0,0,0,0,0,229,170,170,170,0,2498,3526,0,0.41467463479415670650730411686586985391766268260292164674634794156706507304116866,1.4591433146517213771016813450760608486789431545236188951160928742994395516413131,-1.0400338060124787294384571752694271128757799205899035734543391945547362450368690,-0.0036884462151394422310756972111553784860557768924302788844621513944223107569721116,-1.04000000000,0.99394103206645623675132511291028761445644355990871626189558391683677108973071035,AVAILABLE,3644.9400000000,-3667.1592000000,153.0592000000,47,4,5,0,0,2026-07,-0.085868896321070234113712374581939799331103678929765886287625418060200668896321070,-0.023465595942519019442096365173288250211327134404057480980557903634826711749788673,AVAILABLE,AVAILABLE,AVAILABLE,10000,20260908,10000,0,-0.051046514345739484141684199341085121033875359058727761308457108233669462568032662,0.042854227959683418094471940421780855306611368811352898906713915686767285526114724,0.4366,AVAILABLE,WHOLE_SESSION
MOMENTUM_AWAY_025,USD025_TARGET_1.5R,NATURAL,0.02,stop_first,6024,6024,0,0,0,0,0,229,170,170,170,0,2269,3755,0,0.37666002656042496679946879150066401062416998671978751660026560424966799468791501,1.4190568532393124724548259144997796386073159982371088585279858968708682238871750,-1.0800317443408788282290279627163781624500665778961384820239680426098535286284953,-0.13872496679946879150066401062416998671978751660026560424966799468791500664010624,-1.08000000000,0.79394026787001772793974196941294224423841958385994079377062251363524551924202455,AVAILABLE,3219.8400000000,-4055.5192000000,852.5792000000,49,0,9,0,0,2026-07,-0.24710635451505016722408026755852842809364548494983277591973244147157190635451505,-0.15644953508030431107354184277261200338123415046491969568892645815722738799661877,AVAILABLE,AVAILABLE,AVAILABLE,10000,20260908,10000,0,-0.18769783153467151908732610080144388265253484052868556325161225777513116634461664,-0.090254550584982107712298797570428421561842061695483035236217769856159089936304910,0,AVAILABLE,WHOLE_SESSION
MOMENTUM_AWAY_025,USD025_TARGET_1.5R,NATURAL,0.02,target_first,6024,6024,0,0,0,0,0,229,170,170,170,0,2498,3526,0,0.41467463479415670650730411686586985391766268260292164674634794156706507304116866,1.4191433146517213771016813450760608486789431545236188951160928742994395516413131,-1.0800338060124787294384571752694271128757799205899035734543391945547362450368690,-0.043688446215139442231075697211155378486055776892430278884462151394422310756972112,-1.08000000000,0.93089143025921543179779040970335795459439201604790001531432494392625259729060392,AVAILABLE,3545.0200000000,-3808.1992000000,280.0792000000,47,2,7,0,0,2026-07,-0.12586889632107023411371237458193979933110367892976588628762541806020066889632107,-0.063465595942519019442096365173288250211327134404057480980557903634826711749788673,AVAILABLE,AVAILABLE,AVAILABLE,10000,20260908,10000,0,-0.091046514345739484141684199341085121033875359058727761308457108233669462568032662,0.0028542279596834180944719404217808553066113688113528989067139156867672855261147236,0.0336,AVAILABLE,WHOLE_SESSION
MOMENTUM_AWAY_025,USD025_TARGET_2R,NATURAL,0,stop_first,6024,6024,0,0,0,0,0,135,170,170,170,0,1894,4130,0,0.31440903054448871181938911022576361221779548472775564409030544488711819389110226,1.9918690601900739176346356916578669482576557550158394931362196409714889123548046,-1.0000288619854721549636803874092009685230024213075060532687651331719128329297821,-0.059349136786188579017264276228419654714475431606905710491367861885790172642762284,-1.00000000000,0.91343610615403061490331804467047827578438898325258990103723882836117659751805711,AVAILABLE,3772.6000000000,-4130.1192000000,377.1992000000,49,3,6,0,0,2026-07,-0.19561806020066889632107023411371237458193979933110367892976588628762541806020067,-0.075764835164835164835164835164835164835164835164835164835164835164835164835164835,AVAILABLE,AVAILABLE,AVAILABLE,10000,20260908,10000,0,-0.11199919435359671775292493408263568923693013293828655586213152503906508420695929,-0.0062824066530531905673352714041671492943645554978652330666528425893900746905175200,0.0144,AVAILABLE,WHOLE_SESSION
MOMENTUM_AWAY_025,USD025_TARGET_2R,NATURAL,0,target_first,6024,6024,0,0,0,0,0,135,170,170,170,0,2029,3995,0,0.33681938911022576361221779548472775564409030544488711819389110225763612217795485,1.9924100542138984721537703302119270576638738294726466239526860522424839822572696,-1.0000298372966207759699624530663329161451814768460575719649561952440550688360451,0.0078819389110225763612217795484727755644090305444887118193891102257636122177954847,-1.00000000000,1.0118847017130302394982357472588051940978381821498592582669373169140985830910877,AVAILABLE,4042.6000000000,-3995.1192000000,201.9592000000,49,6,3,0,0,2026-09,-0.15785714285714285714285714285714285714285714285714285714285714285714285714285714,-0.0066608622147083685545224006762468300929839391377852916314454775993237531699070161,AVAILABLE,AVAILABLE,AVAILABLE,10000,20260908,10000,0,-0.049299271753657632942672389613377826359931428593161051212724439355220868323946336,0.064292941077891868359263286938116029939214432610354858746873741982844516821226313,0.6,AVAILABLE,WHOLE_SESSION
MOMENTUM_AWAY_025,USD025_TARGET_2R,NATURAL,0.01,stop_first,6024,6024,0,0,0,0,0,135,170,170,170,0,1894,4130,0,0.31440903054448871181938911022576361221779548472775564409030544488711819389110226,1.9518690601900739176346356916578669482576557550158394931362196409714889123548046,-1.0400288619854721549636803874092009685230024213075060532687651331719128329297821,-0.099349136786188579017264276228419654714475431606905710491367861885790172642762284,-1.04000000000,0.86066711875569107879107098722721235711655608737995537095357197202014695438699876,AVAILABLE,3696.8400000000,-4295.3192000000,612.9592000000,49,1,8,0,0,2026-07,-0.23561806020066889632107023411371237458193979933110367892976588628762541806020067,-0.11576483516483516483516483516483516483516483516483516483516483516483516483516484,AVAILABLE,AVAILABLE,AVAILABLE,10000,20260908,10000,0,-0.15199919435359671775292493408263568923693013293828655586213152503906508420695929,-0.046282406653053190567335271404167149294364555497865233066652842589390074690517520,0,AVAILABLE,WHOLE_SESSION
MOMENTUM_AWAY_025,USD025_TARGET_2R,NATURAL,0.01,target_first,6024,6024,0,0,0,0,0,135,170,170,170,0,2029,3995,0,0.33681938911022576361221779548472775564409030544488711819389110225763612217795485,1.9524100542138984721537703302119270576638738294726466239526860522424839822572696,-1.0400298372966207759699624530663329161451814768460575719649561952440550688360451,-0.032118061088977423638778220451527224435590969455511288180610889774236387782204515,-1.04000000000,0.95343370335577163570352944528981454079780901635824831443172228234907672813468912,AVAILABLE,3961.4400000000,-4154.9192000000,256.6392000000,49,5,4,0,0,2026-09,-0.19785714285714285714285714285714285714285714285714285714285714285714285714285714,-0.046660862214708368554522400676246830092983939137785291631445477599323753169907016,AVAILABLE,AVAILABLE,AVAILABLE,10000,20260908,10000,0,-0.089299271753657632942672389613377826359931428593161051212724439355220868323946336,0.024292941077891868359263286938116029939214432610354858746873741982844516821226313,0.1289,AVAILABLE,WHOLE_SESSION
MOMENTUM_AWAY_025,USD025_TARGET_2R,NATURAL,0.02,stop_first,6024,6024,0,0,0,0,0,135,170,170,170,0,1894,4130,0,0.31440903054448871181938911022576361221779548472775564409030544488711819389110226,1.9118690601900739176346356916578669482576557550158394931362196409714889123548046,-1.0800288619854721549636803874092009685230024213075060532687651331719128329297821,-0.13934913678618857901726427622841965471447543160690571049136786188579017264276228,-1.08000000000,0.81180684078212240404659618996819921770541868758237830250792329287586072939670342,AVAILABLE,3621.0800000000,-4460.5192000000,848.7192000000,49,0,9,0,0,2026-07,-0.27561806020066889632107023411371237458193979933110367892976588628762541806020067,-0.15576483516483516483516483516483516483516483516483516483516483516483516483516484,AVAILABLE,AVAILABLE,AVAILABLE,10000,20260908,10000,0,-0.19199919435359671775292493408263568923693013293828655586213152503906508420695929,-0.086282406653053190567335271404167149294364555497865233066652842589390074690517520,0,AVAILABLE,WHOLE_SESSION
MOMENTUM_AWAY_025,USD025_TARGET_2R,NATURAL,0.02,target_first,6024,6024,0,0,0,0,0,135,170,170,170,0,2029,3995,0,0.33681938911022576361221779548472775564409030544488711819389110225763612217795485,1.9124100542138984721537703302119270576638738294726466239526860522424839822572696,-1.0800298372966207759699624530663329161451814768460575719649561952440550688360451,-0.072118061088977423638778220451527224435590969455511288180610889774236387782204515,-1.08000000000,0.89931228896656820680242644758898794619126083569934284483680884725939987010046911,AVAILABLE,3880.2800000000,-4314.7192000000,443.7192000000,49,1,8,0,0,2026-09,-0.23785714285714285714285714285714285714285714285714285714285714285714285714285714,-0.086660862214708368554522400676246830092983939137785291631445477599323753169907016,AVAILABLE,AVAILABLE,AVAILABLE,10000,20260908,10000,0,-0.12929927175365763294267238961337782635993142859316105121272443935522086832394634,-0.015707058922108131640736713061883970060785567389645141253126258017155483178773687,0.0057,AVAILABLE,WHOLE_SESSION
MOMENTUM_AWAY_025,USD025_TARGET_2R_BE1R,NATURAL,0,stop_first,6024,6024,0,0,0,0,0,196,170,170,170,0,1454,3513,1057,0.24136786188579017264276228419654714475431606905710491367861885790172642762284197,1.9969876203576341127922971114167812929848693259972489683631361760660247592847318,-0.95852115001423284941645317392541986905778536863079988613720466837460859664104754,-0.076969588313413014608233731739707835325365205843293492695883134130146082337317397,-1.00000000000,0.86230306388102366630823742618978947073321508177746058189078630949184933807796715,AVAILABLE,2903.6200000000,-3367.2848000000,480.8844000000,29,1,8,0,0,2026-07,-0.18819665551839464882943143812709030100334448160535117056856187290969899665551839,-0.088657058326289095519864750633981403212172442941673710904480135249366018596787828,AVAILABLE,AVAILABLE,AVAILABLE,10000,20260908,10000,0,-0.12259030946516279642875092133092923129465320407101060119651550985565106541944088,-0.031214547887378831172586145992173288865478873788311725861459921732888654788737883,0.0001,AVAILABLE,WHOLE_SESSION
MOMENTUM_AWAY_025,USD025_TARGET_2R_BE1R,NATURAL,0,target_first,6024,6024,0,0,0,0,0,196,170,170,170,0,1650,3394,980,0.27390438247011952191235059760956175298804780876494023904382470119521912350597610,1.9973454545454545454545454545454545454545454545454545454545454545454545454545455,-0.95706682380671773718326458456098998232174425456688273423688862698880377136122569,0.0078577689243027888446215139442231075697211155378486055776892430278884462151394422,-1.00000000000,1.0145723675460969432236976265135372366363934590957049086336271991914009510496124,AVAILABLE,3295.6200000000,-3248.2848000000,173.2624000000,29,6,3,0,0,2026-09,-0.1235750000,-0.0060933933933933933933933933933933933933933933933933933933933933933933933933933934,AVAILABLE,AVAILABLE,AVAILABLE,10000,20260908,10000,0,-0.042825027932023395990090804848169364379863153082050327350932537182597386574671770,0.059046713132210476145946296516950699158837485350921779578317705136113880463521721,0.618,AVAILABLE,WHOLE_SESSION
MOMENTUM_AWAY_025,USD025_TARGET_2R_BE1R,NATURAL,0.01,stop_first,6024,6024,0,0,0,0,0,196,170,170,170,0,1454,4570,0,0.24136786188579017264276228419654714475431606905710491367861885790172642762284197,1.9569876203576341127922971114167812929848693259972489683631361760660247592847318,-0.77682380743982494529540481400437636761487964989059080962800875273522975929978118,-0.11696958831341301460823373173970783532536520584329349269588313413014608233731740,-1.04000000000,0.80151888202783212389743478803661253387524714902584862198221293192771057187140994,AVAILABLE,2845.4600000000,-3550.0848000000,713.8248000000,56,0,9,0,0,2026-07,-0.22819665551839464882943143812709030100334448160535117056856187290969899665551839,-0.12865705832628909551986475063398140321217244294167371090448013524936601859678783,AVAILABLE,AVAILABLE,AVAILABLE,10000,20260908,10000,0,-0.16259030946516279642875092133092923129465320407101060119651550985565106541944088,-0.071214547887378831172586145992173288865478873788311725861459921732888654788737883,0,AVAILABLE,WHOLE_SESSION
MOMENTUM_AWAY_025,USD025_TARGET_2R_BE1R,NATURAL,0.01,target_first,6024,6024,0,0,0,0,0,196,170,170,170,0,1650,4374,0,0.27390438247011952191235059760956175298804780876494023904382470119521912350597610,1.9573454545454545454545454545454545454545454545454545454545454545454545454545455,-0.78263484224965706447187928669410150891632373113854595336076817558299039780521262,-0.032142231075697211155378486055776892430278884462151394422310756972111553784860558,-1.04000000000,0.94343822562733462707662624653661929173163426699720686057859490504447709962197270,AVAILABLE,3229.6200000000,-3423.2448000000,234.2828000000,56,3,6,0,0,2026-09,-0.1635750000,-0.046093393393393393393393393393393393393393393393393393393393393393393393393393393,AVAILABLE,AVAILABLE,AVAILABLE,10000,20260908,10000,0,-0.082825027932023395990090804848169364379863153082050327350932537182597386574671770,0.019046713132210476145946296516950699158837485350921779578317705136113880463521721,0.1095,AVAILABLE,WHOLE_SESSION
MOMENTUM_AWAY_025,USD025_TARGET_2R_BE1R,NATURAL,0.02,stop_first,6024,6024,0,0,0,0,0,196,170,170,170,0,1454,4570,0,0.24136786188579017264276228419654714475431606905710491367861885790172642762284197,1.9169876203576341127922971114167812929848693259972489683631361760660247592847318,-0.81682380743982494529540481400437636761487964989059080962800875273522975929978118,-0.15696958831341301460823373173970783532536520584329349269588313413014608233731740,-1.08000000000,0.74668792350623839235542441599054972175942852562715034763462295970130125633665416,AVAILABLE,2787.3000000000,-3732.8848000000,952.6648000000,56,0,9,0,0,2026-07,-0.26819665551839464882943143812709030100334448160535117056856187290969899665551839,-0.16865705832628909551986475063398140321217244294167371090448013524936601859678783,AVAILABLE,AVAILABLE,AVAILABLE,10000,20260908,10000,0,-0.20259030946516279642875092133092923129465320407101060119651550985565106541944088,-0.11121454788737883117258614599217328886547887378831172586145992173288865478873789,0,AVAILABLE,WHOLE_SESSION
MOMENTUM_AWAY_025,USD025_TARGET_2R_BE1R,NATURAL,0.02,target_first,6024,6024,0,0,0,0,0,196,170,170,170,0,1650,4374,0,0.27390438247011952191235059760956175298804780876494023904382470119521912350597610,1.9173454545454545454545454545454545454545454545454545454545454545454545454545455,-0.82263484224965706447187928669410150891632373113854595336076817558299039780521262,-0.072142231075697211155378486055776892430278884462151394422310756972111553784860558,-1.08000000000,0.87922177192359923481842945682246880444381598290347453263360662517041831526654625,AVAILABLE,3163.6200000000,-3598.2048000000,443.6648000000,56,1,8,0,0,2026-09,-0.2035750000,-0.086093393393393393393393393393393393393393393393393393393393393393393393393393393,AVAILABLE,AVAILABLE,AVAILABLE,10000,20260908,10000,0,-0.12282502793202339599009080484816936437986315308205032735093253718259738657467177,-0.020953286867789523854053703483049300841162514649078220421682294863886119536478279,0.0023,AVAILABLE,WHOLE_SESSION
MOMENTUM_AWAY_025,USD030_TARGET_1R,NATURAL,0,stop_first,6024,6024,0,0,0,0,0,268,170,170,170,0,2790,3234,0,0.46314741035856573705179282868525896414342629482071713147410358565737051792828685,0.99971923536439665471923536439665471923536439665471923536439665471923536439665473,-1.0000000000,-0.073835214696768481629039397963700752545374059318282425852146967684816290393979636,-1.00000000000,0.86246650175221603793032364460935889507318078746650175221603793032364460935889508,AVAILABLE,2789.2166666666666666666666666666666666666666666666666666666666666666666666666667,-3234.0000000000,482.78333333333333333333333333333333333333333333333333333333333333333333333333333,29,1,7,1,0,2026-06,-0.17528735632183908045977011494252873563218390804597701149425287356321839080459770,-0.084967132554725891888442146914289361158976322675346225030314633990682238815495564,AVAILABLE,AVAILABLE,AVAILABLE,10000,20260908,10000,0,-0.11378571615331385351177496028904431911633844190041088017472903197724654516821945,-0.032467422371521081721454943860758648026330439894713870245088651455700994517460840,0,AVAILABLE,WHOLE_SESSION
MOMENTUM_AWAY_025,USD030_TARGET_1R,NATURAL,0,target_first,6024,6024,0,0,0,0,0,268,170,170,170,0,3058,2966,0,0.50763612217795484727755644090305444887118193891102257636122177954847277556440903,0.99974384129060388053193808589492042729452801395247438412906038805319380858949205,-1.0000000000,0.015142208942009738822487826471890216910137228862328463922089420097388224878264719,1.00000000000,1.0307541020454034614520116880197797257810743987412901775679928073724432456731850,AVAILABLE,3057.2166666666666666666666666666666666666666666666666666666666666666666666666667,-2966.0000000000,95.783333333333333333333333333333333333333333333333333333333333333333333333333333,27,3,4,2,0,2026-07,-0.035772017837235228539576365663322185061315496098104793756967670011148272017837235,0.0023703860242321780783319244857706396167934629473091011552550014088475626937165399,AVAILABLE,AVAILABLE,AVAILABLE,10000,20260908,10000,0,-0.023688211474031104643820744688996319093561128323410656431960903519442937995350789,0.054362344625169766459271272136469585350296242007331980399538725316569429191143110,0.7796,AVAILABLE,WHOLE_SESSION
MOMENTUM_AWAY_025,USD030_TARGET_1R,NATURAL,0.01,stop_first,6024,6024,0,0,0,0,0,268,170,170,170,0,2790,3234,0,0.46314741035856573705179282868525896414342629482071713147410358565737051792828685,0.96638590203106332138590203106332138590203106332138590203106332138590203106334344,-1.0333333333333333333333333333333333333333333333333333333333333333333333333333091,-0.10716854803010181496237273129703408587870739265161575918548030101814962372731020,-1.0333333333333333333333333333333333333333333333333333333333333333333333333333333,0.80681568815209368204759909829034252997386637939633331338400462824425958066514798,AVAILABLE,2696.2166666666666666666666666666666666666666666666666666666666666666666666667282,-3341.7999999999999999999999999999999999999999999999999999999999999999999999999215,660.98333333333333333333333333333333333333333333333333333333333333333333333331829,29,1,8,0,0,2026-06,-0.20862068965517241379310344827586206896551724137931034482758620689655172413793009,-0.11830046588805922522177548024762269449230965600867955836364796732401557214882621,AVAILABLE,AVAILABLE,AVAILABLE,10000,20260908,10000,0,-0.14711904948664718684510829362237765244967177523374421350806236531057987850155277,-0.065800755704854415054788277194091981359663773228047203578421984789034327850794160,0,AVAILABLE,WHOLE_SESSION
MOMENTUM_AWAY_025,USD030_TARGET_1R,NATURAL,0.01,target_first,6024,6024,0,0,0,0,0,268,170,170,170,0,3058,2966,0,0.50763612217795484727755644090305444887118193891102257636122177954847277556440903,0.96641050795727054719860475256158709396119468061914105079572705471986047525618175,-1.0333333333333333333333333333333333333333333333333333333333333333333333333333099,-0.018191124391323594510845506861443116423196104471004869411243913235945108455067937,0.96666666666666666666666666666666666666666666666666666666666666666666666666666667,0.96424531790398712287647097209231505448850412198464316011572009657842646770935252,AVAILABLE,2955.2833333333333333333333333333333333333333333333333333333333333333333333334038,-3064.8666666666666666666666666666666666666666666666666666666666666666666666665971,180.14999999999999999999999999999999999999999999999999999999999999999999999999826,27,3,6,0,0,2026-07,-0.069105351170568561872909698996655518394648829431438127090301003344481605351170277,-0.030962947309101155255001408847562693716539870386024232178078331924485770639615697,AVAILABLE,AVAILABLE,AVAILABLE,10000,20260908,10000,0,-0.057021544807364437977154078022329652426894461656743989765294236852776271328684110,0.021029011291836433125937938803136252016962908673998647066205391983236095857809790,0.1837,AVAILABLE,WHOLE_SESSION
MOMENTUM_AWAY_025,USD030_TARGET_1R,NATURAL,0.02,stop_first,6024,6024,0,0,0,0,0,268,170,170,170,0,2790,3234,0,0.46314741035856573705179282868525896414342629482071713147410358565737051792828685,0.93305256869772998805256869772998805256869772998805256869772998805256869772996638,-1.0666666666666666666666666666666666666666666666666666666666666666666666666666912,-0.14050188136343514829570606463036741921204072598494909251881363435148295706064916,-1.0666666666666666666666666666666666666666666666666666666666666666666666666666667,0.75464305040197897340754483611626468769325912183055040197897340754483611626465279,AVAILABLE,2603.2166666666666666666666666666666666666666666666666666666666666666666666666062,-3449.6000000000000000000000000000000000000000000000000000000000000000000000000794,857.85000000000000000000000000000000000000000000000000000000000000000000000001697,29,0,9,0,0,2026-06,-0.24195402298850574712643678160919540229885057471264367816091954022988505747126570,-0.15163379922139255855510881358095602782564298934201289169698130065734890548216501,AVAILABLE,AVAILABLE,AVAILABLE,10000,20260908,10000,0,-0.18045238281998052017844162695571098578300510856707754684139569864391321183488609,-0.099134089038187748388121610527425314692997106561380536911755318122367661184127478,0,AVAILABLE,WHOLE_SESSION
MOMENTUM_AWAY_025,USD030_TARGET_1R,NATURAL,0.02,target_first,6024,6024,0,0,0,0,0,268,170,170,170,0,3058,2966,0,0.50763612217795484727755644090305444887118193891102257636122177954847277556440903,0.93307717462393721386527141922825376062786134728580771746239372138652714192280268,-1.0666666666666666666666666666666666666666666666666666666666666666666666666666904,-0.051524457724656927844178840194776449756529437804338202744577246569278441788403876,0.93333333333333333333333333333333333333333333333333333333333333333333333333333333,0.90189333277140930546190155091031692515171948752528658125421443020903573836813060,AVAILABLE,2853.3499999999999999999999999999999999999999999999999999999999999999999999999306,-3163.7333333333333333333333333333333333333333333333333333333333333333333333334038,321.85000000000000000000000000000000000000000000000000000000000000000000000001139,27,2,7,0,0,2026-07,-0.10243868450390189520624303232998885172798216276477146042363433667781493868450489,-0.064296280642434488588334742180896027049873203719357565511411665257819103972952363,AVAILABLE,AVAILABLE,AVAILABLE,10000,20260908,10000,0,-0.090354878140697771310487411355662985760227794990077323098627570186109604662017430,-0.012304322041496900207395394530197081316370424659334686267127941350097237475523529,0.0046,AVAILABLE,WHOLE_SESSION
MOMENTUM_AWAY_025,USD030_TARGET_1.5R,NATURAL,0,stop_first,6024,6024,0,0,0,0,0,136,170,170,170,0,2302,3722,0,0.38213811420982735723771580345285524568393094289508632138114209827357237715803453,1.4985085432956849116710107153200115841297422531132348682305241818708369533738778,-1.0000000000,-0.045224656927844178840194776449756529437804338202744577246569278441788401947764497,-1.00000000000,0.92680458534837900770195235536449937309690130754074870141500985133440802435966327,AVAILABLE,3449.5666666666666666666666666666666666666666666666666666666666666666666666666667,-3722.0000000000,313.43333333333333333333333333333333333333333333333333333333333333333333333333333,33,3,6,0,0,2026-07,-0.15097547380156075808249721293199554069119286510590858416945373467112597547380156,-0.057712681090050418022847660986661561044099814921181951624226179079711532324972876,AVAILABLE,AVAILABLE,AVAILABLE,10000,20260908,10000,0,-0.093050393060110110867888586368733061778065863886414513993037324206108118857844720,0.0033408017637988662464485314788177822128157049544891817790669455820333811774154407,0.0342,AVAILABLE,WHOLE_SESSION
MOMENTUM_AWAY_025,USD030_TARGET_1.5R,NATURAL,0,target_first,6024,6024,0,0,0,0,0,136,170,170,170,0,2438,3586,0,0.40471447543160690571049136786188579017264276228419654714475431606905710491367862,1.4985917418649165983046212742685261143013398960896910035548263604047033087229970,-1.0000000000,0.011216246126604692341744134572819831783975210270030987162461266046923417441345728,-1.00000000000,1.0188417921546755902584123443019148540620933258970068786019706265105038111173081,AVAILABLE,3653.5666666666666666666666666666666666666666666666666666666666666666666666666667,-3586.0000000000,167.56666666666666666666666666666666666666666666666666666666666666666666666666667,31,6,3,0,0,2026-07,-0.098717948717948717948717948717948717948717948717948717948717948717948717948717952,-0.0016765285996055226824457593688362919132149901380670611439842209072978303747534522,AVAILABLE,AVAILABLE,AVAILABLE,10000,20260908,10000,0,-0.038216296979784821730110483909876007140444830414435277657162155642398803493028417,0.059844681591355194909970812628206206275158667143872126847100264889866177396741767,0.6663,AVAILABLE,WHOLE_SESSION
MOMENTUM_AWAY_025,USD030_TARGET_1.5R,NATURAL,0.01,stop_first,6024,6024,0,0,0,0,0,136,170,170,170,0,2302,3722,0,0.38213811420982735723771580345285524568393094289508632138114209827357237715803453,1.4651752099623515783376773819866782507964089197799015348971908485375036200405687,-1.0333333333333333333333333333333333333333333333333333333333333333333333333333079,-0.078557990261177512173528109783089862771137671536077910579902611775121735281095214,-1.0333333333333333333333333333333333333333333333333333333333333333333333333333333,0.87695654434833856234074639025151236761366590976062124074812362413548040422253184,AVAILABLE,3372.8333333333333333333333333333333333333333333333333333333333333333333333333892,-3846.0666666666666666666666666666666666666666666666666666666666666666666666665719,492.99999999999999999999999999999999999999999999999999999999999999999999999998441,33,2,7,0,0,2026-07,-0.18430880713489409141583054626532887402452619843924191750278706800445930880713263,-0.091046014423383751356180994319994894377433148254515284957559512413044865658303703,AVAILABLE,AVAILABLE,AVAILABLE,10000,20260908,10000,0,-0.12638372639344344420122191970206639511139919721974784732637065753944145219117804,-0.029992531569534467086884801854515551120517628378844151554266387751299952155917879,0.0004,AVAILABLE,WHOLE_SESSION
MOMENTUM_AWAY_025,USD030_TARGET_1.5R,NATURAL,0.01,target_first,6024,6024,0,0,0,0,0,136,170,170,170,0,2438,3586,0,0.40471447543160690571049136786188579017264276228419654714475431606905710491367862,1.4652584085315832649712879409351927809680065627563576702214930270713699753896884,-1.0333333333333333333333333333333333333333333333333333333333333333333333333333082,-0.022117087206728640991589198760513501549358123063302346170872067286409915891986843,-1.0333333333333333333333333333333333333333333333333333333333333333333333333333333,0.96404476188762751200906752064480146807477106309483115341021535361531403486681559,AVAILABLE,3572.3000000000000000000000000000000000000000000000000000000000000000000000000604,-3705.5333333333333333333333333333333333333333333333333333333333333333333333332431,207.99999999999999999999999999999999999999999999999999999999999999999999999999837,31,5,4,0,0,2026-07,-0.13205128205128205128205128205128205128205128205128205128205128205128205128204946,-0.035009861932938856015779092702169625246548323471400394477317554240631163708085604,AVAILABLE,AVAILABLE,AVAILABLE,10000,20260908,10000,0,-0.071549630313118155063443817243209340473778163747768610990495488975732136826361735,0.026511348258021861576637479294872872941825333810538793513766931556532844063408448,0.1861,AVAILABLE,WHOLE_SESSION
MOMENTUM_AWAY_025,USD030_TARGET_1.5R,NATURAL,0.02,stop_first,6024,6024,0,0,0,0,0,136,170,170,170,0,2302,3722,0,0.38213811420982735723771580345285524568393094289508632138114209827357237715803453,1.4318418766290182450043440486533449174630755864465682015638575152041702867071870,-1.0666666666666666666666666666666666666666666666666666666666666666666666666666924,-0.11189132359451084550686144311642319610447100486941124391323594510845506861443402,-1.0666666666666666666666666666666666666666666666666666666666666666666666666666667,0.83022400591080064481461579795808704997313272434175174637291778613648576034386714,AVAILABLE,3296.0999999999999999999999999999999999999999999999999999999999999999999999999445,-3970.1333333333333333333333333333333333333333333333333333333333333333333333334290,690.56666666666666666666666666666666666666666666666666666666666666666666666668369,33,0,9,0,0,2026-07,-0.21764214046822742474916387959866220735785953177257525083612040133779264214047062,-0.12437934775671708468951432765332822771076648158784861829089284574637819899164232,AVAILABLE,AVAILABLE,AVAILABLE,10000,20260908,10000,0,-0.15971705972677677753455525303539972844473253055308118065970399087277478552451136,-0.063325864902867800420218135187848884453850961712177484887599721084633285489251199,0,AVAILABLE,WHOLE_SESSION
MOMENTUM_AWAY_025,USD030_TARGET_1.5R,NATURAL,0.02,target_first,6024,6024,0,0,0,0,0,136,170,170,170,0,2438,3586,0,0.40471447543160690571049136786188579017264276228419654714475431606905710491367862,1.4319250751982499316379546076018594476346732294230243368881596937380366420563057,-1.0666666666666666666666666666666666666666666666666666666666666666666666666666921,-0.055450420540061974324922532093846834882691456396635679504205400619743249225323071,-1.0666666666666666666666666666666666666666666666666666666666666666666666666666667,0.91267254601226993865030674846625766871165644171779141104294478527607361963186440,AVAILABLE,3491.0333333333333333333333333333333333333333333333333333333333333333333333332733,-3825.0666666666666666666666666666666666666666666666666666666666666666666666667578,355.33333333333333333333333333333333333333333333333333333333333333333333333334422,31,1,8,0,0,2026-07,-0.16538461538461538461538461538461538461538461538461538461538461538461538461538670,-0.068343195266272189349112426035502958579881656804733727810650887573964497041422348,AVAILABLE,AVAILABLE,AVAILABLE,10000,20260908,10000,0,-0.10488296364645148839677715057654267380711149708110194432382882230906547015969506,-0.0068219850753114717566958540384604603915079995227945398195664017768004892699248708,0.012,AVAILABLE,WHOLE_SESSION
MOMENTUM_AWAY_025,USD030_TARGET_2R,NATURAL,0,stop_first,6024,6024,0,0,0,0,0,77,170,170,170,0,1928,4096,0,0.32005312084993359893758300132802124833997343957503320053120849933598937583001328,1.9844311894882434301521438450899031811894882434301521438450899031811894882434301,-1.0000000000,-0.044823483842408145196989818503762726870296591412129260734838424081451969898185038,-1.00000000000,0.93407796223958333333333333333333333333333333333333333333333333333333333333333333,AVAILABLE,3825.9833333333333333333333333333333333333333333333333333333333333333333333333333,-4096.0000000000,366.58333333333333333333333333333333333333333333333333333333333333333333333333333,34,4,5,0,0,2026-07,-0.21620680044593088071348940914158305462653288740245261984392419175027870680044593,-0.060887740123811347246154828004339779181823983662007786074414448911864190439721744,AVAILABLE,AVAILABLE,AVAILABLE,10000,20260908,10000,0,-0.10093620219767404340477485609570612157720056089219925136844822500156831643728299,0.011248626898422868926625002630305325842223765334680049660164551901184689518759337,0.0582,AVAILABLE,WHOLE_SESSION
MOMENTUM_AWAY_025,USD030_TARGET_2R,NATURAL,0,target_first,6024,6024,0,0,0,0,0,77,170,170,170,0,2005,4019,0,0.33283532536520584329349269588313413014608233731739707835325365205843293492695883,1.9850290939318370739817123857024106400665004156275976724854530340814630091438071,-1.0000000000,-0.0064768702965914121292607348384240814519698981850376272687029659141212926073483848,-1.00000000000,0.99029194658704487019988388488015260844322800033175748527826159077714190926432777,AVAILABLE,3979.9833333333333333333333333333333333333333333333333333333333333333333333333333,-4019.0000000000,296.58333333333333333333333333333333333333333333333333333333333333333333333333333,34,6,3,0,0,2026-07,-0.17858138238573021181716833890746934225195094760312151616499442586399108138238573,-0.021255344948624672921054311060054885442593656263960686706235241559767694173208246,AVAILABLE,AVAILABLE,AVAILABLE,10000,20260908,10000,0,-0.066462203722945396755962763428583080303199495469022119205157880896794772098790583,0.053567906255931795693006118145717198928304082026505492223626369489398952318566802,0.413,AVAILABLE,WHOLE_SESSION
MOMENTUM_AWAY_025,USD030_TARGET_2R,NATURAL,0.01,stop_first,6024,6024,0,0,0,0,0,77,170,170,170,0,1928,4096,0,0.32005312084993359893758300132802124833997343957503320053120849933598937583001328,1.9510978561549100968188105117565698478561549100968188105117565698478561549101217,-1.0333333333333333333333333333333333333333333333333333333333333333333333333333072,-0.078156817175741478530323151837096060203629924745462594068171757414785303231516610,-1.0333333333333333333333333333333333333333333333333333333333333333333333333333333,0.88876244329637096774193548387096774193548387096774193548387096774193548387100161,AVAILABLE,3761.7166666666666666666666666666666666666666666666666666666666666666666666667147,-4232.5333333333333333333333333333333333333333333333333333333333333333333333332261,486.18333333333333333333333333333333333333333333333333333333333333333333333332311,34,3,6,0,0,2026-07,-0.24954013377926421404682274247491638795986622073578595317725752508361204013377668,-0.094221073457144680579488161337673112515157316995341119407747782245197523773053169,AVAILABLE,AVAILABLE,AVAILABLE,10000,20260908,10000,0,-0.13426953553100737673810818942903945491053389422553258470178155833490164977061631,-0.022084706434910464406708330703028007491109567998653283673168781432148643814573982,0.003,AVAILABLE,WHOLE_SESSION
MOMENTUM_AWAY_025,USD030_TARGET_2R,NATURAL,0.01,target_first,6024,6024,0,0,0,0,0,77,170,170,170,0,2005,4019,0,0.33283532536520584329349269588313413014608233731739707835325365205843293492695883,1.9516957605985037406483790523690773067331670822942643391521197007481296758104991,-1.0333333333333333333333333333333333333333333333333333333333333333333333333333073,-0.039810203629924745462594068171757414785303231518370960602036299247454625940680793,-1.0333333333333333333333333333333333333333333333333333333333333333333333333333333,0.94225413158465033028598030323704339869490886033277416144282400532952347317985116,AVAILABLE,3913.1500000000000000000000000000000000000000000000000000000000000000000000000506,-4152.9666666666666666666666666666666666666666666666666666666666666666666666665620,344.61666666666666666666666666666666666666666666666666666666666666666666666666425,34,5,4,0,0,2026-07,-0.21191471571906354515050167224080267558528428093645484949832775919732441471571681,-0.054588678281958006254387644393388218775926989597294020039568574893101027506540492,AVAILABLE,AVAILABLE,AVAILABLE,10000,20260908,10000,0,-0.099795537056278730089296096761916413636532828802355452538491214230128105432123902,0.020234572922598462359672784812383865594970748693172158890293036156065618985233483,0.0983,AVAILABLE,WHOLE_SESSION
MOMENTUM_AWAY_025,USD030_TARGET_2R,NATURAL,0.02,stop_first,6024,6024,0,0,0,0,0,77,170,170,170,0,1928,4096,0,0.32005312084993359893758300132802124833997343957503320053120849933598937583001328,1.9177645228215767634854771784232365145228215767634854771784232365145228215767387,-1.0666666666666666666666666666666666666666666666666666666666666666666666666666931,-0.11149015050907481186365648517042939353696325807879592740150509074811863656485450,-1.0666666666666666666666666666666666666666666666666666666666666666666666666666667,0.84627914428710937499999999999999999999999999999999999999999999999999999999996814,AVAILABLE,3697.4499999999999999999999999999999999999999999999999999999999999999999999999523,-4369.0666666666666666666666666666666666666666666666666666666666666666666666667748,683.35000000000000000000000000000000000000000000000000000000000000000000000001675,34,1,8,0,0,2026-07,-0.28287346711259754738015607580824972129319955406911928651059085841694537346711522,-0.12755440679047801391282149467100644584849065032867445274108111557853085710639113,AVAILABLE,AVAILABLE,AVAILABLE,10000,20260908,10000,0,-0.16760286886434071007144152276237278824386722755886591803511489166823498310394962,-0.055418039768243797740041664036361340824442901331986617006502114765481977147907301,0,AVAILABLE,WHOLE_SESSION
MOMENTUM_AWAY_025,USD030_TARGET_2R,NATURAL,0.02,target_first,6024,6024,0,0,0,0,0,77,170,170,170,0,2005,4019,0,0.33283532536520584329349269588313413014608233731739707835325365205843293492695883,1.9183624272651704073150457190357439733998337489609310058187863674147963424771154,-1.0666666666666666666666666666666666666666666666666666666666666666666666666666929,-0.073143536963258078795927401505090748118636564851704293935369632580787959274017042,-1.0666666666666666666666666666666666666666666666666666666666666666666666666666667,0.89721868001990544911669569544662851455585966658372729534710126897238118935055090,AVAILABLE,3846.3166666666666666666666666666666666666666666666666666666666666666666666666164,-4286.9333333333333333333333333333333333333333333333333333333333333333333333334389,452.35000000000000000000000000000000000000000000000000000000000000000000000001188,34,3,6,0,0,2026-07,-0.24524804905239687848383500557413600891861761426978818283166109253065774804905477,-0.087922011615291339587720977726721552109260322930627353372901908226434360839877141,AVAILABLE,AVAILABLE,AVAILABLE,10000,20260908,10000,0,-0.13312887038961206342262943009524974696986616213568878587182454756346143876545722,-0.013098760410734870973660548520949467738362584640161174443040297177267714348099836,0.0075,AVAILABLE,WHOLE_SESSION
MOMENTUM_AWAY_025,USD030_TARGET_2R_BE1R,NATURAL,0,stop_first,6024,6024,0,0,0,0,0,105,170,170,170,0,1467,3394,1163,0.24352589641434262948207171314741035856573705179282868525896414342629482071713147,1.9937627811860940695296523517382413087934560327198364008179959100204498977505113,-0.96495492044784914555097230406599882144961697112551561579257513258691809074837935,-0.058135292164674634794156706507304116865869853917662682602921646746347941567065065,-1.00000000000,0.89306842598464698477003606349446742453642791560574365575927380805891317311423909,AVAILABLE,2924.8500000000000000000000000000000000000000000000000000000000000000000000000001,-3275.0569999999999999999999999999999999999999999999999999999999999999999999999995,432.42366666666666666666666666666666666666666666666666666666666666666666666666662,29,2,7,0,0,2026-07,-0.19492976588628762541806020066889632107023411371237458193979933110367892976588626,-0.069823964497041420118343195266272189349112426035502958579881656804733727810650877,AVAILABLE,AVAILABLE,AVAILABLE,10000,20260908,10000,0,-0.10940948498736433143658975040142475600248440589445733503501513741328265442545637,-0.0062621194017950299197709829600213644632171510363228563798405993874629884694150052,0.0152,AVAILABLE,WHOLE_SESSION
MOMENTUM_AWAY_025,USD030_TARGET_2R_BE1R,NATURAL,0,target_first,6024,6024,0,0,0,0,0,105,170,170,170,0,1572,3329,1123,0.26095617529880478087649402390438247011952191235059760956175298804780876494023904,1.9941793893129770992366412213740458015267175572519083969465648854961832061068702,-0.96427065184740162210874136377290477620907179333133072994893361369780714929408216,-0.012484561752988047808764940239043824701195219123505976095617529880478087649402386,-1.00000000000,0.97657144405846998978522811277182928527437363261773856352083467676742188690107387,AVAILABLE,3134.8500000000000000000000000000000000000000000000000000000000000000000000000000,-3210.0569999999999999999999999999999999999999999999999999999999999999999999999995,259.10199999999999999999999999999999999999999999999999999999999999999999999999998,29,5,4,0,0,2026-07,-0.15897658862876254180602006688963210702341137123745819397993311036789297658862875,-0.028403846153846153846153846153846153846153846153846153846153846153846153846153842,AVAILABLE,AVAILABLE,AVAILABLE,10000,20260908,10000,0,-0.067679156474875969341523612133227200136170894472563066648644048280592143139640248,0.043190472091664362704439882272432258608485247778882372434023345510018804253408393,0.3252,AVAILABLE,WHOLE_SESSION
MOMENTUM_AWAY_025,USD030_TARGET_2R_BE1R,NATURAL,0.01,stop_first,6024,6024,0,0,0,0,0,105,170,170,170,0,1467,4557,0,0.24352589641434262948207171314741035856573705179282868525896414342629482071713147,1.9604294478527607361963190184049079754601226993865030674846625766871165644172006,-0.75202040816326530612244897959183673469387755102040816326530612244897959183671130,-0.091468625498007968127490039840637450199203187250996015936254980079681274900396062,-1.0333333333333333333333333333333333333333333333333333333333333333333333333333333,0.83921391485215600896071937873746300289148652871921065831873583473618139941648604,AVAILABLE,2875.9500000000000000000000000000000000000000000000000000000000000000000000000333,-3426.9569999999999999999999999999999999999999999999999999999999999999999999998934,586.82366666666666666666666666666666666666666666666666666666666666666666666665454,47,1,8,0,0,2026-07,-0.22826309921962095875139353400222965440356744704570791527313266443701226309921732,-0.10315729783037475345167652859960552268244575936883629191321499013806706114398203,AVAILABLE,AVAILABLE,AVAILABLE,10000,20260908,10000,0,-0.14274281832069766476992308373475808933581773922779066836834847074661598775878968,-0.039595452735128363253104316293354697796550484369656189713173932720796321802748325,0.0002,AVAILABLE,WHOLE_SESSION
MOMENTUM_AWAY_025,USD030_TARGET_2R_BE1R,NATURAL,0.01,target_first,6024,6024,0,0,0,0,0,105,170,170,170,0,1572,4452,0,0.26095617529880478087649402390438247011952191235059760956175298804780876494023904,1.9608460559796437659033078880407124681933842239185750636132315521628498727735603,-0.75437039532794249775381850853548966756513926325247079964061096136567834681039903,-0.045817895086321381142098273572377158034528552456839309428950863213811420982734703,-1.0333333333333333333333333333333333333333333333333333333333333333333333333333333,0.91781731908432950012461079596969679826182083022054473229819527241230124429168865,AVAILABLE,3082.4500000000000000000000000000000000000000000000000000000000000000000000000368,-3358.4569999999999999999999999999999999999999999999999999999999999999999999998965,358.65699999999999999999999999999999999999999999999999999999999999999999999999608,47,3,6,0,0,2026-07,-0.19230992196209587513935340022296544035674470457079152731326644370122630992196006,-0.061737179487179487179487179487179487179487179487179487179487179487179487179485790,AVAILABLE,AVAILABLE,AVAILABLE,10000,20260908,10000,0,-0.10101248980820930267485694546656053346950422780589639998197738161392547647297357,0.0098571387583310293711065489390989252751519144455490391006900121766854709200750739,0.0528,AVAILABLE,WHOLE_SESSION
MOMENTUM_AWAY_025,USD030_TARGET_2R_BE1R,NATURAL,0.02,stop_first,6024,6024,0,0,0,0,0,105,170,170,170,0,1467,4557,0,0.24352589641434262948207171314741035856573705179282868525896414342629482071713147,1.9270961145194274028629856850715746421267893660531697341513292433537832310838220,-0.78535374149659863945578231292517006802721088435374149659863945578231292517009188,-0.12480195883134130146082337317397078353253652058432934926958831341301460823373444,-1.0666666666666666666666666666666666666666666666666666666666666666666666666666667,0.78993097516888772029729044776027653521780836730833335894672516951641264236036283,AVAILABLE,2827.0499999999999999999999999999999999999999999999999999999999999999999999999669,-3578.8570000000000000000000000000000000000000000000000000000000000000000000001087,763.67366666666666666666666666666666666666666666666666666666666666666666666668278,47,0,9,0,0,2026-07,-0.26159643255295429208472686733556298773690078037904124860646599777034559643255554,-0.13649063116370808678500986193293885601577909270216962524654832347140039447732031,AVAILABLE,AVAILABLE,AVAILABLE,10000,20260908,10000,0,-0.17607615165403099810325641706809142266915107256112400170168180407994932109212300,-0.072928786068461696586437649626688031129883817702989523046507266054129655136081644,0,AVAILABLE,WHOLE_SESSION
MOMENTUM_AWAY_025,USD030_TARGET_2R_BE1R,NATURAL,0.02,target_first,6024,6024,0,0,0,0,0,105,170,170,170,0,1572,4452,0,0.26095617529880478087649402390438247011952191235059760956175298804780876494023904,1.9275127226463104325699745547073791348600508905852417302798982188295165394401803,-0.78770372866127583108715184186882300089847259658580413297394429469901168014377931,-0.079151228419654714475431606905710491367861885790172642762284196547144754316071305,-1.0666666666666666666666666666666666666666666666666666666666666666666666666666667,0.86403580185904358233027465904654794877578412806681310358534722117269110203235326,AVAILABLE,3030.0499999999999999999999999999999999999999999999999999999999999999999999999634,-3506.8570000000000000000000000000000000000000000000000000000000000000000000001055,499.89033333333333333333333333333333333333333333333333333333333333333333333334485,47,0,9,0,0,2026-07,-0.22564325529542920847268673355629877369007803790412486064659977703455964325529765,-0.095070512820512820512820512820512820512820512820512820512820512820512820512823117,AVAILABLE,AVAILABLE,AVAILABLE,10000,20260908,10000,0,-0.13434582314154263600819027879989386680283756113922973331531071494725880980630689,-0.023476194575002303962226784394234408058181418887784294232643321156647862413258245,0.0021,AVAILABLE,WHOLE_SESSION
MOMENTUM_AWAY_025,USD040_TARGET_1R,NATURAL,0,stop_first,6024,6024,0,0,0,0,0,129,170,170,170,0,2932,3091,1,0.48671978751660026560424966799468791500664010624169986719787516600265604249667995,0.99876790586630286493860845839017735334242837653478854024556616643929058663028649,-0.99834276933031381429957942413458427693303138142995794241345842769330313814299579,-0.026143758300132802124833997343957503320053120849933598937583001328021248339973440,-1.00000000000,0.94896427353321705090367326635616611482471355392428895832708848617613628538397911,AVAILABLE,2928.3875000000,-3085.8775000000,236.1650000000,29,5,4,0,0,2026-06,-0.10919540229885057471264367816091954022988505747126436781609195402298850574712644,-0.037719780219780219780219780219780219780219780219780219780219780219780219780219780,AVAILABLE,AVAILABLE,AVAILABLE,10000,20260908,10000,0,-0.069532342753205602017404530268788918949834677912325836915713520924257530866893220,0.017047839379064531266043413216269928218270706778624967733247437931882686244335526,0.1222,AVAILABLE,WHOLE_SESSION
MOMENTUM_AWAY_025,USD040_TARGET_1R,NATURAL,0,target_first,6024,6024,0,0,0,0,0,129,170,170,170,0,3061,2962,1,0.50813413014608233731739707835325365205843293492695883134130146082337317397078353,0.99881983012087553087226396602417510617445279320483502123489055864096700424697811,-0.99827059419311276164753544902093180283592167454422687373396353814989871708305199,0.016684926958831341301460823373173970783532536520584329349269588313413014608233732,1.00000000000,1.0339919391317360966086691112499587825332635525144345682227281989192991593327759,AVAILABLE,3057.3875000000,-2956.8775000000,97.8900000000,21,6,2,1,0,2026-07,-0.052583612040133779264214046822742474916387959866220735785953177257525083612040134,0.0053909551986475063398140321217244294167371090448013524936601859678782755705832629,AVAILABLE,AVAILABLE,AVAILABLE,10000,20260908,10000,0,-0.025411597415045220242861649282265137255309782062348124807177001979360572939957085,0.057682558207649108264435506650684722659363718472426285217633343682196935972807687,0.7812,AVAILABLE,WHOLE_SESSION
MOMENTUM_AWAY_025,USD040_TARGET_1R,NATURAL,0.01,stop_first,6024,6024,0,0,0,0,0,129,170,170,170,0,2932,3092,0,0.48671978751660026560424966799468791500664010624169986719787516600265604249667995,0.97376790586630286493860845839017735334242837653478854024556616643929058663028649,-1.0230198900388098318240620957309184993531694695989650711513583441138421733505821,-0.051143758300132802124833997343957503320053120849933598937583001328021248339973440,-1.02500000000,0.90260110284674192327177339874224573233718310148576866141719837094187727372238833,AVAILABLE,2855.0875000000,-3163.1775000000,332.8900000000,29,4,5,0,0,2026-06,-0.13419540229885057471264367816091954022988505747126436781609195402298850574712644,-0.062719780219780219780219780219780219780219780219780219780219780219780219780219780,AVAILABLE,AVAILABLE,AVAILABLE,10000,20260908,10000,0,-0.094532342753205602017404530268788918949834677912325836915713520924257530866893220,-0.0079521606209354687339565867837300717817292932213750322667525620681173137556644743,0.0104,AVAILABLE,WHOLE_SESSION
MOMENTUM_AWAY_025,USD040_TARGET_1R,NATURAL,0.01,target_first,6024,6024,0,0,0,0,0,129,170,170,170,0,3061,2963,0,0.50813413014608233731739707835325365205843293492695883134130146082337317397078353,0.97381983012087553087226396602417510617445279320483502123489055864096700424697811,-1.0229336820789740128248396895038812014849814377320283496456294296321295983800202,-0.0083150730411686586985391766268260292164674634794156706507304116865869853917662683,0.97500000000,0.98347384196882003264650303823632999857305582980927612689410342128423325670725622,AVAILABLE,2980.8625000000,-3030.9525000000,136.2900000000,21,5,4,0,0,2026-07,-0.077583612040133779264214046822742474916387959866220735785953177257525083612040134,-0.019609044801352493660185967878275570583262890955198647506339814032121724429416737,AVAILABLE,AVAILABLE,AVAILABLE,10000,20260908,10000,0,-0.050411597415045220242861649282265137255309782062348124807177001979360572939957085,0.032682558207649108264435506650684722659363718472426285217633343682196935972807687,0.352,AVAILABLE,WHOLE_SESSION
MOMENTUM_AWAY_025,USD040_TARGET_1R,NATURAL,0.02,stop_first,6024,6024,0,0,0,0,0,129,170,170,170,0,2932,3092,0,0.48671978751660026560424966799468791500664010624169986719787516600265604249667995,0.94876790586630286493860845839017735334242837653478854024556616643929058663028649,-1.0480198900388098318240620957309184993531694695989650711513583441138421733505821,-0.076143758300132802124833997343957503320053120849933598937583001328021248339973440,-1.05000000000,0.85844987351401143812910288684306556672589147741343675430549972959232088480787168,AVAILABLE,2781.7875000000,-3240.4775000000,478.5150000000,29,1,8,0,0,2026-06,-0.15919540229885057471264367816091954022988505747126436781609195402298850574712644,-0.087719780219780219780219780219780219780219780219780219780219780219780219780219780,AVAILABLE,AVAILABLE,AVAILABLE,10000,20260908,10000,0,-0.11953234275320560201740453026878891894983467791232583691571352092425753086689322,-0.032952160620935468733956586783730071781729293221375032266752562068117313755664474,0.0003,AVAILABLE,WHOLE_SESSION
MOMENTUM_AWAY_025,USD040_TARGET_1R,NATURAL,0.02,target_first,6024,6024,0,0,0,0,0,129,170,170,170,0,3061,2963,0,0.50813413014608233731739707835325365205843293492695883134130146082337317397078353,0.94881983012087553087226396602417510617445279320483502123489055864096700424697811,-1.0479336820789740128248396895038812014849814377320283496456294296321295983800202,-0.033315073041168658698539176626826029216467463479415670650730411686586985391766268,0.95000000000,0.93536611189433910005627969478531188532146655705947853923999062810232759613240140,AVAILABLE,2904.3375000000,-3105.0275000000,227.3150000000,21,4,5,0,0,2026-07,-0.10258361204013377926421404682274247491638795986622073578595317725752508361204013,-0.044609044801352493660185967878275570583262890955198647506339814032121724429416737,AVAILABLE,AVAILABLE,AVAILABLE,10000,20260908,10000,0,-0.075411597415045220242861649282265137255309782062348124807177001979360572939957085,0.0076825582076491082644355066506847226593637184724262852176333436821969359728076864,0.0554,AVAILABLE,WHOLE_SESSION
MOMENTUM_AWAY_025,USD040_TARGET_1.5R,NATURAL,0,stop_first,6024,6024,0,0,0,0,0,60,170,170,170,0,2350,3673,1,0.39010624169986719787516600265604249667994687915006640106241699867197875166002656,1.4857393617021276595744680851063829787234042553191489361702127659574468085106383,-0.99816294582085488701334059352028314729104274435066702967601415736455213721753335,-0.029011454183266932270916334661354581673306772908366533864541832669322709163346614,-1.00000000000,0.95233143380059065762655463583045630381431720810282434174951125161182979077409426,AVAILABLE,3491.4875000000,-3666.2525000000,308.1900000000,34,6,3,0,0,2026-07,-0.16863712374581939799331103678929765886287625418060200668896321070234113712374582,-0.042488064634594197576202717590892398090341535071612192434814542783694454645611458,AVAILABLE,AVAILABLE,AVAILABLE,10000,20260908,10000,0,-0.079277575369000390712250212394958124959089930623270389747278679055191648070158154,0.021306130165959096497477938174570141717831572500727056345807455416939465932902579,0.1316,AVAILABLE,WHOLE_SESSION
MOMENTUM_AWAY_025,USD040_TARGET_1.5R,NATURAL,0,target_first,6024,6024,0,0,0,0,0,60,170,170,170,0,2410,3613,1,0.40006640106241699867197875166002656042496679946879150066401062416998671978751660,1.4860943983402489626556016597510373443983402489626556016597510373443983402489627,-0.99813243841682812067533905341821201217824522557431497370606144478272903404373097,-0.0041110557768924302788844621513944223107569721115537848605577689243027888446215139,-1.00000000000,0.99313276039323369619847750538821116935100911541829087120216901062806888868707890,AVAILABLE,3581.4875000000,-3606.2525000000,250.6900000000,34,6,3,0,0,2026-07,-0.14982441471571906354515050167224080267558528428093645484949832775919732441471572,-0.016781123760558207858979067205288284979801689313257436650752846125596768270290121,AVAILABLE,AVAILABLE,AVAILABLE,10000,20260908,10000,0,-0.055233109282255545142143080287410184317400812246173070915338956576069978131833802,0.047080426930261506529355122330275538006635822033275935565158775191527613495983592,0.4363,AVAILABLE,WHOLE_SESSION
MOMENTUM_AWAY_025,USD040_TARGET_1.5R,NATURAL,0.01,stop_first,6024,6024,0,0,0,0,0,60,170,170,170,0,2349,3674,1,0.38994023904382470119521912350597609561752988047808764940239043824701195219123506,1.4613612175393784589186888037462750106428267347807577692635163899531715623669647,-1.0228912629286880783886771910724006532389765922700054436581382689167120304844856,-0.054011454183266932270916334661354581673306772908366533864541832669322709163346614,-1.02500000000,0.91342306389993354359014955020518998616988227436585351251063535387871938032557654,AVAILABLE,3432.7375000000,-3758.1025000000,356.0650000000,34,2,7,0,0,2026-07,-0.19363712374581939799331103678929765886287625418060200668896321070234113712374582,-0.067488064634594197576202717590892398090341535071612192434814542783694454645611458,AVAILABLE,AVAILABLE,AVAILABLE,10000,20260908,10000,0,-0.10427757536900039071225021239495812495908993062327038974727867905519164807015815,-0.0036938698340409035025220618254298582821684274992729436541925445830605340670974207,0.0181,AVAILABLE,WHOLE_SESSION
MOMENTUM_AWAY_025,USD040_TARGET_1.5R,NATURAL,0.01,target_first,6024,6024,0,0,0,0,0,60,170,170,170,0,2409,3614,1,0.39990039840637450199203187250996015936254980079681274900398406374501992031872510,1.4617009132420091324200913242009132420091324200913242009132420091324200913242009,-1.0228562534587714443829551743220807969009407858328721638074156059767570558937465,-0.029111055776892430278884462151394422310756972111553784860557768924302788844621514,-1.02500000000,0.95256049304733197578046327675209871767386404137312572828698784897754086353617951,AVAILABLE,3521.2375000000,-3696.6025000000,285.2150000000,34,5,4,0,0,2026-07,-0.17482441471571906354515050167224080267558528428093645484949832775919732441471572,-0.041781123760558207858979067205288284979801689313257436650752846125596768270290121,AVAILABLE,AVAILABLE,AVAILABLE,10000,20260908,10000,0,-0.080233109282255545142143080287410184317400812246173070915338956576069978131833802,0.022080426930261506529355122330275538006635822033275935565158775191527613495983592,0.1348,AVAILABLE,WHOLE_SESSION
MOMENTUM_AWAY_025,USD040_TARGET_1.5R,NATURAL,0.02,stop_first,6024,6024,0,0,0,0,0,60,170,170,170,0,2348,3676,0,0.38977423638778220451527224435590969455511288180610889774236387782204515272244356,1.4369782793867120954003407155025553662691652470187393526405451448040885860306644,-1.0473313384113166485310119695321001088139281828073993471164309031556039173014146,-0.079011454183266932270916334661354581673306772908366533864541832669322709163346614,-1.05000000000,0.87637240616209392751669484855804820272260447429733583723594087257369499661038081,AVAILABLE,3374.0250000000,-3849.9900000000,501.8150000000,34,2,7,0,0,2026-07,-0.21863712374581939799331103678929765886287625418060200668896321070234113712374582,-0.092488064634594197576202717590892398090341535071612192434814542783694454645611458,AVAILABLE,AVAILABLE,AVAILABLE,10000,20260908,10000,0,-0.12927757536900039071225021239495812495908993062327038974727867905519164807015815,-0.028693869834040903502522061825429858282168427499272943654192544583060534067097421,0.0011,AVAILABLE,WHOLE_SESSION
MOMENTUM_AWAY_025,USD040_TARGET_1.5R,NATURAL,0.02,target_first,6024,6024,0,0,0,0,0,60,170,170,170,0,2408,3616,0,0.39973439575033200531208499335989375830013280212483399734395750332005312084993360,1.4373027408637873754152823920265780730897009966777408637873754152823920265780731,-1.0472870575221238938053097345132743362831858407079646017699115044247787610619469,-0.054111055776892430278884462151394422310756972111553784860557768924302788844621514,-1.05000000000,0.91392504337217684757551511886749106810421997417474036107832341780675417680004436,AVAILABLE,3461.0250000000,-3786.9900000000,351.8150000000,34,2,7,0,0,2026-07,-0.19982441471571906354515050167224080267558528428093645484949832775919732441471572,-0.066781123760558207858979067205288284979801689313257436650752846125596768270290121,AVAILABLE,AVAILABLE,AVAILABLE,10000,20260908,10000,0,-0.10523310928225554514214308028741018431740081224617307091533895657606997813183380,-0.0029195730697384934706448776697244619933641779667240644348412248084723865040164078,0.0187,AVAILABLE,WHOLE_SESSION
MOMENTUM_AWAY_025,USD040_TARGET_2R,NATURAL,0,stop_first,6024,6024,0,0,0,0,0,13,170,170,170,0,1953,4070,1,0.32420318725099601593625498007968127490039840637450199203187250996015936254980080,1.9570596518177163338453661034306195596518177163338453661034306195596518177163338,-0.99729950859950859950859950859950859950859950859950859950859950859950859950859951,-0.039321298140770252324037184594953519256308100929614873837981407702523240371845950,-1.00000000000,0.94164302173264459379124313348405977912342643241244352993550888899236242146790017,AVAILABLE,3822.1375000000,-4059.0090000000,443.0275000000,39,6,3,0,0,2026-07,-0.25702550167224080267558528428093645484949832775919732441471571906354515050167224,-0.056000950972104818258664412510566356720202874049027895181741335587489433643279797,AVAILABLE,AVAILABLE,AVAILABLE,10000,20260908,10000,0,-0.10160612334009975510647333112828682515557519427464505203961925592132216239806905,0.023631285557032698270979923395705820759905441063368332349479974904925971166828280,0.1116,AVAILABLE,WHOLE_SESSION
MOMENTUM_AWAY_025,USD040_TARGET_2R,NATURAL,0,target_first,6024,6024,0,0,0,0,0,13,170,170,170,0,1966,4057,1,0.32636122177954847277556440903054448871181938911022576361221779548472775564409031,1.9573435910478128179043743641912512716174974567650050864699898270600203458799593,-0.99729085531180675375893517377372442691644071974365294552625092432832141976830170,-0.032847194555112881806108897742363877822045152722443559096945551128818061088977424,-1.00000000000,0.95109464660113212798093133257983360887234803481653154997925115836371100509168418,AVAILABLE,3848.1375000000,-4046.0090000000,441.0275000000,39,6,3,0,0,2026-07,-0.25702550167224080267558528428093645484949832775919732441471571906354515050167224,-0.049661136939983093829247675401521555367709213863060016906170752324598478444632291,AVAILABLE,AVAILABLE,AVAILABLE,10000,20260908,10000,0,-0.095742630860493058307699082199450200356048739675530141475903803934149855001352482,0.030669074182056244760099801131282889857500680801589911088448379335180612848016197,0.156,AVAILABLE,WHOLE_SESSION
MOMENTUM_AWAY_025,USD040_TARGET_2R,NATURAL,0.01,stop_first,6024,6024,0,0,0,0,0,13,170,170,170,0,1952,4071,1,0.32403718459495351925630810092961487383798140770252324037184594953519256308100930,1.9330494364754098360655737704918032786885245901639344262295081967213114754098361,-1.0220545320560058953574060427413411938098747236551215917464996315401621223286662,-0.064321298140770252324037184594953519256308100929614873837981407702523240371845950,-1.02500000000,0.90687536291237420639956315925075658818145810981776511349784079154313225584409092,AVAILABLE,3773.3125000000,-4160.7840000000,500.0525000000,39,3,6,0,0,2026-07,-0.28202550167224080267558528428093645484949832775919732441471571906354515050167224,-0.081000950972104818258664412510566356720202874049027895181741335587489433643279797,AVAILABLE,AVAILABLE,AVAILABLE,10000,20260908,10000,0,-0.12660612334009975510647333112828682515557519427464505203961925592132216239806905,-0.0013687144429673017290200766042941792400945589366316676505200250950740288331717198,0.0233,AVAILABLE,WHOLE_SESSION
MOMENTUM_AWAY_025,USD040_TARGET_2R,NATURAL,0.01,target_first,6024,6024,0,0,0,0,0,13,170,170,170,0,1965,4058,1,0.32619521912350597609561752988047808764940239043824701195219123505976095617529880,1.9333269720101781170483460559796437659033078880407124681933842239185750636132316,-1.0220450961064563824544110399211434204041399704287826515524889107934943321833415,-0.057847194555112881806108897742363877822045152722443559096945551128818061088977424,-1.02500000000,0.91597951902598675478166269998087985921018146291500410251192356573024591683727314,AVAILABLE,3798.9875000000,-4147.4590000000,488.5525000000,39,4,5,0,0,2026-07,-0.28202550167224080267558528428093645484949832775919732441471571906354515050167224,-0.074661136939983093829247675401521555367709213863060016906170752324598478444632291,AVAILABLE,AVAILABLE,AVAILABLE,10000,20260908,10000,0,-0.12074263086049305830769908219945020035604873967553014147590380393414985500135249,0.0056690741820562447600998011312828898575006808015899110884483793351806128480161977,0.0369,AVAILABLE,WHOLE_SESSION
MOMENTUM_AWAY_025,USD040_TARGET_2R,NATURAL,0.02,stop_first,6024,6024,0,0,0,0,0,13,170,170,170,0,1950,4073,1,0.32370517928286852589641434262948207171314741035856573705179282868525896414342629,1.9100128205128205128205128205128205128205128205128205128205128205128205128205128,-1.0465495948931991161306162533758900073655781978885342499386201816842622145838448,-0.089321298140770252324037184594953519256308100929614873837981407702523240371845950,-1.05000000000,0.87376907478810157142483460491744878972241449548414915650589963183238197657226059,AVAILABLE,3724.5250000000,-4262.5965000000,566.4715000000,39,2,7,0,0,2026-07,-0.30702550167224080267558528428093645484949832775919732441471571906354515050167224,-0.10600095097210481825866441251056635672020287404902789518174133558748943364327980,AVAILABLE,AVAILABLE,AVAILABLE,10000,20260908,10000,0,-0.15160612334009975510647333112828682515557519427464505203961925592132216239806905,-0.026368714442967301729020076604294179240094558936631667650520025095074028833171720,0.0036,AVAILABLE,WHOLE_SESSION
MOMENTUM_AWAY_025,USD040_TARGET_2R,NATURAL,0.02,target_first,6024,6024,0,0,0,0,0,13,170,170,170,0,1963,4060,1,0.32586321381142098273572377158034528552456839309428950863213811420982735723771580,1.9102776362710137544574630667345899133978604177279673968415690269994905756495160,-1.0465385467980295566502463054187192118226600985221674876847290640394088669950739,-0.082847194555112881806108897742363877822045152722443559096945551128818061088977424,-1.05000000000,0.88254229607268531152369181395906020468838569748995427454782026556465232028692289,AVAILABLE,3749.8750000000,-4248.9465000000,542.0775000000,39,2,7,0,0,2026-07,-0.30702550167224080267558528428093645484949832775919732441471571906354515050167224,-0.099661136939983093829247675401521555367709213863060016906170752324598478444632291,AVAILABLE,AVAILABLE,AVAILABLE,10000,20260908,10000,0,-0.14574263086049305830769908219945020035604873967553014147590380393414985500135249,-0.019330925817943755239900198868717110142499319198410088911551620664819387151983803,0.0066,AVAILABLE,WHOLE_SESSION
MOMENTUM_AWAY_025,USD040_TARGET_2R_BE1R,NATURAL,0,stop_first,6024,6024,0,0,0,0,0,41,170,170,170,0,1460,3222,1342,0.24236387782204515272244355909694555112881806108897742363877822045152722443559097,1.9727996575342465753424657534246575342465753424657534246575342465753424657534247,-0.96753708876474239602731222842954686530105524518932340161390440720049658597144631,-0.039362051792828685258964143426294820717131474103585657370517928286852589641434263,-1.00000000000,0.92393768598204050837804333701321082971427031686135052412992924081555665939405682,AVAILABLE,2880.2875000000,-3117.4045000000,369.8400000000,31,6,3,0,0,2026-07,-0.22907817725752508361204013377926421404682274247491638795986622073578595317725753,-0.053886728655959425190194420963651732882502113271344040574809805579036348267117498,AVAILABLE,AVAILABLE,AVAILABLE,10000,20260908,10000,0,-0.093494218016762902287274517702878116467481312385300568461572892887516225773242021,0.016329065019406681327926765596591891755597578341522885110513236886419801109831690,0.0842,AVAILABLE,WHOLE_SESSION
MOMENTUM_AWAY_025,USD040_TARGET_2R_BE1R,NATURAL,0,target_first,6024,6024,0,0,0,0,0,41,170,170,170,0,1501,3211,1312,0.24916998671978751660026560424966799468791500664010624169986719787516600265604250,1.9735426382411725516322451698867421718854097268487674883411059293804130579613591,-0.96742587978822796636561818748053565867331049517284335098100280286515104328869511,-0.023923804780876494023904382470119521912350597609561752988047808764940239043824701,-1.00000000000,0.95360649265090879182025393022705188586998248296382521979993268745264823045421161,AVAILABLE,2962.2875000000,-3106.4045000000,359.8400000000,31,6,3,0,0,2026-07,-0.22071697324414715719063545150501672240802675585284280936454849498327759197324415,-0.043743026204564666103127641589180050718512256973795435333896872358410819949281488,AVAILABLE,AVAILABLE,AVAILABLE,10000,20260908,10000,0,-0.079567289452161186385725564040613488616609913046982472015489250394283484788259236,0.032396854445219282188183887351513419598813476843351736189412773292455681132401048,0.2013,AVAILABLE,WHOLE_SESSION
MOMENTUM_AWAY_025,USD040_TARGET_2R_BE1R,NATURAL,0.01,stop_first,6024,6024,0,0,0,0,0,41,170,170,170,0,1459,4564,1,0.24219787516600265604249667994687915006640106241699867197875166002656042496679947,1.9491346812885538039753255654557916381082933516106922549691569568197395476353667,-0.70804217791411042944785276073619631901840490797546012269938650306748466257668712,-0.064362051792828685258964143426294820717131474103585657370517928286852589641434263,-1.02500000000,0.88001966266796162592377637103708195362253092947882325399825375455921537475810416,AVAILABLE,2843.7875000000,-3231.5045000000,445.7920000000,55,3,6,0,0,2026-07,-0.25407817725752508361204013377926421404682274247491638795986622073578595317725753,-0.078886728655959425190194420963651732882502113271344040574809805579036348267117498,AVAILABLE,AVAILABLE,AVAILABLE,10000,20260908,10000,0,-0.11849421801676290228727451770287811646748131238530056846157289288751622577324202,-0.0086709349805933186720732344034081082444024216584771148894867631135801988901683102,0.0132,AVAILABLE,WHOLE_SESSION
MOMENTUM_AWAY_025,USD040_TARGET_2R_BE1R,NATURAL,0.01,target_first,6024,6024,0,0,0,0,0,41,170,170,170,0,1500,4523,1,0.24900398406374501992031872509960159362549800796812749003984063745019920318725100,1.9498416666666666666666666666666666666666666666666666666666666666666666666666667,-0.71180179084678310855626796374087994693787309307981428255582577934998894539022772,-0.048923804780876494023904382470119521912350597609561752988047808764940239043824701,-1.02500000000,0.90845818400148222717367822966414291502710298357234453581704744509166776803517463,AVAILABLE,2924.7625000000,-3219.4795000000,398.7920000000,55,5,4,0,0,2026-07,-0.24571697324414715719063545150501672240802675585284280936454849498327759197324415,-0.068743026204564666103127641589180050718512256973795435333896872358410819949281488,AVAILABLE,AVAILABLE,AVAILABLE,10000,20260908,10000,0,-0.10456728945216118638572556404061348861660991304698247201548925039428348478825924,0.0073968544452192821881838873515134195988134768433517361894127732924556811324010478,0.0442,AVAILABLE,WHOLE_SESSION
MOMENTUM_AWAY_025,USD040_TARGET_2R_BE1R,NATURAL,0.02,stop_first,6024,6024,0,0,0,0,0,41,170,170,170,0,1459,4565,0,0.24219787516600265604249667994687915006640106241699867197875166002656042496679947,1.9241346812885538039753255654557916381082933516106922549691569568197395476353667,-0.73288707557502738225629791894852135815991237677984665936473165388828039430449069,-0.089362051792828685258964143426294820717131474103585657370517928286852589641434263,-1.05000000000,0.83909844171328594514126564223563906284303148331278164542726563117643480845682404,AVAILABLE,2807.3125000000,-3345.6295000000,566.1420000000,55,2,7,0,0,2026-07,-0.27907817725752508361204013377926421404682274247491638795986622073578595317725753,-0.10388672865595942519019442096365173288250211327134404057480980557903634826711750,AVAILABLE,AVAILABLE,AVAILABLE,10000,20260908,10000,0,-0.14349421801676290228727451770287811646748131238530056846157289288751622577324202,-0.033670934980593318672073234403408108244402421658477114889486763113580198890168310,0.0011,AVAILABLE,WHOLE_SESSION
MOMENTUM_AWAY_025,USD040_TARGET_2R_BE1R,NATURAL,0.02,target_first,6024,6024,0,0,0,0,0,41,170,170,170,0,1500,4524,0,0.24900398406374501992031872509960159362549800796812749003984063745019920318725100,1.9248416666666666666666666666666666666666666666666666666666666666666666666666667,-0.73664445181255526083112290008841732979664014146772767462422634836427939876215738,-0.073923804780876494023904382470119521912350597609561752988047808764940239043824701,-1.05000000000,0.86637468063402538484078174279113221455032055499351178268965526553830148688125820,AVAILABLE,2887.2625000000,-3332.5795000000,502.6920000000,55,3,6,0,0,2026-07,-0.27071697324414715719063545150501672240802675585284280936454849498327759197324415,-0.093743026204564666103127641589180050718512256973795435333896872358410819949281488,AVAILABLE,AVAILABLE,AVAILABLE,10000,20260908,10000,0,-0.12956728945216118638572556404061348861660991304698247201548925039428348478825924,-0.017603145554780717811816112648486580401186523156648263810587226707544318867598952,0.0059,AVAILABLE,WHOLE_SESSION
MOMENTUM_AWAY_025,ATR050_TARGET_1R,NATURAL,0,stop_first,6024,4125,1899,1899,0,0,0,22,170,164,170,6,2048,2077,0,0.49648484848484848484848484848484848484848484848484848484848484848484848484848485,0.99969290349422889210207646126196261902602098823975154837797284094311903551376479,-0.99917070283628741152252886127967439823562967908033040295590942495855652194798989,-0.0067652081054031958078157217486992197260877235235963820269904236090700876009174975,-1.0,0.98655289099156927420501029256498354337050136770736262222440435527116194974211910,AVAILABLE,2047.3710663561807710250525926644994437652909839150111710780883782515077847321903,-2075.2775497909689537322924448778837251354028434498462469394238756389218960859750,107.09102381792236193303897792457351504769690573818691417115192247652989744265826,31,5,4,0,0,2026-07,-0.063173697850230517057726017477177375200497951404507133862204883728330935163257931,-0.016144547110514662165970898229806829568201709620476568997928597782144011741189331,AVAILABLE,AVAILABLE,AVAILABLE,10000,20260908,10000,0,-0.051456189577638489807955502321683122586684616492873655476593773115361968507444898,0.037771739779195923389026706901282830367293423377102241126464168342411428502149095,0.3827,AVAILABLE,WHOLE_SESSION
MOMENTUM_AWAY_025,ATR050_TARGET_1R,NATURAL,0,target_first,6024,4125,1899,1899,0,0,0,22,170,164,170,6,2070,2055,0,0.50181818181818181818181818181818181818181818181818181818181818181818181818181818,0.99969616732182645943239255684275335447598598256763824689762723587029361581265232,-0.99916182471579997748530045979459062050384566591233394011650796868074058203697080,0.0039014585612634708588509449179674469405789431430702846396762430575965790657491692,1.0,1.0078379645103752267758311785994355144696328062635782419017131690638344098739931,AVAILABLE,2069.3710663561807710250525926644994437652909839150111710780883782515077847321903,-2053.2775497909689537322924448778837251354028434498462469394238756389218960859750,93.037473642641328475197278829270907496761460668879839083436348965895052661727715,31,6,3,0,0,2026-01,-0.054708457955331826620697461797968356047171663302002241649412072754777301142329633,-0.0059693068617865671970619101009204530843125066809627193653678289862141078406805690,AVAILABLE,AVAILABLE,AVAILABLE,10000,20260908,10000,0,-0.040730227418313035994515017477008120655862271804173341692372376718797750091769605,0.048587356940784879071498644940203146460024134906316257212833239575758179995948975,0.5713,AVAILABLE,WHOLE_SESSION
MOMENTUM_AWAY_025,ATR050_TARGET_1R,NATURAL,0.01,stop_first,6024,4125,1899,1899,0,0,0,22,170,164,170,6,2048,2077,0,0.49648484848484848484848484848484848484848484848484848484848484848484848484848485,0.97387068770225379504622691439272755277826860773028138566835576857696913969766030,-1.0249052114812414437032103449475066345468688586325961036715955336338183463684588,-0.032543262019957019713186706855676424694291517757160201085360317408923129043995416,-1.0097877652933832709113607990012484394506866416978778777713875134234516467399521,0.93693842144363213163275385883319139155693133516171138909557631795396366303266079,AVAILABLE,1994.4871684142157722546727206763060280898941086316162778487926140456327981008083,-2128.7281242465384785715678864559712799538466193799021073259039233574407054072890,154.15011830889146288959951057515511176451487657981938311016469490264280785982338,31,3,6,0,0,2026-07,-0.089690226458253338929319395189305274778491497329165013214919001550985077612808874,-0.042782233434575325635223862229839821018360588170370704095191476389529203876863202,AVAILABLE,AVAILABLE,AVAILABLE,10000,20260908,10000,0,-0.077238968917553880989640857738866863138280060926709086959229666747206699709891424,0.011844173792748615386075801389387778381178412457943870950756127132696343774073081,0.0777,AVAILABLE,WHOLE_SESSION
MOMENTUM_AWAY_025,ATR050_TARGET_1R,NATURAL,0.01,target_first,6024,4125,1899,1899,0,0,0,22,170,164,170,6,2070,2055,0,0.50181818181818181818181818181818181818181818181818181818181818181818181818181818,0.97384729745541225644878627675506370515908949850402119063374334033506476670703415,-1.0248685457737353173556607098115071151062130280543112866612944154770763865644970,-0.021876595353290353046520040189009758027624851090493534418693650742256462377328738,0.93052453879451788125375578072909473856914645680124472173485093984084946948731984,0.95715267673554225212164298842132360170899767898668749234543630225495638768557481,AVAILABLE,2015.8639057327033708489875928829818696793152619033238646118487144935840670835607,-2106.1048615650260771658827586626471215432677726516096940889600238053919743900413,121.25217021962651682421761535359021363281572862998227821184371997901897358030479,31,5,4,0,0,2026-01,-0.083869424469917160470951848632505789658037715233449092070208842088350627716125697,-0.032606993185847230666314874100953444534471385230856854462630707593599299976354378,AVAILABLE,AVAILABLE,AVAILABLE,10000,20260908,10000,0,-0.066654830723466430425466915710275381113994160321938518039415903526669981948594527,0.022940788437686738400668155647188272709337273749556133355266850824637953299888128,0.1665,AVAILABLE,WHOLE_SESSION
MOMENTUM_AWAY_025,ATR050_TARGET_1R,NATURAL,0.02,stop_first,6024,4125,1899,1899,0,0,0,22,170,164,170,6,2048,2077,0,0.49648484848484848484848484848484848484848484848484848484848484848484848484848485,0.94804847191027869799037736752349248653051622722081122295873869621081924388155615,-1.0506397201261954758838918286153388708581080381848618043872816423090801707889292,-0.058321315934510843618557691962653629662495311990724020143730211208776170487073336,-1.0195755305867665418227215980024968789013732833957557555427750268469032934799042,0.88975447869006144652840803203575532304040375071736642644064118119573050344945639,AVAILABLE,1941.6032704722507734842928486881126124144972333482213846194968498397578114694270,-2182.1786987021080034108433280340588347722903953099579677123839710759595147286059,251.68106241643501263952596791211434682996108049639027756154039419963612059396322,31,2,7,0,0,2026-01,-0.11693664098450249432120623546704322326890376716489594249100561142192395428992176,-0.069419919758635989104476826229872812468519466720264839192454354996914396012537058,AVAILABLE,AVAILABLE,AVAILABLE,10000,20260908,10000,0,-0.10340032530928224109808188110953510706717556304640621960403676898518165929338324,-0.013729388844526135699509784637135771946933863423589599198677453041263766107851838,0.0043,AVAILABLE,WHOLE_SESSION
MOMENTUM_AWAY_025,ATR050_TARGET_1R,NATURAL,0.02,target_first,6024,4125,1899,1899,0,0,0,22,170,164,170,6,2070,2055,0,0.50181818181818181818181818181818181818181818181818181818181818181818181818181818,0.94799842758899805346517999666737405584219301444040413436985944479983591760141623,-1.0505752668316706572260209598284236097085803901962886332060808622734121910920246,-0.047654649267844176951891025295986962995828645324057353477063544542109503820406664,0.86104907758903576250751156145818947713829291360248944346970187968169893897463968,0.90894784437538558392872914544633037992032670092129407889541908679041301144392429,AVAILABLE,1962.3567451092259706729225931014642955933395398916365581456090507356603494349316,-2158.9321733390832005994730724474105179511327018533731412384961719718620526941105,207.68106241643501263952596791211434682996108049639027756154039419963612059396320,31,2,7,0,0,2026-01,-0.11303039098450249432120623546704322326890376716489594249100561142192395428992176,-0.059244679509907894135567838100986435984630263780750989559893586200984492112028256,AVAILABLE,AVAILABLE,AVAILABLE,10000,20260908,10000,0,-0.092427622654496471949866153876569286298846635133331670758016087878083800128851985,-0.0028786830518328515736962013613139863275714911115668358338463005409115987829579503,0.0188,AVAILABLE,WHOLE_SESSION
MOMENTUM_AWAY_025,ATR050_TARGET_1.5R,NATURAL,0,stop_first,6024,4125,1899,1899,0,0,0,7,170,164,170,6,1638,2487,0,0.39709090909090909090909090909090909090909090909090909090909090909090909090909091,1.4983629931139328550866959534008445521084136513141747156821126987305245546618074,-0.99903512370348884830872258369578535005111851675446247094410233697748504746864318,-0.0073410351345344846331600227832326761754061067432072681092562209799772345499333299,-1.0,0.98781221700397406179364360696655604999002516081484296203280724264997776886383541,AVAILABLE,2454.3185827206220166320079716705833763535815608526181842873006005205992205360406,-2484.6003526505767657437930656514181655771317511683481652379825120630053130545156,171.66373521508073861118274858125808033000362910372649495427064816481528409113383,34,7,2,0,0,2026-07,-0.12946770461289970411596081086551132281365592280602006574428534392119529369409059,-0.022550900521067381044299660234767025541658342655204329107565131103635403337213002,AVAILABLE,AVAILABLE,AVAILABLE,10000,20260908,10000,0,-0.068823514449692111583956875962971718020923090875823394513850857144296297650231863,0.052245547485155005782959761391715964381219500477846052569665485317557659396699101,0.4099,AVAILABLE,WHOLE_SESSION
MOMENTUM_AWAY_025,ATR050_TARGET_1.5R,NATURAL,0,target_first,6024,4125,1899,1899,0,0,0,7,170,164,170,6,1645,2480,0,0.39878787878787878787878787878787878787878787878787878787878787878787878787878788,1.4983699591006820769799440557267984050781650825851782275302739212891180671951615,-0.99903240026232934102572301034331377644239183514852748598305746454153440042520786,-0.0030986108921102422089175985408084337511636825007830256850137967375529921256909057,-1.0,0.99484106873157302962294810343546751298215298572583304399070039226270709353854010,AVAILABLE,2464.8185827206220166320079716705833763535815608526181842873006005205992205360406,-2477.6003526505767657437930656514181655771317511683481652379825120630053130545155,171.66373521508073861118274858125808033000362910372649495427064816481528409113383,34,7,2,0,0,2026-07,-0.12946770461289970411596081086551132281365592280602006574428534392119529369409059,-0.017604603177935668212191124338780592528656646781829541091736979605613922274465686,AVAILABLE,AVAILABLE,AVAILABLE,10000,20260908,10000,0,-0.065026598169554234923546472742981195361801884509635865947603273520435198103449398,0.056479954769240104460210704622242041381267735470442708047463480387929054073770565,0.4685,AVAILABLE,WHOLE_SESSION
MOMENTUM_AWAY_025,ATR050_TARGET_1.5R,NATURAL,0.01,stop_first,6024,4125,1899,1899,0,0,0,7,170,164,170,6,1638,2487,0,0.39709090909090909090909090909090909090909090909090909090909090909090909090909091,1.4725156791990514618663017761455828820818722186643381560735313528480698457486604,-1.0247675612607702321103509114891759230267380521517356792178938799485075576226286,-0.033119089049088308538531007890209881143609900976771087167626114779830275993011222,-1.0163302227811369018332034423372426427237938573943025079097615698200832207955450,0.94639550844815006783158619417010120980298304968410968079798473541388185977245642,AVAILABLE,2411.9806825280462945370023093264647608501066941721858996484443559651384073363057,-2548.5969248555355672584427168735805205674975357013666342149020794319382958074774,197.65099852378704394916957521540602107441621097739791548847896841290818451863560,34,5,4,0,0,2026-07,-0.15598423322092252598755418857763922239164946873067794509699946174384943614364147,-0.049188586845128044513552624234800016991817221205098464204828009711020595472886865,AVAILABLE,AVAILABLE,AVAILABLE,10000,20260908,10000,0,-0.094487775435344657485705402900781970285283988276327142453799174944592245730664680,0.026439025173306093390693028756633774661021816361048974240621664200086128088529524,0.1393,AVAILABLE,WHOLE_SESSION
MOMENTUM_AWAY_025,ATR050_TARGET_1.5R,NATURAL,0.01,target_first,6024,4125,1899,1899,0,0,0,7,170,164,170,6,1645,2480,0,0.39878787878787878787878787878787878787878787878787878787878787878787878787878788,1.4724832796004940337242316698457034310908301082564431643536232534304220394415027,-1.0247384021251217573378231872755233483313735361334797338420032158709048965130821,-0.028876664806664066114288583647785638719367476734346844743383690537406033568768798,-1.0162748054746661274984159385853736649980302512251610480417609406466212283797163,0.95312877630585469159460946287653014152562701691804401797839926289835241507321453,AVAILABLE,2422.2349949428126854763610968961821441444155280818490053617102518930442548812720,-2541.3512372703019581978015044432979038618063696110297399281679753598441433524437,197.65099852378704394916957521540602107441621097739791548847896841290818451863561,34,5,4,0,0,2026-07,-0.15598423322092252598755418857763922239164946873067794509699946174384943614364147,-0.044242289501996331681444088338813583978815525331723676188999858212999114410139545,AVAILABLE,AVAILABLE,AVAILABLE,10000,20260908,10000,0,-0.090592737207745395322706639054694131553710097180823058025046818681796403360284869,0.030615315461585673279380769132878462872765402353786592339330961001156145392872381,0.1714,AVAILABLE,WHOLE_SESSION
MOMENTUM_AWAY_025,ATR050_TARGET_1.5R,NATURAL,0.02,stop_first,6024,4125,1899,1899,0,0,0,7,170,164,170,6,1638,2487,0,0.39709090909090909090909090909090909090909090909090909090909090909090909090909091,1.4466683652841700686459075988903212120553307860145015964649500069656151368355140,-1.0504999988180516159119792392825664960023575875490088874916854229195300677766148,-0.058897142963642132443901992997187086111813695210334906225996008579683317436089171,-1.0326604455622738036664068846744852854475877147886050158195231396401664415910900,0.90700783914590050965767174517812884826055091901810454799197618098273690869541708,AVAILABLE,2369.6427823354705724419966469823461453466318274917536150095881114096775941365720,-2612.5934970604943687730923680957428755578633202343851031918216468008712785604410,273.49799092843890536756861798392233632831624409083876948956660282556253306715937,34,2,7,0,0,2026-07,-0.18250076182894534785914756628976712196964301465533582444971357956650357859319245,-0.075826273169188707982805588234833008441976099754992599302090888318405787608560709,AVAILABLE,AVAILABLE,AVAILABLE,10000,20260908,10000,0,-0.11997984752507827701526366325637352895819527097291419635442005262921544342331114,0.00052826807556755938622612946418129822448097161540319404730505298167907818672307559,0.0264,AVAILABLE,WHOLE_SESSION
MOMENTUM_AWAY_025,ATR050_TARGET_1.5R,NATURAL,0.02,target_first,6024,4125,1899,1899,0,0,0,7,170,164,170,6,1645,2480,0,0.39878787878787878787878787878787878787878787878787878787878787878787878787878788,1.4465966001003059904685192839646084571034951339277081011769725855717260116878447,-1.0504444039879141736499233642077329202203552371184319817009489672002753926009571,-0.054654718721217890019659568754762843687571270967910663801753584337259075011846737,-1.0325496109493322549968318771707473299960605024503220960835218812932424567594326,0.91345801270874667643383474954838304314877480710795325717813193153156549043960299,AVAILABLE,2379.6514071650033543207142221217809119352494953110798264361199032654892892265046,-2605.1021218900271506518099432351776421464809880537113146183534386566829736503735,258.49799092843890536756861798392233632831624409083876948956660282556253306715933,34,3,6,0,0,2026-07,-0.18250076182894534785914756628976712196964301465533582444971357956650357859319245,-0.070879975826056995150697052338846575428974403881617811286262736820384306545813366,AVAILABLE,AVAILABLE,AVAILABLE,10000,20260908,10000,0,-0.11631138283018911003855898875099551508481027604927590491139862997475110519802032,0.0046987171857010151540253935448046830565445046470664598962769114418653142991929343,0.0357,AVAILABLE,WHOLE_SESSION
MOMENTUM_AWAY_025,ATR050_TARGET_2R,NATURAL,0,stop_first,6024,4125,1899,1899,0,0,0,10,170,164,170,6,1345,2780,0,0.32606060606060606060606060606060606060606060606060606060606060606060606060606061,1.9951353465932200396641377416472024293588189117280030248802403493738717649591871,-0.99887942913498825706988981706874278329424525173469747604168470778382366133593378,-0.022649156806639127589340225196513374562518876011707858165323689146950849610615539,-1.0,0.96635518643403462256741487985911542957202056801232989883503272014935780410687163,AVAILABLE,2683.4570411678809533482652625154872674876114362741640684639232699078575238701067,-2776.8848129952673546542936914511049375580017998224589833958834876390297785138959,237.34570673138947972005067929964714543110379083525265218415057608460690002108265,42,4,5,0,0,2026-07,-0.21247439292797027717223181198044129019257596294851440927824038317333989377973204,-0.046475717337752415581960297587729965294863592296969431985258264565694804729331176,AVAILABLE,AVAILABLE,AVAILABLE,10000,20260908,10000,0,-0.091038225467351954518170458530644449763175759760523477577496592913281928728064919,0.045736375706298361055585635972518008393420457640134806141544489143649392642482443,0.2589,AVAILABLE,WHOLE_SESSION
MOMENTUM_AWAY_025,ATR050_TARGET_2R,NATURAL,0,target_first,6024,4125,1899,1899,0,0,0,10,170,164,170,6,1355,2770,0,0.32848484848484848484848484848484848484848484848484848484848484848484848484848485,1.9951712480943770873418931826682562859687169271396044785711610848028468810849496,-0.99887538375280409915317461785238445399205841148825234057613122297437898141295881,-0.015376429533911854862067497923786101835246148738980585438050961874223576883342813,-1.0,0.97707610684424437152661566742555261945415769868024204983857946719984414461509445,AVAILABLE,2703.4570411678809533482652625154872674876114362741640684639232699078575238701067,-2766.8848129952673546542936914511049375580017998224589833958834876390297785138959,237.34570673138947972005067929964714543110379083525265218415057608460690002108265,42,4,5,0,0,2026-07,-0.21247439292797027717223181198044129019257596294851440927824038317333989377973204,-0.037996350463812336441202807480324651558289256514041223958124290569086551478907207,AVAILABLE,AVAILABLE,AVAILABLE,10000,20260908,10000,0,-0.084031912082133406350445942111982555686167889246530557832859766861903070746128477,0.053144442465457100685670366163412015308378979755641352174732799694438710766625552,0.3322,AVAILABLE,WHOLE_SESSION
MOMENTUM_AWAY_025,ATR050_TARGET_2R,NATURAL,0.01,stop_first,6024,4125,1899,1899,0,0,0,10,170,164,170,6,1345,2780,0,0.32606060606060606060606060606060606060606060606060606060606060606060606060606061,1.9691902419660283678447326804310335021761000404139822699014960092069754384494929,-1.0245766617515212516787227329790067269752106363735797919299453820283985666586523,-0.048427210721192951494711210303490579530722670245271677223693582946803891053693452,-1.0175837138408134583281214512434020989314689179208549476600750922955446043830298,0.92986671952860496577256653721400744299156048762985258584183983646866485186801717,AVAILABLE,2648.5608754443081547511654551797400604268545543568061530175121323833819647145679,-2848.3231196692290796668491976816387009910855691185518215652481620389480153110533,266.58571151540864543952815033068568206322171283933356564030881484463006665255018,42,3,6,0,0,2026-07,-0.23899092153599309904382518969256918977056950887317228863095450099599403622928307,-0.073113403661813079051213261587762956745022470846863567082521143173079996865005045,AVAILABLE,AVAILABLE,AVAILABLE,10000,20260908,10000,0,-0.11677901233112567790773466922078423800742599016786466993046010630048571331214843,0.019788882058700801178219126567714450422777212517074378897044437127795508827875717,0.0837,AVAILABLE,WHOLE_SESSION
MOMENTUM_AWAY_025,ATR050_TARGET_2R,NATURAL,0.01,target_first,6024,4125,1899,1899,0,0,0,10,170,164,170,6,1355,2770,0,0.32848484848484848484848484848484848484848484848484848484848484848484848484848485,1.9691471803208828478988708356322127877373392424751817918420644878383428924459077,-1.0245330951479123407287558573225801328333305733991397099255355273200435631266031,-0.041154483448465678767438483030763306803449942972544404496420855674076618326420725,-1.0174582922599799576852606721814625627212175844646325407898548703772212825409599,0.94018152362700306250240374234054190853272965655990972413453890834109800701853598,AVAILABLE,2668.1944293347962589029699822816483273840946735538713279459973810209546192642050,-2837.9566735597171838186537247835469679483256883156169964937334106765206698606906,265.14598867361135148637196551866767573164054613182034709656414133171535253965721,42,4,5,0,0,2026-07,-0.23899092153599309904382518969256918977056950887317228863095450099599403622928307,-0.064634036787872999910455771480357643008448135063935359055387169176471743614581077,AVAILABLE,AVAILABLE,AVAILABLE,10000,20260908,10000,0,-0.10963530227340809504435480603577262201616710478701313212930733974175139475515356,0.027248246233606020634606247088160448320979956726153315155871005003430207384643929,0.1215,AVAILABLE,WHOLE_SESSION
MOMENTUM_AWAY_025,ATR050_TARGET_2R,NATURAL,0.02,stop_first,6024,4125,1899,1899,0,0,0,10,170,164,170,6,1345,2780,0,0.32606060606060606060606060606060606060606060606060606060606060606060606060606061,1.9432451373388366960253276192148645749933811690999615149227516690400791119397993,-1.0502738943680542462875556488892706706561760210124621078182060562729734719813717,-0.074205264635746775400082195410467784498926464478835496282063476746656932496771382,-1.0351674276816269166562429024868041978629378358417098953201501845910892087660595,0.89516379185616495438524272559280079515678773679951171356644948691890705908760189,AVAILABLE,2613.6647097207353561540656478439928533660976724394482375711009948589064055590300,-2919.7614263431908046794047039121724644241693384146446597346128364388662521082132,320.60855844243800885117543626397098715737982089007750107006725319059219088217239,42,3,6,0,0,2026-07,-0.26550745014401592091541856740469708934856305479783016798366861881864817867883399,-0.099751089985873742520466225587795948195181349396757702179784021780465189000678934,AVAILABLE,AVAILABLE,AVAILABLE,10000,20260908,10000,0,-0.14271501229528407288169356965532722153056368444797719227210319246684262489039840,-0.0059317891419536561287073493203484011035385411955968372606967021571973519419383512,0.0155,AVAILABLE,WHOLE_SESSION
MOMENTUM_AWAY_025,ATR050_TARGET_2R,NATURAL,0.02,target_first,6024,4125,1899,1899,0,0,0,10,170,164,170,6,1355,2770,0,0.32848484848484848484848484848484848484848484848484848484848484848484848484848485,1.9431231125473886084558484885961692895059615578107591051129678908738389038068667,-1.0501908065430205823043370967927758116746027353100270792749398316657081448402483,-0.066932537363019502672809468137740511771653737206108223554790749473929659769498669,-1.0349165845199599153705213443629251254424351689292650815797097407544425650819198,0.90508971865221631325909596233899064147745174070339989732047779371413528885025263,AVAILABLE,2632.9318175017115644576747020478093872805779108335785874280714921340517146583044,-2909.0285341241670129830137581159889983386495768087750095915833337140115612074877,293.42911916377322543654130124788320960560207764408309138730460515762048282777177,42,4,5,0,0,2026-07,-0.26550745014401592091541856740469708934856305479783016798366861881864817867883399,-0.091271723111933663379708735480390634458607013613829494152650047783856935750254949,AVAILABLE,AVAILABLE,AVAILABLE,10000,20260908,10000,0,-0.13540685633437870230120606431393139912703377928411552218286911164354465004172270,0.0016111265275027116209470934528507521502188144111653020780075386436615437322277737,0.0281,AVAILABLE,WHOLE_SESSION
MOMENTUM_AWAY_025,ATR050_TARGET_2R_BE1R,NATURAL,0,stop_first,6024,4125,1899,1899,0,0,0,13,170,164,170,6,1008,2102,1015,0.24436363636363636363636363636363636363636363636363636363636363636363636363636364,1.9948411871773895443733053588447440480158453335640168307869629844992169150479145,-0.98963946444262513728383042537984596102675550728541833410368542512379190338552141,-0.016829633353597424931471455135256778103822540625798878267318321269090892254077109,-1.0,0.96662748858746843903136979673632409194399527389083542803300220648377463564957430,AVAILABLE,2010.7999166748086607282918017155020003999720962325289654332586883752106503682978,-2080.2221542583980385706115541484362100782400763139493382859467636102105809163660,191.29053961454364100429296181099603241664058105633920290616568017631614183814162,31,5,4,0,0,2026-07,-0.16291581759445631407758807496843056307474672790166836633437228403072909268160796,-0.033365810491104742329045688714685112007216742557039912999661007417669857931694655,AVAILABLE,AVAILABLE,AVAILABLE,10000,20260908,10000,0,-0.072822797164584340225403513763439296770093930123830207003186535128689159201881476,0.036408307231036791953611674980299857091125657004581362567573346822957271653151366,0.2702,AVAILABLE,WHOLE_SESSION
MOMENTUM_AWAY_025,ATR050_TARGET_2R_BE1R,NATURAL,0,target_first,6024,4125,1899,1899,0,0,0,13,170,164,170,6,1021,2096,1008,0.24751515151515151515151515151515151515151515151515151515151515151515151515151515,1.9949068723553463866094924600543604313417944135480205342147489602107841825350615,-0.98960980642099143061574978728455926053351148679100636368604330324914626952116698,-0.0090720575960216673557138793776810205280649648682231206915607455115151346783195314,-1.0,0.98195842354361071496237281214868344243673635081457027641278746430663425604742230,AVAILABLE,2036.7999166748086607282918017155020003999720962325289654332586883752106503682978,-2074.2221542583980385706115541484362100782400763139493382859467636102105809163660,189.29053961454364100429296181099603241664058105633920290616568017631614183814162,31,5,4,0,0,2026-07,-0.16291581759445631407758807496843056307474672790166836633437228403072909268160796,-0.025451734742094001797672031281106819186414029159640252174335965020835488231298944,AVAILABLE,AVAILABLE,AVAILABLE,10000,20260908,10000,0,-0.066175160460918120437892304849637511909326776187619918308584431699524579418223467,0.045048649268631273318565155838291953416797783633531261899209061403180688773617272,0.3749,AVAILABLE,WHOLE_SESSION
MOMENTUM_AWAY_025,ATR050_TARGET_2R_BE1R,NATURAL,0.01,stop_first,6024,4125,1899,1899,0,0,0,13,170,164,170,6,1008,3117,0,0.24436363636363636363636363636363636363636363636363636363636363636363636363636364,1.9693974655496252664925156646865567611482601204097178373123110706446113138468307,-0.69326575401191728266808817966097670690072339835350231199206719485696564993852082,-0.042607687268151248836842440242233983072026334859362697325688215068943933697155004,-1.0097877652933832709113607990012484394506866416978778777713875134234516467399521,0.91866539447677494627809278285474478795404210432260289612610077437480519620396534,AVAILABLE,1985.1526452740222686244557900040492152374462013729955800108095592097682043576053,-2160.9093552551461700764308560032643954095548326678667064792734463691619308583694,224.12046922757847612211941014576268504555201626593828677289323770799496586045309,42,4,5,0,0,2026-07,-0.18943234620247913594918145268055846265274027382632624568708640185338323513115880,-0.060003496815165405798298652714718103457375621106934048096923886025055050067368505,AVAILABLE,AVAILABLE,AVAILABLE,10000,20260908,10000,0,-0.098731296819182631821791287665215365745061110377462910282533762856432861376516884,0.010696929647054848146456976478422782718706517461003088685723219609669826943626672,0.0622,AVAILABLE,WHOLE_SESSION
MOMENTUM_AWAY_025,ATR050_TARGET_2R_BE1R,NATURAL,0.01,target_first,6024,4125,1899,1899,0,0,0,13,170,164,170,6,1021,3104,0,0.24751515151515151515151515151515151515151515151515151515151515151515151515151515,1.9693914767233603594969694713165990816751861178700640616716685812045663069439734,-0.69410612361974060196468456707907952402141548248717993989537290868854894519670135,-0.034850111510575491261084864484658225496268759101786939749930639311368176121397423,-1.0097061675196916848621408956307209130985126090363616884538425352833983515530574,0.93327623617638413138559261565251691651699300513752437870780659685957544131417758,AVAILABLE,2010.7486977345509270464058302142476623903650263453354069667736214098621993897968,-2154.5054077156748284983808962134628425624736576402065334352375085692559258905610,219.12046922757847612211941014576268504555201626593828677289323770799496586045307,42,4,5,0,0,2026-07,-0.18943234620247913594918145268055846265274027382632624568708640185338323513115880,-0.052089421066154665266924995281139810636572907709534387271598843628220680366972773,AVAILABLE,AVAILABLE,AVAILABLE,10000,20260908,10000,0,-0.091979169928848765368310641925121827405452589177659276094307633119531595958328780,0.019345408241148408064492041353753364686329618597865973857254928694146065491918552,0.108,AVAILABLE,WHOLE_SESSION
MOMENTUM_AWAY_025,ATR050_TARGET_2R_BE1R,NATURAL,0.02,stop_first,6024,4125,1899,1899,0,0,0,13,170,164,170,6,1008,3117,0,0.24436363636363636363636363636363636363636363636363636363636363636363636363636364,1.9439537439218609886117259705283694742806749072554188438376591567900057126457458,-0.71915192693355608007130258513252889982061905326332501593602827370167253153685364,-0.068385741182705072742213425349211188040230129092926516384058108868796975140232924,-1.0195755305867665418227215980024968789013732833957557555427750268469032934799042,0.87415613144484190950750178611325466541838699739011124689746205809854105799693363,AVAILABLE,1959.5053738732358765206197782925964300749203065134621945883604300443257583469118,-2241.5965562518943015822501578580925807408695890217840746726001291281132808003728,286.04750870961269847322092460880931959371423222436154313640061638914533939470625,42,2,7,0,0,2026-09,-0.22350054082254614508358763505112655679148327952439160257813960043836920858333809,-0.086641183139226069267551616714751094907534499656828183194186764632440242203042332,AVAILABLE,AVAILABLE,AVAILABLE,10000,20260908,10000,0,-0.12452355635540249398616713633636954438824074276906420532611581474478252338671350,-0.014884949313913928472162350626757318321090836322539170327897735297789506416069096,0.0058,AVAILABLE,WHOLE_SESSION
MOMENTUM_AWAY_025,ATR050_TARGET_2R_BE1R,NATURAL,0.02,target_first,6024,4125,1899,1899,0,0,0,13,170,164,170,6,1021,3104,0,0.24751515151515151515151515151515151515151515151515151515151515151515151515151515,1.9438760810913743323844464825788377320085778221921075891285882021983484313528845,-0.71997057383149214511151747367219377417741856925465970637388152497690118262395493,-0.060628165425129315166455849591635430464472553335350758808300533111221217564475353,-1.0194123350393833697242817912614418261970252180727233769076850705667967031061147,0.88809179734812350549248346043991387689596573566476604516245088502783313312887537,AVAILABLE,1984.6974787942931933645198587129933243807579564581418485002885544445137484112951,-2234.7886611729516184261502382784894750467072389664637285845282535283012708647561,263.74899843280333095640625264943133220040218813174485453388657901563153716862751,42,3,6,0,0,2026-09,-0.22350054082254614508358763505112655679148327952439160257813960043836920858333809,-0.078727107390215328736177959281172802086731786259428522368861722235605872502646617,AVAILABLE,AVAILABLE,AVAILABLE,10000,20260908,10000,0,-0.11799291741730610953718307510637750203269481504149623330151110221454930653421120,-0.0063089677443928037036233877723876448473134657597572637475376353568132378248739497,0.0136,AVAILABLE,WHOLE_SESSION
