entry_variant,model,population,cost_per_share_roundtrip,ambiguity_sensitivity,direction,eligible_entries,executable_outcomes,unavailable_outcomes,atr_unavailable,path_unavailable,entry_unavailable,invalid_risk,ambiguous_outcomes,eligible_sessions,contributing_sessions,calendar_sessions,zero_outcome_sessions,wins,losses,zero_r_outcomes,win_rate,average_win_r,average_loss_r,mean_r,median_r,profit_factor,profit_factor_status,sum_positive_r,sum_negative_r,event_order_max_drawdown_r,longest_losing_streak,positive_months,negative_months,zero_months,empty_months,worst_month,worst_month_mean_r,lomo_minimum_mean_r,numeric_status,average_win_status,average_loss_status
IMMEDIATE_CLOSE_BACK_1M,USD025_TARGET_1R,NATURAL,0,stop_first,LONG,1667,1667,0,0,0,0,0,105,163,163,170,7,812,855,0,0.48710257948410317936412717456508698260347930413917216556688662267546490701859628,1.0000000000,-1.0000000000,-0.025794841031793641271745650869826034793041391721655668866226754649070185962807439,-1.00000000000,0.94970760233918128654970760233918128654970760233918128654970760233918128654970760,AVAILABLE,812.0000000000,-855.0000000000,104.0000000000,21,5,4,0,0,2026-03,-0.17460317460317460317460317460317460317460317460317460317460317460317460317460317,-0.038437303087586641461877756773787019533711405166981726528040327662255828607435413,AVAILABLE,AVAILABLE,AVAILABLE
IMMEDIATE_CLOSE_BACK_1M,USD025_TARGET_1R,NATURAL,0,stop_first,SHORT,1644,1644,0,0,0,0,0,101,163,163,170,7,768,876,0,0.46715328467153284671532846715328467153284671532846715328467153284671532846715328,1.0000000000,-0.99892694063926940639269406392694063926940639269406392694063926940639269406392694,-0.065121654501216545012165450121654501216545012165450121654501216545012165450121655,-1.00000000000,0.87765410371860215299522318469590656640687495714579571686512924828011793477018719,AVAILABLE,768.0000000000,-875.0600000000,130.0600000000,20,2,7,0,0,2026-09,-0.35714285714285714285714285714285714285714285714285714285714285714285714285714286,-0.083720608575380359612724757952973720608575380359612724757952973720608575380359613,AVAILABLE,AVAILABLE,AVAILABLE
IMMEDIATE_CLOSE_BACK_1M,USD025_TARGET_1R,NATURAL,0,target_first,LONG,1667,1667,0,0,0,0,0,105,163,163,170,7,917,750,0,0.55008998200359928014397120575884823035392921415716856628674265146970605878824235,1.0000000000,-1.0000000000,0.10017996400719856028794241151769646070785842831433713257348530293941211757648470,1.00000000000,1.2226666666666666666666666666666666666666666666666666666666666666666666666666667,AVAILABLE,917.0000000000,-750.0000000000,25.0000000000,11,9,0,0,0,2026-02,0.022988505747126436781609195402298850574712643678160919540229885057471264367816092,0.087103308575286968264686022957461174881836596893990546927751519243754220121539500,AVAILABLE,AVAILABLE,AVAILABLE
IMMEDIATE_CLOSE_BACK_1M,USD025_TARGET_1R,NATURAL,0,target_first,SHORT,1644,1644,0,0,0,0,0,101,163,163,170,7,869,775,0,0.52858880778588807785888077858880778588807785888077858880778588807785888077858881,1.0000000000,-0.99878709677419354838709677419354838709677419354838709677419354838709677419354839,0.057749391727493917274939172749391727493917274939172749391727493917274939172749392,1.00000000000,1.1226519908017466346278066299770043665865695165749425109164664237914373562772912,AVAILABLE,869.0000000000,-774.0600000000,53.0000000000,20,5,4,0,0,2026-09,-0.35714285714285714285714285714285714285714285714285714285714285714285714285714286,0.032485875706214689265536723163841807909604519774011299435028248587570621468926554,AVAILABLE,AVAILABLE,AVAILABLE
IMMEDIATE_CLOSE_BACK_1M,USD025_TARGET_1R,NATURAL,0.01,stop_first,LONG,1667,1667,0,0,0,0,0,105,163,163,170,7,812,855,0,0.48710257948410317936412717456508698260347930413917216556688662267546490701859628,0.9600000000,-1.0400000000,-0.065794841031793641271745650869826034793041391721655668866226754649070185962807439,-1.04000000000,0.87665317139001349527665317139001349527665317139001349527665317139001349527665317,AVAILABLE,779.5200000000,-889.2000000000,134.5600000000,21,4,5,0,0,2026-03,-0.21460317460317460317460317460317460317460317460317460317460317460317460317460317,-0.078437303087586641461877756773787019533711405166981726528040327662255828607435413,AVAILABLE,AVAILABLE,AVAILABLE
IMMEDIATE_CLOSE_BACK_1M,USD025_TARGET_1R,NATURAL,0.01,stop_first,SHORT,1644,1644,0,0,0,0,0,101,163,163,170,7,768,876,0,0.46715328467153284671532846715328467153284671532846715328467153284671532846715328,0.9600000000,-1.0389269406392694063926940639269406392694063926940639269406392694063926940639269,-0.10512165450121654501216545012165450121654501216545012165450121654501216545012165,-1.04000000000,0.81010877925502692011866827821118558400175804856609163828150752664542357982639270,AVAILABLE,737.2800000000,-910.1000000000,187.1400000000,20,1,8,0,0,2026-09,-0.39714285714285714285714285714285714285714285714285714285714285714285714285714286,-0.12372060857538035961272475795297372060857538035961272475795297372060857538035961,AVAILABLE,AVAILABLE,AVAILABLE
IMMEDIATE_CLOSE_BACK_1M,USD025_TARGET_1R,NATURAL,0.01,target_first,LONG,1667,1667,0,0,0,0,0,105,163,163,170,7,917,750,0,0.55008998200359928014397120575884823035392921415716856628674265146970605878824235,0.9600000000,-1.0400000000,0.060179964007198560287942411517696460707858428314337132573485302939412117576484703,0.96000000000,1.1286153846153846153846153846153846153846153846153846153846153846153846153846154,AVAILABLE,880.3200000000,-780.0000000000,31.9200000000,11,6,3,0,0,2026-02,-0.017011494252873563218390804597701149425287356321839080459770114942528735632183908,0.047103308575286968264686022957461174881836596893990546927751519243754220121539500,AVAILABLE,AVAILABLE,AVAILABLE
IMMEDIATE_CLOSE_BACK_1M,USD025_TARGET_1R,NATURAL,0.01,target_first,SHORT,1644,1644,0,0,0,0,0,101,163,163,170,7,869,775,0,0.52858880778588807785888077858880778588807785888077858880778588807785888077858881,0.9600000000,-1.0387870967741935483870967741935483870967741935483870967741935483870967741935484,0.017749391727493917274939172749391727493917274939172749391727493917274939172749392,0.96000000000,1.0362457456587086676769433334161428961816510570640697587757434228504707723647927,AVAILABLE,834.2400000000,-805.0600000000,66.0800000000,20,4,5,0,0,2026-09,-0.39714285714285714285714285714285714285714285714285714285714285714285714285714286,-0.0075141242937853107344632768361581920903954802259887005649717514124293785310734463,AVAILABLE,AVAILABLE,AVAILABLE
IMMEDIATE_CLOSE_BACK_1M,USD025_TARGET_1R,NATURAL,0.02,stop_first,LONG,1667,1667,0,0,0,0,0,105,163,163,170,7,812,855,0,0.48710257948410317936412717456508698260347930413917216556688662267546490701859628,0.9200000000,-1.0800000000,-0.10579484103179364127174565086982603479304139172165566886622675464907018596280744,-1.08000000000,0.80901017977041368854234351310374702187567684643708035520901017977041368854234351,AVAILABLE,747.0400000000,-923.4000000000,193.0400000000,21,2,7,0,0,2026-03,-0.25460317460317460317460317460317460317460317460317460317460317460317460317460317,-0.11843730308758664146187775677378701953371140516698172652804032766225582860743541,AVAILABLE,AVAILABLE,AVAILABLE
IMMEDIATE_CLOSE_BACK_1M,USD025_TARGET_1R,NATURAL,0.02,stop_first,SHORT,1644,1644,0,0,0,0,0,101,163,163,170,7,768,876,0,0.46715328467153284671532846715328467153284671532846715328467153284671532846715328,0.9200000000,-1.0789269406392694063926940639269406392694063926940639269406392694063926940639269,-0.14512165450121654501216545012165450121654501216545012165450121654501216545012165,-1.08000000000,0.74757178830649427598027805404490340055441521890936792432867088473665277101805024,AVAILABLE,706.5600000000,-945.1400000000,249.6600000000,20,0,9,0,0,2026-09,-0.43714285714285714285714285714285714285714285714285714285714285714285714285714286,-0.16372060857538035961272475795297372060857538035961272475795297372060857538035961,AVAILABLE,AVAILABLE,AVAILABLE
IMMEDIATE_CLOSE_BACK_1M,USD025_TARGET_1R,NATURAL,0.02,target_first,LONG,1667,1667,0,0,0,0,0,105,163,163,170,7,917,750,0,0.55008998200359928014397120575884823035392921415716856628674265146970605878824235,0.9200000000,-1.0800000000,0.020179964007198560287942411517696460707858428314337132573485302939412117576484703,0.92000000000,1.0415308641975308641975308641975308641975308641975308641975308641975308641975309,AVAILABLE,843.6400000000,-810.0000000000,50.3600000000,11,5,4,0,0,2026-02,-0.057011494252873563218390804597701149425287356321839080459770114942528735632183908,0.0071033085752869682646860229574611748818365968939905469277515192437542201215395003,AVAILABLE,AVAILABLE,AVAILABLE
IMMEDIATE_CLOSE_BACK_1M,USD025_TARGET_1R,NATURAL,0.02,target_first,SHORT,1644,1644,0,0,0,0,0,101,163,163,170,7,869,775,0,0.52858880778588807785888077858880778588807785888077858880778588807785888077858881,0.9200000000,-1.0787870967741935483870967741935483870967741935483870967741935483870967741935484,-0.022250608272506082725060827250608272506082725060827250608272506082725060827250608,0.92000000000,0.95624715929478745544578140324857067674568810850895868717556156256727986029710786,AVAILABLE,799.4800000000,-836.0600000000,97.2400000000,20,4,5,0,0,2026-09,-0.43714285714285714285714285714285714285714285714285714285714285714285714285714286,-0.047514124293785310734463276836158192090395480225988700564971751412429378531073446,AVAILABLE,AVAILABLE,AVAILABLE
IMMEDIATE_CLOSE_BACK_1M,USD025_TARGET_1.5R,NATURAL,0,stop_first,LONG,1667,1667,0,0,0,0,0,59,163,163,170,7,676,991,0,0.40551889622075584883023395320935812837432513497300539892021595680863827234553089,1.4975147928994082840236686390532544378698224852071005917159763313609467455621302,-1.0000000000,0.012789442111577684463107378524295140971805638872225554889022195560887822435512897,-1.00000000000,1.0215136226034308779011099899091826437941473259334006054490413723511604439959637,AVAILABLE,1012.3200000000,-991.0000000000,100.5000000000,23,7,2,0,0,2026-02,-0.17385057471264367816091954022988505747126436781609195402298850574712643678160920,-0.0060594059405940594059405940594059405940594059405940594059405940594059405940594059,AVAILABLE,AVAILABLE,AVAILABLE
IMMEDIATE_CLOSE_BACK_1M,USD025_TARGET_1.5R,NATURAL,0,stop_first,SHORT,1644,1644,0,0,0,0,0,57,163,163,170,7,628,1016,0,0.38199513381995133819951338199513381995133819951338199513381995133819951338199513,1.4954140127388535031847133757961783439490445859872611464968152866242038216560510,-0.99848425196850393700787401574803149606299212598425196850393700787401574803149606,-0.045827250608272506082725060827250608272506082725060827250608272506082725060827251,-1.00000000000,0.92573388797981191964197701240068607929341718746919543402401277526960156142184019,AVAILABLE,939.1200000000,-1014.4600000000,135.3800000000,20,3,6,0,0,2026-09,-0.46428571428571428571428571428571428571428571428571428571428571428571428571428571,-0.072937853107344632768361581920903954802259887005649717514124293785310734463276836,AVAILABLE,AVAILABLE,AVAILABLE
IMMEDIATE_CLOSE_BACK_1M,USD025_TARGET_1.5R,NATURAL,0,target_first,LONG,1667,1667,0,0,0,0,0,59,163,163,170,7,735,932,0,0.44091181763647270545890821835632873425314937012597480503899220155968806238752250,1.4977142857142857142857142857142857142857142857142857142857142857142857142857143,-1.0000000000,0.10127174565086982603479304139172165566886622675464907018596280743851229754049190,-1.00000000000,1.1811373390557939914163090128755364806866952789699570815450643776824034334763948,AVAILABLE,1100.8200000000,-932.0000000000,48.0000000000,21,7,2,0,0,2026-03,-0.060846560846560846560846560846560846560846560846560846560846560846560846560846561,0.084322621298046628859483301827347195967233774417139256458727158160050409577819786,AVAILABLE,AVAILABLE,AVAILABLE
IMMEDIATE_CLOSE_BACK_1M,USD025_TARGET_1.5R,NATURAL,0,target_first,SHORT,1644,1644,0,0,0,0,0,57,163,163,170,7,685,959,0,0.41666666666666666666666666666666666666666666666666666666666666666666666666666667,1.4957956204379562043795620437956204379562043795620437956204379562043795620437956,-0.99839416058394160583941605839416058394160583941605839416058394160583941605839416,0.040851581508515815085158150851581508515815085158150851581508515815085158150851582,-1.00000000000,1.0701439224615127524909656800284084974829235686086102813694566874856390867503603,AVAILABLE,1024.6200000000,-957.4600000000,83.1600000000,20,4,5,0,0,2026-09,-0.46428571428571428571428571428571428571428571428571428571428571428571428571428571,0.012015444015444015444015444015444015444015444015444015444015444015444015444015444,AVAILABLE,AVAILABLE,AVAILABLE
IMMEDIATE_CLOSE_BACK_1M,USD025_TARGET_1.5R,NATURAL,0.01,stop_first,LONG,1667,1667,0,0,0,0,0,59,163,163,170,7,676,991,0,0.40551889622075584883023395320935812837432513497300539892021595680863827234553089,1.4575147928994082840236686390532544378698224852071005917159763313609467455621302,-1.0400000000,-0.027210557888422315536892621475704859028194361127774445110977804439112177564487103,-1.04000000000,0.95598851199254831949080183187145851121633159978265931848172009625087324380967166,AVAILABLE,985.2800000000,-1030.6400000000,123.4200000000,23,5,4,0,0,2026-02,-0.21385057471264367816091954022988505747126436781609195402298850574712643678160920,-0.046059405940594059405940594059405940594059405940594059405940594059405940594059406,AVAILABLE,AVAILABLE,AVAILABLE
IMMEDIATE_CLOSE_BACK_1M,USD025_TARGET_1.5R,NATURAL,0.01,stop_first,SHORT,1644,1644,0,0,0,0,0,57,163,163,170,7,628,1016,0,0.38199513381995133819951338199513381995133819951338199513381995133819951338199513,1.4554140127388535031847133757961783439490445859872611464968152866242038216560510,-1.0384842519685039370078740157480314960629921259842519685039370078740157480314961,-0.085827250608272506082725060827250608272506082725060827250608272506082725060827251,-1.04000000000,0.86626860013268884465927400246422140081508861719268315799450289072125864846933940,AVAILABLE,914.0000000000,-1055.1000000000,168.3800000000,20,3,6,0,0,2026-09,-0.50428571428571428571428571428571428571428571428571428571428571428571428571428571,-0.11293785310734463276836158192090395480225988700564971751412429378531073446327684,AVAILABLE,AVAILABLE,AVAILABLE
IMMEDIATE_CLOSE_BACK_1M,USD025_TARGET_1.5R,NATURAL,0.01,target_first,LONG,1667,1667,0,0,0,0,0,59,163,163,170,7,735,932,0,0.44091181763647270545890821835632873425314937012597480503899220155968806238752250,1.4577142857142857142857142857142857142857142857142857142857142857142857142857143,-1.0400000000,0.061271745650869826034793041391721655668866226754649070185962807438512297540491902,-1.04000000000,1.1053771871904919115219544404093760316936282601518653020798943545724661604489931,AVAILABLE,1071.4200000000,-969.2800000000,64.5200000000,21,7,2,0,0,2026-03,-0.10084656084656084656084656084656084656084656084656084656084656084656084656084656,0.044322621298046628859483301827347195967233774417139256458727158160050409577819786,AVAILABLE,AVAILABLE,AVAILABLE
IMMEDIATE_CLOSE_BACK_1M,USD025_TARGET_1.5R,NATURAL,0.01,target_first,SHORT,1644,1644,0,0,0,0,0,57,163,163,170,7,685,959,0,0.41666666666666666666666666666666666666666666666666666666666666666666666666666667,1.4557956204379562043795620437956204379562043795620437956204379562043795620437956,-1.0383941605839416058394160583941605839416058394160583941605839416058394160583942,0.00085158150851581508515815085158150851581508515815085158150851581508515815085158151,-1.04000000000,1.0014058765640376774919162097567833544214817938984957120764796850836496555602418,AVAILABLE,997.2200000000,-995.8200000000,103.3800000000,20,4,5,0,0,2026-09,-0.50428571428571428571428571428571428571428571428571428571428571428571428571428571,-0.027984555984555984555984555984555984555984555984555984555984555984555984555984556,AVAILABLE,AVAILABLE,AVAILABLE
IMMEDIATE_CLOSE_BACK_1M,USD025_TARGET_1.5R,NATURAL,0.02,stop_first,LONG,1667,1667,0,0,0,0,0,59,163,163,170,7,676,991,0,0.40551889622075584883023395320935812837432513497300539892021595680863827234553089,1.4175147928994082840236686390532544378698224852071005917159763313609467455621302,-1.0800000000,-0.067210557888422315536892621475704859028194361127774445110977804439112177564487103,-1.08000000000,0.89531711327876817281459057442912135142205777927271368240086706282468139178532720,AVAILABLE,958.2400000000,-1070.2800000000,146.3400000000,23,4,5,0,0,2026-02,-0.25385057471264367816091954022988505747126436781609195402298850574712643678160920,-0.086059405940594059405940594059405940594059405940594059405940594059405940594059406,AVAILABLE,AVAILABLE,AVAILABLE
IMMEDIATE_CLOSE_BACK_1M,USD025_TARGET_1.5R,NATURAL,0.02,stop_first,SHORT,1644,1644,0,0,0,0,0,57,163,163,170,7,628,1016,0,0.38199513381995133819951338199513381995133819951338199513381995133819951338199513,1.4154140127388535031847133757961783439490445859872611464968152866242038216560510,-1.0784842519685039370078740157480314960629921259842519685039370078740157480314961,-0.12582725060827250608272506082725060827250608272506082725060827250608272506082725,-1.08000000000,0.81121433916805081497435523025535254713709456622921495975322613028638180590286017,AVAILABLE,888.8800000000,-1095.7400000000,222.5000000000,20,2,7,0,0,2026-09,-0.54428571428571428571428571428571428571428571428571428571428571428571428571428571,-0.15293785310734463276836158192090395480225988700564971751412429378531073446327684,AVAILABLE,AVAILABLE,AVAILABLE
IMMEDIATE_CLOSE_BACK_1M,USD025_TARGET_1.5R,NATURAL,0.02,target_first,LONG,1667,1667,0,0,0,0,0,59,163,163,170,7,735,932,0,0.44091181763647270545890821835632873425314937012597480503899220155968806238752250,1.4177142857142857142857142857142857142857142857142857142857142857142857142857143,-1.0800000000,0.021271745650869826034793041391721655668866226754649070185962807438512297540491902,-1.08000000000,1.0352288984263233190271816881258941344778254649499284692417739628040057224606581,AVAILABLE,1042.0200000000,-1006.5600000000,81.0400000000,21,6,3,0,0,2026-03,-0.14084656084656084656084656084656084656084656084656084656084656084656084656084656,0.0043226212980466288594833018273471959672337744171392564587271581600504095778197858,AVAILABLE,AVAILABLE,AVAILABLE
IMMEDIATE_CLOSE_BACK_1M,USD025_TARGET_1.5R,NATURAL,0.02,target_first,SHORT,1644,1644,0,0,0,0,0,57,163,163,170,7,685,959,0,0.41666666666666666666666666666666666666666666666666666666666666666666666666666667,1.4157956204379562043795620437956204379562043795620437956204379562043795620437956,-1.0783941605839416058394160583941605839416058394160583941605839416058394160583942,-0.039148418491484184914841849148418491484184914841849148418491484184914841849148418,-1.08000000000,0.93776711984374093484693186872691407685315902454118238604498249821114312788876211,AVAILABLE,969.8200000000,-1034.1800000000,136.3800000000,20,4,5,0,0,2026-09,-0.54428571428571428571428571428571428571428571428571428571428571428571428571428571,-0.067984555984555984555984555984555984555984555984555984555984555984555984555984556,AVAILABLE,AVAILABLE,AVAILABLE
IMMEDIATE_CLOSE_BACK_1M,USD025_TARGET_2R,NATURAL,0,stop_first,LONG,1667,1667,0,0,0,0,0,40,163,163,170,7,562,1105,0,0.33713257348530293941211757648470305938812237552489502099580083983203359328134373,1.9787188612099644128113879003558718861209964412811387900355871886120996441281139,-0.99761085972850678733031674208144796380090497737556561085972850678733031674208145,0.0058068386322735452909418116376724655068986202759448110377924415116976604679064187,-1.00000000000,1.0087811604194636960702492833557095685619942668456765484959541347654123879676331,AVAILABLE,1112.0400000000,-1102.3600000000,86.0000000000,23,5,4,0,0,2026-08,-0.17948717948717948717948717948717948717948717948717948717948717948717948717948718,-0.027933993399339933993399339933993399339933993399339933993399339933993399339933993,AVAILABLE,AVAILABLE,AVAILABLE
IMMEDIATE_CLOSE_BACK_1M,USD025_TARGET_2R,NATURAL,0,stop_first,SHORT,1644,1644,0,0,0,0,0,38,163,163,170,7,537,1107,0,0.32664233576642335766423357664233576642335766423357664233576642335766423357664234,1.9879702048417132216014897579143389199255121042830540037243947858472998137802607,-0.99860885275519421860885275519421860885275519421860885275519421860885275519421861,-0.023065693430656934306569343065693430656934306569343065693430656934306569343065693,-1.00000000000,0.96569753767662330613500262334231903461002659526351021294302824163696560707759666,AVAILABLE,1067.5400000000,-1105.4600000000,147.4600000000,24,4,5,0,0,2026-09,-0.67857142857142857142857142857142857142857142857142857142857142857142857142857143,-0.067697740112994350282485875706214689265536723163841807909604519774011299435028249,AVAILABLE,AVAILABLE,AVAILABLE
IMMEDIATE_CLOSE_BACK_1M,USD025_TARGET_2R,NATURAL,0,target_first,LONG,1667,1667,0,0,0,0,0,40,163,163,170,7,602,1065,0,0.36112777444511097780443911217756448710257948410317936412717456508698260347930414,1.9801328903654485049833887043189368770764119601328903654485049833887043189368771,-0.99752112676056338028169014084507042253521126760563380281690140845070422535211268,0.077792441511697660467906418716256748650269946010797840431913617276544691061787642,-1.00000000000,1.1220678489400956361308784216273203057344026507022101735758123423321661207123762,AVAILABLE,1192.0400000000,-1062.3600000000,47.0000000000,23,6,3,0,0,2026-08,-0.17948717948717948717948717948717948717948717948717948717948717948717948717948718,0.051273927392739273927392739273927392739273927392739273927392739273927392739273927,AVAILABLE,AVAILABLE,AVAILABLE
IMMEDIATE_CLOSE_BACK_1M,USD025_TARGET_2R,NATURAL,0,target_first,SHORT,1644,1644,0,0,0,0,0,38,163,163,170,7,575,1069,0,0.34975669099756690997566909975669099756690997566909975669099756690997566909975669,1.9887652173913043478260869565217391304347826086956521739130434782608695652173913,-0.99855940130963517305893358278765201122544434050514499532273152478952291861552853,0.046277372262773722627737226277372262773722627737226277372262773722627737226277372,-1.00000000000,1.0712719914563543364622561969535158226069360912821089314822101062334888426732618,AVAILABLE,1143.5400000000,-1067.4600000000,117.4600000000,24,4,5,0,0,2026-09,-0.67857142857142857142857142857142857142857142857142857142857142857142857142857143,-0.0020197740112994350282485875706214689265536723163841807909604519774011299435028249,AVAILABLE,AVAILABLE,AVAILABLE
IMMEDIATE_CLOSE_BACK_1M,USD025_TARGET_2R,NATURAL,0.01,stop_first,LONG,1667,1667,0,0,0,0,0,40,163,163,170,7,562,1105,0,0.33713257348530293941211757648470305938812237552489502099580083983203359328134373,1.9387188612099644128113879003558718861209964412811387900355871886120996441281139,-1.0376108597285067873303167420814479638009049773755656108597285067873303167420814,-0.034193161367726454709058188362327534493101379724055188962207558488302339532093581,-1.04000000000,0.95028607312308121685738208205414457158805470276304772536980184203181691320122802,AVAILABLE,1089.5600000000,-1146.5600000000,110.1600000000,23,4,5,0,0,2026-08,-0.21948717948717948717948717948717948717948717948717948717948717948717948717948718,-0.067933993399339933993399339933993399339933993399339933993399339933993399339933993,AVAILABLE,AVAILABLE,AVAILABLE
IMMEDIATE_CLOSE_BACK_1M,USD025_TARGET_2R,NATURAL,0.01,stop_first,SHORT,1644,1644,0,0,0,0,0,38,163,163,170,7,537,1107,0,0.32664233576642335766423357664233576642335766423357664233576642335766423357664234,1.9479702048417132216014897579143389199255121042830540037243947858472998137802607,-1.0386088527551942186088527551942186088527551942186088527551942186088527551942186,-0.063065693430656934306569343065693430656934306569343065693430656934306569343065693,-1.04000000000,0.90982309043783811992276514690277801937829422304173117400455755214222345921686642,AVAILABLE,1046.0600000000,-1149.7400000000,181.1800000000,24,3,6,0,0,2026-09,-0.71857142857142857142857142857142857142857142857142857142857142857142857142857143,-0.10769774011299435028248587570621468926553672316384180790960451977401129943502825,AVAILABLE,AVAILABLE,AVAILABLE
IMMEDIATE_CLOSE_BACK_1M,USD025_TARGET_2R,NATURAL,0.01,target_first,LONG,1667,1667,0,0,0,0,0,40,163,163,170,7,602,1065,0,0.36112777444511097780443911217756448710257948410317936412717456508698260347930414,1.9401328903654485049833887043189368770764119601328903654485049833887043189368771,-1.0375211267605633802816901408450704225352112676056338028169014084507042253521127,0.037792441511697660467906418716256748650269946010797840431913617276544691061787642,-1.04000000000,1.0570156385751520417028670721112076455256298870547350130321459600347523892267593,AVAILABLE,1167.9600000000,-1104.9600000000,66.5200000000,23,6,3,0,0,2026-08,-0.21948717948717948717948717948717948717948717948717948717948717948717948717948718,0.011273927392739273927392739273927392739273927392739273927392739273927392739273927,AVAILABLE,AVAILABLE,AVAILABLE
IMMEDIATE_CLOSE_BACK_1M,USD025_TARGET_2R,NATURAL,0.01,target_first,SHORT,1644,1644,0,0,0,0,0,38,163,163,170,7,575,1069,0,0.34975669099756690997566909975669099756690997566909975669099756690997566909975669,1.9487652173913043478260869565217391304347826086956521739130434782608695652173913,-1.0385594013096351730589335827876520112254443405051449953227315247895229186155285,0.0062773722627737226277372262773722627737226277372262773722627737226277372262773723,-1.04000000000,1.0092954549548738087946533119561888634685017383941921420979625659779142872583812,AVAILABLE,1120.5400000000,-1110.2200000000,151.1800000000,24,4,5,0,0,2026-09,-0.71857142857142857142857142857142857142857142857142857142857142857142857142857143,-0.042019774011299435028248587570621468926553672316384180790960451977401129943502825,AVAILABLE,AVAILABLE,AVAILABLE
IMMEDIATE_CLOSE_BACK_1M,USD025_TARGET_2R,NATURAL,0.02,stop_first,LONG,1667,1667,0,0,0,0,0,40,163,163,170,7,562,1105,0,0.33713257348530293941211757648470305938812237552489502099580083983203359328134373,1.8987188612099644128113879003558718861209964412811387900355871886120996441281139,-1.0776108597285067873303167420814479638009049773755656108597285067873303167420814,-0.074193161367726454709058188362327534493101379724055188962207558488302339532093581,-1.08000000000,0.89613356175887668379858241795156034801303369276764419362423998118848466525580302,AVAILABLE,1067.0800000000,-1190.7600000000,146.3600000000,23,4,5,0,0,2026-08,-0.25948717948717948717948717948717948717948717948717948717948717948717948717948718,-0.10793399339933993399339933993399339933993399339933993399339933993399339933993399,AVAILABLE,AVAILABLE,AVAILABLE
IMMEDIATE_CLOSE_BACK_1M,USD025_TARGET_2R,NATURAL,0.02,stop_first,SHORT,1644,1644,0,0,0,0,0,38,163,163,170,7,537,1107,0,0.32664233576642335766423357664233576642335766423357664233576642335766423357664234,1.9079702048417132216014897579143389199255121042830540037243947858472998137802607,-1.0786088527551942186088527551942186088527551942186088527551942186088527551942186,-0.10306569343065693430656934306569343065693430656934306569343065693430656934306569,-1.08000000000,0.85809282926584144319190633322724912480527964355705934573960235171940168506390178,AVAILABLE,1024.5800000000,-1194.0200000000,214.9000000000,24,2,7,0,0,2026-09,-0.75857142857142857142857142857142857142857142857142857142857142857142857142857143,-0.14769774011299435028248587570621468926553672316384180790960451977401129943502825,AVAILABLE,AVAILABLE,AVAILABLE
IMMEDIATE_CLOSE_BACK_1M,USD025_TARGET_2R,NATURAL,0.02,target_first,LONG,1667,1667,0,0,0,0,0,40,163,163,170,7,602,1065,0,0.36112777444511097780443911217756448710257948410317936412717456508698260347930414,1.9001328903654485049833887043189368770764119601328903654485049833887043189368771,-1.0775211267605633802816901408450704225352112676056338028169014084507042253521127,-0.0022075584883023395320935812837432513497300539892021595680863827234553089382123575,-1.08000000000,0.99679319599846631112970127923594409006936456481578305273798319913555718219526648,AVAILABLE,1143.8800000000,-1147.5600000000,86.0400000000,23,4,5,0,0,2026-08,-0.25948717948717948717948717948717948717948717948717948717948717948717948717948718,-0.028726072607260726072607260726072607260726072607260726072607260726072607260726073,AVAILABLE,AVAILABLE,AVAILABLE
IMMEDIATE_CLOSE_BACK_1M,USD025_TARGET_2R,NATURAL,0.02,target_first,SHORT,1644,1644,0,0,0,0,0,38,163,163,170,7,575,1069,0,0.34975669099756690997566909975669099756690997566909975669099756690997566909975669,1.9087652173913043478260869565217391304347826086956521739130434782608695652173913,-1.0785594013096351730589335827876520112254443405051449953227315247895229186155285,-0.033722627737226277372262773722627737226277372262773722627737226277372262773722628,-1.08000000000,0.95191590487259102499609707020069732345747541154226439313778209509271626567676803,AVAILABLE,1097.5400000000,-1152.9800000000,184.9000000000,24,4,5,0,0,2026-09,-0.75857142857142857142857142857142857142857142857142857142857142857142857142857143,-0.082019774011299435028248587570621468926553672316384180790960451977401129943502825,AVAILABLE,AVAILABLE,AVAILABLE
IMMEDIATE_CLOSE_BACK_1M,USD025_TARGET_2R_BE1R,NATURAL,0,stop_first,LONG,1667,1667,0,0,0,0,0,58,163,163,170,7,438,900,329,0.26274745050989802039592081583683263347330533893221355728854229154169166166766647,1.9915525114155251141552511415525114155251141552511415525114155251141552511415525,-0.96628888888888888888888888888888888888888888888888888888888888888888888888888889,0.0015836832633473305338932213557288542291541691661667666466706658668266346730653869,-1.00000000000,1.0030356691120667847204654692638502403238047052871237035163167214773589678725019,AVAILABLE,872.3000000000,-869.6600000000,86.7400000000,21,5,4,0,0,2026-03,-0.17439153439153439153439153439153439153439153439153439153439153439153439153439153,-0.024132013201320132013201320132013201320132013201320132013201320132013201320132013,AVAILABLE,AVAILABLE,AVAILABLE
IMMEDIATE_CLOSE_BACK_1M,USD025_TARGET_2R_BE1R,NATURAL,0,stop_first,SHORT,1644,1644,0,0,0,0,0,46,163,163,170,7,443,915,286,0.26946472019464720194647201946472019464720194647201946472019464720194647201946472,1.9874943566591422121896162528216704288939051918735891647855530474040632054176072,-0.97222907103825136612021857923497267759562841530054644808743169398907103825136612,-0.0055532846715328467153284671532846715328467153284671532846715328467153284671532847,-1.00000000000,0.98973729009421872737720854650279184918528723807022923829145484614478406672020446,AVAILABLE,880.4600000000,-889.5896000000,108.0592000000,22,4,5,0,0,2026-09,-0.53571428571428571428571428571428571428571428571428571428571428571428571428571429,-0.046094350282485875706214689265536723163841807909604519774011299435028248587570621,AVAILABLE,AVAILABLE,AVAILABLE
IMMEDIATE_CLOSE_BACK_1M,USD025_TARGET_2R_BE1R,NATURAL,0,target_first,LONG,1667,1667,0,0,0,0,0,58,163,163,170,7,496,863,308,0.29754049190161967606478704259148170365926814637072585482903419316136772645470906,1.9925403225806451612903225806451612903225806451612903225806451612903225806451613,-0.96484356894553881807647740440324449594438006952491309385863267670915411355735805,0.093365326934613077384523095380923815236952609478104379124175164967006598680263947,-0.40000000000,1.1869190305767059784305719020968942905867941296567626642327000216174669132659189,AVAILABLE,988.3000000000,-832.6600000000,41.0400000000,21,6,3,0,0,2026-08,-0.059145299145299145299145299145299145299145299145299145299145299145299145299145299,0.067022282241728561782579338284942606347062795408507765023632680621201890614449696,AVAILABLE,AVAILABLE,AVAILABLE
IMMEDIATE_CLOSE_BACK_1M,USD025_TARGET_2R_BE1R,NATURAL,0,target_first,SHORT,1644,1644,0,0,0,0,0,46,163,163,170,7,489,879,276,0.29744525547445255474452554744525547445255474452554744525547445255474452554744526,1.9886707566462167689161554192229038854805725971370143149284253578732106339468303,-0.97109169510807736063708759954493742889647326507394766780432309442548350398179750,0.072305596107055961070559610705596107055961070559610705596107055961070559610705596,-1.00000000000,1.1392594286528326961809281650104453006456498532784373192925499560913113280667899,AVAILABLE,972.4600000000,-853.5896000000,79.0592000000,22,5,4,0,0,2026-09,-0.46428571428571428571428571428571428571428571428571428571428571428571428571428571,0.029470621468926553672316384180790960451977401129943502824858757062146892655367232,AVAILABLE,AVAILABLE,AVAILABLE
IMMEDIATE_CLOSE_BACK_1M,USD025_TARGET_2R_BE1R,NATURAL,0.01,stop_first,LONG,1667,1667,0,0,0,0,0,58,163,163,170,7,438,1229,0,0.26274745050989802039592081583683263347330533893221355728854229154169166166766647,1.9515525114155251141552511415525114155251141552511415525114155251141552511415525,-0.74761594792514239218877135882831570382424735557363710333604556550040683482506103,-0.038416316736652669466106778644271145770845830833833233353329334133173365326934613,-1.04000000000,0.93030190897020090986264992055027099976056246054722361289479985198406652010186979,AVAILABLE,854.7800000000,-918.8200000000,109.7400000000,36,4,5,0,0,2026-03,-0.21439153439153439153439153439153439153439153439153439153439153439153439153439153,-0.064132013201320132013201320132013201320132013201320132013201320132013201320132013,AVAILABLE,AVAILABLE,AVAILABLE
IMMEDIATE_CLOSE_BACK_1M,USD025_TARGET_2R_BE1R,NATURAL,0.01,stop_first,SHORT,1644,1644,0,0,0,0,0,46,163,163,170,7,443,1201,0,0.26946472019464720194647201946472019464720194647201946472019464720194647201946472,1.9474943566591422121896162528216704288939051918735891647855530474040632054176072,-0.78070741049125728559533721898417985012489592006661115736885928393005828476269775,-0.045553284671532846715328467153284671532846715328467153284671532846715328467153285,-1.04000000000,0.92012880139449522498009875114864121183887539386555202608791360682299278947678273,AVAILABLE,862.7400000000,-937.6296000000,141.8192000000,24,2,7,0,0,2026-09,-0.57571428571428571428571428571428571428571428571428571428571428571428571428571429,-0.086094350282485875706214689265536723163841807909604519774011299435028248587570621,AVAILABLE,AVAILABLE,AVAILABLE
IMMEDIATE_CLOSE_BACK_1M,USD025_TARGET_2R_BE1R,NATURAL,0.01,target_first,LONG,1667,1667,0,0,0,0,0,58,163,163,170,7,496,1171,0,0.29754049190161967606478704259148170365926814637072585482903419316136772645470906,1.9525403225806451612903225806451612903225806451612903225806451612903225806451613,-0.75106746370623398804440649017933390264730999146029035012809564474807856532877882,0.053365326934613077384523095380923815236952609478104379124175164967006598680263947,-0.44000000000,1.1011483797612279704377487208641273450824332006822057987492893689596361569073337,AVAILABLE,968.4600000000,-879.5000000000,53.4600000000,36,5,4,0,0,2026-08,-0.099145299145299145299145299145299145299145299145299145299145299145299145299145299,0.027022282241728561782579338284942606347062795408507765023632680621201890614449696,AVAILABLE,AVAILABLE,AVAILABLE
IMMEDIATE_CLOSE_BACK_1M,USD025_TARGET_2R_BE1R,NATURAL,0.01,target_first,SHORT,1644,1644,0,0,0,0,0,46,163,163,170,7,489,1155,0,0.29744525547445255474452554744525547445255474452554744525547445255474452554744526,1.9486707566462167689161554192229038854805725971370143149284253578732106339468303,-0.77903861471861471861471861471861471861471861471861471861471861471861471861471861,0.032305596107055961070559610705596107055961070559610705596107055961070559610705596,-1.04000000000,1.0590253543717331251661499532779663156809102928062293673987785588986580862903950,AVAILABLE,952.9000000000,-899.7896000000,112.0592000000,24,4,5,0,0,2026-09,-0.50428571428571428571428571428571428571428571428571428571428571428571428571428571,-0.010529378531073446327683615819209039548022598870056497175141242937853107344632768,AVAILABLE,AVAILABLE,AVAILABLE
IMMEDIATE_CLOSE_BACK_1M,USD025_TARGET_2R_BE1R,NATURAL,0.02,stop_first,LONG,1667,1667,0,0,0,0,0,58,163,163,170,7,438,1229,0,0.26274745050989802039592081583683263347330533893221355728854229154169166166766647,1.9115525114155251141552511415525114155251141552511415525114155251141552511415525,-0.78761594792514239218877135882831570382424735557363710333604556550040683482506103,-0.078416316736652669466106778644271145770845830833833233353329334133173365326934613,-1.08000000000,0.86495588751833715572635798260294634186656749106386495588751833715572635798260295,AVAILABLE,837.2600000000,-967.9800000000,149.2400000000,36,4,5,0,0,2026-03,-0.25439153439153439153439153439153439153439153439153439153439153439153439153439153,-0.10413201320132013201320132013201320132013201320132013201320132013201320132013201,AVAILABLE,AVAILABLE,AVAILABLE
IMMEDIATE_CLOSE_BACK_1M,USD025_TARGET_2R_BE1R,NATURAL,0.02,stop_first,SHORT,1644,1644,0,0,0,0,0,46,163,163,170,7,443,1201,0,0.26946472019464720194647201946472019464720194647201946472019464720194647201946472,1.9074943566591422121896162528216704288939051918735891647855530474040632054176072,-0.82070741049125728559533721898417985012489592006661115736885928393005828476269775,-0.085553284671532846715328467153284671532846715328467153284671532846715328467153285,-1.08000000000,0.85730553118408034497563889562993522373014243312363493811719464615729246392503127,AVAILABLE,845.0200000000,-985.6696000000,175.5792000000,24,2,7,0,0,2026-09,-0.61571428571428571428571428571428571428571428571428571428571428571428571428571429,-0.12609435028248587570621468926553672316384180790960451977401129943502824858757062,AVAILABLE,AVAILABLE,AVAILABLE
IMMEDIATE_CLOSE_BACK_1M,USD025_TARGET_2R_BE1R,NATURAL,0.02,target_first,LONG,1667,1667,0,0,0,0,0,58,163,163,170,7,496,1171,0,0.29754049190161967606478704259148170365926814637072585482903419316136772645470906,1.9125403225806451612903225806451612903225806451612903225806451612903225806451613,-0.79106746370623398804440649017933390264730999146029035012809564474807856532877882,0.013365326934613077384523095380923815236952609478104379124175164967006598680263947,-0.48000000000,1.0240516441047563529589567545393699937388000086361379191225683874171470518384179,AVAILABLE,948.6200000000,-926.3400000000,70.7800000000,36,5,4,0,0,2026-08,-0.13914529914529914529914529914529914529914529914529914529914529914529914529914530,-0.012977717758271438217420661715057393652937204591492234976367319378798109385550304,AVAILABLE,AVAILABLE,AVAILABLE
IMMEDIATE_CLOSE_BACK_1M,USD025_TARGET_2R_BE1R,NATURAL,0.02,target_first,SHORT,1644,1644,0,0,0,0,0,46,163,163,170,7,489,1155,0,0.29744525547445255474452554744525547445255474452554744525547445255474452554744526,1.9086707566462167689161554192229038854805725971370143149284253578732106339468303,-0.81903861471861471861471861471861471861471861471861471861471861471861471861471861,-0.0076944038929440389294403892944038929440389294403892944038929440389294403892944039,-1.08000000000,0.98662818280454668846253700886352238967531989780860170132948607468834752517363827,AVAILABLE,933.3400000000,-945.9896000000,145.0592000000,24,4,5,0,0,2026-09,-0.54428571428571428571428571428571428571428571428571428571428571428571428571428571,-0.050529378531073446327683615819209039548022598870056497175141242937853107344632768,AVAILABLE,AVAILABLE,AVAILABLE
IMMEDIATE_CLOSE_BACK_1M,USD030_TARGET_1R,NATURAL,0,stop_first,LONG,1667,1667,0,0,0,0,0,64,163,163,170,7,812,855,0,0.48710257948410317936412717456508698260347930413917216556688662267546490701859628,1.0000000000,-0.99923976608187134502923976608187134502923976608187134502923976608187134502923977,-0.025404919016196760647870425914817036592681463707258548290341931613677264547090582,-1.00000000000,0.95043015157722244981564932404752150757886112249078246620237607537894305612453912,AVAILABLE,812.0000000000,-854.35000000000000000000000000000000000000000000000000000000000000000000000000000,98.000000000000000000000000000000000000000000000000000000000000000000000000000000,21,5,3,1,0,2026-02,-0.14942528735632183908045977011494252873563218390804597701149425287356321839080460,-0.039287964713295526149968494013862633900441083805923125393824826717076244486452426,AVAILABLE,AVAILABLE,AVAILABLE
IMMEDIATE_CLOSE_BACK_1M,USD030_TARGET_1R,NATURAL,0,stop_first,SHORT,1644,1644,0,0,0,0,0,52,163,163,170,7,812,832,0,0.49391727493917274939172749391727493917274939172749391727493917274939172749391727,0.99950738916256157635467980295566502463054187192118226600985221674876847290640394,-0.99885817307692307692307692307692307692307692307692307692307692307692307692307692,-0.011830900243309002433090024330900243309002433090024330900243309002433090024330900,-1.00000000000,0.97659587269117381625654292762168341255038806329342398170988508513326514650141387,AVAILABLE,811.6000000000,-831.0500000000,67.4000000000,17,4,4,1,0,2026-05,-0.30158730158730158730158730158730158730158730158730158730158730158730158730158730,-0.028531073446327683615819209039548022598870056497175141242937853107344632768361582,AVAILABLE,AVAILABLE,AVAILABLE
IMMEDIATE_CLOSE_BACK_1M,USD030_TARGET_1R,NATURAL,0,target_first,LONG,1667,1667,0,0,0,0,0,64,163,163,170,7,876,791,0,0.52549490101979604079184163167366526694661067786442711457708458308338332333533293,1.0000000000,-0.99917825537294563843236409608091024020227560050568900126422250316055625790139064,0.051379724055188962207558488302339532093581283743251349730053989202159568086382723,1.00000000000,1.1083697096223192256595179350920478269121275384323401024862402732966407287910419,AVAILABLE,876.0000000000,-790.35000000000000000000000000000000000000000000000000000000000000000000000000000,55.000000000000000000000000000000000000000000000000000000000000000000000000000000,13,7,2,0,0,2026-03,-0.10052910052910052910052910052910052910052910052910052910052910052910052910052910,0.036326402016383112791430371770636420919974795211090107120352867044738500315059861,AVAILABLE,AVAILABLE,AVAILABLE
IMMEDIATE_CLOSE_BACK_1M,USD030_TARGET_1R,NATURAL,0,target_first,SHORT,1644,1644,0,0,0,0,0,52,163,163,170,7,864,780,0,0.52554744525547445255474452554744525547445255474452554744525547445255474452554745,0.99953703703703703703703703703703703703703703703703703703703703703703703703703704,-0.99878205128205128205128205128205128205128205128205128205128205128205128205128205,0.051429440389294403892944038929440389294403892944038929440389294403892944038929440,1.00000000000,1.1085296194082536422565945703099929401193761632757846094602400359412104486233233,AVAILABLE,863.6000000000,-779.0500000000,39.0000000000,17,5,4,0,0,2026-09,-0.28571428571428571428571428571428571428571428571428571428571428571428571428571429,0.032203389830508474576271186440677966101694915254237288135593220338983050847457627,AVAILABLE,AVAILABLE,AVAILABLE
IMMEDIATE_CLOSE_BACK_1M,USD030_TARGET_1R,NATURAL,0.01,stop_first,LONG,1667,1667,0,0,0,0,0,64,163,163,170,7,812,855,0,0.48710257948410317936412717456508698260347930413917216556688662267546490701859628,0.96666666666666666666666666666666666666666666666666666666666666666666666666666961,-1.0325730994152046783625730994152046783625730994152046783625730994152046783625701,-0.058738252349530093981203759248150369926014797040591881623675264947010597880422839,-1.0333333333333333333333333333333333333333333333333333333333333333333333333333333,0.88909025693303883256876404070151592380736629476506012723943289724566272111155688,AVAILABLE,784.93333333333333333333333333333333333333333333333333333333333333333333333333572,-882.84999999999999999999999999999999999999999999999999999999999999999999999999745,127.33333333333333333333333333333333333333333333333333333333333333333333333333205,21,4,5,0,0,2026-02,-0.18275862068965517241379310344827586206896551724137931034482758620689655172413763,-0.072621298046628859483301827347195967233774417139256458727158160050409577819784140,AVAILABLE,AVAILABLE,AVAILABLE
IMMEDIATE_CLOSE_BACK_1M,USD030_TARGET_1R,NATURAL,0.01,stop_first,SHORT,1644,1644,0,0,0,0,0,52,163,163,170,7,812,832,0,0.49391727493917274939172749391727493917274939172749391727493917274939172749391727,0.96617405582922824302134646962233169129720853858784893267651888341543513957307355,-1.0321915064102564102564102564102564102564102564102564102564102564102564102564073,-0.045164233576642335766423357664233576642335766423357664233576642335766423357664041,-1.0333333333333333333333333333333333333333333333333333333333333333333333333333333,0.91354047392629107070079764007219515981912395443165718943466532109379548586178662,AVAILABLE,784.53333333333333333333333333333333333333333333333333333333333333333333333333572,-858.78333333333333333333333333333333333333333333333333333333333333333333333333085,94.899999999999999999999999999999999999999999999999999999999999999999999999999764,17,2,7,0,0,2026-05,-0.33492063492063492063492063492063492063492063492063492063492063492063492063492043,-0.061864406779661016949152542372881355932203389830508474576271186440677966101694703,AVAILABLE,AVAILABLE,AVAILABLE
IMMEDIATE_CLOSE_BACK_1M,USD030_TARGET_1R,NATURAL,0.01,target_first,LONG,1667,1667,0,0,0,0,0,64,163,163,170,7,876,791,0,0.52549490101979604079184163167366526694661067786442711457708458308338332333533293,0.96666666666666666666666666666666666666666666666666666666666666666666666666666963,-1.0325115887062789717656974294142435735356089338390223345975558364938895912347210,0.018046390721855628874225154969006198760247950409918016396720655868826234753049599,0.96666666666666666666666666666666666666666666666666666666666666666666666666666667,1.0368344795216619390649552068240719955921066057180172642491276044323816909168888,AVAILABLE,846.80000000000000000000000000000000000000000000000000000000000000000000000000260,-816.71666666666666666666666666666666666666666666666666666666666666666666666666433,70.266666666666666666666666666666666666666666666666666666666666666666666666666540,13,7,2,0,0,2026-03,-0.13386243386243386243386243386243386243386243386243386243386243386243386243386217,0.0029930686830497794580970384373030875866414618777567737870195337114051669817267432,AVAILABLE,AVAILABLE,AVAILABLE
IMMEDIATE_CLOSE_BACK_1M,USD030_TARGET_1R,NATURAL,0.01,target_first,SHORT,1644,1644,0,0,0,0,0,52,163,163,170,7,864,780,0,0.52554744525547445255474452554744525547445255474452554744525547445255474452554745,0.96620370370370370370370370370370370370370370370370370370370370370370370370370667,-1.0321153846153846153846153846153846153846153846153846153846153846153846153846124,0.018096107055961070559610705596107055961070559610705596107055961070559610705596395,0.96666666666666666666666666666666666666666666666666666666666666666666666666666667,1.0369542264455623874293522141481895534438854729519905595925718899447239301906775,AVAILABLE,834.80000000000000000000000000000000000000000000000000000000000000000000000000256,-805.04999999999999999999999999999999999999999999999999999999999999999999999999769,49.199999999999999999999999999999999999999999999999999999999999999999999999999888,17,5,4,0,0,2026-09,-0.31904761904761904761904761904761904761904761904761904761904761904761904761904759,-0.0011299435028248587570621468926553672316384180790960451977401129943502824858754501,AVAILABLE,AVAILABLE,AVAILABLE
IMMEDIATE_CLOSE_BACK_1M,USD030_TARGET_1R,NATURAL,0.02,stop_first,LONG,1667,1667,0,0,0,0,0,64,163,163,170,7,812,855,0,0.48710257948410317936412717456508698260347930413917216556688662267546490701859628,0.93333333333333333333333333333333333333333333333333333333333333333333333333333041,-1.0659064327485380116959064327485380116959064327485380116959064327485380116959094,-0.092071585682863427314537092581483703259348130373925214957008598280343931213759460,-1.0666666666666666666666666666666666666666666666666666666666666666666666666666667,0.83158684003584426034637259742872295678572081710283279384063934456209652347249922,AVAILABLE,757.86666666666666666666666666666666666666666666666666666666666666666666666666429,-911.35000000000000000000000000000000000000000000000000000000000000000000000000256,173.06666666666666666666666666666666666666666666666666666666666666666666666667008,21,3,6,0,0,2026-02,-0.21609195402298850574712643678160919540229885057471264367816091954022988505747157,-0.10595463137996219281663516068052930056710775047258979206049149338374291115312125,AVAILABLE,AVAILABLE,AVAILABLE
IMMEDIATE_CLOSE_BACK_1M,USD030_TARGET_1R,NATURAL,0.02,stop_first,SHORT,1644,1644,0,0,0,0,0,52,163,163,170,7,812,832,0,0.49391727493917274939172749391727493917274939172749391727493917274939172749391727,0.93284072249589490968801313628899835796387520525451559934318555008210180623973435,-1.0655248397435897435897435897435897435897435897435897435897435897435897435897466,-0.078497566909975669099756690997566909975669099756690997566909975669099756690998041,-1.0666666666666666666666666666666666666666666666666666666666666666666666666666667,0.85443026075839897727059088943618281288187851328232219736421575078490722114642947,AVAILABLE,757.46666666666666666666666666666666666666666666666666666666666666666666666666429,-886.51666666666666666666666666666666666666666666666666666666666666666666666666915,139.05000000000000000000000000000000000000000000000000000000000000000000000000077,17,2,7,0,0,2026-05,-0.36825396825396825396825396825396825396825396825396825396825396825396825396825421,-0.095197740112994350282485875706214689265536723163841807909604519774011299435028764,AVAILABLE,AVAILABLE,AVAILABLE
IMMEDIATE_CLOSE_BACK_1M,USD030_TARGET_1R,NATURAL,0.02,target_first,LONG,1667,1667,0,0,0,0,0,64,163,163,170,7,876,791,0,0.52549490101979604079184163167366526694661067786442711457708458308338332333533293,0.93333333333333333333333333333333333333333333333333333333333333333333333333333038,-1.0658449220396123050990307627475769068689422671723556679308891698272229245680603,-0.015286942611477704459108178364327134573085382923415316936612677464507098580284236,0.93333333333333333333333333333333333333333333333333333333333333333333333333333333,0.96977364831471780171987743402194326381338341405555006424829494909558169417811027,AVAILABLE,817.59999999999999999999999999999999999999999999999999999999999999999999999999741,-843.08333333333333333333333333333333333333333333333333333333333333333333333333568,92.533333333333333333333333333333333333333333333333333333333333333333333333333520,13,5,4,0,0,2026-03,-0.16719576719576719576719576719576719576719576719576719576719576719576719576719604,-0.030340264650283553875236294896030245746691871455576559546313799621928166351607096,AVAILABLE,AVAILABLE,AVAILABLE
IMMEDIATE_CLOSE_BACK_1M,USD030_TARGET_1R,NATURAL,0.02,target_first,SHORT,1644,1644,0,0,0,0,0,52,163,163,170,7,864,780,0,0.52554744525547445255474452554744525547445255474452554744525547445255474452554745,0.93287037037037037037037037037037037037037037037037037037037037037037037037036742,-1.0654487179487179487179487179487179487179487179487179487179487179487179487179517,-0.015237226277372262773722627737226277372262773722627737226277372262773722627737443,0.93333333333333333333333333333333333333333333333333333333333333333333333333333333,0.96985740930148607183683292220684676012273629745502677335900367005595331207507997,AVAILABLE,805.99999999999999999999999999999999999999999999999999999999999999999999999999745,-831.05000000000000000000000000000000000000000000000000000000000000000000000000231,74.400000000000000000000000000000000000000000000000000000000000000000000000000218,17,4,5,0,0,2026-09,-0.35238095238095238095238095238095238095238095238095238095238095238095238095238095,-0.034463276836158192090395480225988700564971751412429378531073446327683615819209184,AVAILABLE,AVAILABLE,AVAILABLE
IMMEDIATE_CLOSE_BACK_1M,USD030_TARGET_1.5R,NATURAL,0,stop_first,LONG,1667,1667,0,0,0,0,0,32,163,163,170,7,669,998,0,0.40131973605278944211157768446310737852429514097180563887222555488902219556088782,1.4967862481315396113602391629297458893871449925261584454409566517189835575485800,-0.99630928523714094856379425517702070808283233132932531730126920507682030728122913,0.0042191561687662467506498700259948010397920415916816636672665466906618676264747043,-1.00000000000,1.0070735345882431820848488911983103974253675053219128714862803600462629276387469,AVAILABLE,1001.3500000000000000000000000000000000000000000000000000000000000000000000000000,-994.31666666666666666666666666666666666666666666666666666666666666666666666666667,82.000000000000000000000000000000000000000000000000000000000000000000000000000000,23,5,4,0,0,2026-03,-0.14021164021164021164021164021164021164021164021164021164021164021164021164021164,-0.013839383938393839383938393839383938393839383938393839383938393839383938393839385,AVAILABLE,AVAILABLE,AVAILABLE
IMMEDIATE_CLOSE_BACK_1M,USD030_TARGET_1.5R,NATURAL,0,stop_first,SHORT,1644,1644,0,0,0,0,0,31,163,163,170,7,638,1006,0,0.38807785888077858880778588807785888077858880778588807785888077858880778588807786,1.4938087774294670846394984326018808777429467084639498432601880877742946708463950,-0.99782968853545394300861497680583167660702451954937044400265076209410205434062296,-0.030879967558799675587996755879967558799675587996755879967558799675587996755879968,-1.00000000000,0.94942635607431635922894286805359544405518936060701655348752262199272775573228840,AVAILABLE,953.05000000000000000000000000000000000000000000000000000000000000000000000000000,-1003.8166666666666666666666666666666666666666666666666666666666666666666666666667,119.95000000000000000000000000000000000000000000000000000000000000000000000000000,24,4,5,0,0,2026-09,-0.3750000000,-0.059522128060263653483992467043314500941619585687382297551789077212806026365348399,AVAILABLE,AVAILABLE,AVAILABLE
IMMEDIATE_CLOSE_BACK_1M,USD030_TARGET_1.5R,NATURAL,0,target_first,LONG,1667,1667,0,0,0,0,0,32,163,163,170,7,701,966,0,0.42051589682063587282543491301739652069586082783443311337732453509298140371925615,1.4969329529243937232524964336661911554921540656205420827389443651925820256776034,-0.99618702553485162180814354727398205659075224292615596963423050379572118702553486,0.052209558088382323535292941411717656468706258748250349930013997200559888022395520,-1.00000000000,1.0904414693707892412407558149604253624066921837925838687888602157986802681030153,AVAILABLE,1049.3500000000000000000000000000000000000000000000000000000000000000000000000000,-962.31666666666666666666666666666666666666666666666666666666666666666666666666667,57.000000000000000000000000000000000000000000000000000000000000000000000000000000,22,6,3,0,0,2026-03,-0.12698412698412698412698412698412698412698412698412698412698412698412698412698413,0.033884762547828044114337159576862480306099482331757821291919873959036686923250056,AVAILABLE,AVAILABLE,AVAILABLE
IMMEDIATE_CLOSE_BACK_1M,USD030_TARGET_1.5R,NATURAL,0,target_first,SHORT,1644,1644,0,0,0,0,0,31,163,163,170,7,669,975,0,0.40693430656934306569343065693430656934306569343065693430656934306569343065693431,1.4940956651718983557548579970104633781763826606875934230194319880418535127055306,-0.99776068376068376068376068376068376068376068376068376068376068376068376068376069,0.016261151662611516626115166261151662611516626115166261151662611516626115166261151,-1.00000000000,1.0274803405917524713460912470660795970463773578440610598091452654662577738182940,AVAILABLE,999.55000000000000000000000000000000000000000000000000000000000000000000000000000,-972.81666666666666666666666666666666666666666666666666666666666666666666666666667,78.016666666666666666666666666666666666666666666666666666666666666666666666666667,24,4,5,0,0,2026-09,-0.3750000000,-0.011852636534839924670433145009416195856873822975517890772128060263653483992467043,AVAILABLE,AVAILABLE,AVAILABLE
IMMEDIATE_CLOSE_BACK_1M,USD030_TARGET_1.5R,NATURAL,0.01,stop_first,LONG,1667,1667,0,0,0,0,0,32,163,163,170,7,669,998,0,0.40131973605278944211157768446310737852429514097180563887222555488902219556088782,1.4634529147982062780269058295964125560538116591928251121076233183856502242152496,-1.0296426185704742818971275885103540414161656646626586506346025384101536406145586,-0.029114177164567086582683463307338532293541291741651669666066786642671465706858312,-1.0333333333333333333333333333333333333333333333333333333333333333333333333333333,0.95276944286756954018327791744384072662395588354553564187819317168112886221718173,AVAILABLE,979.05000000000000000000000000000000000000000000000000000000000000000000000000201,-1027.5833333333333333333333333333333333333333333333333333333333333333333333333295,104.01666666666666666666666666666666666666666666666666666666666666666666666666646,23,4,5,0,0,2026-03,-0.17354497354497354497354497354497354497354497354497354497354497354497354497354473,-0.047172717271727172717271727172717271727172717271727172717271727172717271727172403,AVAILABLE,AVAILABLE,AVAILABLE
IMMEDIATE_CLOSE_BACK_1M,USD030_TARGET_1.5R,NATURAL,0.01,stop_first,SHORT,1644,1644,0,0,0,0,0,31,163,163,170,7,638,1006,0,0.38807785888077858880778588807785888077858880778588807785888077858880778588807786,1.4604754440961337513061650992685475444096133751306165099268547544409613375130646,-1.0311630218687872763419483101391650099403578528827037773359840954274353876739522,-0.064213300892133008921330089213300892133008921330089213300892133008921330089213072,-1.0333333333333333333333333333333333333333333333333333333333333333333333333333333,0.89823428286820584502177021577416815282530807666971931684902234861265082501888362,AVAILABLE,931.78333333333333333333333333333333333333333333333333333333333333333333333333524,-1037.3499999999999999999999999999999999999999999999999999999999999999999999999959,147.98333333333333333333333333333333333333333333333333333333333333333333333333306,24,4,5,0,0,2026-09,-0.40833333333333333333333333333333333333333333333333333333333333333333333333333318,-0.092855461393596986817325800376647834274952919020715630885122410546139359698681264,AVAILABLE,AVAILABLE,AVAILABLE
IMMEDIATE_CLOSE_BACK_1M,USD030_TARGET_1.5R,NATURAL,0.01,target_first,LONG,1667,1667,0,0,0,0,0,32,163,163,170,7,701,966,0,0.42051589682063587282543491301739652069586082783443311337732453509298140371925615,1.4635996195910603899191631003328578221588207322872087494056110318592486923442739,-1.0295203588681849551414768806073153899240855762594893029675638371290545203588652,0.018876224755048990201959608078384323135372925414917016596680663867226554689062449,-1.0333333333333333333333333333333333333333333333333333333333333333333333333333333,1.0316401602118281912486802634445543061118466256640579175814047024517772452280059,AVAILABLE,1025.9833333333333333333333333333333333333333333333333333333333333333333333333360,-994.51666666666666666666666666666666666666666666666666666666666666666666666666376,77.816666666666666666666666666666666666666666666666666666666666666666666666666472,22,5,4,0,0,2026-03,-0.16031746031746031746031746031746031746031746031746031746031746031746031746031722,0.00055142921449471078100382624352914697276614899842448795858654062570335358991699500,AVAILABLE,AVAILABLE,AVAILABLE
IMMEDIATE_CLOSE_BACK_1M,USD030_TARGET_1.5R,NATURAL,0.01,target_first,SHORT,1644,1644,0,0,0,0,0,31,163,163,170,7,669,975,0,0.40693430656934306569343065693430656934306569343065693430656934306569343065693431,1.4607623318385650224215246636771300448430493273542600896860986547085201793722003,-1.0310940170940170940170940170940170940170940170940170940170940170940170940170909,-0.017072181670721816707218167072181670721816707218167072181670721816707218167071916,-1.0333333333333333333333333333333333333333333333333333333333333333333333333333333,0.97208176528125466270992556242643279895223727183806097581193322170460385616472918,AVAILABLE,977.25000000000000000000000000000000000000000000000000000000000000000000000000201,-1005.3166666666666666666666666666666666666666666666666666666666666666666666666636,102.98333333333333333333333333333333333333333333333333333333333333333333333333308,24,4,5,0,0,2026-09,-0.40833333333333333333333333333333333333333333333333333333333333333333333333333318,-0.045185969868173258003766478342749529190207156308851224105461393596986817325800164,AVAILABLE,AVAILABLE,AVAILABLE
IMMEDIATE_CLOSE_BACK_1M,USD030_TARGET_1.5R,NATURAL,0.02,stop_first,LONG,1667,1667,0,0,0,0,0,32,163,163,170,7,669,998,0,0.40131973605278944211157768446310737852429514097180563887222555488902219556088782,1.4301195814648729446935724962630792227204783258594917787742899850523168908819103,-1.0629759519038076152304609218436873747494989979959919839679358717434869739479005,-0.062447510497900419916016796640671865626874625074985002999400119976004799040193041,-1.0666666666666666666666666666666666666666666666666666666666666666666666666666667,0.90187114106612621954093415657255973983126737993118725550266295894801338549275935,AVAILABLE,956.74999999999999999999999999999999999999999999999999999999999999999999999999800,-1060.8500000000000000000000000000000000000000000000000000000000000000000000000047,128.21666666666666666666666666666666666666666666666666666666666666666666666666714,23,4,5,0,0,2026-03,-0.20687830687830687830687830687830687830687830687830687830687830687830687830687856,-0.080506050605060506050605060506050605060506050605060506050605060506050605060507776,AVAILABLE,AVAILABLE,AVAILABLE
IMMEDIATE_CLOSE_BACK_1M,USD030_TARGET_1.5R,NATURAL,0.02,stop_first,SHORT,1644,1644,0,0,0,0,0,31,163,163,170,7,638,1006,0,0.38807785888077858880778588807785888077858880778588807785888077858880778588807786,1.4271421107628004179728317659352142110762800417972831765935214211076280041797253,-1.0644963552021206096752816434724983432736911862160371106693174287607687210072946,-0.097546634225466342254663422546634225466342254663422546634225466342254663422547360,-1.0666666666666666666666666666666666666666666666666666666666666666666666666666667,0.85024823743638429334038877562137176474250229561265621838669011563662397086516781,AVAILABLE,910.51666666666666666666666666666666666666666666666666666666666666666666666666476,-1070.8833333333333333333333333333333333333333333333333333333333333333333333333384,177.43333333333333333333333333333333333333333333333333333333333333333333333333449,24,1,8,0,0,2026-09,-0.44166666666666666666666666666666666666666666666666666666666666666666666666666682,-0.12618879472693032015065913370998116760828625235404896421845574387947269303201593,AVAILABLE,AVAILABLE,AVAILABLE
IMMEDIATE_CLOSE_BACK_1M,USD030_TARGET_1.5R,NATURAL,0.02,target_first,LONG,1667,1667,0,0,0,0,0,32,163,163,170,7,701,966,0,0.42051589682063587282543491301739652069586082783443311337732453509298140371925615,1.4302662862577270565858297669995244888254873989538754160722776985259153590109337,-1.0628536922015182884748102139406487232574189095928226363008971704623878536922053,-0.014457108578284343131373725254949010197960407918416316736652669466106778644271463,-1.0666666666666666666666666666666666666666666666666666666666666666666666666666667,0.97652711718585133840884372514325601025924062139830852393552262065159164326412118,AVAILABLE,1002.6166666666666666666666666666666666666666666666666666666666666666666666666645,-1026.7166666666666666666666666666666666666666666666666666666666666666666666666703,101.81666666666666666666666666666666666666666666666666666666666666666666666666688,22,4,5,0,0,2026-03,-0.19365079365079365079365079365079365079365079365079365079365079365079365079365104,-0.032781904118838622552329507089804186360567184334908845374746792707629979743416928,AVAILABLE,AVAILABLE,AVAILABLE
IMMEDIATE_CLOSE_BACK_1M,USD030_TARGET_1.5R,NATURAL,0.02,target_first,SHORT,1644,1644,0,0,0,0,0,31,163,163,170,7,669,975,0,0.40693430656934306569343065693430656934306569343065693430656934306569343065693431,1.4274289985052316890881913303437967115097159940209267563527653213751868460388610,-1.0644273504273504273504273504273504273504273504273504273504273504273504273504315,-0.050405515004055150040551500405515004055150040551500405515004055150040551500405692,-1.0666666666666666666666666666666666666666666666666666666666666666666666666666667,0.92015288506319356341036470796062246061443093674219916812539144678732595673609110,AVAILABLE,954.94999999999999999999999999999999999999999999999999999999999999999999999999799,-1037.8166666666666666666666666666666666666666666666666666666666666666666666666707,131.01666666666666666666666666666666666666666666666666666666666666666666666666686,24,3,6,0,0,2026-09,-0.44166666666666666666666666666666666666666666666666666666666666666666666666666682,-0.078519303201506591337099811676082862523540489642184557438794726930320150659133990,AVAILABLE,AVAILABLE,AVAILABLE
IMMEDIATE_CLOSE_BACK_1M,USD030_TARGET_2R,NATURAL,0,stop_first,LONG,1667,1667,0,0,0,0,0,20,163,163,170,7,558,1109,0,0.33473305338932213557288542291541691661667666466706658668266346730653869226154769,1.9628733572281959378733572281959378733572281959378733572281959378733572281959378,-0.99673880372708145476405169822663059813645927261797415088668470093177036369101289,-0.0060587882423515296940611877624475104979004199160167966406718656268746250749850024,-1.00000000000,0.99086289824042941362724846584141248134131447612442139227718890882499283808030397,AVAILABLE,1095.2833333333333333333333333333333333333333333333333333333333333333333333333333,-1105.3833333333333333333333333333333333333333333333333333333333333333333333333333,82.383333333333333333333333333333333333333333333333333333333333333333333333333332,27,3,6,0,0,2026-03,-0.15873015873015873015873015873015873015873015873015873015873015873015873015873016,-0.039009900990099009900990099009900990099009900990099009900990099009900990099009902,AVAILABLE,AVAILABLE,AVAILABLE
IMMEDIATE_CLOSE_BACK_1M,USD030_TARGET_2R,NATURAL,0,stop_first,SHORT,1644,1644,0,0,0,0,0,19,163,163,170,7,533,1111,0,0.32420924574209245742092457420924574209245742092457420924574209245742092457420925,1.9812070043777360850531582238899312070043777360850531582238899312070043777360850,-0.99803480348034803480348034803480348034803480348034803480348034803480348034803483,-0.032137064071370640713706407137064071370640713706407137064071370640713706407137066,-1.00000000000,0.95235160606652737903771287709119331419381021810037727908130289046881810939590248,AVAILABLE,1055.9833333333333333333333333333333333333333333333333333333333333333333333333333,-1108.8166666666666666666666666666666666666666666666666666666666666666666666666667,162.41666666666666666666666666666666666666666666666666666666666666666666666666667,24,4,5,0,0,2026-09,-0.46428571428571428571428571428571428571428571428571428571428571428571428571428571,-0.074682203389830508474576271186440677966101694915254237288135593220338983050847458,AVAILABLE,AVAILABLE,AVAILABLE
IMMEDIATE_CLOSE_BACK_1M,USD030_TARGET_2R,NATURAL,0,target_first,LONG,1667,1667,0,0,0,0,0,20,163,163,170,7,578,1089,0,0.34673065386922615476904619076184763047390521895620875824835032993401319736052789,1.9641580161476355247981545559400230680507497116493656286043829296424452133794694,-0.99667891031527395163758800122436486072849709213345576981940618304254667891031524,0.029934013197360527894421115776844631073785242951409718056388722255548890221955608,-1.00000000000,1.0459745404849285198777697587641846966509528123704374798458301982402530595949204,AVAILABLE,1135.2833333333333333333333333333333333333333333333333333333333333333333333333333,-1085.3833333333333333333333333333333333333333333333333333333333333333333333333333,67.383333333333333333333333333333333333333333333333333333333333333333333333333332,22,4,5,0,0,2026-03,-0.14285714285714285714285714285714285714285714285714285714285714285714285714285714,0.00059405940594059405940594059405940594059405940594059405940594059405940594059405941,AVAILABLE,AVAILABLE,AVAILABLE
IMMEDIATE_CLOSE_BACK_1M,USD030_TARGET_2R,NATURAL,0,target_first,SHORT,1644,1644,0,0,0,0,0,19,163,163,170,7,552,1092,0,0.33576642335766423357664233576642335766423357664233576642335766423357664233576642,1.9818538647342995169082125603864734299516908212560386473429951690821256038647342,-0.99800061050061050061050061050061050061050061050061050061050061050061050061050064,0.0025344687753446877534468775344687753446877534468775344687753446877534468775344665,-1.00000000000,1.0038232730275734450748596858798880545657526495282081083974368777623147624218140,AVAILABLE,1093.9833333333333333333333333333333333333333333333333333333333333333333333333333,-1089.8166666666666666666666666666666666666666666666666666666666666666666666666667,144.41666666666666666666666666666666666666666666666666666666666666666666666666667,24,4,5,0,0,2026-09,-0.46428571428571428571428571428571428571428571428571428571428571428571428571428571,-0.042902542372881355932203389830508474576271186440677966101694915254237288135593220,AVAILABLE,AVAILABLE,AVAILABLE
IMMEDIATE_CLOSE_BACK_1M,USD030_TARGET_2R,NATURAL,0.01,stop_first,LONG,1667,1667,0,0,0,0,0,20,163,163,170,7,558,1109,0,0.33473305338932213557288542291541691661667666466706658668266346730653869226154769,1.9295400238948626045400238948626045400238948626045400238948626045400238948626095,-1.0300721370604147880973850315599639314697926059513074842200180342651036970243395,-0.039392121575684863027394521095780843831233753249350129974005198960207958408317996,-1.0333333333333333333333333333333333333333333333333333333333333333333333333333333,0.94251615821187318539268467048919624750149545527494492347645934550123283873886564,AVAILABLE,1076.6833333333333333333333333333333333333333333333333333333333333333333333333361,-1142.3499999999999999999999999999999999999999999999999999999999999999999999999925,107.04999999999999999999999999999999999999999999999999999999999999999999999999975,27,3,6,0,0,2026-03,-0.19206349206349206349206349206349206349206349206349206349206349206349206349206325,-0.072343234323432343234323432343234323432343234323432343234323432343234323432342211,AVAILABLE,AVAILABLE,AVAILABLE
IMMEDIATE_CLOSE_BACK_1M,USD030_TARGET_2R,NATURAL,0.01,stop_first,SHORT,1644,1644,0,0,0,0,0,19,163,163,170,7,533,1111,0,0.32420924574209245742092457420924574209245742092457420924574209245742092457420925,1.9478736710444027517198248905565978736710444027517198248905565978736710444027557,-1.0313681368136813681368136813681368136813681368136813681368136813681368136813613,-0.065470397404703974047039740470397404703974047039740470397404703974047039740470091,-1.0333333333333333333333333333333333333333333333333333333333333333333333333333333,0.90606682084624223647656034094049541097584035141307035534028595947695306250091695,AVAILABLE,1038.2166666666666666666666666666666666666666666666666666666666666666666666666688,-1145.8499999999999999999999999999999999999999999999999999999999999999999999999924,190.28333333333333333333333333333333333333333333333333333333333333333333333333305,24,4,5,0,0,2026-09,-0.49761904761904761904761904761904761904761904761904761904761904761904761904761882,-0.10801553672316384180790960451977401129943502824858757062146892655367231638418026,AVAILABLE,AVAILABLE,AVAILABLE
IMMEDIATE_CLOSE_BACK_1M,USD030_TARGET_2R,NATURAL,0.01,target_first,LONG,1667,1667,0,0,0,0,0,20,163,163,170,7,578,1089,0,0.34673065386922615476904619076184763047390521895620875824835032993401319736052789,1.9308246828143021914648212226066897347174163783160322952710495963091118800461420,-1.0300122436486072849709213345576981940618304254667891031527395163758800122436423,-0.0033993201359728054389122175564887022595480903819236152769446110777844431113774438,-1.0333333333333333333333333333333333333333333333333333333333333333333333333333333,0.99494806912230130310099404169328836124277499591387943715546574345106313427736013,AVAILABLE,1116.0166666666666666666666666666666666666666666666666666666666666666666666666701,-1121.6833333333333333333333333333333333333333333333333333333333333333333333333265,92.049999999999999999999999999999999999999999999999999999999999999999999999999770,22,4,5,0,0,2026-03,-0.17619047619047619047619047619047619047619047619047619047619047619047619047619023,-0.032739273927392739273927392739273927392739273927392739273927392739273927392738954,AVAILABLE,AVAILABLE,AVAILABLE
IMMEDIATE_CLOSE_BACK_1M,USD030_TARGET_2R,NATURAL,0.01,target_first,SHORT,1644,1644,0,0,0,0,0,19,163,163,170,7,552,1092,0,0.33576642335766423357664233576642335766423357664233576642335766423357664233576642,1.9485205314009661835748792270531400966183574879227053140096618357487922705314060,-1.0313339438339438339438339438339438339438339438339438339438339438339438339438276,-0.030798864557988645579886455798864557988645579886455798864557988645579886455798419,-1.0333333333333333333333333333333333333333333333333333333333333333333333333333333,0.95504121468633921832684652153966821067586166072247791277581282464889822858243034,AVAILABLE,1075.5833333333333333333333333333333333333333333333333333333333333333333333333361,-1126.2166666666666666666666666666666666666666666666666666666666666666666666666597,172.28333333333333333333333333333333333333333333333333333333333333333333333333290,24,4,5,0,0,2026-09,-0.49761904761904761904761904761904761904761904761904761904761904761904761904761882,-0.076235875706214689265536723163841807909604519774011299435028248587570621468926236,AVAILABLE,AVAILABLE,AVAILABLE
IMMEDIATE_CLOSE_BACK_1M,USD030_TARGET_2R,NATURAL,0.02,stop_first,LONG,1667,1667,0,0,0,0,0,20,163,163,170,7,558,1109,0,0.33473305338932213557288542291541691661667666466706658668266346730653869226154769,1.8962066905615292712066905615292712066905615292712066905615292712066905615292667,-1.0634054703937481214307183648932972648031259392846408175533513675984370303576872,-0.072725454909018196360727854429114177164567086582683463307338532293541291741652969,-1.0666666666666666666666666666666666666666666666666666666666666666666666666666667,0.89720035613844175299255218417445130654757698667307338995746124167950366737799282,AVAILABLE,1058.0833333333333333333333333333333333333333333333333333333333333333333333333308,-1179.3166666666666666666666666666666666666666666666666666666666666666666666666751,150.76666666666666666666666666666666666666666666666666666666666666666666666666871,27,3,6,0,0,2026-03,-0.22539682539682539682539682539682539682539682539682539682539682539682539682539707,-0.10567656765676567656765676567656765676567656765676567656765676567656765676567853,AVAILABLE,AVAILABLE,AVAILABLE
IMMEDIATE_CLOSE_BACK_1M,USD030_TARGET_2R,NATURAL,0.02,stop_first,SHORT,1644,1644,0,0,0,0,0,19,163,163,170,7,533,1111,0,0.32420924574209245742092457420924574209245742092457420924574209245742092457420925,1.9145403377110694183864915572232645403377110694183864915572232645403377110694148,-1.0647014701470147014701470147014701470147014701470147014701470147014701470147092,-0.098803730738037307380373073803730738037307380373073803730738037307380373073804227,-1.0666666666666666666666666666666666666666666666666666666666666666666666666666667,0.86268017415073337748157750130331252729911374748143660265171262311019683541627721,AVAILABLE,1020.4499999999999999999999999999999999999999999999999999999999999999999999999981,-1182.8833333333333333333333333333333333333333333333333333333333333333333333333419,218.15000000000000000000000000000000000000000000000000000000000000000000000000068,24,2,7,0,0,2026-09,-0.53095238095238095238095238095238095238095238095238095238095238095238095238095261,-0.14134887005649717514124293785310734463276836158192090395480225988700564971751496,AVAILABLE,AVAILABLE,AVAILABLE
IMMEDIATE_CLOSE_BACK_1M,USD030_TARGET_2R,NATURAL,0.02,target_first,LONG,1667,1667,0,0,0,0,0,20,163,163,170,7,578,1089,0,0.34673065386922615476904619076184763047390521895620875824835032993401319736052789,1.8974913494809688581314878892733564013840830449826989619377162629757785467127974,-1.0633455769819406183042546678910315273951637588001224364860728497092133455769891,-0.036732653469306138772245550889822035592881423715256948610277944411117776444711514,-1.0666666666666666666666666666666666666666666666666666666666666666666666666666667,0.94712071273334388808129074972293786611781977288101440723096187337181018725081496,AVAILABLE,1096.7499999999999999999999999999999999999999999999999999999999999999999999999969,-1157.9833333333333333333333333333333333333333333333333333333333333333333333333411,116.71666666666666666666666666666666666666666666666666666666666666666666666666701,22,4,5,0,0,2026-03,-0.20952380952380952380952380952380952380952380952380952380952380952380952380952405,-0.066072607260726072607260726072607260726072607260726072607260726072607260726073657,AVAILABLE,AVAILABLE,AVAILABLE
IMMEDIATE_CLOSE_BACK_1M,USD030_TARGET_2R,NATURAL,0.02,target_first,SHORT,1644,1644,0,0,0,0,0,19,163,163,170,7,552,1092,0,0.33576642335766423357664233576642335766423357664233576642335766423357664233576642,1.9151871980676328502415458937198067632850241545893719806763285024154589371980630,-1.0646672771672771672771672771672771672771672771672771672771672771672771672771745,-0.064132197891321978913219789132197891321978913219789132197891321978913219789132518,-1.0666666666666666666666666666666666666666666666666666666666666666666666666666667,0.90931376062617371733302750978396433332855484037444270825866938085066731654170069,AVAILABLE,1057.1833333333333333333333333333333333333333333333333333333333333333333333333308,-1162.6166666666666666666666666666666666666666666666666666666666666666666666666746,200.15000000000000000000000000000000000000000000000000000000000000000000000000029,24,4,5,0,0,2026-09,-0.53095238095238095238095238095238095238095238095238095238095238095238095238095261,-0.10956920903954802259887005649717514124293785310734463276836158192090395480226042,AVAILABLE,AVAILABLE,AVAILABLE
IMMEDIATE_CLOSE_BACK_1M,USD030_TARGET_2R_BE1R,NATURAL,0,stop_first,LONG,1667,1667,0,0,0,0,0,34,163,163,170,7,433,892,342,0.25974805038992201559688062387522495500899820035992801439712057588482303539292142,1.9889530408006158583525789068514241724403387220939183987682832948421862971516551,-0.97105829596412556053811659192825112107623318385650224215246636771300448430493276,-0.0029798040391921615676864627074585082983403319336132773445310937812437512497500516,-1.00000000000,0.99426526773372247313118998580748047374076023877913545697757828205862341796508205,AVAILABLE,861.21666666666666666666666666666666666666666666666666666666666666666666666666665,-866.18400000000000000000000000000000000000000000000000000000000000000000000000002,90.850000000000000000000000000000000000000000000000000000000000000000000000000002,23,6,3,0,0,2026-03,-0.14550264550264550264550264550264550264550264550264550264550264550264550264550266,-0.024642904290429042904290429042904290429042904290429042904290429042904290429042907,AVAILABLE,AVAILABLE,AVAILABLE
IMMEDIATE_CLOSE_BACK_1M,USD030_TARGET_2R_BE1R,NATURAL,0,stop_first,SHORT,1644,1644,0,0,0,0,0,26,163,163,170,7,437,859,348,0.26581508515815085158150851581508515815085158150851581508515815085158150851581509,1.9795957284515636918382913806254767353165522501906941266209000762776506483600305,-0.97561078773767947225455956538610787737679472254559565386107877376794722545595655,0.016443836171938361719383617193836171938361719383617193836171938361719383617193838,-1.00000000000,1.0322578335651546507386793702362111394352522463863518033338517327334219252717321,AVAILABLE,865.08333333333333333333333333333333333333333333333333333333333333333333333333333,-838.04966666666666666666666666666666666666666666666666666666666666666666666666668,94.249666666666666666666666666666666666666666666666666666666666666666666666666661,17,4,5,0,0,2026-09,-0.42857142857142857142857142857142857142857142857142857142857142857142857142857143,-0.014583097928436911487758945386064030131826741996233521657250470809792843691148775,AVAILABLE,AVAILABLE,AVAILABLE
IMMEDIATE_CLOSE_BACK_1M,USD030_TARGET_2R_BE1R,NATURAL,0,target_first,LONG,1667,1667,0,0,0,0,0,34,163,163,170,7,467,874,326,0.28014397120575884823035392921415716856628674265146970605878824235152969406118776,1.9897573162027123483226266952177016416845110635260528194147037830121341898643825,-0.97046224256292906178489702517162471395881006864988558352402745995423340961098400,0.048609878024395120975804839032193561287742451509698060387922415516896620675864825,-1.00000000000,1.0955366602844036985685495914408508845564956031552902043267341363037579896186047,AVAILABLE,929.21666666666666666666666666666666666666666666666666666666666666666666666666665,-848.18400000000000000000000000000000000000000000000000000000000000000000000000002,66.650000000000000000000000000000000000000000000000000000000000000000000000000001,23,6,3,0,0,2026-03,-0.097883597883597883597883597883597883597883597883597883597883597883597883597883608,0.028162376237623762376237623762376237623762376237623762376237623762376237623762374,AVAILABLE,AVAILABLE,AVAILABLE
IMMEDIATE_CLOSE_BACK_1M,USD030_TARGET_2R_BE1R,NATURAL,0,target_first,SHORT,1644,1644,0,0,0,0,0,26,163,163,170,7,463,841,340,0.28163017031630170316301703163017031630170316301703163017031630170316301703163017,1.9807415406767458603311735061195104391648668106551475881929445644348452123830094,-0.97508878319460959175584621482362267142290923503765358699960364645263575108997227,0.059022911597729115977291159772911597729115977291159772911597729115977291159772908,-0.30000000000,1.1183265729026981699075950277808376647105520844469176460450159726097890818808129,AVAILABLE,917.08333333333333333333333333333333333333333333333333333333333333333333333333333,-820.04966666666666666666666666666666666666666666666666666666666666666666666666668,72.24966666666666666666666666666666666666666666666666666666666666666666666666667,17,4,5,0,0,2026-09,-0.35714285714285714285714285714285714285714285714285714285714285714285714285714286,0.026332303732303732303732303732303732303732303732303732303732303732303732303732300,AVAILABLE,AVAILABLE,AVAILABLE
IMMEDIATE_CLOSE_BACK_1M,USD030_TARGET_2R_BE1R,NATURAL,0.01,stop_first,LONG,1667,1667,0,0,0,0,0,34,163,163,170,7,433,1234,0,0.25974805038992201559688062387522495500899820035992801439712057588482303539292142,1.9556197074672825250192455735180908391070053887605850654349499615088529638183247,-0.73526526202052944354403025391680172879524581307401404646137223122636412749864647,-0.036313137372525494901019796040791841631673665266946610677864427114577084583083098,-1.0333333333333333333333333333333333333333333333333333333333333333333333333333333,0.93328243848532229811547007441718296281492105665346045778911604613159967552697984,AVAILABLE,846.78333333333333333333333333333333333333333333333333333333333333333333333333460,-907.31733333333333333333333333333333333333333333333333333333333333333333333332975,109.38333333333333333333333333333333333333333333333333333333333333333333333333318,39,5,4,0,0,2026-03,-0.17883597883597883597883597883597883597883597883597883597883597883597883597883575,-0.057976237623762376237623762376237623762376237623762376237623762376237623762375656,AVAILABLE,AVAILABLE,AVAILABLE
IMMEDIATE_CLOSE_BACK_1M,USD030_TARGET_2R_BE1R,NATURAL,0.01,stop_first,SHORT,1644,1644,0,0,0,0,0,26,163,163,170,7,437,1207,0,0.26581508515815085158150851581508515815085158150851581508515815085158150851581509,1.9462623951182303585049580472921434019832189168573607932875667429443173150267001,-0.72765782932891466445733222866611433305716652858326429163214581607290803645401530,-0.016889497161394971613949716139497161394971613949716139497161394971613949716139222,-1.0333333333333333333333333333333333333333333333333333333333333333333333333333333,0.96838566460544797823328775197364251234131443585571696898000606486367909508287348,AVAILABLE,850.51666666666666666666666666666666666666666666666666666666666666666666666666795,-878.28299999999999999999999999999999999999999999999999999999999999999999999999647,122.28299999999999999999999999999999999999999999999999999999999999999999999999975,33,4,5,0,0,2026-09,-0.46190476190476190476190476190476190476190476190476190476190476190476190476190461,-0.047916431261770244821092278719397363465160075329566854990583804143126177024481860,AVAILABLE,AVAILABLE,AVAILABLE
IMMEDIATE_CLOSE_BACK_1M,USD030_TARGET_2R_BE1R,NATURAL,0.01,target_first,LONG,1667,1667,0,0,0,0,0,34,163,163,170,7,467,1200,0,0.28014397120575884823035392921415716856628674265146970605878824235152969406118776,1.9564239828693790149892933618843683083511777301927194860813704496788008565310522,-0.74015333333333333333333333333333333333333333333333333333333333333333333333333044,0.015276544691061787642471505698860227954409118176364727054589082183563287342531690,-1.0333333333333333333333333333333333333333333333333333333333333333333333333333333,1.0286719868856002810228511209389045513091881862316817236068202084252812480296931,AVAILABLE,913.65000000000000000000000000000000000000000000000000000000000000000000000000138,-888.18399999999999999999999999999999999999999999999999999999999999999999999999653,84.483333333333333333333333333333333333333333333333333333333333333333333333333191,39,6,3,0,0,2026-03,-0.13121693121693121693121693121693121693121693121693121693121693121693121693121670,-0.0051709570957095709570957095709570957095709570957095709570957095709570957095706987,AVAILABLE,AVAILABLE,AVAILABLE
IMMEDIATE_CLOSE_BACK_1M,USD030_TARGET_2R_BE1R,NATURAL,0.01,target_first,SHORT,1644,1644,0,0,0,0,0,26,163,163,170,7,463,1181,0,0.28163017031630170316301703163017031630170316301703163017031630170316301703163017,1.9474082073434125269978401727861771058315334773218142548596112311015118790496790,-0.72770222974880045159469376234829240756421112051933389782670053626869884278859432,0.025689578264395782643957826439578264395782643957826439578264395782643957826440714,-0.33333333333333333333333333333333333333333333333333333333333333333333333333333333,1.0491422667089175638194759311455177525522166400529972085706229305237779593825170,AVAILABLE,901.65000000000000000000000000000000000000000000000000000000000000000000000000137,-859.41633333333333333333333333333333333333333333333333333333333333333333333332989,100.28299999999999999999999999999999999999999999999999999999999999999999999999851,33,4,5,0,0,2026-09,-0.39047619047619047619047619047619047619047619047619047619047619047619047619047604,-0.0070010296010296010296010296010296010296010296010296010296010296010296010296007809,AVAILABLE,AVAILABLE,AVAILABLE
IMMEDIATE_CLOSE_BACK_1M,USD030_TARGET_2R_BE1R,NATURAL,0.02,stop_first,LONG,1667,1667,0,0,0,0,0,34,163,163,170,7,433,1234,0,0.25974805038992201559688062387522495500899820035992801439712057588482303539292142,1.9222863741339491916859122401847575057736720554272517321016166281755196304849856,-0.76859859535386277687736358725013506212857914640734737979470556455969746083198561,-0.069646470705858828234353129374125174965006998600279944011197760447910417916417906,-1.0666666666666666666666666666666666666666666666666666666666666666666666666666667,0.87758913484166458139449881772097090272135046911594769293922157961475416749842791,AVAILABLE,832.34999999999999999999999999999999999999999999999999999999999999999999999999875,-948.45066666666666666666666666666666666666666666666666666666666666666666666667024,146.95066666666666666666666666666666666666666666666666666666666666666666666666849,39,4,5,0,0,2026-03,-0.21216931216931216931216931216931216931216931216931216931216931216931216931216954,-0.091309570957095709570957095709570957095709570957095709570957095709570957095711182,AVAILABLE,AVAILABLE,AVAILABLE
IMMEDIATE_CLOSE_BACK_1M,USD030_TARGET_2R_BE1R,NATURAL,0.02,stop_first,SHORT,1644,1644,0,0,0,0,0,26,163,163,170,7,437,1207,0,0.26581508515815085158150851581508515815085158150851581508515815085158150851581509,1.9129290617848970251716247139588100686498855835240274599542334096109839816933609,-0.76099116266224799779066556199944766639049986191659762496547914940624136978735449,-0.050222830494728304947283049472830494728304947283049472830494728304947283049473066,-1.0666666666666666666666666666666666666666666666666666666666666666666666666666667,0.91010902001742665436179868331138368434021677712862300761118746209920418762286082,AVAILABLE,835.94999999999999999999999999999999999999999999999999999999999999999999999999872,-918.51633333333333333333333333333333333333333333333333333333333333333333333333687,150.31633333333333333333333333333333333333333333333333333333333333333333333333358,33,3,6,0,0,2026-09,-0.49523809523809523809523809523809523809523809523809523809523809523809523809523825,-0.081249764595103578154425612052730696798493408662900188323917137476459510357815749,AVAILABLE,AVAILABLE,AVAILABLE
IMMEDIATE_CLOSE_BACK_1M,USD030_TARGET_2R_BE1R,NATURAL,0.02,target_first,LONG,1667,1667,0,0,0,0,0,34,163,163,170,7,467,1200,0,0.28014397120575884823035392921415716856628674265146970605878824235152969406118776,1.9230906495360456816559600285510349750178443968593861527480371163454675231977130,-0.77348666666666666666666666666666666666666666666666666666666666666666666666666956,-0.018056788642271545690861827634473105378924215156968606278744251149770045990802122,-1.0666666666666666666666666666666666666666666666666666666666666666666666666666667,0.96757036679508947938483461612496372845613944361606463086342075852776317339377603,AVAILABLE,898.08333333333333333333333333333333333333333333333333333333333333333333333333197,-928.18400000000000000000000000000000000000000000000000000000000000000000000000347,102.31666666666666666666666666666666666666666666666666666666666666666666666666682,39,4,5,0,0,2026-03,-0.16455026455026455026455026455026455026455026455026455026455026455026455026455049,-0.038504290429042904290429042904290429042904290429042904290429042904290429042904570,AVAILABLE,AVAILABLE,AVAILABLE
IMMEDIATE_CLOSE_BACK_1M,USD030_TARGET_2R_BE1R,NATURAL,0.02,target_first,SHORT,1644,1644,0,0,0,0,0,26,163,163,170,7,463,1181,0,0.28163017031630170316301703163017031630170316301703163017031630170316301703163017,1.9140748740100791936645068394528437724982001439884809215262778977681785457163397,-0.76103556308213378492802709568162574089754445385266723116003386960203217612193349,-0.0076437550689375506893755068937550689375506893755068937550689375506893755068941363,-0.36666666666666666666666666666666666666666666666666666666666666666666666666666667,0.98601850131418447686111849764255294844992246923525107469396580338821124416757092,AVAILABLE,886.21666666666666666666666666666666666666666666666666666666666666666666666666530,-898.78300000000000000000000000000000000000000000000000000000000000000000000000345,128.31633333333333333333333333333333333333333333333333333333333333333333333333371,33,4,5,0,0,2026-09,-0.42380952380952380952380952380952380952380952380952380952380952380952380952380968,-0.040334362934362934362934362934362934362934362934362934362934362934362934362934586,AVAILABLE,AVAILABLE,AVAILABLE
IMMEDIATE_CLOSE_BACK_1M,USD040_TARGET_1R,NATURAL,0,stop_first,LONG,1667,1667,0,0,0,0,0,34,163,163,170,7,834,833,0,0.50029994001199760047990401919616076784643071385722855428914217156568686262747451,0.99619304556354916067146282973621103117505995203836930455635491606714628297362110,-0.99644357743097238895558223289315726290516206482593037214885954381752701080432173,0.00047240551889622075584883023395320935812837432513497300539892021595680863827234553,0.02500000000,1.0009487523154074364110055268587262623676641115612246434649036941102058641928829,AVAILABLE,830.8250000000,-830.0375000000,62.0000000000,23,6,3,0,0,2026-03,-0.14285714285714285714285714285714285714285714285714285714285714285714285714285714,-0.012681518151815181518151815181518151815181518151815181518151815181518151815181518,AVAILABLE,AVAILABLE,AVAILABLE
IMMEDIATE_CLOSE_BACK_1M,USD040_TARGET_1R,NATURAL,0,stop_first,SHORT,1644,1644,0,0,0,0,0,34,163,163,170,7,827,817,0,0.50304136253041362530413625304136253041362530413625304136253041362530413625304136,0.99584340991535671100362756952841596130592503022974607013301088270858524788391778,-0.99108017135862913096695226438188494492044063647490820073439412484700122399020808,0.0084245742092457420924574209245742092457420924574209245742092457420924574209245742,0.72500000000,1.0171048365932352532534695956898281797551600104975531438627908053784522284144063,AVAILABLE,823.5625000000,-809.7125000000,82.8875000000,14,4,5,0,0,2026-09,-0.35714285714285714285714285714285714285714285714285714285714285714285714285714286,-0.018845089903181189488243430152143845089903181189488243430152143845089903181189488,AVAILABLE,AVAILABLE,AVAILABLE
IMMEDIATE_CLOSE_BACK_1M,USD040_TARGET_1R,NATURAL,0,target_first,LONG,1667,1667,0,0,0,0,0,34,163,163,170,7,868,799,0,0.52069586082783443311337732453509298140371925614877024595080983803239352129574085,0.99634216589861751152073732718894009216589861751152073732718894009216589861751152,-0.99629224030037546933667083854818523153942428035043804755944931163954943679599499,0.041264247150569886022795440911817636472705458908218356328734253149370125974805039,1.00000000000,1.0864123863511455176420708823390857842752382896534396934817769263382692398285257,AVAILABLE,864.8250000000,-796.0375000000,49.0000000000,19,7,2,0,0,2026-03,-0.12169312169312169312169312169312169312169312169312169312169312169312169312169312,0.030432457212713936430317848410757946210268948655256723716381418092909535452322738,AVAILABLE,AVAILABLE,AVAILABLE
IMMEDIATE_CLOSE_BACK_1M,USD040_TARGET_1R,NATURAL,0,target_first,SHORT,1644,1644,0,0,0,0,0,34,163,163,170,7,861,783,0,0.52372262773722627737226277372262773722627737226277372262773722627737226277372263,0.99600754936120789779326364692218350754936120789779326364692218350754936120789779,-0.99069284802043422733077905491698595146871008939974457215836526181353767560664112,0.049787104622871046228710462287104622871046228710462287104622871046228710462287105,1.00000000000,1.1055158966756369144496188987543709815169924424319577162930853892389255039721546,AVAILABLE,857.5625000000,-775.7125000000,58.3375000000,14,4,5,0,0,2026-09,-0.28571428571428571428571428571428571428571428571428571428571428571428571428571429,0.026798063623789764868603042876901798063623789764868603042876901798063623789764869,AVAILABLE,AVAILABLE,AVAILABLE
IMMEDIATE_CLOSE_BACK_1M,USD040_TARGET_1R,NATURAL,0.01,stop_first,LONG,1667,1667,0,0,0,0,0,34,163,163,170,7,833,833,1,0.49970005998800239952009598080383923215356928614277144571085782843431313737252549,0.97235894357743097238895558223289315726290516206482593037214885954381752701080432,-1.0214435774309723889555822328931572629051620648259303721488595438175270108043217,-0.024527594481103779244151169766046790641871625674865026994601079784043191361727654,0E-11,0.95194581968296875229546489591443975965564353817449940501549897897721429725719491,AVAILABLE,809.9750000000,-850.8625000000,79.0250000000,23,6,3,0,0,2026-03,-0.16785714285714285714285714285714285714285714285714285714285714285714285714285714,-0.037681518151815181518151815181518151815181518151815181518151815181518151815181518,AVAILABLE,AVAILABLE,AVAILABLE
IMMEDIATE_CLOSE_BACK_1M,USD040_TARGET_1R,NATURAL,0.01,stop_first,SHORT,1644,1644,0,0,0,0,0,34,163,163,170,7,827,817,0,0.50304136253041362530413625304136253041362530413625304136253041362530413625304136,0.97084340991535671100362756952841596130592503022974607013301088270858524788391778,-1.0160801713586291309669522643818849449204406364749082007343941248470012239902081,-0.016575425790754257907542579075425790754257907542579075425790754257907542579075426,0.70000000000,0.96717411272228998208128171537847645721341344054448811190917167336736384032765656,AVAILABLE,802.8875000000,-830.1375000000,104.2125000000,14,4,5,0,0,2026-09,-0.38214285714285714285714285714285714285714285714285714285714285714285714285714286,-0.043845089903181189488243430152143845089903181189488243430152143845089903181189488,AVAILABLE,AVAILABLE,AVAILABLE
IMMEDIATE_CLOSE_BACK_1M,USD040_TARGET_1R,NATURAL,0.01,target_first,LONG,1667,1667,0,0,0,0,0,34,163,163,170,7,867,799,1,0.52009598080383923215356928614277144571085782843431313737252549490101979604079184,0.97246251441753171856978085351787773933102652825836216839677047289504036908881200,-1.0212922403003754693366708385481852315394242803504380475594493116395494367959950,0.016264247150569886022795440911817636472705458908218356328734253149370125974805039,0.97500000000,1.0332255939706805961918475513549118426494692176896799987745285764617576323892097,AVAILABLE,843.1250000000,-816.0125000000,60.9750000000,19,6,3,0,0,2026-03,-0.14669312169312169312169312169312169312169312169312169312169312169312169312169312,0.0054324572127139364303178484107579462102689486552567237163814180929095354523227384,AVAILABLE,AVAILABLE,AVAILABLE
IMMEDIATE_CLOSE_BACK_1M,USD040_TARGET_1R,NATURAL,0.01,target_first,SHORT,1644,1644,0,0,0,0,0,34,163,163,170,7,861,783,0,0.52372262773722627737226277372262773722627737226277372262773722627737226277372263,0.97100754936120789779326364692218350754936120789779326364692218350754936120789779,-1.0156928480204342273307790549169859514687100893997445721583652618135376756066411,0.024787104622871046228710462287104622871046228710462287104622871046228710462287105,0.97500000000,1.0512393316882259560221932320072929600930481115319931471323263599641639029910567,AVAILABLE,836.0375000000,-795.2875000000,70.2125000000,14,4,5,0,0,2026-09,-0.31071428571428571428571428571428571428571428571428571428571428571428571428571429,0.0017980636237897648686030428769017980636237897648686030428769017980636237897648686,AVAILABLE,AVAILABLE,AVAILABLE
IMMEDIATE_CLOSE_BACK_1M,USD040_TARGET_1R,NATURAL,0.02,stop_first,LONG,1667,1667,0,0,0,0,0,34,163,163,170,7,832,835,0,0.49910017996400719856028794241151769646070785842831433713257348530293941211757648,0.94851262019230769230769230769230769230769230769230769230769230769230769230769231,-1.0439820359281437125748502994011976047904191616766467065868263473053892215568862,-0.049527594481103779244151169766046790641871625674865026994601079784043191361727654,-0.02500000000,0.90528836502337319682239238291892511973386102268490636381886489431873583985775331,AVAILABLE,789.1625000000,-871.7250000000,116.8250000000,23,3,6,0,0,2026-03,-0.19285714285714285714285714285714285714285714285714285714285714285714285714285714,-0.062681518151815181518151815181518151815181518151815181518151815181518151815181518,AVAILABLE,AVAILABLE,AVAILABLE
IMMEDIATE_CLOSE_BACK_1M,USD040_TARGET_1R,NATURAL,0.02,stop_first,SHORT,1644,1644,0,0,0,0,0,34,163,163,170,7,827,817,0,0.50304136253041362530413625304136253041362530413625304136253041362530413625304136,0.94584340991535671100362756952841596130592503022974607013301088270858524788391778,-1.0410801713586291309669522643818849449204406364749082007343941248470012239902081,-0.041575425790754257907542579075425790754257907542579075425790754257907542579075426,0.67500000000,0.91964141377029906679403336027628775075317804394150929531927400984642515982070689,AVAILABLE,782.2125000000,-850.5625000000,125.5375000000,14,4,5,0,0,2026-09,-0.40714285714285714285714285714285714285714285714285714285714285714285714285714286,-0.068845089903181189488243430152143845089903181189488243430152143845089903181189488,AVAILABLE,AVAILABLE,AVAILABLE
IMMEDIATE_CLOSE_BACK_1M,USD040_TARGET_1R,NATURAL,0.02,target_first,LONG,1667,1667,0,0,0,0,0,34,163,163,170,7,866,801,0,0.51949610077984403119376124775044991001799640071985602879424115176964607078584283,0.94857101616628175519630484988452655889145496535796766743648960739030023094688222,-1.0437265917602996254681647940074906367041198501872659176029962546816479400749064,-0.0087357528494301139772045590881823635272945410917816436712657468506298740251949610,0.95000000000,0.98258126252205376633473879369636075476211835770461409646840704524386232469124727,AVAILABLE,821.4625000000,-836.0250000000,72.9500000000,19,5,4,0,0,2026-03,-0.17169312169312169312169312169312169312169312169312169312169312169312169312169312,-0.019567542787286063569682151589242053789731051344743276283618581907090464547677262,AVAILABLE,AVAILABLE,AVAILABLE
IMMEDIATE_CLOSE_BACK_1M,USD040_TARGET_1R,NATURAL,0.02,target_first,SHORT,1644,1644,0,0,0,0,0,34,163,163,170,7,861,783,0,0.52372262773722627737226277372262773722627737226277372262773722627737226277372263,0.94600754936120789779326364692218350754936120789779326364692218350754936120789779,-1.0406928480204342273307790549169859514687100893997445721583652618135376756066411,-0.00021289537712895377128953771289537712895377128953771289537712895377128953771289538,0.95000000000,0.99957047968215496479467394805872156345395695592814738682906625350902759668042154,AVAILABLE,814.5125000000,-814.8625000000,91.5375000000,14,4,5,0,0,2026-09,-0.33571428571428571428571428571428571428571428571428571428571428571428571428571429,-0.023201936376210235131396957123098201936376210235131396957123098201936376210235131,AVAILABLE,AVAILABLE,AVAILABLE
IMMEDIATE_CLOSE_BACK_1M,USD040_TARGET_1.5R,NATURAL,0,stop_first,LONG,1667,1667,0,0,0,0,0,18,163,163,170,7,684,983,0,0.41031793641271745650869826034793041391721655668866226754649070185962807438512298,1.4698099415204678362573099415204678362573099415204678362573099415204678362573099,-0.99487538148524923702950152594099694811800610376398779247202441505595116988809766,0.016429214157168566286742651469706058788242351529694061187762447510497900419916017,-1.00000000000,1.0280046525301328016156038702915500338714419008908828303743752955762618709817605,AVAILABLE,1005.3500000000,-977.9625000000,52.9375000000,23,3,6,0,0,2026-03,-0.17989417989417989417989417989417989417989417989417989417989417989417989417989418,-0.015486798679867986798679867986798679867986798679867986798679867986798679867986799,AVAILABLE,AVAILABLE,AVAILABLE
IMMEDIATE_CLOSE_BACK_1M,USD040_TARGET_1.5R,NATURAL,0,stop_first,SHORT,1644,1644,0,0,0,0,0,18,163,163,170,7,668,976,0,0.40632603406326034063260340632603406326034063260340632603406326034063260340632603,1.4805202095808383233532934131736526946107784431137724550898203592814371257485030,-0.99253329918032786885245901639344262295081967213114754098360655737704918032786885,0.012332725060827250608272506082725060827250608272506082725060827250608272506082725,-1.00000000000,1.0209298424455140198975444210743641689355716995496599868382001883943894602371705,AVAILABLE,988.9875000000,-968.7125000000,109.7125000000,20,4,5,0,0,2026-09,-0.51071428571428571428571428571428571428571428571428571428571428571428571428571429,-0.024126059322033898305084745762711864406779661016949152542372881355932203389830508,AVAILABLE,AVAILABLE,AVAILABLE
IMMEDIATE_CLOSE_BACK_1M,USD040_TARGET_1.5R,NATURAL,0,target_first,LONG,1667,1667,0,0,0,0,0,18,163,163,170,7,702,965,0,0.42111577684463107378524295140971805638872225554889022195560887822435512897420516,1.4705840455840455840455840455840455840455840455840455840455840455840455840455840,-0.99477979274611398963730569948186528497409326424870466321243523316062176165803109,0.043423815236952609478104379124175164967006598680263947210557888422315536892621476,-1.00000000000,1.0754065914033100251311900204435069078219201270882977199630193887782074820631014,AVAILABLE,1032.3500000000,-959.9625000000,49.5000000000,19,5,4,0,0,2026-03,-0.16666666666666666666666666666666666666666666666666666666666666666666666666666667,0.014216171617161716171617161716171617161716171617161716171617161716171617161716172,AVAILABLE,AVAILABLE,AVAILABLE
IMMEDIATE_CLOSE_BACK_1M,USD040_TARGET_1.5R,NATURAL,0,target_first,SHORT,1644,1644,0,0,0,0,0,18,163,163,170,7,686,958,0,0.41727493917274939172749391727493917274939172749391727493917274939172749391727494,1.4810313411078717201166180758017492711370262390670553935860058309037900874635569,-0.99239300626304801670146137787056367432150313152400835073068893528183716075156576,0.039704987834549878345498783454987834549878345498783454987834549878345498783454988,-1.00000000000,1.0686590320417581550679095941201993241910672258963671982854964040127798887676348,AVAILABLE,1015.9875000000,-950.7125000000,96.6625000000,20,4,5,0,0,2026-09,-0.51071428571428571428571428571428571428571428571428571428571428571428571428571429,0.0023569915254237288135593220338983050847457627118644067796610169491525423728813559,AVAILABLE,AVAILABLE,AVAILABLE
IMMEDIATE_CLOSE_BACK_1M,USD040_TARGET_1.5R,NATURAL,0.01,stop_first,LONG,1667,1667,0,0,0,0,0,18,163,163,170,7,683,983,1,0.40971805638872225554889022195560887822435512897420515896820635872825434913017397,1.4469253294289897510980966325036603221083455344070278184480234260614934114202050,-1.0198753814852492370295015259409969481180061037639877924720244150559511698880977,-0.0085707858428314337132573485302939412117576484703059388122375524895020995800839832,-1.02500000000,0.98574866276822562747029412864855429348029375459770831515030609827562560003989876,AVAILABLE,988.2500000000,-1002.5375000000,68.4125000000,23,3,6,0,0,2026-03,-0.20489417989417989417989417989417989417989417989417989417989417989417989417989418,-0.040486798679867986798679867986798679867986798679867986798679867986798679867986799,AVAILABLE,AVAILABLE,AVAILABLE
IMMEDIATE_CLOSE_BACK_1M,USD040_TARGET_1.5R,NATURAL,0.01,stop_first,SHORT,1644,1644,0,0,0,0,0,18,163,163,170,7,668,976,0,0.40632603406326034063260340632603406326034063260340632603406326034063260340632603,1.4555202095808383233532934131736526946107784431137724550898203592814371257485030,-1.0175332991803278688524590163934426229508196721311475409836065573770491803278689,-0.012667274939172749391727493917274939172749391727493917274939172749391727493917275,-1.02500000000,0.97903057307203363163790607811300331029968910873642210726377927978955052927034953,AVAILABLE,972.2875000000,-993.1125000000,130.6125000000,20,4,5,0,0,2026-09,-0.53571428571428571428571428571428571428571428571428571428571428571428571428571429,-0.049126059322033898305084745762711864406779661016949152542372881355932203389830508,AVAILABLE,AVAILABLE,AVAILABLE
IMMEDIATE_CLOSE_BACK_1M,USD040_TARGET_1.5R,NATURAL,0.01,target_first,LONG,1667,1667,0,0,0,0,0,18,163,163,170,7,701,965,1,0.42051589682063587282543491301739652069586082783443311337732453509298140371925615,1.4476462196861626248216833095577746077032810271041369472182596291012838801711840,-1.0197797927461139896373056994818652849740932642487046632124352331606217616580311,0.018423815236952609478104379124175164967006598680263947210557888422315536892621476,-1.02500000000,1.0312091150431237059712677988491876992645471058213827530580359978152349257560938,AVAILABLE,1014.8000000000,-984.0875000000,58.4125000000,19,4,5,0,0,2026-03,-0.19166666666666666666666666666666666666666666666666666666666666666666666666666667,-0.010783828382838283828382838283828382838283828382838283828382838283828382838283828,AVAILABLE,AVAILABLE,AVAILABLE
IMMEDIATE_CLOSE_BACK_1M,USD040_TARGET_1.5R,NATURAL,0.01,target_first,SHORT,1644,1644,0,0,0,0,0,18,163,163,170,7,686,958,0,0.41727493917274939172749391727493917274939172749391727493917274939172749391727494,1.4560313411078717201166180758017492711370262390670553935860058309037900874635569,-1.0173930062630480167014613778705636743215031315240083507306889352818371607515658,0.014704987834549878345498783454987834549878345498783454987834549878345498783454988,-1.02500000000,1.0248034576071204134764598001872443025149731317250843240608928731740474266733356,AVAILABLE,998.8375000000,-974.6625000000,115.6125000000,20,4,5,0,0,2026-09,-0.53571428571428571428571428571428571428571428571428571428571428571428571428571429,-0.022643008474576271186440677966101694915254237288135593220338983050847457627118644,AVAILABLE,AVAILABLE,AVAILABLE
IMMEDIATE_CLOSE_BACK_1M,USD040_TARGET_1.5R,NATURAL,0.02,stop_first,LONG,1667,1667,0,0,0,0,0,18,163,163,170,7,682,985,0,0.40911817636472705458908218356328734253149370125974805038992201559688062387522496,1.4240285923753665689149560117302052785923753665689149560117302052785923753665689,-1.0427918781725888324873096446700507614213197969543147208121827411167512690355330,-0.033570785842831433713257348530293941211757648470305938812237552489502099580083983,-1.05000000000,0.94551672102419315581950055980139220172321472034269580879131577666358370247772964,AVAILABLE,971.1875000000,-1027.1500000000,93.5250000000,23,3,6,0,0,2026-03,-0.22989417989417989417989417989417989417989417989417989417989417989417989417989418,-0.065486798679867986798679867986798679867986798679867986798679867986798679867986799,AVAILABLE,AVAILABLE,AVAILABLE
IMMEDIATE_CLOSE_BACK_1M,USD040_TARGET_1.5R,NATURAL,0.02,stop_first,SHORT,1644,1644,0,0,0,0,0,18,163,163,170,7,668,976,0,0.40632603406326034063260340632603406326034063260340632603406326034063260340632603,1.4305202095808383233532934131736526946107784431137724550898203592814371257485030,-1.0425332991803278688524590163934426229508196721311475409836065573770491803278689,-0.037667274939172749391727493917274939172749391727493917274939172749391727493917275,-1.05000000000,0.93914079679610815591946044888883428950504293559047186152504268989324455473519981,AVAILABLE,955.5875000000,-1017.5125000000,151.5125000000,20,4,5,0,0,2026-09,-0.56071428571428571428571428571428571428571428571428571428571428571428571428571429,-0.074126059322033898305084745762711864406779661016949152542372881355932203389830508,AVAILABLE,AVAILABLE,AVAILABLE
IMMEDIATE_CLOSE_BACK_1M,USD040_TARGET_1.5R,NATURAL,0.02,target_first,LONG,1667,1667,0,0,0,0,0,18,163,163,170,7,700,967,0,0.41991601679664067186562687462507498500299940011997600479904019196160767846430714,1.4246964285714285714285714285714285714285714285714285714285714285714285714285714,-1.0426577042399172699069286452947259565667011375387797311271975180972078593588418,-0.0065761847630473905218956208758248350329934013197360527894421115776844631073785243,-1.05000000000,0.98912720059509050334738408132903545747582444830151252169600793454004463178775105,AVAILABLE,997.2875000000,-1008.2500000000,74.8875000000,19,4,5,0,0,2026-03,-0.21666666666666666666666666666666666666666666666666666666666666666666666666666667,-0.035783828382838283828382838283828382838283828382838283828382838283828382838283828,AVAILABLE,AVAILABLE,AVAILABLE
IMMEDIATE_CLOSE_BACK_1M,USD040_TARGET_1.5R,NATURAL,0.02,target_first,SHORT,1644,1644,0,0,0,0,0,18,163,163,170,7,686,958,0,0.41727493917274939172749391727493917274939172749391727493917274939172749391727494,1.4310313411078717201166180758017492711370262390670553935860058309037900874635569,-1.0423930062630480167014613778705636743215031315240083507306889352818371607515658,-0.010295012165450121654501216545012165450121654501216545012165450121654501216545012,-1.05000000000,0.98305148393395836723453792136589517956164177796692911414587740489929777566373343,AVAILABLE,981.6875000000,-998.6125000000,136.5125000000,20,4,5,0,0,2026-09,-0.56071428571428571428571428571428571428571428571428571428571428571428571428571429,-0.047643008474576271186440677966101694915254237288135593220338983050847457627118644,AVAILABLE,AVAILABLE,AVAILABLE
IMMEDIATE_CLOSE_BACK_1M,USD040_TARGET_2R,NATURAL,0,stop_first,LONG,1667,1667,0,0,0,0,0,5,163,163,170,7,557,1110,0,0.33413317336532693461307738452309538092381523695260947810437912417516496700659868,1.9308572710951526032315978456014362657091561938958707360861759425493716337522442,-0.99362612612612612612612612612612612612612612612612612612612612612612612612612613,-0.016459208158368326334733053389322135572885422915416916616676664667066586682663467,-1.00000000000,0.97512296847020422966203504318063331595530067774327356801233084751909694675521908,AVAILABLE,1075.4875000000,-1102.9250000000,119.7250000000,24,4,5,0,0,2026-03,-0.30112433862433862433862433862433862433862433862433862433862433862433862433862434,-0.066320132013201320132013201320132013201320132013201320132013201320132013201320132,AVAILABLE,AVAILABLE,AVAILABLE
IMMEDIATE_CLOSE_BACK_1M,USD040_TARGET_2R,NATURAL,0,stop_first,SHORT,1644,1644,0,0,0,0,0,8,163,163,170,7,561,1083,0,0.34124087591240875912408759124087591240875912408759124087591240875912408759124088,1.9454750445632798573975044563279857397504456327985739750445632798573975044563280,-0.99216297322253000923361034164358264081255771006463527239150507848568790397045245,0.010279197080291970802919708029197080291970802919708029197080291970802919708029197,-1.00000000000,1.0157271320715208059468828887518758506764695617780156117309012226474796710135992,AVAILABLE,1091.4115000000,-1074.5125000000,126.0135000000,24,4,5,0,0,2026-09,-0.42142857142857142857142857142857142857142857142857142857142857142857142857142857,-0.033713629943502824858757062146892655367231638418079096045197740112994350282485876,AVAILABLE,AVAILABLE,AVAILABLE
IMMEDIATE_CLOSE_BACK_1M,USD040_TARGET_2R,NATURAL,0,target_first,LONG,1667,1667,0,0,0,0,0,5,163,163,170,7,562,1105,0,0.33713257348530293941211757648470305938812237552489502099580083983203359328134373,1.9314724199288256227758007117437722419928825622775800711743772241992882562277580,-0.99359728506787330316742081447963800904977375565610859728506787330316742081447964,-0.0074610077984403119376124775044991001799640071985602879424115176964607078584283143,-1.00000000000,0.98867181273766423025252180249106268643122253341530614568390372748593938565931188,AVAILABLE,1085.4875000000,-1097.9250000000,116.7250000000,24,4,5,0,0,2026-03,-0.28525132275132275132275132275132275132275132275132275132275132275132275132275132,-0.056419141914191419141914191419141914191419141914191419141914191419141914191419142,AVAILABLE,AVAILABLE,AVAILABLE
IMMEDIATE_CLOSE_BACK_1M,USD040_TARGET_2R,NATURAL,0,target_first,SHORT,1644,1644,0,0,0,0,0,8,163,163,170,7,569,1075,0,0.34610705596107055961070559610705596107055961070559610705596107055961070559610706,1.9462416520210896309314586994727592267135325131810193321616871704745166959578207,-0.99210465116279069767441860465116279069767441860465116279069767441860465116279070,0.024877737226277372262773722627737226277372262773722627737226277372262773722627737,-1.00000000000,1.0383483550356887518899215902298379062598891246000398495094994198380234643288288,AVAILABLE,1107.4115000000,-1066.5125000000,124.2635000000,24,4,5,0,0,2026-09,-0.42142857142857142857142857142857142857142857142857142857142857142857142857142857,-0.018883121468926553672316384180790960451977401129943502824858757062146892655367232,AVAILABLE,AVAILABLE,AVAILABLE
IMMEDIATE_CLOSE_BACK_1M,USD040_TARGET_2R,NATURAL,0.01,stop_first,LONG,1667,1667,0,0,0,0,0,5,163,163,170,7,556,1110,1,0.33353329334133173365326934613077384523095380923815236952609478104379124175164967,1.9092850719424460431654676258992805755395683453237410071942446043165467625899281,-1.0186261261261261261261261261261261261261261261261261261261261261261261261261261,-0.041459208158368326334733053389322135572885422915416916616676664667066586682663467,-1.02500000000,0.93887500829150728547106816724522961947509231211444491122559533022309682269440821,AVAILABLE,1061.5625000000,-1130.6750000000,136.4750000000,24,4,5,0,0,2026-03,-0.32612433862433862433862433862433862433862433862433862433862433862433862433862434,-0.091320132013201320132013201320132013201320132013201320132013201320132013201320132,AVAILABLE,AVAILABLE,AVAILABLE
IMMEDIATE_CLOSE_BACK_1M,USD040_TARGET_2R,NATURAL,0.01,stop_first,SHORT,1644,1644,0,0,0,0,0,8,163,163,170,7,561,1083,0,0.34124087591240875912408759124087591240875912408759124087591240875912408759124088,1.9204750445632798573975044563279857397504456327985739750445632798573975044563280,-1.0171629732225300092336103416435826408125577100646352723915050784856879039704524,-0.014720802919708029197080291970802919708029197080291970802919708029197080291970803,-1.02500000000,0.97803079646419372042620309326313161687110647134249435473804849819011199745821371,AVAILABLE,1077.3865000000,-1101.5875000000,146.9135000000,24,4,5,0,0,2026-09,-0.44642857142857142857142857142857142857142857142857142857142857142857142857142857,-0.058713629943502824858757062146892655367231638418079096045197740112994350282485876,AVAILABLE,AVAILABLE,AVAILABLE
IMMEDIATE_CLOSE_BACK_1M,USD040_TARGET_2R,NATURAL,0.01,target_first,LONG,1667,1667,0,0,0,0,0,5,163,163,170,7,561,1105,1,0.33653269346130773845230953809238152369526094781043791241751649670065986802639472,1.9098707664884135472370766488413547237076648841354723707664884135472370766488414,-1.0185972850678733031674208144796380090497737556561085972850678733031674208144796,-0.032461007798440311937612477504499100179964007198560287942411517696460707858428314,-1.02500000000,0.95192350406467949002709786326684731908844564879392297099195948647327972990982186,AVAILABLE,1071.4375000000,-1125.5500000000,133.4750000000,24,4,5,0,0,2026-03,-0.31025132275132275132275132275132275132275132275132275132275132275132275132275132,-0.081419141914191419141914191419141914191419141914191419141914191419141914191419142,AVAILABLE,AVAILABLE,AVAILABLE
IMMEDIATE_CLOSE_BACK_1M,USD040_TARGET_2R,NATURAL,0.01,target_first,SHORT,1644,1644,0,0,0,0,0,8,163,163,170,7,569,1075,0,0.34610705596107055961070559610705596107055961070559610705596107055961070559610706,1.9212416520210896309314586994727592267135325131810193321616871704745166959578207,-1.0171046511627906976744186046511627906976744186046511627906976744186046511627907,-0.00012226277372262773722627737226277372262773722627737226277372262773722627737226277,-1.02500000000,0.99981616764413348424049113420447919882018040264773467777892101382172377130706177,AVAILABLE,1093.1865000000,-1093.3875000000,137.9135000000,24,4,5,0,0,2026-09,-0.44642857142857142857142857142857142857142857142857142857142857142857142857142857,-0.043883121468926553672316384180790960451977401129943502824858757062146892655367232,AVAILABLE,AVAILABLE,AVAILABLE
IMMEDIATE_CLOSE_BACK_1M,USD040_TARGET_2R,NATURAL,0.02,stop_first,LONG,1667,1667,0,0,0,0,0,5,163,163,170,7,555,1112,0,0.33293341331733653269346130773845230953809238152369526094781043791241751649670066,1.8877027027027027027027027027027027027027027027027027027027027027027027027027027,-1.0417828237410071942446043165467625899280575539568345323741007194244604316546763,-0.066459208158368326334733053389322135572885422915416916616676664667066586682663467,-1.05000000000,0.90436677924404113210397401728584222622657185709507213224424614521402289672734335,AVAILABLE,1047.6750000000,-1158.4625000000,157.8125000000,24,4,5,0,0,2026-03,-0.35112433862433862433862433862433862433862433862433862433862433862433862433862434,-0.11632013201320132013201320132013201320132013201320132013201320132013201320132013,AVAILABLE,AVAILABLE,AVAILABLE
IMMEDIATE_CLOSE_BACK_1M,USD040_TARGET_2R,NATURAL,0.02,stop_first,SHORT,1644,1644,0,0,0,0,0,8,163,163,170,7,561,1083,0,0.34124087591240875912408759124087591240875912408759124087591240875912408759124088,1.8954750445632798573975044563279857397504456327985739750445632798573975044563280,-1.0421629732225300092336103416435826408125577100646352723915050784856879039704524,-0.039720802919708029197080291970802919708029197080291970802919708029197080291970803,-1.05000000000,0.94214302326869192517692401404317056693209883379663982811513627855979976299380904,AVAILABLE,1063.3615000000,-1128.6625000000,167.8135000000,24,4,5,0,0,2026-09,-0.47142857142857142857142857142857142857142857142857142857142857142857142857142857,-0.083713629943502824858757062146892655367231638418079096045197740112994350282485876,AVAILABLE,AVAILABLE,AVAILABLE
IMMEDIATE_CLOSE_BACK_1M,USD040_TARGET_2R,NATURAL,0.02,target_first,LONG,1667,1667,0,0,0,0,0,5,163,163,170,7,560,1107,0,0.33593281343731253749250149970005998800239952009598080383923215356928614277144571,1.8882589285714285714285714285714285714285714285714285714285714285714285714285714,-1.0417457091237579042457091237579042457091237579042457091237579042457091237579042,-0.057461007798440311937612477504499100179964007198560287942411517696460707858428314,-1.05000000000,0.91693855208818843014622196689682083744322924005766500102973216124521716509316366,AVAILABLE,1057.4250000000,-1153.2125000000,150.9625000000,24,4,5,0,0,2026-03,-0.33525132275132275132275132275132275132275132275132275132275132275132275132275132,-0.10641914191419141914191419141914191419141914191419141914191419141914191419141914,AVAILABLE,AVAILABLE,AVAILABLE
IMMEDIATE_CLOSE_BACK_1M,USD040_TARGET_2R,NATURAL,0.02,target_first,SHORT,1644,1644,0,0,0,0,0,8,163,163,170,7,569,1075,0,0.34610705596107055961070559610705596107055961070559610705596107055961070559610706,1.8962416520210896309314586994727592267135325131810193321616871704745166959578207,-1.0421046511627906976744186046511627906976744186046511627906976744186046511627907,-0.025122262773722627737226277372262773722627737226277372262773722627737226277372263,-1.05000000000,0.96313274790506689280414188638823490030238448577900268910188460293904330458263130,AVAILABLE,1078.9615000000,-1120.2625000000,158.8135000000,24,4,5,0,0,2026-09,-0.47142857142857142857142857142857142857142857142857142857142857142857142857142857,-0.068883121468926553672316384180790960451977401129943502824858757062146892655367232,AVAILABLE,AVAILABLE,AVAILABLE
IMMEDIATE_CLOSE_BACK_1M,USD040_TARGET_2R_BE1R,NATURAL,0,stop_first,LONG,1667,1667,0,0,0,0,0,11,163,163,170,7,440,857,370,0.26394721055788842231553689262147570485902819436112777444511097780443911217756449,1.9648011363636363636363636363636363636363636363636363636363636363636363636363636,-0.97589031505250875145857642940490081680280046674445740956826137689614935822637106,0.016901319736052789442111577684463107378524295140971805638872225554889022195560888,-0.58750000000,1.0336879347823487632990489491090922569583111134493470343330089030989862950146950,AVAILABLE,864.5125000000,-836.3380000000,67.8750000000,23,5,4,0,0,2026-03,-0.21256613756613756613756613756613756613756613756613756613756613756613756613756614,-0.0054706270627062706270627062706270627062706270627062706270627062706270627062706271,AVAILABLE,AVAILABLE,AVAILABLE
IMMEDIATE_CLOSE_BACK_1M,USD040_TARGET_2R_BE1R,NATURAL,0,stop_first,SHORT,1644,1644,0,0,0,0,0,12,163,163,170,7,440,830,374,0.26763990267639902676399026763990267639902676399026763990267639902676399026763990,1.9505397727272727272727272727272727272727272727272727272727272727272727272727273,-0.98112951807228915662650602409638554216867469879518072289156626506024096385542169,0.026703163017031630170316301703163017031630170316301703163017031630170316301703163,-0.15000000000,1.0539088522879027430273074738667935591815432790458501542665049810428722734738361,AVAILABLE,858.2375000000,-814.3375000000,90.2500000000,14,4,5,0,0,2026-09,-0.38571428571428571428571428571428571428571428571428571428571428571428571428571429,-0.0040519067796610169491525423728813559322033898305084745762711864406779661016949153,AVAILABLE,AVAILABLE,AVAILABLE
IMMEDIATE_CLOSE_BACK_1M,USD040_TARGET_2R_BE1R,NATURAL,0,target_first,LONG,1667,1667,0,0,0,0,0,11,163,163,170,7,451,852,364,0.27054589082183563287342531493701259748050389922015596880623875224955008998200360,1.9656596452328159645232815964523281596452328159645232815964523281596452328159645,-0.97574882629107981220657276995305164319248826291079812206572769953051643192488263,0.033098080383923215356928614277144571085782843431313737252549490101979604079184163,-0.30000000000,1.0663683122869398487739042363034048726270181322157774575443441776990826835775581,AVAILABLE,886.5125000000,-831.3380000000,60.8750000000,23,6,3,0,0,2026-03,-0.18611111111111111111111111111111111111111111111111111111111111111111111111111111,0.011031023102310231023102310231023102310231023102310231023102310231023102310231023,AVAILABLE,AVAILABLE,AVAILABLE
IMMEDIATE_CLOSE_BACK_1M,USD040_TARGET_2R_BE1R,NATURAL,0,target_first,SHORT,1644,1644,0,0,0,0,0,12,163,163,170,7,452,823,369,0.27493917274939172749391727493917274939172749391727493917274939172749391727493917,1.9518528761061946902654867256637168141592920353982300884955752212389380530973451,-0.98096901579586877278250303766707168894289185905224787363304981773997569866342649,0.045559610705596107055961070559610705596107055961070559610705596107055961070559611,-0.04375000000,1.0927740876647003266911297939213773669623918125938656385960022914828061374580024,AVAILABLE,882.2375000000,-807.3375000000,90.2500000000,14,4,5,0,0,2026-09,-0.38571428571428571428571428571428571428571428571428571428571428571428571428571429,0.015722104519774011299435028248587570621468926553672316384180790960451977401129944,AVAILABLE,AVAILABLE,AVAILABLE
IMMEDIATE_CLOSE_BACK_1M,USD040_TARGET_2R_BE1R,NATURAL,0.01,stop_first,LONG,1667,1667,0,0,0,0,0,11,163,163,170,7,439,1227,1,0.26334733053389322135572885422915416916616676664667066586682663467306538692261548,1.9442198177676537585421412300683371298405466970387243735763097949886104783599089,-0.70661206193969030154849225753871230643846780766096169519152404237978810105949470,-0.0080986802639472105578884223155368926214757048590281943611277744451109778044391122,-0.61250000000,0.98442872252203830853747290986409661677506565645497818371812187360512472131329057,AVAILABLE,853.5125000000,-867.0130000000,82.8375000000,27,5,4,0,0,2026-03,-0.23756613756613756613756613756613756613756613756613756613756613756613756613756614,-0.030470627062706270627062706270627062706270627062706270627062706270627062706270627,AVAILABLE,AVAILABLE,AVAILABLE
IMMEDIATE_CLOSE_BACK_1M,USD040_TARGET_2R_BE1R,NATURAL,0.01,stop_first,SHORT,1644,1644,0,0,0,0,0,12,163,163,170,7,440,1204,0,0.26763990267639902676399026763990267639902676399026763990267639902676399026763990,1.9255397727272727272727272727272727272727272727272727272727272727272727272727273,-0.70136004983388704318936877076411960132890365448504983388704318936877076411960133,0.0017031630170316301703163017031630170316301703163017031630170316301703163017031630,-0.17500000000,1.0033158167419139960032566057286655317889127377692250758641107245947746280808230,AVAILABLE,847.2375000000,-844.4375000000,103.4750000000,61,4,5,0,0,2026-09,-0.41071428571428571428571428571428571428571428571428571428571428571428571428571429,-0.029051906779661016949152542372881355932203389830508474576271186440677966101694915,AVAILABLE,AVAILABLE,AVAILABLE
IMMEDIATE_CLOSE_BACK_1M,USD040_TARGET_2R_BE1R,NATURAL,0.01,target_first,LONG,1667,1667,0,0,0,0,0,11,163,163,170,7,450,1216,1,0.26994601079784043191361727654469106178764247150569886022795440911817636472705459,1.9449722222222222222222222222222222222222222222222222222222222222222222222222222,-0.70866611842105263157894736842105263157894736842105263157894736842105263157894737,0.0080980803839232153569286142771445710857828434313137372525494901019796040791841632,-0.32500000000,1.0156654342735262922141068398979736300360434377966388856009599205326909106944338,AVAILABLE,875.2375000000,-861.7380000000,71.8375000000,27,5,4,0,0,2026-03,-0.21111111111111111111111111111111111111111111111111111111111111111111111111111111,-0.013968976897689768976897689768976897689768976897689768976897689768976897689768977,AVAILABLE,AVAILABLE,AVAILABLE
IMMEDIATE_CLOSE_BACK_1M,USD040_TARGET_2R_BE1R,NATURAL,0.01,target_first,SHORT,1644,1644,0,0,0,0,0,12,163,163,170,7,452,1192,0,0.27493917274939172749391727493917274939172749391727493917274939172749391727493917,1.9268528761061946902654867256637168141592920353982300884955752212389380530973451,-0.70229656040268456375838926174496644295302013422818791946308724832214765100671141,0.020559610705596107055961070559610705596107055961070559610705596107055961070559611,-0.06875000000,1.0403756849979842021173343686073076406205671111376565976318107837720804527332726,AVAILABLE,870.9375000000,-837.1375000000,102.2750000000,61,4,5,0,0,2026-09,-0.41071428571428571428571428571428571428571428571428571428571428571428571428571429,-0.0092778954802259887005649717514124293785310734463276836158192090395480225988700565,AVAILABLE,AVAILABLE,AVAILABLE
IMMEDIATE_CLOSE_BACK_1M,USD040_TARGET_2R_BE1R,NATURAL,0.02,stop_first,LONG,1667,1667,0,0,0,0,0,11,163,163,170,7,438,1229,0,0.26274745050989802039592081583683263347330533893221355728854229154169166166766647,1.9236301369863013698630136986301369863013698630136986301369863013698630136986301,-0.73045199349064279902359641985353946297803091944670463791700569568755085435313263,-0.033098680263947210557888422315536892621475704859028194361127774445110977804439112,-0.63750000000,0.93853856217741391995660143328890624138447665795390684568946743742937011369288274,AVAILABLE,842.5500000000,-897.7255000000,100.9375000000,27,4,5,0,0,2026-03,-0.26256613756613756613756613756613756613756613756613756613756613756613756613756614,-0.055470627062706270627062706270627062706270627062706270627062706270627062706270627,AVAILABLE,AVAILABLE,AVAILABLE
IMMEDIATE_CLOSE_BACK_1M,USD040_TARGET_2R_BE1R,NATURAL,0.02,stop_first,SHORT,1644,1644,0,0,0,0,0,12,163,163,170,7,440,1204,0,0.26763990267639902676399026763990267639902676399026763990267639902676399026763990,1.9005397727272727272727272727272727272727272727272727272727272727272727272727273,-0.72636004983388704318936877076411960132890365448504983388704318936877076411960133,-0.023296836982968369829683698296836982968369829683698296836982968369829683698296837,-0.20000000000,0.95620542286637222531909723711104440918771350571016108514500521704329431270814573,AVAILABLE,836.2375000000,-874.5375000000,124.3750000000,61,4,5,0,0,2026-09,-0.43571428571428571428571428571428571428571428571428571428571428571428571428571429,-0.054051906779661016949152542372881355932203389830508474576271186440677966101694915,AVAILABLE,AVAILABLE,AVAILABLE
IMMEDIATE_CLOSE_BACK_1M,USD040_TARGET_2R_BE1R,NATURAL,0.02,target_first,LONG,1667,1667,0,0,0,0,0,11,163,163,170,7,449,1218,0,0.26934613077384523095380923815236952609478104379124175164967006598680263947210558,1.9242761692650334075723830734966592427616926503340757238307349665924276169265033,-0.73249220032840722495894909688013136288998357963875205254515599343185550082101806,-0.016901919616076784643071385722855428914217156568686262747450509898020395920815837,-0.35000000000,0.96841933005333591877382869177644981284511847725027194761568772063344039373419243,AVAILABLE,864.0000000000,-892.1755000000,89.9375000000,27,4,5,0,0,2026-03,-0.23611111111111111111111111111111111111111111111111111111111111111111111111111111,-0.038968976897689768976897689768976897689768976897689768976897689768976897689768977,AVAILABLE,AVAILABLE,AVAILABLE
IMMEDIATE_CLOSE_BACK_1M,USD040_TARGET_2R_BE1R,NATURAL,0.02,target_first,SHORT,1644,1644,0,0,0,0,0,12,163,163,170,7,452,1192,0,0.27493917274939172749391727493917274939172749391727493917274939172749391727493917,1.9018528761061946902654867256637168141592920353982300884955752212389380530973451,-0.72729656040268456375838926174496644295302013422818791946308724832214765100671141,-0.0044403892944038929440389294403892944038929440389294403892944038929440389294403893,-0.09375000000,0.99157955446615240429673419364141013625549708023934828058539398745584312594621873,AVAILABLE,859.6375000000,-866.9375000000,115.3750000000,61,4,5,0,0,2026-09,-0.43571428571428571428571428571428571428571428571428571428571428571428571428571429,-0.034277895480225988700564971751412429378531073446327683615819209039548022598870056,AVAILABLE,AVAILABLE,AVAILABLE
IMMEDIATE_CLOSE_BACK_1M,ATR050_TARGET_1R,NATURAL,0,stop_first,LONG,1667,1163,504,504,0,0,0,12,163,156,170,14,595,568,0,0.51160791057609630266552020636285468615649183147033533963886500429922613929492691,1,-1.0000066889899573866368303188527081301118657492288316622555147507271229462199574,0.023212554302411181762923799562907809197300304761843177849413260177982946300141194,1.0,1.0475282043619665773518036214202363512968702645576579553970031987526865838938913,AVAILABLE,595,-568.00379934629579560971962110833821790353974556197638416113237841300583345293579,37,16,4,4,1,0,2026-03,-0.11764705882352941176470588235294117647058823529411764705882352941176470588235294,0.0064893946468660220674030074585084221823162926818437400853545688170932538388140790,AVAILABLE,AVAILABLE,AVAILABLE
IMMEDIATE_CLOSE_BACK_1M,ATR050_TARGET_1R,NATURAL,0,stop_first,SHORT,1644,1130,514,514,0,0,0,2,163,149,170,21,570,560,0,0.50442477876106194690265486725663716814159292035398230088495575221238938053097345,0.99884167580926573949699908053406589454231486857165378040240890634989284565769712,-0.9956573504346477997218067058734601654282524586482817727968390519006411804778245,0.010417379617591773158475858951575103760440794905137046073578059783256514121509408,1.0,1.0211124679208519709206618627630407378866179904436990418854428482871809996021706,AVAILABLE,569.33975521128147151328947590441755988911947508584265482937307661943892202488736,-557.56811624340276784421175528913769263982137684303779276622986906435906106758172,51.874614903608151250727947930162105485255794466873605233259980115066986468057720,24,4,5,0,0,2026-05,-0.20930232558139534883720930232558139534883720930232558139534883720930232558139535,-0.020745944575791389614538567776787166477302499443500631767494760036604370008410981,AVAILABLE,AVAILABLE,AVAILABLE
IMMEDIATE_CLOSE_BACK_1M,ATR050_TARGET_1R,NATURAL,0,target_first,LONG,1667,1163,504,504,0,0,0,12,163,156,170,14,607,556,0,0.52192605331040412725709372312983662940670679277730008598452278589853826311263972,1,-1.0000068333566471144059705415617593847185966646798136405775762201672766788721867,0.043848839771026830946070833096871695697730227375772670540728823376607193935566818,1.0,1.0917191585986667788769929072574729410365230057969686512089495160824846107129788,AVAILABLE,607,-556.00379934629579560971962110833821790353974556197638416113237841300583345293579,33,16,6,3,0,0,2026-03,-0.10294117647058823529411764705882352941176470588235294117647058823529411764705882,0.019476407633879009080390020445521409195303305668856727098341581804106240851801092,AVAILABLE,AVAILABLE,AVAILABLE
IMMEDIATE_CLOSE_BACK_1M,ATR050_TARGET_1R,NATURAL,0,target_first,SHORT,1644,1130,514,514,0,0,0,2,163,149,170,21,572,558,0,0.50619469026548672566371681415929203539823008849557522123893805309734513274336283,0.99884572589384872642183474808464608372223684455566897697442845562838972381973315,-0.99564178538244223627994938223859801548355085455741539922263417395046426714620380,0.013957202626441330680599752756884838273715131188322886781542661553168018546288169,1.0,1.0283883083041592524604679390467521474727305795903191952360075016197073636709027,AVAILABLE,571.33975521128147151328947590441755988911947508584265482937307661943892202488736,-555.56811624340276784421175528913769263982137684303779276622986906435906106758172,51.874614903608151250727947930162105485255794466873605233259980115066986468057720,24,4,5,0,0,2026-05,-0.20930232558139534883720930232558139534883720930232558139534883720930232558139535,-0.016570579231323748695958191993906164389619827209680172477306868596103326167074864,AVAILABLE,AVAILABLE,AVAILABLE
IMMEDIATE_CLOSE_BACK_1M,ATR050_TARGET_1R,NATURAL,0.01,stop_first,LONG,1667,1163,504,504,0,0,0,12,163,156,170,14,595,568,0,0.51160791057609630266552020636285468615649183147033533963886500429922613929492691,0.97198737118119700715865304031185700819455791776348185865127534261477141672651213,-1.0281779171244459185396418080911941959741113706804224870284383933548674962476948,-0.0048775331675606728040567394757036830933218378995771854984042807994632372454136426,0.94604529905424608988958453004866713861825534743910828799224368501508957053417549,0.99028677747462521605518453432603641687825565567861001445452239525258985515850153,AVAILABLE,578.33248585281221925939855898555491987576196106927170589750882885578899295227472,-584.00505692668528173051654699579830331329525854647997263215300742556473786869063,52.252156264789924375716333130380268366962553691982511169879554584504798754001517,16,4,5,0,0,2026-03,-0.14007878240315487093003356030872569850405263238366990805325814240138507136156434,-0.021585583640281791177424988275799645502545923139022911161746249352590188346872815,AVAILABLE,AVAILABLE,AVAILABLE
IMMEDIATE_CLOSE_BACK_1M,ATR050_TARGET_1R,NATURAL,0.01,stop_first,SHORT,1644,1130,514,514,0,0,0,2,163,149,170,21,570,560,0,0.50442477876106194690265486725663716814159292035398230088495575221238938053097345,0.97338354990640089015952667626465350818282369706729878431334655589737996290313605,-1.0236981505806918882328219391988814346333911233294948397700838489486474205684426,-0.016320655644724734530486796885416905956185417465625489568707450044014138640301193,0.93191358965539958748187387052741346746998606566791145728705439504290068433298549,0.96782962677998540992198141842578859354828301996412738440767943102755285721880613,AVAILABLE,554.82862344664850739093020547085249966420950732836030705860753686150657885478755,-573.27096432518745741038028595137360339469902906451711027124695541124255551832788,68.740287530823735272959157774131998725242937987119983459118419898644246349507783,24,4,5,0,0,2026-05,-0.23943228634150087557453697526324271477162025814363255917167109011348927991932151,-0.048569981455691695049636250337711112344668678666412853898689739922025876015250154,AVAILABLE,AVAILABLE,AVAILABLE
IMMEDIATE_CLOSE_BACK_1M,ATR050_TARGET_1R,NATURAL,0.01,target_first,LONG,1667,1163,504,504,0,0,0,12,163,156,170,14,607,556,0,0.52192605331040412725709372312983662940670679277730008598452278589853826311263972,0.97199133824904230158535901967965249538822645494768313390537165760795779314362496,-1.0281858154515139200241563182658137556442207835080070665741093070823851175442379,0.015758752301054976379090294058260203407108084714352307192911282399161010390011973,0.94710956011710561260262439413214582781350198124213526550994101075585936091072870,1.0320593818455088039088778880929624156790417601968921215920274582482877308603236,AVAILABLE,589.99874231716867706231292494554906470065345815324366228056059616803038043818035,-571.67131339104173953343091295579244813818675563045192901520477473780612535459627,46.252156264789924375716333130380268366962553691982511169879554584504798754001515,16,5,4,0,0,2026-03,-0.12537290005021369445944532501460805144522910297190520217090520122491448312627022,-0.0085985706532688041644379752887866584895589101520099241487592363655772013338858004,AVAILABLE,AVAILABLE,AVAILABLE
IMMEDIATE_CLOSE_BACK_1M,ATR050_TARGET_1R,NATURAL,0.01,target_first,SHORT,1644,1130,514,514,0,0,0,2,163,149,170,21,572,558,0,0.50619469026548672566371681415929203539823008849557522123893805309734513274336283,0.97341355863749300332303373618103989304865537793758501029710172081955868933798428,-1.0237184523641307310398304257635769221403591360509953926569562775242357472488662,-0.012780832635875177008362903080107171442911081182439648860742848274102634215522437,0.93814624218846667009661630013596581437700676679452179560569254587717766455818789,0.97471733437667849138744916345331566088518285570454759755503168620481972327537857,AVAILABLE,556.79255554064599790077529709555481882383087618029862588994218430878757030132701,-571.23489641918494792022537757607592255432039791645542910258160285852354696486734,68.740287530823735272959157774131998725242937987119983459118419898644246349507789,24,4,5,0,0,2026-05,-0.23943228634150087557453697526324271477162025814363255917167109011348927991932151,-0.044394616111224054131055874554830110256986006432592394608501848481524832173914038,AVAILABLE,AVAILABLE,AVAILABLE
IMMEDIATE_CLOSE_BACK_1M,ATR050_TARGET_1R,NATURAL,0.02,stop_first,LONG,1667,1163,504,504,0,0,0,12,163,156,170,14,595,568,0,0.51160791057609630266552020636285468615649183147033533963886500429922613929492691,0.94397474236239401431730608062371401638911583552696371730255068522954283345302407,-1.0563491452589344504424532973296802618363569921320133118013620359826120462754326,-0.032967620637532527371037278514315175383943980560997548846221821776909420790968486,0.89209059810849217977916906009733427723651069487821657598448737003017914106835097,0.93609843450906175323037794035733043430487347220173185801700387912026311765335767,AVAILABLE,561.66497170562443851879711797110983975152392213854341179501765771157798590454932,-600.00631450707476785131347288325838872305077153098356110317363643812364228444570,67.504312529579848751432666260760536733925107383965022339759109169009597508003023,16,4,5,0,0,2026-03,-0.16251050598278033009536123826451022053751702947322216904769275539100543684077565,-0.049660561927429604422252984010107713187408138959889562408847067522273630532559709,AVAILABLE,AVAILABLE,AVAILABLE
IMMEDIATE_CLOSE_BACK_1M,ATR050_TARGET_1R,NATURAL,0.02,stop_first,SHORT,1644,1130,514,514,0,0,0,2,163,149,170,21,570,560,0,0.50442477876106194690265486725663716814159292035398230088495575221238938053097345,0.94792542400353604082205427199524112182333252556294378822428420544486708014857498,-1.0517389507267359767438371725243027038385297880107079067433286459966536606590608,-0.043058690907041242219449452722408915672811629836388025210992959871284791402111811,0.86382717931079917496374774105482693493997213133582291457410879008580136866597097,0.91738797260592664593154035955688671842023593468569895027164263334811578077899937,AVAILABLE,540.31749168201554326857093503728743943929953957087795928784199710357423568468774,-588.97381240697214697654881661360951414957668128599642777626404175812604996907402,85.605960158039319295190367618101891965230081507366361684976859682221506230957863,24,4,5,0,0,2026-05,-0.26956224710160640231186464820090403419440330698493953694799334301767623425724770,-0.076394018335592000484733932898635058212034857889325076029884719807447382022089315,AVAILABLE,AVAILABLE,AVAILABLE
IMMEDIATE_CLOSE_BACK_1M,ATR050_TARGET_1R,NATURAL,0.02,target_first,LONG,1667,1163,504,504,0,0,0,12,163,156,170,14,607,556,0,0.52192605331040412725709372312983662940670679277730008598452278589853826311263972,0.94398267649808460317071803935930499077645290989536626781074331521591558628724969,-1.0563647975463807256423420949698681265698449023362004925706423939974935562162895,-0.012331335168916878187890244980351288883514057947068056154906258578285173155542862,0.89421912023421122520524878826429165562700396248427053101988202151171872182145740,0.97558250513751666921456893037000703072832597374968339279792029650719603293988886,AVAILABLE,572.99748463433735412462584989109812940130691630648732456112119233606076087636056,-587.33882743578768345714220480324667837283376569892747386927717106260641725625696,61.504312529579848751432666260760536733925107383965022339759109169009597508003023,16,4,5,0,0,2026-03,-0.14780462362983915362477300297039257347869350006145746316533981421453484860548154,-0.036673548940416617409265971023094726174421125972876575395860054535260643519572696,AVAILABLE,AVAILABLE,AVAILABLE
IMMEDIATE_CLOSE_BACK_1M,ATR050_TARGET_1R,NATURAL,0.02,target_first,SHORT,1644,1130,514,514,0,0,0,2,163,149,170,21,572,558,0,0.50619469026548672566371681415929203539823008849557522123893805309734513274336283,0.94798139138113728022423272427743370237507391131950104361977498601072765485623542,-1.0517951193458192257997114692885558287971674175445753860912783810980072273515286,-0.039518867898191684697325558917099181159537293553202184503028358101373286977333050,0.87629248437693334019323260027193162875401353358904359121138509175435532911637578,0.92391175131064611764542071961997287634313109429877650969001733920029325345080504,AVAILABLE,542.24535587001052428826111828669207775854227727475459695051129199813621857776666,-586.90167659496712799623899986301415246881941898987306543893333665268803286215294,85.605960158039319295190367618101891965230081507366361684976859682221506230957863,24,4,5,0,0,2026-05,-0.26956224710160640231186464820090403419440330698493953694799334301767623425724770,-0.072218652991124359566153557115754056124352185655504616739696828366946338180753192,AVAILABLE,AVAILABLE,AVAILABLE
IMMEDIATE_CLOSE_BACK_1M,ATR050_TARGET_1.5R,NATURAL,0,stop_first,LONG,1667,1163,504,504,0,0,0,1,163,156,170,14,466,697,0,0.40068787618228718830610490111779879621668099742046431642304385210662080825451419,1.5,-1.0000766958274553733994196308887521040973884126032884186431279827554914741376454,0.0016737257164777340847846236204125395048325678551229339688218366461070013121764377,-1.0,1.0027925304562210658522289319421500388034593942384144083856362682099294475041719,AVAILABLE,699.0,-697.05345699173639525939548272946021655587972358449202779426020398057755747393881,76.0,17,5,4,0,0,2026-03,-0.24632352941176470588235294117647058823529411764705882352941176470588235294117647,-0.023272510115038739837358897303396339722445612080061021819407335944811508065947826,AVAILABLE,AVAILABLE,AVAILABLE
IMMEDIATE_CLOSE_BACK_1M,ATR050_TARGET_1.5R,NATURAL,0,stop_first,SHORT,1644,1130,514,514,0,0,0,0,163,149,170,21,464,666,0,0.41061946902654867256637168141592920353982300884955752212389380530973451327433628,1.4888551661800267812247375342955715130226260237246956180319387407329629665826278,-0.99402338817374292563872956149947589960211705568470229090110838757983308306230339,0.025494885472406759303437458366809055670343819400218620377594150063651312544110821,-1.0,1.0435171732157798576661448073763527303088399003402670237085849431269110418065140,AVAILABLE,690.82879710753242648827821591314518204249847500825876676681957570009481649433930,-662.01957652371278847539388795865094913500995908601172574013818612816883331949406,75.346801401869862561395718919278331444226853179037024012571801939770145327485662,24,4,5,0,0,2026-07,-0.27110510128812091431206223456092310430691439449222951413925419755446428329426371,-0.016876074515657235490219443664186159679924477613342580218864724110779616508523696,AVAILABLE,AVAILABLE,AVAILABLE
IMMEDIATE_CLOSE_BACK_1M,ATR050_TARGET_1.5R,NATURAL,0,target_first,LONG,1667,1163,504,504,0,0,0,1,163,156,170,14,467,696,0,0.40154772141014617368873602751504729148753224419604471195184866723989681857265692,1.5,-1.0000768060226097633037291418526727249366087982535804997043968447996803986694523,0.0038233387861251975413624396135337776819606847940739227908338744792970271075332743,-1.0,1.0063882205649563988450230744785861758939415350280256624694394022052849175885582,AVAILABLE,700.5,-696.05345699173639525939548272946021655587972358449202779426020398057755747393881,73.5,17,5,4,0,0,2026-03,-0.24632352941176470588235294117647058823529411764705882352941176470588235294117647,-0.020566882409411034209653269597768634094739984374433316191701708239183802438242198,AVAILABLE,AVAILABLE,AVAILABLE
IMMEDIATE_CLOSE_BACK_1M,ATR050_TARGET_1.5R,NATURAL,0,target_first,SHORT,1644,1130,514,514,0,0,0,0,163,149,170,21,464,666,0,0.41061946902654867256637168141592920353982300884955752212389380530973451327433628,1.4888551661800267812247375342955715130226260237246956180319387407329629665826278,-0.99402338817374292563872956149947589960211705568470229090110838757983308306230339,0.025494885472406759303437458366809055670343819400218620377594150063651312544110821,-1.0,1.0435171732157798576661448073763527303088399003402670237085849431269110418065140,AVAILABLE,690.82879710753242648827821591314518204249847500825876676681957570009481649433930,-662.01957652371278847539388795865094913500995908601172574013818612816883331949406,75.346801401869862561395718919278331444226853179037024012571801939770145327485662,24,4,5,0,0,2026-07,-0.27110510128812091431206223456092310430691439449222951413925419755446428329426371,-0.016876074515657235490219443664186159679924477613342580218864724110779616508523696,AVAILABLE,AVAILABLE,AVAILABLE
IMMEDIATE_CLOSE_BACK_1M,ATR050_TARGET_1.5R,NATURAL,0.01,stop_first,LONG,1667,1163,504,504,0,0,0,1,163,156,170,14,466,697,0,0.40068787618228718830610490111779879621668099742046431642304385210662080825451419,1.4717495079592909588722596948850327271323731987304646783429588839881052557338928,-1.0280595400693590372385464382321242940223230790647352230639753860485000259819411,-0.026416361753494120482195915418198952785789574806297429378995704331339182233378405,-1.0170358502782402731182796729622844603533118540697639972381834115031366810441410,0.95712524292352908670558693103805652237052606577528396934975072053883707493625011,AVAILABLE,685.83527070902958683447301781642525084368591060839654010781883993845704917199406,-716.55749942834324895526686744779063293355918610812045047559084407580451810941295,89.974293867896134208391085570375650047679377700284941525362758160637764459268168,17,5,4,0,0,2026-03,-0.26875525299139016504768061913225511026875851473661108452384637769550271842038786,-0.051347488402186553082186893037704407407307827900927673066508154114494950251634731,AVAILABLE,AVAILABLE,AVAILABLE
IMMEDIATE_CLOSE_BACK_1M,ATR050_TARGET_1.5R,NATURAL,0.01,stop_first,SHORT,1644,1130,514,514,0,0,0,0,163,149,170,21,464,666,0,0.41061946902654867256637168141592920353982300884955752212389380530973451327433628,1.4633387664787502733240231125000771478919278635158823898104222033282336310195914,-1.0216125328960032169639492452572710731143447938860120917734791875032886775361729,-0.0012431497899097483855251974701829540462823929705439152646913597636193402176997917,-1.0160760873230714811641513405495007182283757224445436850015886259899545932053546,0.99793537366259603524920463440890826083157969625167310643440850169821807519643206,AVAILABLE,678.98918764614012682234672420003579662185452867136942887203590234430040479309041,-680.39394690873814249799019734134253469415363272808405312113713887719025923909118,88.162248989231450344072097639628054551491494438644090228481019445510310548359541,24,4,5,0,0,2026-07,-0.29858258329445320541818944032417312552638438507030245869121428202843076264166103,-0.044700111395557540925317126225110105547290656836254802350059703996201122515362866,AVAILABLE,AVAILABLE,AVAILABLE
IMMEDIATE_CLOSE_BACK_1M,ATR050_TARGET_1.5R,NATURAL,0.01,target_first,LONG,1667,1163,504,504,0,0,0,1,163,156,170,14,467,696,0,0.40154772141014617368873602751504729148753224419604471195184866723989681857265692,1.4717075471699360365233138899832865594789387986553504211353055247771483268797584,-1.0280311109880370562890537877206324789749104805628916049395972474256835310204973,-0.024266748683846657025618099425077714608661457867346440556983666498149156438021569,-1.0170225292359521623746908832863624493801032922655394209768018596781186673180839,0.96055646686076989553797405304131415811929815098739548408851551107976520528759558,AVAILABLE,687.28742452836012905638758662219482327666441897204864667018768007092826865284718,-715.50965324767379117718143625356020536653769447177255703795968420827573759026609,87.474293867896134208391085570375650047679377700284941525362758160637764459268168,17,5,4,0,0,2026-03,-0.26875525299139016504768061913225511026875851473661108452384637769550271842038786,-0.048641860696558847454481265332076701779602200195299967438802526408867244623929103,AVAILABLE,AVAILABLE,AVAILABLE
IMMEDIATE_CLOSE_BACK_1M,ATR050_TARGET_1.5R,NATURAL,0.01,target_first,SHORT,1644,1130,514,514,0,0,0,0,163,149,170,21,464,666,0,0.41061946902654867256637168141592920353982300884955752212389380530973451327433628,1.4633387664787502733240231125000771478919278635158823898104222033282336310195914,-1.0216125328960032169639492452572710731143447938860120917734791875032886775361729,-0.0012431497899097483855251974701829540462823929705439152646913597636193402176997917,-1.0160760873230714811641513405495007182283757224445436850015886259899545932053546,0.99793537366259603524920463440890826083157969625167310643440850169821807519643206,AVAILABLE,678.98918764614012682234672420003579662185452867136942887203590234430040479309041,-680.39394690873814249799019734134253469415363272808405312113713887719025923909118,88.162248989231450344072097639628054551491494438644090228481019445510310548359541,24,4,5,0,0,2026-07,-0.29858258329445320541818944032417312552638438507030245869121428202843076264166103,-0.044700111395557540925317126225110105547290656836254802350059703996201122515362866,AVAILABLE,AVAILABLE,AVAILABLE
IMMEDIATE_CLOSE_BACK_1M,ATR050_TARGET_1.5R,NATURAL,0.02,stop_first,LONG,1667,1163,504,504,0,0,0,1,163,156,170,14,466,697,0,0.40068787618228718830610490111779879621668099742046431642304385210662080825451419,1.4434990159185819177445193897700654542647463974609293566859177679762105114677852,-1.0560423843112627010776732455754964839472577455261820274848227893415085778262371,-0.054506449223465975049176454456810445076411717467717792726813245308785365778933258,-1.0340717005564805462365593459245689207066237081395279944763668230062733620882821,0.91387812452980775427615924282084436800691013733811991631878160694546489633140257,AVAILABLE,672.67054141805917366894603563285050168737182121679308021563767987691409834398789,-736.06154186495010265113825216612104931123864863174887315692148417103147874488724,103.94858773579226841678217114075130009535875540056988305072551632127552891853632,17,5,4,0,0,2026-03,-0.29118697657101562421300829708803963230222291182616334551828099068512308389959921,-0.079422466689334366327014888772012475092170043721794324313608972284178392437321635,AVAILABLE,AVAILABLE,AVAILABLE
IMMEDIATE_CLOSE_BACK_1M,ATR050_TARGET_1.5R,NATURAL,0.02,stop_first,SHORT,1644,1130,514,514,0,0,0,0,163,149,170,21,464,666,0,0.41061946902654867256637168141592920353982300884955752212389380530973451327433628,1.4378223667774737654233086907045827827612297033070691615889056659235042954565552,-1.0492016776182635082891689290150662466265725320873218926458499874267442720100425,-0.027981185052226256074487853307174963762908605341306450906976869590889992979510391,-1.0321521746461429623283026810990014364567514448890873700031772519799091864107092,0.95475075453982969751206769325108539624279290686094503822772720177229725354054188,AVAILABLE,667.14957818474782715641523248692641120121058233448009097725222898850599309184163,-698.76831729376349652058650672403412025329730637015638050213609162621168515868832,105.63962637658832618507267284786337237431327779576385543841880629056845735847016,24,4,5,0,0,2026-07,-0.32606006530078549652431664608742314674585437564837540324317436650239724198905825,-0.072524148275457846360414808786034051414656836059167024481254683881622628522202027,AVAILABLE,AVAILABLE,AVAILABLE
IMMEDIATE_CLOSE_BACK_1M,ATR050_TARGET_1.5R,NATURAL,0.02,target_first,LONG,1667,1163,504,504,0,0,0,1,163,156,170,14,467,696,0,0.40154772141014617368873602751504729148753224419604471195184866723989681857265692,1.4434150943398720730466277799665731189578775973107008422706110495542966537595163,-1.0559854159534643492743784335885922330132121628722027101747976500516866633715424,-0.052356836153818511592598638463689206899283600528766803904801207475595339983576424,-1.0340450584719043247493817665727248987602065845310788419536037193562373346361677,0.91715125200985036155395410288667051305363335623296619937492009276543660609756691,AVAILABLE,674.07484905672025811277517324438964655332883794409729334037536014185653730569413,-734.96584950361118709496738977766019417719566535905308628165916443597391770659350,101.44858773579226841678217114075130009535875540056988305072551632127552891853632,17,5,4,0,0,2026-03,-0.29118697657101562421300829708803963230222291182616334551828099068512308389959921,-0.076716838983706660699309261066384769464464416016166618685903344578550686809616010,AVAILABLE,AVAILABLE,AVAILABLE
IMMEDIATE_CLOSE_BACK_1M,ATR050_TARGET_1.5R,NATURAL,0.02,target_first,SHORT,1644,1130,514,514,0,0,0,0,163,149,170,21,464,666,0,0.41061946902654867256637168141592920353982300884955752212389380530973451327433628,1.4378223667774737654233086907045827827612297033070691615889056659235042954565552,-1.0492016776182635082891689290150662466265725320873218926458499874267442720100425,-0.027981185052226256074487853307174963762908605341306450906976869590889992979510391,-1.0321521746461429623283026810990014364567514448890873700031772519799091864107092,0.95475075453982969751206769325108539624279290686094503822772720177229725354054188,AVAILABLE,667.14957818474782715641523248692641120121058233448009097725222898850599309184163,-698.76831729376349652058650672403412025329730637015638050213609162621168515868832,105.63962637658832618507267284786337237431327779576385543841880629056845735847016,24,4,5,0,0,2026-07,-0.32606006530078549652431664608742314674585437564837540324317436650239724198905825,-0.072524148275457846360414808786034051414656836059167024481254683881622628522202027,AVAILABLE,AVAILABLE,AVAILABLE
IMMEDIATE_CLOSE_BACK_1M,ATR050_TARGET_2R,NATURAL,0,stop_first,LONG,1667,1163,504,504,0,0,0,1,163,156,170,14,390,773,0,0.33533963886500429922613929492691315563198624247635425623387790197764402407566638,1.9866477820554207704081723548763739530815626266428488996376901315403527215726291,-0.99796564467585336458957434202543801999200853776614950579203878203641086369760373,0.0028935439958550727699451866002770870575983015455524530365031580280240445185534368,-1.0,1.0043622918736643234402909776930485853075994241527655944416119444747388686208372,AVAILABLE,774.79263500161410045918721840178584170180942439071107085869915130073756141332533,-771.42744333443465082774096638566358945382259969323356797724597851414559763824768,71.726782466389330794957037658830455568605431829467685450852050326327474789500680,25,5,4,0,0,2026-08,-0.24005065795061060812959494811117623871386327415968512214843171217341111270581055,-0.025390665712888989865160865570903477361309032700212104021493638906966669423186229,AVAILABLE,AVAILABLE,AVAILABLE
IMMEDIATE_CLOSE_BACK_1M,ATR050_TARGET_2R,NATURAL,0,stop_first,SHORT,1644,1130,514,514,0,0,0,0,163,149,170,21,364,766,0,0.32212389380530973451327433628318584070796460176991150442477876106194690265486726,1.9739060795938130222984104714753824327035933743671393251061273755054193508455860,-0.99500186562630944126972116013818049667696719577912861929098146169492923468999567,-0.038645677962482382208836280574165535354379543094844077909965871658710752269684427,-1.0,0.94270368262045086442671567362352966255897511362457230323117669209092843442684260,AVAILABLE,718.50181297214794011662141161703920550410798826963871433863036468397264370779329,-762.17142906975303201260640866584626045455687196681252237689179965831579377253668,149.91656821580922199983495422504661580489949095823835526511370116321709785599546,29,4,5,0,0,2026-09,-0.625,-0.10219099791224872557034828687259313157578019773517350949503431551241315942892720,AVAILABLE,AVAILABLE,AVAILABLE
IMMEDIATE_CLOSE_BACK_1M,ATR050_TARGET_2R,NATURAL,0,target_first,LONG,1667,1163,504,504,0,0,0,1,163,156,170,14,391,772,0,0.33619948409286328460877042132416165090283748925193465176268271711092003439380911,1.9866819309504196942690210189303985721273898322013070865951384943752878808524945,-0.99796300950056301920691835024049687753085828975807456991871240740174300212208249,0.0054730796794320289178385657920225728701520418722936396229176034278520754729816397,-1.0,1.0082618963307312836945544018694899515754255191885757025623006824563122892025365,AVAILABLE,776.79263500161410045918721840178584170180942439071107085869915130073756141332533,-770.42744333443465082774096638566358945382259969323356797724597851414559763824768,68.726782466389330794957037658830455568605431829467685450852050326327474789500680,25,5,4,0,0,2026-08,-0.24005065795061060812959494811117623871386327415968512214843171217341111270581055,-0.022530799173327502734560293597595565063882912585817442439034153682943790490869737,AVAILABLE,AVAILABLE,AVAILABLE
IMMEDIATE_CLOSE_BACK_1M,ATR050_TARGET_2R,NATURAL,0,target_first,SHORT,1644,1130,514,514,0,0,0,0,163,149,170,21,364,766,0,0.32212389380530973451327433628318584070796460176991150442477876106194690265486726,1.9739060795938130222984104714753824327035933743671393251061273755054193508455860,-0.99500186562630944126972116013818049667696719577912861929098146169492923468999567,-0.038645677962482382208836280574165535354379543094844077909965871658710752269684427,-1.0,0.94270368262045086442671567362352966255897511362457230323117669209092843442684260,AVAILABLE,718.50181297214794011662141161703920550410798826963871433863036468397264370779329,-762.17142906975303201260640866584626045455687196681252237689179965831579377253668,149.91656821580922199983495422504661580489949095823835526511370116321709785599546,29,4,5,0,0,2026-09,-0.625,-0.10219099791224872557034828687259313157578019773517350949503431551241315942892720,AVAILABLE,AVAILABLE,AVAILABLE
IMMEDIATE_CLOSE_BACK_1M,ATR050_TARGET_2R,NATURAL,0.01,stop_first,LONG,1667,1163,504,504,0,0,0,1,163,156,170,14,390,773,0,0.33533963886500429922613929492691315563198624247635425623387790197764402407566638,1.9584961787510500831444160757022304669365364601985956408011332487662903374228640,-1.0260246956963872569938866551224486356937334368631393009113849862730028192539707,-0.025196543474116781797035352438334405233023841115867910311314382949422139027001408,-1.0181156027145021154524409728779746956441207839309501473488709752045023668875827,0.96305264324997269765702445704504671240491771951378069390126206110056168240352522,AVAILABLE,763.81350971290953242632226952386988210524921947745229991244196701885323159491697,-793.11708977330734965627438440965279539125594669520667960450059438903117928331937,84.664906592157755134600846300279042664361644125983556827430867592956543651239904,25,4,5,0,0,2026-08,-0.28011773979141218933824871381310505559199945247618985013867416068969875925844396,-0.053116411461192548332428719818469063732981800038359835076439680738263385560504863,AVAILABLE,AVAILABLE,AVAILABLE
IMMEDIATE_CLOSE_BACK_1M,ATR050_TARGET_2R,NATURAL,0.01,stop_first,SHORT,1644,1130,514,514,0,0,0,0,163,149,170,21,364,766,0,0.32212389380530973451327433628318584070796460176991150442477876106194690265486726,1.9480878921245569349929323042693407348545204672723342574438399721174598258085488,-1.0221770087171820756161098654029347955839189996909466619107073249737785434463462,-0.065383713224798889897798936411157545071005755465606613552251381485981405031495037,-1.0182019588111598642716109612215978325221052127637696397819961995795392000396824,0.90563886706195635137692636243790764750077230843119495395798596500427445127930793,AVAILABLE,709.10399273333872433742735875404002748704545008712966970955774985075537659431178,-782.98758867736146992194015689864805341728195376326514302360181092991436427990119,167.39394560316609784083552943328193362772127431535812047505148800827524466610609,29,4,5,0,0,2026-09,-0.66507791507877583651988631644813934876790860933986076521717163829389608484912325,-0.13001503479214903100544596943351707744314637695808573162622929539783466543576638,AVAILABLE,AVAILABLE,AVAILABLE
IMMEDIATE_CLOSE_BACK_1M,ATR050_TARGET_2R,NATURAL,0.01,target_first,LONG,1667,1163,504,504,0,0,0,1,163,156,170,14,391,772,0,0.33619948409286328460877042132416165090283748925193465176268271711092003439380911,1.9584799578829669428343653154210727737550581274708552595263703507706507700147573,-1.0259964295241423469924727373256766422593710557757238162783282830589409310416742,-0.022617007790539825649141973246588919420470100789126723724899937549594108072573203,-1.0180564879527071390320849755256060181619385137688614784005993238085774268312720,0.96679131240964359649505804458861429650325822205231427849821015635383013208228275,AVAILABLE,765.76566353224007464823683832963945453822772784110440647481080715132445107577009,-792.06924359263789187818895321542236782423445505885878616686943452150239876417251,81.664906592157755134600846300279042664361644125983556827430867592956543651239904,25,4,5,0,0,2026-08,-0.28011773979141218933824871381310505559199945247618985013867416068969875925844396,-0.050256544921631061201828147845161151435555679923965173493980195514240506628188371,AVAILABLE,AVAILABLE,AVAILABLE
IMMEDIATE_CLOSE_BACK_1M,ATR050_TARGET_2R,NATURAL,0.01,target_first,SHORT,1644,1130,514,514,0,0,0,0,163,149,170,21,364,766,0,0.32212389380530973451327433628318584070796460176991150442477876106194690265486726,1.9480878921245569349929323042693407348545204672723342574438399721174598258085488,-1.0221770087171820756161098654029347955839189996909466619107073249737785434463462,-0.065383713224798889897798936411157545071005755465606613552251381485981405031495037,-1.0182019588111598642716109612215978325221052127637696397819961995795392000396824,0.90563886706195635137692636243790764750077230843119495395798596500427445127930793,AVAILABLE,709.10399273333872433742735875404002748704545008712966970955774985075537659431178,-782.98758867736146992194015689864805341728195376326514302360181092991436427990119,167.39394560316609784083552943328193362772127431535812047505148800827524466610609,29,4,5,0,0,2026-09,-0.66507791507877583651988631644813934876790860933986076521717163829389608484912325,-0.13001503479214903100544596943351707744314637695808573162622929539783466543576638,AVAILABLE,AVAILABLE,AVAILABLE
IMMEDIATE_CLOSE_BACK_1M,ATR050_TARGET_2R,NATURAL,0.02,stop_first,LONG,1667,1163,504,504,0,0,0,1,163,156,170,14,390,773,0,0.33533963886500429922613929492691315563198624247635425623387790197764402407566638,1.9303445754466793958806597965280869807915102937543423819645763659922279532730982,-1.0540837467169211493981989682194592513954583359601290960307311905095947748103379,-0.053286630944088636364015891476945897523645983777288273659131923926868322572556252,-1.0362312054290042309048819457559493912882415678619002946977419504090047337751654,0.92394226871998128525448072892204078971393441421161156788564723440911424731441483,AVAILABLE,752.83438442420496439345732064595392250868901456419352896618478273696890177650830,-814.80673621218004848480780243364200132868929369717979123175521026391676092839118,98.668732524239654338931264524794052783388863807271042708011403959765863479630242,25,4,5,0,0,2026-08,-0.32018482163221377054690247951503387247013563079269457812891660920598640581107737,-0.080842157209496106799696574066034650104654567376507566131385722569560101697823498,AVAILABLE,AVAILABLE,AVAILABLE
IMMEDIATE_CLOSE_BACK_1M,ATR050_TARGET_2R,NATURAL,0.02,stop_first,SHORT,1644,1130,514,514,0,0,0,0,163,149,170,21,364,766,0,0.32212389380530973451327433628318584070796460176991150442477876106194690265486726,1.9222697046553008476874541370632990370054475601775291897815525687295003007715118,-1.0493521518080547099624985706676890944908708036027647045304331882526278522026966,-0.092121748487115397586761592248149554787631967836369149194536891313252057793305637,-1.0364039176223197285432219224431956650442104255275392795639923991590784000793649,0.87049379153487720863033744775391914883094252954010680969025988347946675890612797,AVAILABLE,699.70617249452950855823330589104084946998291190462062508048513501753810948083028,-803.80374828496990783127390513144984638000703555971776367031182220151293478726560,184.87132299052297368183610464151725145054305767247788568498927485333339147621671,29,4,5,0,0,2026-09,-0.70515583015755167303977263289627869753581721867972153043434327658779216969824644,-0.15783907167204933644054365199444102331051255618099795375742427528325617144260550,AVAILABLE,AVAILABLE,AVAILABLE
IMMEDIATE_CLOSE_BACK_1M,ATR050_TARGET_2R,NATURAL,0.02,target_first,LONG,1667,1163,504,504,0,0,0,1,163,156,170,14,391,772,0,0.33619948409286328460877042132416165090283748925193465176268271711092003439380911,1.9302779848155141913997096119117469753827264227404034324576022071660136591770193,-1.0540298495477216747780271244108564069878838217933730626379441587161388599612661,-0.050707095260511680216122512285200411711092243450547087072717478527040291618128049,-1.0361129759054142780641699510512120363238770275377229568011986476171548536625440,0.92752666658069209590688607696433175002136778940401738279057221628329673033577028,AVAILABLE,754.73869206286604883728645825749306737464603129149774209092246300191134073821456,-813.71104385084113292863694004518114619464631042448400435649289052885919989009744,95.668732524239654338931264524794052783388863807271042708011403959765863479630242,25,4,5,0,0,2026-08,-0.32018482163221377054690247951503387247013563079269457812891660920598640581107737,-0.077982290669934619669096002092726737807228447262112904548926237345537222765507017,AVAILABLE,AVAILABLE,AVAILABLE
IMMEDIATE_CLOSE_BACK_1M,ATR050_TARGET_2R,NATURAL,0.02,target_first,SHORT,1644,1130,514,514,0,0,0,0,163,149,170,21,364,766,0,0.32212389380530973451327433628318584070796460176991150442477876106194690265486726,1.9222697046553008476874541370632990370054475601775291897815525687295003007715118,-1.0493521518080547099624985706676890944908708036027647045304331882526278522026966,-0.092121748487115397586761592248149554787631967836369149194536891313252057793305637,-1.0364039176223197285432219224431956650442104255275392795639923991590784000793649,0.87049379153487720863033744775391914883094252954010680969025988347946675890612797,AVAILABLE,699.70617249452950855823330589104084946998291190462062508048513501753810948083028,-803.80374828496990783127390513144984638000703555971776367031182220151293478726560,184.87132299052297368183610464151725145054305767247788568498927485333339147621671,29,4,5,0,0,2026-09,-0.70515583015755167303977263289627869753581721867972153043434327658779216969824644,-0.15783907167204933644054365199444102331051255618099795375742427528325617144260550,AVAILABLE,AVAILABLE,AVAILABLE
IMMEDIATE_CLOSE_BACK_1M,ATR050_TARGET_2R_BE1R,NATURAL,0,stop_first,LONG,1667,1163,504,504,0,0,0,3,163,156,170,14,304,580,279,0.26139294926913155631986242476354256233877901977644024075666380051590713671539123,1.9880031146467183224544576485609080453309063845302563031964199265361489154025175,-0.98686119655548312790998138972843883891861671344685305592662879813517052213399634,0.027492220851609764263427273533982389688562207306984646375122059113147349479490488,0E+38,1.0558605840800795141700452635513994264199616986807384393584417496801759567101653,AVAILABLE,604.35294685260237002615512516251604578059554089719791617171165766698927028236533,-572.37949400218021418778920604249452657279769379917477243744470291839890283771788,55.724628663235483888141911137309576177234890138139474743467405026725197301260852,16,6,3,0,0,2026-03,-0.18543773261609177184485778115181930461490314587959556159421168649481554337636238,0.0066477148240439998459160334795248038205889867474005183358121589595713702999498923,AVAILABLE,AVAILABLE,AVAILABLE
IMMEDIATE_CLOSE_BACK_1M,ATR050_TARGET_2R_BE1R,NATURAL,0,stop_first,SHORT,1644,1130,514,514,0,0,0,5,163,149,170,21,265,569,296,0.23451327433628318584070796460176991150442477876106194690265486725663716814159292,1.9682326680756314870798955573716897104180786991152903696167819611946815749905555,-0.98440975911018312952580417752613452721369299673303633461784643129172574053816852,-0.034112828224470669578770136556524577631681822898713032255847256361417105304177587,-0.15439861983688895733423986777580184071888492705292001863381268442325258730642553,0.93118105763330095478068733293052802376147811140909170878944342005001468235051839,AVAILABLE,521.58165704004234407617232270349777326079085526555194794844721971659061737249722,-560.12915293369420070018257701237054598459131514109767439755461940499194636621789,99.998933014880346927140584601822605116350659243500656617453663935564291621309896,24,4,5,0,0,2026-09,-0.3125,-0.070748283711880003992086551235918515472806895207378017230781669076148210503016211,AVAILABLE,AVAILABLE,AVAILABLE
IMMEDIATE_CLOSE_BACK_1M,ATR050_TARGET_2R_BE1R,NATURAL,0,target_first,LONG,1667,1163,504,504,0,0,0,3,163,156,170,14,307,579,277,0.26397248495270851246775580395528804815133276010318142734307824591573516766981943,1.9881203480540793811926877041124301165491711429876153621228392757882386654148708,-0.98683850432155477407217479454662267111018599965315159315620846790742470265581672,0.033511137446622661941845158314721856584520934736047415076755765046079421706489628,0E+38,1.0682094006864611853488194968959150307216543899078131244833345489439088578506447,AVAILABLE,610.35294685260237002615512516251604578059554089719791617171165766698927028236533,-571.37949400218021418778920604249452657279769379917477243744470291839890283771788,50.724628663235483888141911137309576177234890138139474743467405026725197301260852,16,6,3,0,0,2026-03,-0.18543773261609177184485778115181930461490314587959556159421168649481554337636238,0.013320736749687469817317368083909932514583267014321395361550957815624754475355040,AVAILABLE,AVAILABLE,AVAILABLE
IMMEDIATE_CLOSE_BACK_1M,ATR050_TARGET_2R_BE1R,NATURAL,0,target_first,SHORT,1644,1130,514,514,0,0,0,5,163,149,170,21,270,569,291,0.23893805309734513274336283185840707964601769911504424778761061946902654867256637,1.9688209520001568299117493433462880491140402046872294368461008137651504347129527,-0.98440975911018312952580417752613452721369299673303633461784643129172574053816852,-0.025263270702346775773460402043250241348495982190748430485935751936638344242230684,-0.15439861983688895733423986777580184071888492705292001863381268442325258730642553,0.94903408304293136392974566563290261312542639059375644882156610869199015563606279,AVAILABLE,531.58165704004234407617232270349777326079085526555194794844721971659061737249722,-560.12915293369420070018257701237054598459131514109767439755461940499194636621789,99.998933014880346927140584601822605116350659243500656617453663935564291621309896,24,4,5,0,0,2026-09,-0.3125,-0.067290480979873291762786791420899620270344476270575361043421334484187393352701853,AVAILABLE,AVAILABLE,AVAILABLE
IMMEDIATE_CLOSE_BACK_1M,ATR050_TARGET_2R_BE1R,NATURAL,0.01,stop_first,LONG,1667,1163,504,504,0,0,0,3,163,156,170,14,304,859,0,0.26139294926913155631986242476354256233877901977644024075666380051590713671539123,1.9605481540330132508111818950057795925840385973124289441923306918849685871267846,-0.69464721502117711207174824663986105060738467799788956679128448863935971420881861,-0.00059786661836209030355326550462910260205993535443571697269548186429883406606434359,-0.058815654986737897497854262377761891271207529462380544782527294138126393709947190,0.99883473002195013163060421793093830706273406602789979006773994800506098185054417,AVAILABLE,596.00663882603602824659929608175699614554773358297839903446853033303045048654252,-596.70195770319113926963174386364064247174343840018713787371337574120999450537519,64.697027076014164992139409264561476641624095796995388132722141903661976755938958,28,5,4,0,0,2026-03,-0.20786945619571723101018545910760382664836754296914782258864629948443590885557377,-0.021078030924259558621351820768040782551083780590747212719133882871725345837368731,AVAILABLE,AVAILABLE,AVAILABLE
IMMEDIATE_CLOSE_BACK_1M,ATR050_TARGET_2R_BE1R,NATURAL,0.01,stop_first,SHORT,1644,1130,514,514,0,0,0,5,163,149,170,21,265,865,0,0.23451327433628318584070796460176991150442477876106194690265486725663716814159292,1.9415161841958331568154009669578153939707881755150573873340885004352366986690942,-0.67429279138955525649551365508496511341716409984508392990569188255324264943569555,-0.060850863486787177267732792393516587348308035269475567898132766188687758065988204,-0.17438427317933259075245117329152314701191261889218391301204715227944760871617458,0.88210902362779737394686347330579469418551290145332692033807447686613717559174813,AVAILABLE,514.50178881189578655608125624382107940225886651149020764353345261533772514730995,-583.26326455196529686861931164849482310584694636599759936842347840855489176187665,117.57375620122563132422525743395529950486538145634257905575966612631634448287523,32,4,5,0,0,2026-09,-0.35257791507877583651988631644813934876790860933986076521717163829389608484912323,-0.098572320591780309427184233796842461340173074430290239361976648961569716509855382,AVAILABLE,AVAILABLE,AVAILABLE
IMMEDIATE_CLOSE_BACK_1M,ATR050_TARGET_2R_BE1R,NATURAL,0.01,target_first,LONG,1667,1163,504,504,0,0,0,3,163,156,170,14,307,856,0,0.26397248495270851246775580395528804815133276010318142734307824591573516766981943,1.9604949292416901626093050189488126767865876900471331120271231111480027897094595,-0.69575614737658176512159940256912282488280154867018528531725658940492570147153821,0.0054210499766508073748646192761103642938987920746270517289382240686332381609347914,-0.058657535381422092214762576348674919911107740335476636622191186674416381297808409,1.0105860102182898294560717632700660612494659275126630613526381035850240290397194,AVAILABLE,601.87194327719887992105664081728549177348242084446986539232679512243685644080407,-595.56726215435399094408908859916913809967812566167860423157164053061640045963671,59.697027076014164992139409264561476641624095796995388132722141903661976755938962,28,5,4,0,0,2026-03,-0.20786945619571723101018545910760382664836754296914782258864629948443590885557377,-0.014405008998616088649950486163655653857089500323826335693395084015671961661963587,AVAILABLE,AVAILABLE,AVAILABLE
IMMEDIATE_CLOSE_BACK_1M,ATR050_TARGET_2R_BE1R,NATURAL,0.01,target_first,SHORT,1644,1130,514,514,0,0,0,5,163,149,170,21,270,860,0,0.23893805309734513274336283185840707964601769911504424778761061946902654867256637,1.9422601458380282428387846372383967971288690036511056737469207338659114207076434,-0.67810664548411294869652314820818706852137524516314642283320770225234098861119817,-0.052001305964663283462423057880242251065122194561510966128221261763908997004041303,-0.17438427317933259075245117329152314701191261889218391301204715227944760871617458,0.89923812452332815504643498220851972816605493858145657259901056934090900153202416,AVAILABLE,524.41023937626762556647185205436713522479463098579853191166859814379608359106373,-583.17171511633713587900990745904087892838271084030592363655862393701325020563043,117.57375620122563132422525743395529950486538145634257905575966612631634448287523,32,4,5,0,0,2026-09,-0.35257791507877583651988631644813934876790860933986076521717163829389608484912323,-0.094839324574705028367659629767178336921166349075018723153446624367918732705223828,AVAILABLE,AVAILABLE,AVAILABLE
IMMEDIATE_CLOSE_BACK_1M,ATR050_TARGET_2R_BE1R,NATURAL,0.02,stop_first,LONG,1667,1163,504,504,0,0,0,3,163,156,170,14,304,859,0,0.26139294926913155631986242476354256233877901977644024075666380051590713671539123,1.9330931934193081791679061414506511398371708100946015851882414572337882588510510,-0.72296207381164384674211208577972847307414340279534284436552042906172419810597515,-0.028687954088333944870533804543240594892682078015856080320513022841745017611619194,-0.11731507076284418442952515269734983982221548067095327324438237334883276259561682,0.94627571886900577691535903026693897517468551006082283637418161788467655106076537,AVAILABLE,587.66033079946968646704346700099794651049992626875888189722540299907163069071949,-621.02442140420206435147428168478675837068918300119950330998204856402108617303265,74.702070809840645599484121389348100962715165291054241534482815927573030616066903,28,4,5,0,0,2026-08,-0.24032559870167398862102214097015622588404728222469058097168936965567038525396265,-0.048803776672563117088619675015606368922756547928894943774079924703022061974687360,AVAILABLE,AVAILABLE,AVAILABLE
IMMEDIATE_CLOSE_BACK_1M,ATR050_TARGET_2R_BE1R,NATURAL,0.02,stop_first,SHORT,1644,1130,514,514,0,0,0,5,163,149,170,21,265,865,0,0.23451327433628318584070796460176991150442477876106194690265486725663716814159292,1.9147997003160348265509063765439410775234976519148244050513950396757918223476329,-0.70103742909853918270179889743886601182323997409352314952519345365562755740755526,-0.0875888987491036849566954482305085970649342476402381035404182760159584108277988,-0.19436992652177622417066247880724445330494031073144780739028162013564263012592362,0.83678119418725620734927343058991432103345138480687153939195472397724893122448017,AVAILABLE,507.42192058374922903599018978414438554372687775742846733861968551408483292212273,-606.39737617023639303705604628461910022710257759089752433929233741211783715753530,135.14857938757091572130993026608799389338010366918450149406566831706839734444055,32,4,5,0,0,2026-09,-0.39265583015755167303977263289627869753581721867972153043434327658779216969824644,-0.12639635747168061486228191635776640720753925365320246149317162884699122251669450,AVAILABLE,AVAILABLE,AVAILABLE
IMMEDIATE_CLOSE_BACK_1M,ATR050_TARGET_2R_BE1R,NATURAL,0.02,target_first,LONG,1667,1163,504,504,0,0,0,3,163,156,170,14,307,856,0,0.26397248495270851246775580395528804815133276010318142734307824591573516766981943,1.9328695104293009440259223337851952370240042371066508619314069465077669140040475,-0.72401288587211187815466001303252774489083943636002621031039553521359100243172394,-0.022669037493321047192115919762501127996723350586793311618879316908812945384620052,-0.11597400966062140176529168988752418400643340847081252026121214719257852456410581,0.95746046532015588597965083465773011056237087598024291728953681987690036253205760,AVAILABLE,593.39093970179538981595815647205493776636930079174181461294193257788444259924257,-619.75503030652776770038897115584374962655855752418243602569857814283389808155569,69.702070809840645599484121389348100962715165291054241534482815927573030616066903,28,4,5,0,0,2026-08,-0.24032559870167398862102214097015622588404728222469058097168936965567038525396265,-0.042130754746919647117218340411221240228762267661974066748341125846968677799282213,AVAILABLE,AVAILABLE,AVAILABLE
IMMEDIATE_CLOSE_BACK_1M,ATR050_TARGET_2R_BE1R,NATURAL,0.02,target_first,SHORT,1644,1130,514,514,0,0,0,5,163,149,170,21,270,860,0,0.23893805309734513274336283185840707964601769911504424778761061946902654867256637,1.9156993396758996557658199311305055451436978026149819106477406539666724067023343,-0.70490032244067450123004329989036187426996989132501648008786352147562157447098005,-0.078739341226979791151385713717234260781748406932273501770506771591179649765851904,-0.19436992652177622417066247880724445330494031073144780739028162013564263012592362,0.85322771350268747406162109815483844322869727680791181240136567413339184365889485,AVAILABLE,517.23882171249290705677138140523649718879840670604511587488997657100154980963027,-606.21427729898007105783723790571121187217410653951417287556262846903455404504284,135.14857938757091572130993026608799389338010366918450149406566831706839734444056,32,4,5,0,0,2026-09,-0.39265583015755167303977263289627869753581721867972153043434327658779216969824644,-0.12238816816953676497253246811345705357198822187946208526347191425165007205774574,AVAILABLE,AVAILABLE,AVAILABLE
MOMENTUM_AWAY_025,USD025_TARGET_1R,NATURAL,0,stop_first,LONG,3036,3036,0,0,0,0,0,263,169,169,170,1,1326,1710,0,0.43675889328063241106719367588932806324110671936758893280632411067193675889328063,1.0000000000,-1.0000000000,-0.12648221343873517786561264822134387351778656126482213438735177865612648221343874,-1.00000000000,0.77543859649122807017543859649122807017543859649122807017543859649122807017543860,AVAILABLE,1326.0000000000,-1710.0000000000,404.0000000000,39,2,6,1,0,2026-06,-0.22459893048128342245989304812834224598930481283422459893048128342245989304812834,-0.13679081099895579533588583362339018447615732683605986773407587887225896275670031,AVAILABLE,AVAILABLE,AVAILABLE
MOMENTUM_AWAY_025,USD025_TARGET_1R,NATURAL,0,stop_first,SHORT,2988,2988,0,0,0,0,0,189,170,170,170,0,1391,1597,0,0.46552878179384203480589022757697456492637215528781793842034805890227576974564926,1.0000000000,-1.0000495929868503443957420162805259862241703193487789605510331872260488415779587,-0.068968942436412315930388219544846050870147255689424364123159303882195448460508701,-1.00000000000,0.87096494650985373799871665725782415800042978457173570352678815177105806650039647,AVAILABLE,1391.0000000000,-1597.0792000000,221.0792000000,26,2,7,0,0,2026-09,-0.28571428571428571428571428571428571428571428571428571428571428571428571428571429,-0.10235563198624247635425623387790197764402407566638005159071367153912295786758383,AVAILABLE,AVAILABLE,AVAILABLE
MOMENTUM_AWAY_025,USD025_TARGET_1R,NATURAL,0,target_first,LONG,3036,3036,0,0,0,0,0,263,169,169,170,1,1589,1447,0,0.52338603425559947299077733860342555994729907773386034255599472990777338603425560,1.0000000000,-1.0000000000,0.046772068511198945981554677206851119894598155467720685111989459815546772068511199,1.00000000000,1.0981340704906703524533517622667588113337940566689702833448514167242570836212854,AVAILABLE,1589.0000000000,-1447.0000000000,73.0000000000,26,9,0,0,0,2026-03,0.0057471264367816091954022988505747126436781609195402298850574712643678160919540230,0.034166666666666666666666666666666666666666666666666666666666666666666666666666667,AVAILABLE,AVAILABLE,AVAILABLE
MOMENTUM_AWAY_025,USD025_TARGET_1R,NATURAL,0,target_first,SHORT,2988,2988,0,0,0,0,0,189,170,170,170,0,1580,1408,0,0.52878179384203480589022757697456492637215528781793842034805890227576974564926372,1.0000000000,-1.0000562500,0.057537081659973226238286479250334672021419009370816599732262382864792503346720214,1.00000000000,1.1220959730106090623311529635548909464751698626043194161237521298517867460864417,AVAILABLE,1580.0000000000,-1408.0792000000,72.0000000000,26,5,4,0,0,2026-09,-0.28571428571428571428571428571428571428571428571428571428571428571428571428571429,0.018882545141874462596732588134135855546001719690455717970765262252794496990541702,AVAILABLE,AVAILABLE,AVAILABLE
MOMENTUM_AWAY_025,USD025_TARGET_1R,NATURAL,0.01,stop_first,LONG,3036,3036,0,0,0,0,0,263,169,169,170,1,1326,1710,0,0.43675889328063241106719367588932806324110671936758893280632411067193675889328063,0.9600000000,-1.0400000000,-0.16648221343873517786561264822134387351778656126482213438735177865612648221343874,-1.04000000000,0.71578947368421052631578947368421052631578947368421052631578947368421052631578947,AVAILABLE,1272.9600000000,-1778.4000000000,522.4800000000,39,2,7,0,0,2026-06,-0.26459893048128342245989304812834224598930481283422459893048128342245989304812834,-0.17679081099895579533588583362339018447615732683605986773407587887225896275670031,AVAILABLE,AVAILABLE,AVAILABLE
MOMENTUM_AWAY_025,USD025_TARGET_1R,NATURAL,0.01,stop_first,SHORT,2988,2988,0,0,0,0,0,189,170,170,170,0,1391,1597,0,0.46552878179384203480589022757697456492637215528781793842034805890227576974564926,0.9600000000,-1.0400495929868503443957420162805259862241703193487789605510331872260488415779587,-0.10896894243641231593038821954484605087014725568942436412315930388219544846050870,-1.04000000000,0.80396917636507868465402401214912443364051326486526580544543177219524718006318277,AVAILABLE,1335.3600000000,-1660.9592000000,339.1992000000,26,1,8,0,0,2026-09,-0.32571428571428571428571428571428571428571428571428571428571428571428571428571429,-0.14235563198624247635425623387790197764402407566638005159071367153912295786758383,AVAILABLE,AVAILABLE,AVAILABLE
MOMENTUM_AWAY_025,USD025_TARGET_1R,NATURAL,0.01,target_first,LONG,3036,3036,0,0,0,0,0,263,169,169,170,1,1589,1447,0,0.52338603425559947299077733860342555994729907773386034255599472990777338603425560,0.9600000000,-1.0400000000,0.0067720685111989459815546772068511198945981554677206851119894598155467720685111989,0.96000000000,1.0136622189144649407261708574770081335388868215405879538567859231300834618042635,AVAILABLE,1525.4400000000,-1504.8800000000,91.3600000000,26,4,5,0,0,2026-03,-0.034252873563218390804597701149425287356321839080459770114942528735632183908045977,-0.0058333333333333333333333333333333333333333333333333333333333333333333333333333333,AVAILABLE,AVAILABLE,AVAILABLE
MOMENTUM_AWAY_025,USD025_TARGET_1R,NATURAL,0.01,target_first,SHORT,2988,2988,0,0,0,0,0,189,170,170,170,0,1580,1408,0,0.52878179384203480589022757697456492637215528781793842034805890227576974564926372,0.9600000000,-1.0400562500,0.017537081659973226238286479250334672021419009370816599732262382864792503346720214,0.96000000000,1.0357831389145801226878572454833354183749895520292554106830978875159177907226390,AVAILABLE,1516.8000000000,-1464.3992000000,115.5200000000,26,5,4,0,0,2026-09,-0.32571428571428571428571428571428571428571428571428571428571428571428571428571429,-0.021117454858125537403267411865864144453998280309544282029234737747205503009458298,AVAILABLE,AVAILABLE,AVAILABLE
MOMENTUM_AWAY_025,USD025_TARGET_1R,NATURAL,0.02,stop_first,LONG,3036,3036,0,0,0,0,0,263,169,169,170,1,1326,1710,0,0.43675889328063241106719367588932806324110671936758893280632411067193675889328063,0.9200000000,-1.0800000000,-0.20648221343873517786561264822134387351778656126482213438735177865612648221343874,-1.08000000000,0.66055880441845354126055880441845354126055880441845354126055880441845354126055880,AVAILABLE,1219.9200000000,-1846.8000000000,641.9600000000,39,1,8,0,0,2026-06,-0.30459893048128342245989304812834224598930481283422459893048128342245989304812834,-0.21679081099895579533588583362339018447615732683605986773407587887225896275670031,AVAILABLE,AVAILABLE,AVAILABLE
MOMENTUM_AWAY_025,USD025_TARGET_1R,NATURAL,0.02,stop_first,SHORT,2988,2988,0,0,0,0,0,189,170,170,170,0,1391,1597,0,0.46552878179384203480589022757697456492637215528781793842034805890227576974564926,0.9200000000,-1.0800495929868503443957420162805259862241703193487789605510331872260488415779587,-0.14896894243641231593038821954484605087014725568942436412315930388219544846050870,-1.08000000000,0.74193582798906703882889489060777375653336264621073083218424071067030480290568535,AVAILABLE,1279.7200000000,-1724.8392000000,457.3192000000,26,0,9,0,0,2026-09,-0.36571428571428571428571428571428571428571428571428571428571428571428571428571429,-0.18235563198624247635425623387790197764402407566638005159071367153912295786758383,AVAILABLE,AVAILABLE,AVAILABLE
MOMENTUM_AWAY_025,USD025_TARGET_1R,NATURAL,0.02,target_first,LONG,3036,3036,0,0,0,0,0,263,169,169,170,1,1589,1447,0,0.52338603425559947299077733860342555994729907773386034255599472990777338603425560,0.9200000000,-1.0800000000,-0.033227931488801054018445322793148880105401844532279314888010540184453227931488801,0.92000000000,0.93544754152908955949729964933835009854360234456986357470116972535770047864035425,AVAILABLE,1461.8800000000,-1562.7600000000,157.0400000000,26,3,6,0,0,2026-03,-0.074252873563218390804597701149425287356321839080459770114942528735632183908045977,-0.045833333333333333333333333333333333333333333333333333333333333333333333333333333,AVAILABLE,AVAILABLE,AVAILABLE
MOMENTUM_AWAY_025,USD025_TARGET_1R,NATURAL,0.02,target_first,SHORT,2988,2988,0,0,0,0,0,189,170,170,170,0,1580,1408,0,0.52878179384203480589022757697456492637215528781793842034805890227576974564926372,0.9200000000,-1.0800562500,-0.022462918340026773761713520749665327978580990629183400267737617135207496653279786,0.92000000000,0.95586351510522126635870711700095586351510522126635870711700095586351510522126636,AVAILABLE,1453.6000000000,-1520.7192000000,171.9592000000,26,3,6,0,0,2026-09,-0.36571428571428571428571428571428571428571428571428571428571428571428571428571429,-0.061117454858125537403267411865864144453998280309544282029234737747205503009458298,AVAILABLE,AVAILABLE,AVAILABLE
MOMENTUM_AWAY_025,USD025_TARGET_1.5R,NATURAL,0,stop_first,LONG,3036,3036,0,0,0,0,0,145,169,169,170,1,1156,1880,0,0.38076416337285902503293807641633728590250329380764163372859025032938076416337286,1.5000000000,-1.0000000000,-0.048089591567852437417654808959156785243741765480895915678524374176548089591567852,-1.00000000000,0.92234042553191489361702127659574468085106382978723404255319148936170212765957447,AVAILABLE,1734.0000000000,-1880.0000000000,221.0000000000,39,5,4,0,0,2026-06,-0.19117647058823529411764705882352941176470588235294117647058823529411764705882353,-0.062387630348795397339086659475008989572096368212873067241999280834232290542970155,AVAILABLE,AVAILABLE,AVAILABLE
MOMENTUM_AWAY_025,USD025_TARGET_1.5R,NATURAL,0,stop_first,SHORT,2988,2988,0,0,0,0,0,84,170,170,170,0,1113,1875,0,0.37248995983935742971887550200803212851405622489959839357429718875502008032128514,1.4980772686433063791554357592093441150044923629829290206648697214734950584007188,-1.0000635733333333333333333333333333333333333333333333333333333333333333333333333,-0.069531191432396251673360107095046854082998661311914323962516733601070950468540830,-1.00000000000,0.88920213712280264635976208872481280123418287221420376901905756178060573429145198,AVAILABLE,1667.3600000000,-1875.1192000000,247.2592000000,26,2,7,0,0,2026-09,-0.3750000000,-0.11533069647463456577815993121238177128116938950988822012037833190025795356835770,AVAILABLE,AVAILABLE,AVAILABLE
MOMENTUM_AWAY_025,USD025_TARGET_1.5R,NATURAL,0,target_first,LONG,3036,3036,0,0,0,0,0,145,169,169,170,1,1301,1735,0,0.42852437417654808959156785243741765480895915678524374176548089591567852437417655,1.5000000000,-1.0000000000,0.071310935441370223978919631093544137022397891963109354413702239789196310935441370,-1.00000000000,1.1247838616714697406340057636887608069164265129682997118155619596541786743515850,AVAILABLE,1951.5000000000,-1735.0000000000,52.0000000000,26,9,0,0,0,2026-03,0.034482758620689655172413793103448275862068965517241379310344827586206896551724138,0.064218586843021232161503654716324399582318134354333449356073790462930734423947094,AVAILABLE,AVAILABLE,AVAILABLE
MOMENTUM_AWAY_025,USD025_TARGET_1.5R,NATURAL,0,target_first,SHORT,2988,2988,0,0,0,0,0,84,170,170,170,0,1197,1791,0,0.40060240963855421686746987951807228915662650602409638554216867469879518072289157,1.4982121971595655806182121971595655806182121971595655806182121971595655806182122,-1.0000665549972082635399218313791178112786152987158012283640424343941931881630374,0.00074993306559571619812583668005354752342704149933065595716198125836680053547523427,-1.00000000000,1.0012510613475641375515376084405772658793451602774399381124383011471263330771062,AVAILABLE,1793.3600000000,-1791.1192000000,160.8592000000,26,4,5,0,0,2026-09,-0.3750000000,-0.048692691315563198624247635425623387790197764402407566638005159071367153912295787,AVAILABLE,AVAILABLE,AVAILABLE
MOMENTUM_AWAY_025,USD025_TARGET_1.5R,NATURAL,0.01,stop_first,LONG,3036,3036,0,0,0,0,0,145,169,169,170,1,1156,1880,0,0.38076416337285902503293807641633728590250329380764163372859025032938076416337286,1.4600000000,-1.0400000000,-0.088089591567852437417654808959156785243741765480895915678524374176548089591567852,-1.04000000000,0.86321603927986906710310965630114566284779050736497545008183306055646481178396072,AVAILABLE,1687.7600000000,-1955.2000000000,310.1800000000,39,3,6,0,0,2026-06,-0.23117647058823529411764705882352941176470588235294117647058823529411764705882353,-0.10238763034879539733908665947500898957209636821287306724199928083423229054297015,AVAILABLE,AVAILABLE,AVAILABLE
MOMENTUM_AWAY_025,USD025_TARGET_1.5R,NATURAL,0.01,stop_first,SHORT,2988,2988,0,0,0,0,0,84,170,170,170,0,1113,1875,0,0.37248995983935742971887550200803212851405622489959839357429718875502008032128514,1.4580772686433063791554357592093441150044923629829290206648697214734950584007188,-1.0400635733333333333333333333333333333333333333333333333333333333333333333333333,-0.10953119143239625167336010709504685408299866131191432396251673360107095046854083,-1.04000000000,0.83217477167549552868357995757387548412425250723135283217559213816263128941041143,AVAILABLE,1622.8400000000,-1950.1192000000,345.4592000000,26,1,8,0,0,2026-09,-0.4150000000,-0.15533069647463456577815993121238177128116938950988822012037833190025795356835770,AVAILABLE,AVAILABLE,AVAILABLE
MOMENTUM_AWAY_025,USD025_TARGET_1.5R,NATURAL,0.01,target_first,LONG,3036,3036,0,0,0,0,0,145,169,169,170,1,1301,1735,0,0.42852437417654808959156785243741765480895915678524374176548089591567852437417655,1.4600000000,-1.0400000000,0.031310935441370223978919631093544137022397891963109354413702239789196310935441370,-1.04000000000,1.0526823320771447572600310352471735757038350698293061405453336289071159388162270,AVAILABLE,1899.4600000000,-1804.4000000000,75.0200000000,26,6,3,0,0,2026-03,-0.0055172413793103448275862068965517241379310344827586206896551724137931034482758621,0.024218586843021232161503654716324399582318134354333449356073790462930734423947094,AVAILABLE,AVAILABLE,AVAILABLE
MOMENTUM_AWAY_025,USD025_TARGET_1.5R,NATURAL,0.01,target_first,SHORT,2988,2988,0,0,0,0,0,84,170,170,170,0,1197,1791,0,0.40060240963855421686746987951807228915662650602409638554216867469879518072289157,1.4582121971595655806182121971595655806182121971595655806182121971595655806182122,-1.0400665549972082635399218313791178112786152987158012283640424343941931881630374,-0.039250066934404283801874163319946452476572958500669344042838018741633199464524766,-1.04000000000,0.93704006400827331841925676705824349169769232652293436532215221376976691351195581,AVAILABLE,1745.4800000000,-1862.7592000000,211.8192000000,26,4,5,0,0,2026-09,-0.4150000000,-0.088692691315563198624247635425623387790197764402407566638005159071367153912295787,AVAILABLE,AVAILABLE,AVAILABLE
MOMENTUM_AWAY_025,USD025_TARGET_1.5R,NATURAL,0.02,stop_first,LONG,3036,3036,0,0,0,0,0,145,169,169,170,1,1156,1880,0,0.38076416337285902503293807641633728590250329380764163372859025032938076416337286,1.4200000000,-1.0800000000,-0.12808959156785243741765480895915678524374176548089591567852437417654808959156785,-1.08000000000,0.80847123719464144996059889676910953506698187549251379038613081166272655634357762,AVAILABLE,1641.5200000000,-2030.4000000000,417.1200000000,39,3,6,0,0,2026-06,-0.27117647058823529411764705882352941176470588235294117647058823529411764705882353,-0.14238763034879539733908665947500898957209636821287306724199928083423229054297015,AVAILABLE,AVAILABLE,AVAILABLE
MOMENTUM_AWAY_025,USD025_TARGET_1.5R,NATURAL,0.02,stop_first,SHORT,2988,2988,0,0,0,0,0,84,170,170,170,0,1113,1875,0,0.37248995983935742971887550200803212851405622489959839357429718875502008032128514,1.4180772686433063791554357592093441150044923629829290206648697214734950584007188,-1.0800635733333333333333333333333333333333333333333333333333333333333333333333333,-0.14953119143239625167336010709504685408299866131191432396251673360107095046854083,-1.08000000000,0.77937140687817289964956136902953663172024639339748494804651499032748294520144790,AVAILABLE,1578.3200000000,-2025.1192000000,463.6592000000,26,1,8,0,0,2026-09,-0.4550000000,-0.19533069647463456577815993121238177128116938950988822012037833190025795356835770,AVAILABLE,AVAILABLE,AVAILABLE
MOMENTUM_AWAY_025,USD025_TARGET_1.5R,NATURAL,0.02,target_first,LONG,3036,3036,0,0,0,0,0,145,169,169,170,1,1301,1735,0,0.42852437417654808959156785243741765480895915678524374176548089591567852437417655,1.4200000000,-1.0800000000,-0.0086890645586297760210803689064558629776021080368906455862977602108036890645586298,-1.08000000000,0.98592165652684384672857295335681502828476891877468246344327035969687266517237699,AVAILABLE,1847.4200000000,-1873.8000000000,103.1800000000,26,3,6,0,0,2026-03,-0.045517241379310344827586206896551724137931034482758620689655172413793103448275862,-0.015781413156978767838496345283675600417681865645666550643926209537069265576052906,AVAILABLE,AVAILABLE,AVAILABLE
MOMENTUM_AWAY_025,USD025_TARGET_1.5R,NATURAL,0.02,target_first,SHORT,2988,2988,0,0,0,0,0,84,170,170,170,0,1197,1791,0,0.40060240963855421686746987951807228915662650602409638554216867469879518072289157,1.4182121971595655806182121971595655806182121971595655806182121971595655806182122,-1.0800665549972082635399218313791178112786152987158012283640424343941931881630374,-0.079250066934404283801874163319946452476572958500669344042838018741633199464524766,-1.08000000000,0.87758514374902553723140497576715292272660162390472452635422926146785006941690216,AVAILABLE,1697.6000000000,-1934.3992000000,270.1592000000,26,4,5,0,0,2026-09,-0.4550000000,-0.12869269131556319862424763542562338779019776440240756663800515907136715391229579,AVAILABLE,AVAILABLE,AVAILABLE
MOMENTUM_AWAY_025,USD025_TARGET_2R,NATURAL,0,stop_first,LONG,3036,3036,0,0,0,0,0,77,169,169,170,1,971,2065,0,0.31982872200263504611330698287220026350461133069828722002635046113306982872200264,1.9925025746652935118434603501544799176107106076210092687950566426364572605561277,-1.0000000000,-0.042911725955204216073781291172595520421607378129117259552042160737812911725955204,-1.00000000000,0.93691041162227602905569007263922518159806295399515738498789346246973365617433414,AVAILABLE,1934.7200000000,-2065.0000000000,178.9600000000,43,3,5,1,0,2026-07,-0.16188679245283018867924528301886792452830188679245283018867924528301886792452830,-0.064106436533620999640417116145271485077310320028766630708378281193815174397698670,AVAILABLE,AVAILABLE,AVAILABLE
MOMENTUM_AWAY_025,USD025_TARGET_2R,NATURAL,0,stop_first,SHORT,2988,2988,0,0,0,0,0,58,170,170,170,0,923,2065,0,0.30890227576974564926372155287817938420348058902275769745649263721552878179384203,1.9912026002166847237269772481040086673889490790899241603466955579631635969664139,-1.0000577239709443099273607748184019370460048426150121065375302663438256658595642,-0.076050602409638554216867469879518072289156626506024096385542168674698795180722892,-1.00000000000,0.88996315563769878271433435900455528184523198467187753617321460184961720369458577,AVAILABLE,1837.8800000000,-2065.1192000000,264.5992000000,36,3,6,0,0,2026-09,-0.60142857142857142857142857142857142857142857142857142857142857142857142857142857,-0.11231263972484952708512467755803955288048151332760103181427343078245915735167670,AVAILABLE,AVAILABLE,AVAILABLE
MOMENTUM_AWAY_025,USD025_TARGET_2R,NATURAL,0,target_first,LONG,3036,3036,0,0,0,0,0,77,169,169,170,1,1048,1988,0,0.34519104084321475625823451910408432147562582345191040843214756258234519104084321,1.9930534351145038167938931297709923664122137404580152671755725190839694656488550,-1.0000000000,0.033175230566534914361001317523056653491436100131752305665349143610013175230566535,-1.00000000000,1.0506639839034205231388329979879275653923541247484909456740442655935613682092555,AVAILABLE,2088.7200000000,-1988.0000000000,103.0000000000,31,6,3,0,0,2026-07,-0.048679245283018867924528301886792452830188679245283018867924528301886792452830189,0.016799712333692916217188061848256023013304566702624955052139518158935634663790004,AVAILABLE,AVAILABLE,AVAILABLE
MOMENTUM_AWAY_025,USD025_TARGET_2R,NATURAL,0,target_first,SHORT,2988,2988,0,0,0,0,0,58,170,170,170,0,981,2007,0,0.32831325301204819277108433734939759036144578313253012048192771084337349397590361,1.9917227319062181447502548419979612640163098878695208970438328236493374108053007,-1.0000593921275535625311410064773293472845042351768809167912306925759840558046836,-0.017817670682730923694779116465863453815261044176706827309236947791164658634538153,-1.00000000000,0.97347481903416598276773995286378606711549568157187674752949401311093033238882873,AVAILABLE,1953.8800000000,-2007.1192000000,166.5992000000,36,4,5,0,0,2026-09,-0.60142857142857142857142857142857142857142857142857142857142857142857142857142857,-0.054273086844368013757523645743766122098022355975924333619948409286328460877042132,AVAILABLE,AVAILABLE,AVAILABLE
MOMENTUM_AWAY_025,USD025_TARGET_2R,NATURAL,0.01,stop_first,LONG,3036,3036,0,0,0,0,0,77,169,169,170,1,971,2065,0,0.31982872200263504611330698287220026350461133069828722002635046113306982872200264,1.9525025746652935118434603501544799176107106076210092687950566426364572605561277,-1.0400000000,-0.082911725955204216073781291172595520421607378129117259552042160737812911725955204,-1.04000000000,0.88279009126466753585397653194263363754889178617992177314211212516297262059973924,AVAILABLE,1895.8800000000,-2147.6000000000,275.7600000000,43,3,6,0,0,2026-07,-0.20188679245283018867924528301886792452830188679245283018867924528301886792452830,-0.10410643653362099964041711614527148507731032002876663070837828119381517439769867,AVAILABLE,AVAILABLE,AVAILABLE
MOMENTUM_AWAY_025,USD025_TARGET_2R,NATURAL,0.01,stop_first,SHORT,2988,2988,0,0,0,0,0,58,170,170,170,0,923,2065,0,0.30890227576974564926372155287817938420348058902275769745649263721552878179384203,1.9512026002166847237269772481040086673889490790899241603466955579631635969664139,-1.0400577239709443099273607748184019370460048426150121065375302663438256658595642,-0.11605060240963855421686746987951807228915662650602409638554216867469879518072289,-1.04000000000,0.83854537408800927048563890475067690413160156132142414147994765796199056189468344,AVAILABLE,1800.9600000000,-2147.7192000000,366.4392000000,36,2,7,0,0,2026-09,-0.64142857142857142857142857142857142857142857142857142857142857142857142857142857,-0.15231263972484952708512467755803955288048151332760103181427343078245915735167670,AVAILABLE,AVAILABLE,AVAILABLE
MOMENTUM_AWAY_025,USD025_TARGET_2R,NATURAL,0.01,target_first,LONG,3036,3036,0,0,0,0,0,77,169,169,170,1,1048,1988,0,0.34519104084321475625823451910408432147562582345191040843214756258234519104084321,1.9530534351145038167938931297709923664122137404580152671755725190839694656488550,-1.0400000000,-0.0068247694334650856389986824769433465085638998682476943346508563899868247694334651,-1.04000000000,0.98997833152762730227518959913326110509209100758396533044420368364030335861321777,AVAILABLE,2046.8000000000,-2067.5200000000,130.0800000000,31,4,5,0,0,2026-07,-0.088679245283018867924528301886792452830188679245283018867924528301886792452830189,-0.023200287666307083782811938151743976986695433297375044947860481841064365336209996,AVAILABLE,AVAILABLE,AVAILABLE
MOMENTUM_AWAY_025,USD025_TARGET_2R,NATURAL,0.01,target_first,SHORT,2988,2988,0,0,0,0,0,58,170,170,170,0,981,2007,0,0.32831325301204819277108433734939759036144578313253012048192771084337349397590361,1.9517227319062181447502548419979612640163098878695208970438328236493374108053007,-1.0400593921275535625311410064773293472845042351768809167912306925759840558046836,-0.057817670682730923694779116465863453815261044176706827309236947791164658634538153,-1.04000000000,0.91723710538932850026961780956896026404532491916256363421045672528762107410983007,AVAILABLE,1914.6400000000,-2087.3992000000,223.9192000000,36,4,5,0,0,2026-09,-0.64142857142857142857142857142857142857142857142857142857142857142857142857142857,-0.094273086844368013757523645743766122098022355975924333619948409286328460877042132,AVAILABLE,AVAILABLE,AVAILABLE
MOMENTUM_AWAY_025,USD025_TARGET_2R,NATURAL,0.02,stop_first,LONG,3036,3036,0,0,0,0,0,77,169,169,170,1,971,2065,0,0.31982872200263504611330698287220026350461133069828722002635046113306982872200264,1.9125025746652935118434603501544799176107106076210092687950566426364572605561277,-1.0800000000,-0.12291172595520421607378129117259552042160737812911725955204216073781291172595520,-1.08000000000,0.83267868352614115325979732759393776342928885301766657698861088691597166173437360,AVAILABLE,1857.0400000000,-2230.2000000000,392.2400000000,43,3,6,0,0,2026-07,-0.24188679245283018867924528301886792452830188679245283018867924528301886792452830,-0.14410643653362099964041711614527148507731032002876663070837828119381517439769867,AVAILABLE,AVAILABLE,AVAILABLE
MOMENTUM_AWAY_025,USD025_TARGET_2R,NATURAL,0.02,stop_first,SHORT,2988,2988,0,0,0,0,0,58,170,170,170,0,923,2065,0,0.30890227576974564926372155287817938420348058902275769745649263721552878179384203,1.9112026002166847237269772481040086673889490790899241603466955579631635969664139,-1.0800577239709443099273607748184019370460048426150121065375302663438256658595642,-0.15605060240963855421686746987951807228915662650602409638554216867469879518072289,-1.08000000000,0.79093611353926379685921190114849928207585712394889484877321595940168564212692067,AVAILABLE,1764.0400000000,-2230.3192000000,484.6392000000,36,0,9,0,0,2026-09,-0.68142857142857142857142857142857142857142857142857142857142857142857142857142857,-0.19231263972484952708512467755803955288048151332760103181427343078245915735167670,AVAILABLE,AVAILABLE,AVAILABLE
MOMENTUM_AWAY_025,USD025_TARGET_2R,NATURAL,0.02,target_first,LONG,3036,3036,0,0,0,0,0,77,169,169,170,1,1048,1988,0,0.34519104084321475625823451910408432147562582345191040843214756258234519104084321,1.9130534351145038167938931297709923664122137404580152671755725190839694656488550,-1.0800000000,-0.046824769433465085638998682476943346508563899868247694334650856389986824769433465,-1.08000000000,0.93378791266115209777181608167523660481406960280199716819435129294284223861688650,AVAILABLE,2004.8800000000,-2147.0400000000,171.8400000000,31,3,6,0,0,2026-07,-0.12867924528301886792452830188679245283018867924528301886792452830188679245283019,-0.063200287666307083782811938151743976986695433297375044947860481841064365336209996,AVAILABLE,AVAILABLE,AVAILABLE
MOMENTUM_AWAY_025,USD025_TARGET_2R,NATURAL,0.02,target_first,SHORT,2988,2988,0,0,0,0,0,58,170,170,170,0,981,2007,0,0.32831325301204819277108433734939759036144578313253012048192771084337349397590361,1.9117227319062181447502548419979612640163098878695208970438328236493374108053007,-1.0800593921275535625311410064773293472845042351768809167912306925759840558046836,-0.097817670682730923694779116465863453815261044176706827309236947791164658634538153,-1.08000000000,0.86516491923712696971027816293112006610572265490207222544738169743936279870194815,AVAILABLE,1875.4000000000,-2167.6792000000,310.6392000000,36,3,6,0,0,2026-09,-0.68142857142857142857142857142857142857142857142857142857142857142857142857142857,-0.13427308684436801375752364574376612209802235597592433361994840928632846087704213,AVAILABLE,AVAILABLE,AVAILABLE
MOMENTUM_AWAY_025,USD025_TARGET_2R_BE1R,NATURAL,0,stop_first,LONG,3036,3036,0,0,0,0,0,109,169,169,170,1,761,1814,461,0.25065876152832674571805006587615283267457180500658761528326745718050065876152833,1.9995795006570302233902759526938239159001314060446780551905387647831800262812089,-0.95842447629547960308710033076074972436604189636163175303197353914002205071664829,-0.071443346508563899868247694334650856389986824769433465085638998682476943346508564,-1.00000000000,0.87524200756708628065860569130475295384399470372982119911514095970164191277719429,AVAILABLE,1521.6800000000,-1738.5820000000,261.4220000000,39,4,5,0,0,2026-07,-0.16849685534591194968553459119496855345911949685534591194968553459119496855345912,-0.086940668824163969795037756202804746494066882416396979503775620280474649406688242,AVAILABLE,AVAILABLE,AVAILABLE
MOMENTUM_AWAY_025,USD025_TARGET_2R_BE1R,NATURAL,0,stop_first,SHORT,2988,2988,0,0,0,0,0,87,170,170,170,0,693,1699,596,0.23192771084337349397590361445783132530120481927710843373493975903614457831325301,1.9941414141414141414141414141414141414141414141414141414141414141414141414141414,-0.95862436727486756915832842848734549735138316656856974690994702766333137139493820,-0.082584605087014725568942436412315930388219544846050870147255689424364123159303882,-1.00000000000,0.84849120416567098675092840756459680673478304329064823858594704939415588896881616,AVAILABLE,1381.9400000000,-1628.7028000000,258.7628000000,26,2,7,0,0,2026-09,-0.42572142857142857142857142857142857142857142857142857142857142857142857142857143,-0.11919312123817712811693895098882201203783319002579535683576956147893379191745486,AVAILABLE,AVAILABLE,AVAILABLE
MOMENTUM_AWAY_025,USD025_TARGET_2R_BE1R,NATURAL,0,target_first,LONG,3036,3036,0,0,0,0,0,109,169,169,170,1,870,1743,423,0.28656126482213438735177865612648221343873517786561264822134387351778656126482213,1.9996321839080459770114942528735632183908045977011494252873563218390804597701149,-0.95673092369477911646586345381526104417670682730923694779116465863453815261044177,0.023747694334650856389986824769433465085638998682476943346508563899868247694334651,-1.00000000000,1.0432350553076250523212651611734835228492511912457678243108884600577362912288571,AVAILABLE,1739.6800000000,-1667.5820000000,115.2200000000,26,6,3,0,0,2026-03,-0.052633333333333333333333333333333333333333333333333333333333333333333333333333333,0.012663790003595828838547285149226896799712333692916217188061848256023013304566703,AVAILABLE,AVAILABLE,AVAILABLE
MOMENTUM_AWAY_025,USD025_TARGET_2R_BE1R,NATURAL,0,target_first,SHORT,2988,2988,0,0,0,0,0,87,170,170,170,0,780,1651,557,0.26104417670682730923694779116465863453815261044176706827309236947791164658634538,1.9947948717948717948717948717948717948717948717948717948717948717948717948717949,-0.95742144155057540884312537855844942459115687462144155057540884312537855844942459,-0.0082874163319946452476572958500669344042838018741633199464524765729585006693440428,-1.00000000000,0.98433431002969059079290553543651595986291667225489826424043786093122628744631818,AVAILABLE,1555.9400000000,-1580.7028000000,155.1984000000,26,3,6,0,0,2026-09,-0.39000714285714285714285714285714285714285714285714285714285714285714285714285714,-0.050835425623387790197764402407566638005159071367153912295786758383490971625107481,AVAILABLE,AVAILABLE,AVAILABLE
MOMENTUM_AWAY_025,USD025_TARGET_2R_BE1R,NATURAL,0.01,stop_first,LONG,3036,3036,0,0,0,0,0,109,169,169,170,1,761,2275,0,0.25065876152832674571805006587615283267457180500658761528326745718050065876152833,1.9595795006570302233902759526938239159001314060446780551905387647831800262812089,-0.80421186813186813186813186813186813186813186813186813186813186813186813186813187,-0.11144334650856389986824769433465085638998682476943346508563899868247694334650856,-1.04000000000,0.81507142068516196595725143776010039451634307727120183735957174917549473049035244,AVAILABLE,1491.2400000000,-1829.5820000000,362.1820000000,43,4,5,0,0,2026-07,-0.20849685534591194968553459119496855345911949685534591194968553459119496855345912,-0.12694066882416396979503775620280474649406688241639697950377562028047464940668824,AVAILABLE,AVAILABLE,AVAILABLE
MOMENTUM_AWAY_025,USD025_TARGET_2R_BE1R,NATURAL,0.01,stop_first,SHORT,2988,2988,0,0,0,0,0,87,170,170,170,0,693,2295,0,0.23192771084337349397590361445783132530120481927710843373493975903614457831325301,1.9541414141414141414141414141414141414141414141414141414141414141414141414141414,-0.74967442265795206971677559912854030501089324618736383442265795206971677559912854,-0.12258460508701472556894243641231593038821954484605087014725568942436412315930388,-1.04000000000,0.78710711775650699318827031260861650443114652298153772257737679938678390991284641,AVAILABLE,1354.2200000000,-1720.5028000000,376.9628000000,49,1,8,0,0,2026-09,-0.46572142857142857142857142857142857142857142857142857142857142857142857142857143,-0.15919312123817712811693895098882201203783319002579535683576956147893379191745486,AVAILABLE,AVAILABLE,AVAILABLE
MOMENTUM_AWAY_025,USD025_TARGET_2R_BE1R,NATURAL,0.01,target_first,LONG,3036,3036,0,0,0,0,0,109,169,169,170,1,870,2166,0,0.28656126482213438735177865612648221343873517786561264822134387351778656126482213,1.9596321839080459770114942528735632183908045977011494252873563218390804597701149,-0.80989012003693444136657433056325023084025854108956602031394275161588180978762696,-0.016252305665349143610013175230566534914361001317523056653491436100131752305665349,-1.04000000000,0.97187243119741971084617568357938732953981879146425024882825548875797932074731704,AVAILABLE,1704.8800000000,-1754.2220000000,143.3800000000,34,5,4,0,0,2026-03,-0.092633333333333333333333333333333333333333333333333333333333333333333333333333333,-0.027336209996404171161452714850773103200287666307083782811938151743976986695433297,AVAILABLE,AVAILABLE,AVAILABLE
MOMENTUM_AWAY_025,USD025_TARGET_2R_BE1R,NATURAL,0.01,target_first,SHORT,2988,2988,0,0,0,0,0,87,170,170,170,0,780,2208,0,0.26104417670682730923694779116465863453815261044176706827309236947791164658634538,1.9547948717948717948717948717948717948717948717948717948717948717948717948717949,-0.75589800724637681159420289855072463768115942028985507246376811594202898550724638,-0.048287416331994645247657295850066934404283801874163319946452476572958500669344043,-1.04000000000,0.91355252906071744496240554652698573081206559910385885681130299717894806469989505,AVAILABLE,1524.7400000000,-1669.0228000000,213.9184000000,39,3,6,0,0,2026-09,-0.43000714285714285714285714285714285714285714285714285714285714285714285714285714,-0.090835425623387790197764402407566638005159071367153912295786758383490971625107481,AVAILABLE,AVAILABLE,AVAILABLE
MOMENTUM_AWAY_025,USD025_TARGET_2R_BE1R,NATURAL,0.02,stop_first,LONG,3036,3036,0,0,0,0,0,109,169,169,170,1,761,2275,0,0.25065876152832674571805006587615283267457180500658761528326745718050065876152833,1.9195795006570302233902759526938239159001314060446780551905387647831800262812089,-0.84421186813186813186813186813186813186813186813186813186813186813186813186813187,-0.15144334650856389986824769433465085638998682476943346508563899868247694334650856,-1.08000000000,0.76060277561697443795682766994588098815879769778119340908120559288798916161871766,AVAILABLE,1460.8000000000,-1920.5820000000,477.0220000000,43,3,6,0,0,2026-07,-0.24849685534591194968553459119496855345911949685534591194968553459119496855345912,-0.16694066882416396979503775620280474649406688241639697950377562028047464940668824,AVAILABLE,AVAILABLE,AVAILABLE
MOMENTUM_AWAY_025,USD025_TARGET_2R_BE1R,NATURAL,0.02,stop_first,SHORT,2988,2988,0,0,0,0,0,87,170,170,170,0,693,2295,0,0.23192771084337349397590361445783132530120481927710843373493975903614457831325301,1.9141414141414141414141414141414141414141414141414141414141414141414141414141414,-0.78967442265795206971677559912854030501089324618736383442265795206971677559912854,-0.16258460508701472556894243641231593038821954484605087014725568942436412315930388,-1.08000000000,0.73194170422293669689193218704953719654353566081782801417070039289240186573678527,AVAILABLE,1326.5000000000,-1812.3028000000,495.1628000000,49,0,9,0,0,2026-09,-0.50572142857142857142857142857142857142857142857142857142857142857142857142857143,-0.19919312123817712811693895098882201203783319002579535683576956147893379191745486,AVAILABLE,AVAILABLE,AVAILABLE
MOMENTUM_AWAY_025,USD025_TARGET_2R_BE1R,NATURAL,0.02,target_first,LONG,3036,3036,0,0,0,0,0,109,169,169,170,1,870,2166,0,0.28656126482213438735177865612648221343873517786561264822134387351778656126482213,1.9196321839080459770114942528735632183908045977011494252873563218390804597701149,-0.84989012003693444136657433056325023084025854108956602031394275161588180978762696,-0.056252305665349143610013175230566534914361001317523056653491436100131752305665349,-1.08000000000,0.90722715771198492879966015920802319782797406867000350922556932567460244168221192,AVAILABLE,1670.0800000000,-1840.8620000000,200.9820000000,34,4,5,0,0,2026-03,-0.13263333333333333333333333333333333333333333333333333333333333333333333333333333,-0.067336209996404171161452714850773103200287666307083782811938151743976986695433297,AVAILABLE,AVAILABLE,AVAILABLE
MOMENTUM_AWAY_025,USD025_TARGET_2R_BE1R,NATURAL,0.02,target_first,SHORT,2988,2988,0,0,0,0,0,87,170,170,170,0,780,2208,0,0.26104417670682730923694779116465863453815261044176706827309236947791164658634538,1.9147948717948717948717948717948717948717948717948717948717948717948717948717949,-0.79589800724637681159420289855072463768115942028985507246376811594202898550724638,-0.088287416331994645247657295850066934404283801874163319946452476572958500669344043,-1.08000000000,0.84988540653536691873662896049649504923000794153536805681851030999757133326520016,AVAILABLE,1493.5400000000,-1757.3428000000,275.1628000000,39,3,6,0,0,2026-09,-0.47000714285714285714285714285714285714285714285714285714285714285714285714285714,-0.13083542562338779019776440240756663800515907136715391229578675838349097162510748,AVAILABLE,AVAILABLE,AVAILABLE
MOMENTUM_AWAY_025,USD030_TARGET_1R,NATURAL,0,stop_first,LONG,3036,3036,0,0,0,0,0,160,169,169,170,1,1408,1628,0,0.46376811594202898550724637681159420289855072463768115942028985507246376811594203,1.0000000000,-1.0000000000,-0.072463768115942028985507246376811594202898550724637681159420289855072463768115942,-1.00000000000,0.86486486486486486486486486486486486486486486486486486486486486486486486486486486,AVAILABLE,1408.0000000000,-1628.0000000000,272.0000000000,26,3,6,0,0,2026-06,-0.20320855614973262032085561497326203208556149732620320855614973262032085561497326,-0.083188304907761921336581970066132962060563870518621649843369300382875043508527671,AVAILABLE,AVAILABLE,AVAILABLE
MOMENTUM_AWAY_025,USD030_TARGET_1R,NATURAL,0,stop_first,SHORT,2988,2988,0,0,0,0,0,108,170,170,170,0,1382,1606,0,0.46251673360107095046854082998661311914323962516733601070950468540829986613119143,0.99943318861553304389773275446213217559093101784852870236372407139411480945489631,-1.0000000000,-0.075228692547969656403391343150379294957608210620258813029897367246764837126282908,-1.00000000000,0.86003528435035284350352843503528435035284350352843503528435035284350352843503531,AVAILABLE,1381.2166666666666666666666666666666666666666666666666666666666666666666666666667,-1606.0000000000,253.78333333333333333333333333333333333333333333333333333333333333333333333333333,21,3,6,0,0,2026-09,-0.2500000000,-0.11039696188019489825164803668672972198337632559472628260246488965319575809687589,AVAILABLE,AVAILABLE,AVAILABLE
MOMENTUM_AWAY_025,USD030_TARGET_1R,NATURAL,0,target_first,LONG,3036,3036,0,0,0,0,0,160,169,169,170,1,1568,1468,0,0.51646903820816864295125164690382081686429512516469038208168642951251646903820817,1.0000000000,-1.0000000000,0.032938076416337285902503293807641633728590250329380764163372859025032938076416337,1.00000000000,1.0681198910081743869209809264305177111716621253405994550408719346049046321525886,AVAILABLE,1568.0000000000,-1468.0000000000,93.0000000000,26,7,2,0,0,2026-02,-0.028571428571428571428571428571428571428571428571428571428571428571428571428571429,0.016666666666666666666666666666666666666666666666666666666666666666666666666666667,AVAILABLE,AVAILABLE,AVAILABLE
MOMENTUM_AWAY_025,USD030_TARGET_1R,NATURAL,0,target_first,SHORT,2988,2988,0,0,0,0,0,108,170,170,170,0,1490,1498,0,0.49866131191432396251673360107095046854082998661311914323962516733601070950468541,0.99947427293064876957494407158836689038031319910514541387024608501118568232662195,-1.0000000000,-0.0029395359214636323070058009817045961624274877286925479696564033913431503792949575,-1.00000000000,0.99413662661326212728081886960391633288829550511793502447708055184690698709390300,AVAILABLE,1489.2166666666666666666666666666666666666666666666666666666666666666666666666667,-1498.0000000000,176.78333333333333333333333333333333333333333333333333333333333333333333333333333,20,3,6,0,0,2026-09,-0.2500000000,-0.045908569790770994554313556893092576669532817426196617942103754657494984236170821,AVAILABLE,AVAILABLE,AVAILABLE
MOMENTUM_AWAY_025,USD030_TARGET_1R,NATURAL,0.01,stop_first,LONG,3036,3036,0,0,0,0,0,160,169,169,170,1,1408,1628,0,0.46376811594202898550724637681159420289855072463768115942028985507246376811594203,0.96666666666666666666666666666666666666666666666666666666666666666666666666667770,-1.0333333333333333333333333333333333333333333333333333333333333333333333333333180,-0.10579710144927536231884057971014492753623188405797101449275362318840579710144691,-1.0333333333333333333333333333333333333333333333333333333333333333333333333333333,0.80906713164777680906713164777680906713164777680906713164777680906713164777683031,AVAILABLE,1361.0666666666666666666666666666666666666666666666666666666666666666666666666822,-1682.2666666666666666666666666666666666666666666666666666666666666666666666666417,350.33333333333333333333333333333333333333333333333333333333333333333333333332707,26,2,7,0,0,2026-06,-0.23654188948306595365418894830659536541889483065953654188948306595365418894830631,-0.11652163824109525466991530339946629539389720385195498317670263371620837684185869,AVAILABLE,AVAILABLE,AVAILABLE
MOMENTUM_AWAY_025,USD030_TARGET_1R,NATURAL,0.01,stop_first,SHORT,2988,2988,0,0,0,0,0,108,170,170,170,0,1382,1606,0,0.46251673360107095046854082998661311914323962516733601070950468540829986613119143,0.96609985528219971056439942112879884225759768451519536903039073806078147612157352,-1.0333333333333333333333333333333333333333333333333333333333333333333333333333182,-0.10856202588130298973672467648371262829094154395359214636323070058009817045961465,-1.0333333333333333333333333333333333333333333333333333333333333333333333333333333,0.80453340296468886835656610292049973888241674366287711404812597919093721126423137,AVAILABLE,1335.1500000000000000000000000000000000000000000000000000000000000000000000000146,-1659.5333333333333333333333333333333333333333333333333333333333333333333333333091,339.41666666666666666666666666666666666666666666666666666666666666666666666666243,21,2,7,0,0,2026-09,-0.28333333333333333333333333333333333333333333333333333333333333333333333333333312,-0.14373029521352823158498137002006305531670965892805961593579822298652909143020724,AVAILABLE,AVAILABLE,AVAILABLE
MOMENTUM_AWAY_025,USD030_TARGET_1R,NATURAL,0.01,target_first,LONG,3036,3036,0,0,0,0,0,160,169,169,170,1,1568,1468,0,0.51646903820816864295125164690382081686429512516469038208168642951251646903820817,0.96666666666666666666666666666666666666666666666666666666666666666666666666667997,-1.0333333333333333333333333333333333333333333333333333333333333333333333333333200,-0.00039525691699604743083003952569169960474308300395256916996047430830039525691673979,0.96666666666666666666666666666666666666666666666666666666666666666666666666666667,0.99920893029796958776478860859629076206381295596378658697371890656587852685244824,AVAILABLE,1515.7333333333333333333333333333333333333333333333333333333333333333333333333542,-1516.9333333333333333333333333333333333333333333333333333333333333333333333333137,114.49999999999999999999999999999999999999999999999999999999999999999999999999986,26,3,6,0,0,2026-02,-0.061904761904761904761904761904761904761904761904761904761904761904761904761904568,-0.016666666666666666666666666666666666666666666666666666666666666666666666666666407,AVAILABLE,AVAILABLE,AVAILABLE
MOMENTUM_AWAY_025,USD030_TARGET_1R,NATURAL,0.01,target_first,SHORT,2988,2988,0,0,0,0,0,108,170,170,170,0,1490,1498,0,0.49866131191432396251673360107095046854082998661311914323962516733601070950468541,0.96614093959731543624161073825503355704697986577181208053691275167785234899330081,-1.0333333333333333333333333333333333333333333333333333333333333333333333333333196,-0.036272869254796965640339134315037929495760821062025881302989736724676483712627744,-1.0333333333333333333333333333333333333333333333333333333333333333333333333333333,0.92998191136569189026228519746759119686463671992764546276756104914078987036481161,AVAILABLE,1439.5500000000000000000000000000000000000000000000000000000000000000000000000182,-1547.9333333333333333333333333333333333333333333333333333333333333333333333333127,217.04999999999999999999999999999999999999999999999999999999999999999999999999950,20,3,6,0,0,2026-09,-0.28333333333333333333333333333333333333333333333333333333333333333333333333333312,-0.079241903124104327887646890226425910002866150759529951275437087990828317569503181,AVAILABLE,AVAILABLE,AVAILABLE
MOMENTUM_AWAY_025,USD030_TARGET_1R,NATURAL,0.02,stop_first,LONG,3036,3036,0,0,0,0,0,160,169,169,170,1,1408,1628,0,0.46376811594202898550724637681159420289855072463768115942028985507246376811594203,0.93333333333333333333333333333333333333333333333333333333333333333333333333332308,-1.0666666666666666666666666666666666666666666666666666666666666666666666666666826,-0.13913043478260869565217391304347826086956521739130434782608695652173913043478509,-1.0666666666666666666666666666666666666666666666666666666666666666666666666666667,0.75675675675675675675675675675675675675675675675675675675675675675675675675673717,AVAILABLE,1314.1333333333333333333333333333333333333333333333333333333333333333333333333189,-1736.5333333333333333333333333333333333333333333333333333333333333333333333333592,440.13333333333333333333333333333333333333333333333333333333333333333333333334070,26,2,7,0,0,2026-06,-0.26987522281639928698752228163992869875222816399286987522281639928698752228164035,-0.14985497157442858800324863673279962872723053718528831651003596704954171017519677,AVAILABLE,AVAILABLE,AVAILABLE
MOMENTUM_AWAY_025,USD030_TARGET_1R,NATURAL,0.02,stop_first,SHORT,2988,2988,0,0,0,0,0,108,170,170,170,0,1382,1606,0,0.46251673360107095046854082998661311914323962516733601070950468540829986613119143,0.93276652194886637723106608779546550892426435118186203569705740472744814278821983,-1.0666666666666666666666666666666666666666666666666666666666666666666666666666823,-0.14189535921463632307005800981704596162427487728692547969656403391343150379295151,-1.0666666666666666666666666666666666666666666666666666666666666666666666666666667,0.75250038916562889165628891656288916562889165628891656288916562889165628891654395,AVAILABLE,1289.0833333333333333333333333333333333333333333333333333333333333333333333333198,-1713.0666666666666666666666666666666666666666666666666666666666666666666666666918,437.98333333333333333333333333333333333333333333333333333333333333333333333333909,21,1,8,0,0,2026-09,-0.31666666666666666666666666666666666666666666666666666666666666666666666666666689,-0.17706362854686156491831470335339638865004299226139294926913155631986242476354467,AVAILABLE,AVAILABLE,AVAILABLE
MOMENTUM_AWAY_025,USD030_TARGET_1R,NATURAL,0.02,target_first,LONG,3036,3036,0,0,0,0,0,160,169,169,170,1,1568,1468,0,0.51646903820816864295125164690382081686429512516469038208168642951251646903820817,0.93333333333333333333333333333333333333333333333333333333333333333333333333332073,-1.0666666666666666666666666666666666666666666666666666666666666666666666666666807,-0.033728590250329380764163372859025032938076416337285902503293807641633728590251920,0.93333333333333333333333333333333333333333333333333333333333333333333333333333333,0.93460490463215258855585831062670299727520435967302452316076294277929155313349011,AVAILABLE,1463.4666666666666666666666666666666666666666666666666666666666666666666666666469,-1565.8666666666666666666666666666666666666666666666666666666666666666666666666872,158.80000000000000000000000000000000000000000000000000000000000000000000000000265,26,3,6,0,0,2026-02,-0.095238095238095238095238095238095238095238095238095238095238095238095238095238333,-0.050000000000000000000000000000000000000000000000000000000000000000000000000001288,AVAILABLE,AVAILABLE,AVAILABLE
MOMENTUM_AWAY_025,USD030_TARGET_1R,NATURAL,0.02,target_first,SHORT,2988,2988,0,0,0,0,0,108,170,170,170,0,1490,1498,0,0.49866131191432396251673360107095046854082998661311914323962516733601070950468541,0.93280760626398210290827740492170022371364653243847874720357941834451901565994376,-1.0666666666666666666666666666666666666666666666666666666666666666666666666666810,-0.069606202588130298973672467648371262829094154395359214636323070058009817045962453,-1.0666666666666666666666666666666666666666666666666666666666666666666666666666667,0.86983686582109479305740987983978638184245660881174899866488651535380507343121921,AVAILABLE,1389.8833333333333333333333333333333333333333333333333333333333333333333333333162,-1597.8666666666666666666666666666666666666666666666666666666666666666666666666882,263.98333333333333333333333333333333333333333333333333333333333333333333333333538,20,3,6,0,0,2026-09,-0.31666666666666666666666666666666666666666666666666666666666666666666666666666689,-0.11257523645743766122098022355975924333619948409286328460877042132416165090283900,AVAILABLE,AVAILABLE,AVAILABLE
MOMENTUM_AWAY_025,USD030_TARGET_1.5R,NATURAL,0,stop_first,LONG,3036,3036,0,0,0,0,0,81,169,169,170,1,1180,1856,0,0.38866930171277997364953886693017127799736495388669301712779973649538866930171278,1.5000000000,-1.0000000000,-0.028326745718050065876152832674571805006587615283267457180500658761528326745718050,-1.00000000000,0.95366379310344827586206896551724137931034482758620689655172413793103448275862069,AVAILABLE,1770.0000000000,-1856.0000000000,159.5000000000,26,4,5,0,0,2026-06,-0.15775401069518716577540106951871657754010695187165775401069518716577540106951872,-0.043682561782109293421510616080751827358162199791159067177166724678036895231465367,AVAILABLE,AVAILABLE,AVAILABLE
MOMENTUM_AWAY_025,USD030_TARGET_1.5R,NATURAL,0,stop_first,SHORT,2988,2988,0,0,0,0,0,55,170,170,170,0,1122,1866,0,0.37550200803212851405622489959839357429718875502008032128514056224899598393574297,1.4969399881164587046939988116458704693998811645870469399881164587046939988116459,-1.0000000000,-0.062394020526550647032574743418116912092815707273538598839803659080767514502454264,-1.00000000000,0.90008931761343336906037870668095748481600571632725973561986423722758127902822438,AVAILABLE,1679.5666666666666666666666666666666666666666666666666666666666666666666666666667,-1866.0000000000,240.56666666666666666666666666666666666666666666666666666666666666666666666666667,33,2,7,0,0,2026-09,-0.28571428571428571428571428571428571428571428571428571428571428571428571428571429,-0.091114932645457151046145027228432215534537116652335912869016910289481226712525077,AVAILABLE,AVAILABLE,AVAILABLE
MOMENTUM_AWAY_025,USD030_TARGET_1.5R,NATURAL,0,target_first,LONG,3036,3036,0,0,0,0,0,81,169,169,170,1,1261,1775,0,0.41534914361001317523056653491436100131752305665349143610013175230566534914361001,1.5000000000,-1.0000000000,0.038372859025032938076416337285902503293807641633728590250329380764163372859025033,-1.00000000000,1.0656338028169014084507042253521126760563380281690140845070422535211267605633803,AVAILABLE,1891.5000000000,-1775.0000000000,92.0000000000,26,7,2,0,0,2026-01,-0.0077319587628865979381443298969072164948453608247422680412371134020618556701030928,0.026801253045596936999651931778628611207796728158719108945353289244691959624086321,AVAILABLE,AVAILABLE,AVAILABLE
MOMENTUM_AWAY_025,USD030_TARGET_1.5R,NATURAL,0,target_first,SHORT,2988,2988,0,0,0,0,0,55,170,170,170,0,1177,1811,0,0.39390896921017402945113788487282463186077643908969210174029451137884872824631861,1.4970829793259699801755876522231662418578306428773718493344661568960634381195129,-1.0000000000,-0.016376617581436858545292280232039268183846497099509147701918786256135653726015173,-1.00000000000,0.97297993741947358733664642002576845205227314559175409534327259341063868949015279,AVAILABLE,1762.0666666666666666666666666666666666666666666666666666666666666666666666666667,-1811.0000000000,172.06666666666666666666666666666666666666666666666666666666666666666666666666667,33,4,5,0,0,2026-09,-0.28571428571428571428571428571428571428571428571428571428571428571428571428571429,-0.050272284322155345371166523359128690169102894812267125250788191458870736600745198,AVAILABLE,AVAILABLE,AVAILABLE
MOMENTUM_AWAY_025,USD030_TARGET_1.5R,NATURAL,0.01,stop_first,LONG,3036,3036,0,0,0,0,0,81,169,169,170,1,1180,1856,0,0.38866930171277997364953886693017127799736495388669301712779973649538866930171278,1.4666666666666666666666666666666666666666666666666666666666666666666666666666825,-1.0333333333333333333333333333333333333333333333333333333333333333333333333333158,-0.061660079051383399209486166007905138339920948616600790513833992094861660079049681,-1.0333333333333333333333333333333333333333333333333333333333333333333333333333333,0.90239154616240266963292547274749721913236929922135706340378197997775305895441881,AVAILABLE,1730.6666666666666666666666666666666666666666666666666666666666666666666666666853,-1917.8666666666666666666666666666666666666666666666666666666666666666666666666341,229.33333333333333333333333333333333333333333333333333333333333333333333333332916,26,4,5,0,0,2026-06,-0.19108734402852049910873440285204991087344028520499108734402852049910873440285186,-0.077015895115442626754843949414085160691495533124492400510500058011370228564796798,AVAILABLE,AVAILABLE,AVAILABLE
MOMENTUM_AWAY_025,USD030_TARGET_1.5R,NATURAL,0.01,stop_first,SHORT,2988,2988,0,0,0,0,0,55,170,170,170,0,1122,1866,0,0.37550200803212851405622489959839357429718875502008032128514056224899598393574297,1.4636066547831253713606654783125371360665478312537136066547831253713606654783273,-1.0333333333333333333333333333333333333333333333333333333333333333333333333333157,-0.095727353859883980365908076751450245426149040606871932173136992414100847835786201,-1.0333333333333333333333333333333333333333333333333333333333333333333333333333333,0.85165785015385679217231960723299796010095771531307264115064135808871832105938763,AVAILABLE,1642.1666666666666666666666666666666666666666666666666666666666666666666666666832,-1928.1999999999999999999999999999999999999999999999999999999999999999999999999671,311.33333333333333333333333333333333333333333333333333333333333333333333333332920,33,2,7,0,0,2026-09,-0.31904761904761904761904761904761904761904761904761904761904761904761904761904736,-0.12444826597879048437947836056176554886787044998566924620235024362281456004585665,AVAILABLE,AVAILABLE,AVAILABLE
MOMENTUM_AWAY_025,USD030_TARGET_1.5R,NATURAL,0.01,target_first,LONG,3036,3036,0,0,0,0,0,81,169,169,170,1,1261,1775,0,0.41534914361001317523056653491436100131752305665349143610013175230566534914361001,1.4666666666666666666666666666666666666666666666666666666666666666666666666666836,-1.0333333333333333333333333333333333333333333333333333333333333333333333333333165,0.0050395256916996047430830039525691699604743083003952569169960474308300395256919572,-1.0333333333333333333333333333333333333333333333333333333333333333333333333333333,1.0083416628805088596092685143116765106769650159018627896410722398909586551567750,AVAILABLE,1849.4666666666666666666666666666666666666666666666666666666666666666666666666880,-1834.1666666666666666666666666666666666666666666666666666666666666666666666666368,115.39999999999999999999999999999999999999999999999999999999999999999999999999982,26,4,5,0,0,2026-01,-0.041065292096219931271477663230240549828178694158075601374570446735395189003436134,-0.0065320802877363963336814015547047221255366051746142243879800440886413737092467428,AVAILABLE,AVAILABLE,AVAILABLE
MOMENTUM_AWAY_025,USD030_TARGET_1.5R,NATURAL,0.01,target_first,SHORT,2988,2988,0,0,0,0,0,55,170,170,170,0,1177,1811,0,0.39390896921017402945113788487282463186077643908969210174029451137884872824631861,1.4637496459926366468422543188898329085244973095440385160011328235627301047861952,-1.0333333333333333333333333333333333333333333333333333333333333333333333333333162,-0.049709950914770191878625613565372601517179830432842481035252119589468987059347821,-1.0333333333333333333333333333333333333333333333333333333333333333333333333333333,0.92062841773391995155056019664772626066511105965337275787748704155608200780180989,AVAILABLE,1722.8333333333333333333333333333333333333333333333333333333333333333333333333517,-1871.3666666666666666666666666666666666666666666666666666666666666666666666666356,214.39999999999999999999999999999999999999999999999999999999999999999999999999841,33,4,5,0,0,2026-09,-0.31904761904761904761904761904761904761904761904761904761904761904761904761904736,-0.083605617655488678704499856692462023502436228145600458584121524792204069934077554,AVAILABLE,AVAILABLE,AVAILABLE
MOMENTUM_AWAY_025,USD030_TARGET_1.5R,NATURAL,0.02,stop_first,LONG,3036,3036,0,0,0,0,0,81,169,169,170,1,1180,1856,0,0.38866930171277997364953886693017127799736495388669301712779973649538866930171278,1.4333333333333333333333333333333333333333333333333333333333333333333333333333180,-1.0666666666666666666666666666666666666666666666666666666666666666666666666666847,-0.094993412384716732542819499341238471673254281949934123847167325428194993412387134,-1.0666666666666666666666666666666666666666666666666666666666666666666666666666667,0.85432381465517241379310344827586206896551724137931034482758620689655172413790743,AVAILABLE,1691.3333333333333333333333333333333333333333333333333333333333333333333333333152,-1979.7333333333333333333333333333333333333333333333333333333333333333333333333668,312.50000000000000000000000000000000000000000000000000000000000000000000000000647,26,3,6,0,0,2026-06,-0.22442067736185383244206773618538324420677361853832442067736185383244206773618562,-0.11034922844877596008817728274741849402482886645782573384383339134470356189813440,AVAILABLE,AVAILABLE,AVAILABLE
MOMENTUM_AWAY_025,USD030_TARGET_1.5R,NATURAL,0.02,stop_first,SHORT,2988,2988,0,0,0,0,0,55,170,170,170,0,1122,1866,0,0.37550200803212851405622489959839357429718875502008032128514056224899598393574297,1.4302733214497920380273321449792038027332144979203802733214497920380273321449648,-1.0666666666666666666666666666666666666666666666666666666666666666666666666666848,-0.12906068719321731369924141008478357875948237394020526550647032574743418116912278,-1.0666666666666666666666666666666666666666666666666666666666666666666666666666667,0.80625334941050375133976420150053590568060021436227224008574490889603429796353660,AVAILABLE,1604.7666666666666666666666666666666666666666666666666666666666666666666666666505,-1990.4000000000000000000000000000000000000000000000000000000000000000000000000338,409.73333333333333333333333333333333333333333333333333333333333333333333333333885,33,1,8,0,0,2026-09,-0.35238095238095238095238095238095238095238095238095238095238095238095238095238121,-0.15778159931212381771281169389509888220120378331900257953568357695614789337919374,AVAILABLE,AVAILABLE,AVAILABLE
MOMENTUM_AWAY_025,USD030_TARGET_1.5R,NATURAL,0.02,target_first,LONG,3036,3036,0,0,0,0,0,81,169,169,170,1,1261,1775,0,0.41534914361001317523056653491436100131752305665349143610013175230566534914361001,1.4333333333333333333333333333333333333333333333333333333333333333333333333333168,-1.066666666666666666666666666666666666666666666666666666666666666666666666666684,-0.028293807641633728590250329380764163372859025032938076416337285902503293807642440,-1.0666666666666666666666666666666666666666666666666666666666666666666666666666667,0.95463028169014084507042253521126760563380281690140845070422535211267605633800165,AVAILABLE,1807.4333333333333333333333333333333333333333333333333333333333333333333333333125,-1893.3333333333333333333333333333333333333333333333333333333333333333333333333641,139.30000000000000000000000000000000000000000000000000000000000000000000000000130,26,4,5,0,0,2026-01,-0.074398625429553264604810996563573883161512027491408934707903780068728522336770067,-0.039865413621069729667014734888038055458869938507947557721313377421974707042581619,AVAILABLE,AVAILABLE,AVAILABLE
MOMENTUM_AWAY_025,USD030_TARGET_1.5R,NATURAL,0.02,target_first,SHORT,2988,2988,0,0,0,0,0,55,170,170,170,0,1177,1811,0,0.39390896921017402945113788487282463186077643908969210174029451137884872824631861,1.4304163126593033135089209855564995751911639762107051826677994902293967714528309,-1.0666666666666666666666666666666666666666666666666666666666666666666666666666843,-0.083043284248103525211958946898705934850513163766175814368585452922802320392682764,-1.0666666666666666666666666666666666666666666666666666666666666666666666666666667,0.87154886802871341800110436223081170623964660408614025400331308669243511871891607,AVAILABLE,1683.5999999999999999999999999999999999999999999999999999999999999999999999999820,-1931.7333333333333333333333333333333333333333333333333333333333333333333333333653,272.23333333333333333333333333333333333333333333333333333333333333333333333333607,33,4,5,0,0,2026-09,-0.35238095238095238095238095238095238095238095238095238095238095238095238095238121,-0.11693895098882201203783319002579535683576956147893379191745485812553740326741348,AVAILABLE,AVAILABLE,AVAILABLE
MOMENTUM_AWAY_025,USD030_TARGET_2R,NATURAL,0,stop_first,LONG,3036,3036,0,0,0,0,0,40,169,169,170,1,969,2067,0,0.31916996047430830039525691699604743083003952569169960474308300395256916996047431,1.9811661506707946336429308565531475748194014447884416924664602683178534571723426,-1.0000000000,-0.048501317523056653491436100131752305665349143610013175230566534914361001317523057,-1.00000000000,0.92876149008224479922593130140299951620706337687469762941461054668601838413159168,AVAILABLE,1919.7500000000000000000000000000000000000000000000000000000000000000000000000000,-2067.0000000000,222.61666666666666666666666666666666666666666666666666666666666666666666666666667,34,3,6,0,0,2026-07,-0.17392557651991614255765199161425576519916142557651991614255765199161425576519917,-0.070744865993734772015315001740341106856943961016359206404455273233553776540201880,AVAILABLE,AVAILABLE,AVAILABLE
MOMENTUM_AWAY_025,USD030_TARGET_2R,NATURAL,0,stop_first,SHORT,2988,2988,0,0,0,0,0,37,170,170,170,0,959,2029,0,0.32095046854082998661311914323962516733601070950468540829986613119143239625167336,1.9877302745915884602015988877302745915884602015988877302745915884602015988877303,-1.0000000000,-0.041086568496207050423917893797411869701026327532351628737170905845604640785363678,-1.00000000000,0.93949400361425989814358468868079513717759158863150977493017907014949893215048467,AVAILABLE,1906.2333333333333333333333333333333333333333333333333333333333333333333333333334,-2029.0000000000,260.13333333333333333333333333333333333333333333333333333333333333333333333333334,36,4,5,0,0,2026-09,-0.44166666666666666666666666666666666666666666666666666666666666666666666666666666,-0.079197896120973044049967126890203813280736357659434582511505588428665351742274817,AVAILABLE,AVAILABLE,AVAILABLE
MOMENTUM_AWAY_025,USD030_TARGET_2R,NATURAL,0,target_first,LONG,3036,3036,0,0,0,0,0,40,169,169,170,1,1009,2027,0,0.33234519104084321475625823451910408432147562582345191040843214756258234519104084,1.9819127849355797819623389494549058473736372646184340931615460852329038652130823,-1.0000000000,-0.0089756258234519104084321475625823451910408432147562582345191040843214756258234509,-1.00000000000,0.98655648741983226443019240256536753823384311790823877651702022693635915145535274,AVAILABLE,1999.7500000000000000000000000000000000000000000000000000000000000000000000000000,-2027.0000000000,156.00000000000000000000000000000000000000000000000000000000000000000000000000000,34,3,5,1,0,2026-07,-0.11260482180293501048218029350104821802935010482180293501048218029350104821802935,-0.028976679429168116950922380786634180299338670379394361294813783501566306996171250,AVAILABLE,AVAILABLE,AVAILABLE
MOMENTUM_AWAY_025,USD030_TARGET_2R,NATURAL,0,target_first,SHORT,2988,2988,0,0,0,0,0,37,170,170,170,0,996,1992,0,0.33333333333333333333333333333333333333333333333333333333333333333333333333333333,1.9881860776439089692101740294511378848728246318607764390896921017402945113788488,-1.0000000000,-0.0039379741186970102632753235162873717090584560464078536367692994199018295403837560,-1.00000000000,0.99409303882195448460508701472556894243641231593038821954484605087014725568942440,AVAILABLE,1980.2333333333333333333333333333333333333333333333333333333333333333333333333334,-1992.0000000000,215.96666666666666666666666666666666666666666666666666666666666666666666666666667,36,4,5,0,0,2026-09,-0.44166666666666666666666666666666666666666666666666666666666666666666666666666666,-0.040144641683103221564760026298487836949375410913872452333990795529257067718606181,AVAILABLE,AVAILABLE,AVAILABLE
MOMENTUM_AWAY_025,USD030_TARGET_2R,NATURAL,0.01,stop_first,LONG,3036,3036,0,0,0,0,0,40,169,169,170,1,969,2067,0,0.31916996047430830039525691699604743083003952569169960474308300395256916996047431,1.9478328173374613003095975232198142414860681114551083591331269349845201238390262,-1.0333333333333333333333333333333333333333333333333333333333333333333333333333142,-0.081834650856389986824769433465085638998682476943346508563899868247694334650854681,-1.0333333333333333333333333333333333333333333333333333333333333333333333333333333,0.88367901118966243738002715482934594316213305866379512149445198745259609532283880,AVAILABLE,1887.4500000000000000000000000000000000000000000000000000000000000000000000000164,-2135.8999999999999999999999999999999999999999999999999999999999999999999999999604,299.44999999999999999999999999999999999999999999999999999999999999999999999999581,34,3,6,0,0,2026-07,-0.20725890985324947589098532494758909853249475890985324947589098532494758909853104,-0.10407819932706810534864833507367444019027729434969253973778860656688710987353320,AVAILABLE,AVAILABLE,AVAILABLE
MOMENTUM_AWAY_025,USD030_TARGET_2R,NATURAL,0.01,stop_first,SHORT,2988,2988,0,0,0,0,0,37,170,170,170,0,959,2029,0,0.32095046854082998661311914323962516733601070950468540829986613119143239625167336,1.9543969412582551268682655543969412582551268682655543969412582551268682655544139,-1.0333333333333333333333333333333333333333333333333333333333333333333333333333144,-0.074419901829540383757251227130745203034359660865684962070504239178937974118696168,-1.0333333333333333333333333333333333333333333333333333333333333333333333333333333,0.89394108014435841587306634445698659756116949395061924672888281212737881365365928,AVAILABLE,1874.2666666666666666666666666666666666666666666666666666666666666666666666666829,-2096.6333333333333333333333333333333333333333333333333333333333333333333333332950,308.96666666666666666666666666666666666666666666666666666666666666666666666666460,36,3,6,0,0,2026-09,-0.47499999999999999999999999999999999999999999999999999999999999999999999999999973,-0.11253122945430637738330046022353714661406969099276791584483892176199868507560695,AVAILABLE,AVAILABLE,AVAILABLE
MOMENTUM_AWAY_025,USD030_TARGET_2R,NATURAL,0.01,target_first,LONG,3036,3036,0,0,0,0,0,40,169,169,170,1,1009,2027,0,0.33234519104084321475625823451910408432147562582345191040843214756258234519104084,1.9485794516022464486290056161215725140403039312851007598282127518995705318797665,-1.0333333333333333333333333333333333333333333333333333333333333333333333333333145,-0.042308959156785243741765480895915678524374176548089591567852437417654808959155560,-1.0333333333333333333333333333333333333333333333333333333333333333333333333333333,0.93867466619985040660757197192736763371898722090488088228273151168897305727519789,AVAILABLE,1966.1166666666666666666666666666666666666666666666666666666666666666666666666844,-2094.5666666666666666666666666666666666666666666666666666666666666666666666666284,191.44999999999999999999999999999999999999999999999999999999999999999999999999728,34,3,6,0,0,2026-07,-0.14593815513626834381551362683438155136268343815513626834381551362683438155136220,-0.062310012762501450284255714119967513632672003712727694628147116834899640329503119,AVAILABLE,AVAILABLE,AVAILABLE
MOMENTUM_AWAY_025,USD030_TARGET_2R,NATURAL,0.01,target_first,SHORT,2988,2988,0,0,0,0,0,37,170,170,170,0,996,1992,0,0.33333333333333333333333333333333333333333333333333333333333333333333333333333333,1.9548527443105756358768406961178045515394912985274431057563587684069611780455329,-1.0333333333333333333333333333333333333333333333333333333333333333333333333333147,-0.037271307452030343596608656849620705042391789379741186970102632753235162873716302,-1.0333333333333333333333333333333333333333333333333333333333333333333333333333333,0.94589648918253659800492291747635704106749578961005311568856069439046508615108137,AVAILABLE,1947.0333333333333333333333333333333333333333333333333333333333333333333333333508,-2058.3999999999999999999999999999999999999999999999999999999999999999999999999629,255.19999999999999999999999999999999999999999999999999999999999999999999999999913,36,4,5,0,0,2026-09,-0.47499999999999999999999999999999999999999999999999999999999999999999999999999973,-0.073477975016436554898093359631821170282708744247205785667324128862590401051938619,AVAILABLE,AVAILABLE,AVAILABLE
MOMENTUM_AWAY_025,USD030_TARGET_2R,NATURAL,0.02,stop_first,LONG,3036,3036,0,0,0,0,0,40,169,169,170,1,969,2067,0,0.31916996047430830039525691699604743083003952569169960474308300395256916996047431,1.9144994840041279669762641898864809081527347781217750257997936016511867905056593,-1.0666666666666666666666666666666666666666666666666666666666666666666666666666863,-0.11516798418972332015810276679841897233201581027667984189723320158102766798419212,-1.0666666666666666666666666666666666666666666666666666666666666666666666666666667,0.84141418722786647314949201741654571843251088534107402031930333817126269956456360,AVAILABLE,1855.1499999999999999999999999999999999999999999999999999999999999999999999999839,-2204.8000000000000000000000000000000000000000000000000000000000000000000000000405,376.28333333333333333333333333333333333333333333333333333333333333333333333333962,34,3,6,0,0,2026-07,-0.24059224318658280922431865828092243186582809224318658280922431865828092243186783,-0.13741153266040143868198166840700777352361062768302587307112193990022044320687090,AVAILABLE,AVAILABLE,AVAILABLE
MOMENTUM_AWAY_025,USD030_TARGET_2R,NATURAL,0.02,stop_first,SHORT,2988,2988,0,0,0,0,0,37,170,170,170,0,959,2029,0,0.32095046854082998661311914323962516733601070950468540829986613119143239625167336,1.9210636079249217935349322210636079249217935349322210636079249217935349322210469,-1.0666666666666666666666666666666666666666666666666666666666666666666666666666860,-0.10775323516287371709058456046407853636769299419901829540383757251227130745203149,-1.0666666666666666666666666666666666666666666666666666666666666666666666666666667,0.85123521439132577624445539674716609167077378018728437654016757023164120256281601,AVAILABLE,1842.2999999999999999999999999999999999999999999999999999999999999999999999999840,-2164.2666666666666666666666666666666666666666666666666666666666666666666666667059,357.80000000000000000000000000000000000000000000000000000000000000000000000000294,36,1,8,0,0,2026-09,-0.50833333333333333333333333333333333333333333333333333333333333333333333333333361,-0.14586456278763971071663379355687047994740302432610124917817225509533201840894326,AVAILABLE,AVAILABLE,AVAILABLE
MOMENTUM_AWAY_025,USD030_TARGET_2R,NATURAL,0.02,target_first,LONG,3036,3036,0,0,0,0,0,40,169,169,170,1,1009,2027,0,0.33234519104084321475625823451910408432147562582345191040843214756258234519104084,1.9152461182689131152956722827882391807069705979517674264948794185662371985463983,-1.0666666666666666666666666666666666666666666666666666666666666666666666666666860,-0.075642292490118577075098814229249011857707509881422924901185770750988142292492022,-1.0666666666666666666666666666666666666666666666666666666666666666666666666666667,0.89378545880611741489886531820424272323630981746423285643808584114454859398122883,AVAILABLE,1932.4833333333333333333333333333333333333333333333333333333333333333333333333159,-2162.1333333333333333333333333333333333333333333333333333333333333333333333333725,268.28333333333333333333333333333333333333333333333333333333333333333333333333811,34,3,6,0,0,2026-07,-0.17927148846960167714884696016771488469601677148846960167714884696016771488469682,-0.095643346095834783617589047453300846966005337046061027961480450168232973662840143,AVAILABLE,AVAILABLE,AVAILABLE
MOMENTUM_AWAY_025,USD030_TARGET_2R,NATURAL,0.02,target_first,SHORT,2988,2988,0,0,0,0,0,37,170,170,170,0,996,1992,0,0.33333333333333333333333333333333333333333333333333333333333333333333333333333333,1.9215194109772423025435073627844712182061579651941097724230254350736278447121648,-1.0666666666666666666666666666666666666666666666666666666666666666666666666666857,-0.070604640785363676929941990182954038375725122713074520303435966086568496207051235,-1.0666666666666666666666666666666666666666666666666666666666666666666666666666667,0.90071222389558232931726907630522088353413654618473895582329317269076305220881112,AVAILABLE,1913.8333333333333333333333333333333333333333333333333333333333333333333333333161,-2124.8000000000000000000000000000000000000000000000000000000000000000000000000380,297.80000000000000000000000000000000000000000000000000000000000000000000000000198,36,4,5,0,0,2026-09,-0.50833333333333333333333333333333333333333333333333333333333333333333333333333361,-0.10681130834976988823142669296515450361604207758053911900065746219592373438527393,AVAILABLE,AVAILABLE,AVAILABLE
MOMENTUM_AWAY_025,USD030_TARGET_2R_BE1R,NATURAL,0,stop_first,LONG,3036,3036,0,0,0,0,0,56,169,169,170,1,742,1727,567,0.24440052700922266139657444005270092226613965744400527009222661396574440052700922,1.9991913746630727762803234501347708894878706199460916442048517520215633423180593,-0.95611908897896159042655857942482146303802354757768770507624010808724184520362843,-0.055275911286780851998243302591128678085199824330259112867808519982433025911286769,-1.00000000000,0.89836732609248164940095723297534163172107533571689417890191339603319005186677407,AVAILABLE,1483.4000000000,-1651.2176666666666666666666666666666666666666666666666666666666666666666666666663,262.73433333333333333333333333333333333333333333333333333333333333333333333333331,26,5,4,0,0,2026-06,-0.18333333333333333333333333333333333333333333333333333333333333333333333333333333,-0.075458827759798633585041352031643293779216109313196691837468536497662711254944257,AVAILABLE,AVAILABLE,AVAILABLE
MOMENTUM_AWAY_025,USD030_TARGET_2R_BE1R,NATURAL,0,stop_first,SHORT,2988,2988,0,0,0,0,0,49,170,170,170,0,725,1667,596,0.24263721552878179384203480589022757697456492637215528781793842034805890227576975,1.9882068965517241379310344827586206896551724137931034482758620689655172413793105,-0.97410877824435112977404519096180763847230553889222155568886222755448910217956401,-0.061040606871932173136992414100847835787594823739402052655064703257474341811691208,-1.00000000000,0.88768018510862527860925485649442329885674239528623316181937539797656500499433660,AVAILABLE,1441.4500000000000000000000000000000000000000000000000000000000000000000000000001,-1623.8393333333333333333333333333333333333333333333333333333333333333333333333332,263.51866666666666666666666666666666666666666666666666666666666666666666666666666,21,3,6,0,0,2026-09,-0.37023809523809523809523809523809523809523809523809523809523809523809523809523809,-0.099422184006878761822871883061049011177987962166809974204643164230438521066208083,AVAILABLE,AVAILABLE,AVAILABLE
MOMENTUM_AWAY_025,USD030_TARGET_2R_BE1R,NATURAL,0,target_first,LONG,3036,3036,0,0,0,0,0,56,169,169,170,1,798,1692,546,0.26284584980237154150197628458498023715415019762845849802371541501976284584980237,1.9992481203007518796992481203007518796992481203007518796992481203007518796992481,-0.95521138691883372734436564223798266351457840819542947202521670606776989755713138,-0.0068569389547650417215634606938954765041721563460693895476504172156346069389547632,-1.00000000000,0.98711951546130440763651265619544232181597651966432739154565195735805387599401341,AVAILABLE,1595.4000000000,-1616.2176666666666666666666666666666666666666666666666666666666666666666666666663,168.06933333333333333333333333333333333333333333333333333333333333333333333333333,26,5,4,0,0,2026-07,-0.092007337526205450733752620545073375262054507337526205450733752620545073375262049,-0.024038475368572455951096727795756921970514203523912261776339446242358863718087017,AVAILABLE,AVAILABLE,AVAILABLE
MOMENTUM_AWAY_025,USD030_TARGET_2R_BE1R,NATURAL,0,target_first,SHORT,2988,2988,0,0,0,0,0,49,170,170,170,0,774,1637,577,0.25903614457831325301204819277108433734939759036144578313253012048192771084337349,1.9889534883720930232558139534883720930232558139534883720930232558139534883720932,-0.97363429036856037466911016086336794950111993484015475463245774791284870698432083,-0.018202588130298973672467648371262829094154395359214636323070058009817045961624278,-1.00000000000,0.96587527224617788744076671885371967647094500114817093651012084446822117996837002,AVAILABLE,1539.4500000000000000000000000000000000000000000000000000000000000000000000000001,-1593.8393333333333333333333333333333333333333333333333333333333333333333333333332,217.51866666666666666666666666666666666666666666666666666666666666666666666666666,21,4,5,0,0,2026-09,-0.33452380952380952380952380952380952380952380952380952380952380952380952380952380,-0.068897678417884780739466895958727429062768701633705932932072226999140154772141019,AVAILABLE,AVAILABLE,AVAILABLE
MOMENTUM_AWAY_025,USD030_TARGET_2R_BE1R,NATURAL,0.01,stop_first,LONG,3036,3036,0,0,0,0,0,56,169,169,170,1,742,2294,0,0.24440052700922266139657444005270092226613965744400527009222661396574440052700922,1.9658580413297394429469901168014375561545372866127583108715184186882300089847385,-0.75313179308340598663179308340598663179308340598663179308340598663179308340597145,-0.088609244620114185331576635924462011418533157663592446201141853315766359244618281,-1.0333333333333333333333333333333333333333333333333333333333333333333333333333333,0.84429003523598929048188393983237292769338843341945374666244007151769430102299093,AVAILABLE,1458.6666666666666666666666666666666666666666666666666666666666666666666666666760,-1727.6843333333333333333333333333333333333333333333333333333333333333333333332985,339.56766666666666666666666666666666666666666666666666666666666666666666666666200,49,3,6,0,0,2026-06,-0.21666666666666666666666666666666666666666666666666666666666666666666666666666641,-0.10879216109313196691837468536497662711254944264653002517080186983099604458827552,AVAILABLE,AVAILABLE,AVAILABLE
MOMENTUM_AWAY_025,USD030_TARGET_2R_BE1R,NATURAL,0.01,stop_first,SHORT,2988,2988,0,0,0,0,0,49,170,170,170,0,725,2263,0,0.24263721552878179384203480589022757697456492637215528781793842034805890227576975,1.9548735632183908045977011494252873563218390804597701149425287356321839080459888,-0.75089379879216379437325084695831492119605243776697599057298571218147002504049178,-0.094373940205265506470325747434181169120928157072735385988398036590807675145023276,-1.0333333333333333333333333333333333333333333333333333333333333333333333333333333,0.83405292225026472110224413660903547360851250476184124266499902507308028650691535,AVAILABLE,1417.2833333333333333333333333333333333333333333333333333333333333333333333333419,-1699.2726666666666666666666666666666666666666666666666666666666666666666666666329,305.65199999999999999999999999999999999999999999999999999999999999999999999999661,39,3,6,0,0,2026-09,-0.40357142857142857142857142857142857142857142857142857142857142857142857142857118,-0.13275551734021209515620521639438234451132129550014330753797649756377185439953962,AVAILABLE,AVAILABLE,AVAILABLE
MOMENTUM_AWAY_025,USD030_TARGET_2R_BE1R,NATURAL,0.01,target_first,LONG,3036,3036,0,0,0,0,0,56,169,169,170,1,798,2238,0,0.26284584980237154150197628458498023715415019762845849802371541501976284584980237,1.9659147869674185463659147869674185463659147869674185463659147869674185463659288,-0.75550387250521298778671432826928805481084301459636580280011915400655347036042601,-0.040190272288098375054896794027228809837505489679402722880983750548967940272286950,-1.0333333333333333333333333333333333333333333333333333333333333333333333333333333,0.92783511251853886078392446415964820176746832351132676833082534229494092897462553,AVAILABLE,1568.8000000000000000000000000000000000000000000000000000000000000000000000000112,-1690.8176666666666666666666666666666666666666666666666666666666666666666666666334,211.56766666666666666666666666666666666666666666666666666666666666666666666666410,49,4,5,0,0,2026-07,-0.12534067085953878406708595387840670859538784067085953878406708595387840670859510,-0.057371808701905789284430061129090255303847536857245595109672779575692197051418957,AVAILABLE,AVAILABLE,AVAILABLE
MOMENTUM_AWAY_025,USD030_TARGET_2R_BE1R,NATURAL,0.01,target_first,SHORT,2988,2988,0,0,0,0,0,49,170,170,170,0,774,2214,0,0.25903614457831325301204819277108433734939759036144578313253012048192771084337349,1.9556201550387596899224806201550387596899224806201550387596899224806201550387729,-0.75322463113520024089129780186690755796446853357422463113520024089129780186689291,-0.051535921463632307005800981704596162427487728692547969656403391343150379294956894,-1.0333333333333333333333333333333333333333333333333333333333333333333333333333333,0.90766028945507401880262678700710265489060584243035764327938215257575678833834952,AVAILABLE,1513.6500000000000000000000000000000000000000000000000000000000000000000000000102,-1667.6393333333333333333333333333333333333333333333333333333333333333333333333009,258.41866666666666666666666666666666666666666666666666666666666666666666666666588,39,4,5,0,0,2026-09,-0.36785714285714285714285714285714285714285714285714285714285714285714285714285689,-0.10223101175121811407280022929206076239610203496703926626540556033247348810547318,AVAILABLE,AVAILABLE,AVAILABLE
MOMENTUM_AWAY_025,USD030_TARGET_2R_BE1R,NATURAL,0.02,stop_first,LONG,3036,3036,0,0,0,0,0,56,169,169,170,1,742,2294,0,0.24440052700922266139657444005270092226613965744400527009222661396574440052700922,1.9325247079964061096136567834681042228212039532794249775381850853548966756513805,-0.78646512641673931996512641673931996512641673931996512641673931996512641673933614,-0.12194257795344751866490996925779534475186649099692577953447518664909969257795573,-1.0666666666666666666666666666666666666666666666666666666666666666666666666666667,0.79479674003635689769500076952169376805673878369013088889640242603492353651844819,AVAILABLE,1433.9333333333333333333333333333333333333333333333333333333333333333333333333243,-1804.1510000000000000000000000000000000000000000000000000000000000000000000000371,416.40100000000000000000000000000000000000000000000000000000000000000000000000603,49,3,6,0,0,2026-06,-0.25000000000000000000000000000000000000000000000000000000000000000000000000000029,-0.14212549442646530025170801869830996044588277597986335850413520316432937792161314,AVAILABLE,AVAILABLE,AVAILABLE
MOMENTUM_AWAY_025,USD030_TARGET_2R_BE1R,NATURAL,0.02,stop_first,SHORT,2988,2988,0,0,0,0,0,49,170,170,170,0,725,2263,0,0.24263721552878179384203480589022757697456492637215528781793842034805890227576975,1.9215402298850574712643678160919540229885057471264367816091954022988505747126321,-0.78422713212549712770658418029164825452938577110030932390631904551480335837385581,-0.12770727353859883980365908076751450245426149040606871932173136992414100847835949,-1.0666666666666666666666666666666666666666666666666666666666666666666666666666667,0.78498448005848104794071055525065372330215070364706417100447435612809483185757544,AVAILABLE,1393.1166666666666666666666666666666666666666666666666666666666666666666666666583,-1774.7060000000000000000000000000000000000000000000000000000000000000000000000357,391.32266666666666666666666666666666666666666666666666666666666666666666666667147,39,1,8,0,0,2026-09,-0.43690476190476190476190476190476190476190476190476190476190476190476190476190502,-0.16608885067354542848953854972771567784465462883347664087130983089710518773287677,AVAILABLE,AVAILABLE,AVAILABLE
MOMENTUM_AWAY_025,USD030_TARGET_2R_BE1R,NATURAL,0.02,target_first,LONG,3036,3036,0,0,0,0,0,56,169,169,170,1,798,2238,0,0.26284584980237154150197628458498023715415019762845849802371541501976284584980237,1.9325814536340852130325814536340852130325814536340852130325814536340852130325678,-0.78883720583854632112004766160262138814417634792969913613345248733988680369378999,-0.073523605621431708388230127360562143170838823012736056214317083882301273605623379,-1.0666666666666666666666666666666666666666666666666666666666666666666666666666667,0.87356098736219738747374794972974289559052409316548888431122908969794305521278434,AVAILABLE,1542.1999999999999999999999999999999999999999999999999999999999999999999999999891,-1765.4176666666666666666666666666666666666666666666666666666666666666666666667020,288.40100000000000000000000000000000000000000000000000000000000000000000000000500,49,3,6,0,0,2026-07,-0.15867400419287211740041928721174004192872117400419287211740041928721174004192921,-0.090705142035239122617763394462423588637180870190578928443006112909025530384755789,AVAILABLE,AVAILABLE,AVAILABLE
MOMENTUM_AWAY_025,USD030_TARGET_2R_BE1R,NATURAL,0.02,target_first,SHORT,2988,2988,0,0,0,0,0,49,170,170,170,0,774,2214,0,0.25903614457831325301204819277108433734939759036144578313253012048192771084337349,1.9222868217054263565891472868217054263565891472868217054263565891472868217054134,-0.78655796446853357422463113520024089129780186690755796446853357422463113520025619,-0.084869254796965640339134315037929495760821062025881302989736724676483712628291867,-1.0666666666666666666666666666666666666666666666666666666666666666666666666666667,0.85437946158713922085141065302686398492587932051609415812743404976496453699791689,AVAILABLE,1487.8499999999999999999999999999999999999999999999999999999999999999999999999900,-1741.4393333333333333333333333333333333333333333333333333333333333333333333333672,300.78533333333333333333333333333333333333333333333333333333333333333333333333568,39,3,6,0,0,2026-09,-0.40119047619047619047619047619047619047619047619047619047619047619047619047619073,-0.13556434508455144740613356262539409572943536830037259959873889366580682143880954,AVAILABLE,AVAILABLE,AVAILABLE
MOMENTUM_AWAY_025,USD040_TARGET_1R,NATURAL,0,stop_first,LONG,3036,3036,0,0,0,0,0,84,169,169,170,1,1504,1531,1,0.49538866930171277997364953886693017127799736495388669301712779973649538866930171,0.99916888297872340425531914893617021276595744680851063829787234042553191489361702,-0.99796048334421946440235140431090790333115610711952971913781841933376877857609406,-0.0082765151515151515151515151515151515151515151515151515151515151515151515151515152,-1.00000000000,0.98355398256731969676888363105026417366575527161045306315460499941912882413675180,AVAILABLE,1502.7500000000,-1527.8775000000,140.6250000000,23,5,4,0,0,2026-06,-0.19786096256684491978609625668449197860962566844919786096256684491978609625668449,-0.030250809061488673139158576051779935275080906148867313915857605177993527508090615,AVAILABLE,AVAILABLE,AVAILABLE
MOMENTUM_AWAY_025,USD040_TARGET_1R,NATURAL,0,stop_first,SHORT,2988,2988,0,0,0,0,0,45,170,170,170,0,1428,1560,0,0.47791164658634538152610441767068273092369477911646586345381526104417670682730924,0.99834558823529411764705882352941176470588235294117647058823529411764705882352941,-0.99871794871794871794871794871794871794871794871794871794871794871794871794871795,-0.044298025435073627844712182061579651941097724230254350736278447121820615796519411,-1.00000000000,0.91504332477535301668806161745827984595635430038510911424903722721437740693196406,AVAILABLE,1425.6375000000,-1558.0000000000,187.2125000000,19,3,6,0,0,2026-09,-0.2500000000,-0.081841143594153052450558899398108340498710232158211521926053310404127257093723130,AVAILABLE,AVAILABLE,AVAILABLE
MOMENTUM_AWAY_025,USD040_TARGET_1R,NATURAL,0,target_first,LONG,3036,3036,0,0,0,0,0,84,169,169,170,1,1588,1447,1,0.52305665349143610013175230566534914361001317523056653491436100131752305665349144,0.99921284634760705289672544080604534005037783375314861460957178841309823677581864,-0.99784208707671043538355217691776088458880442294402211472011057360055286800276434,0.047059453227931488801054018445322793148880105401844532279314888010540184453227931,1.00000000000,1.0989505688675112674032249965803885717451792136105729191015165760253207076085056,AVAILABLE,1586.7500000000,-1443.8775000000,62.5250000000,22,7,2,0,0,2026-06,-0.064171122994652406417112299465240641711229946524064171122994652406417112299465241,0.030159115426105717367853290183387270765911542610571736785329018338727076591154261,AVAILABLE,AVAILABLE,AVAILABLE
MOMENTUM_AWAY_025,USD040_TARGET_1R,NATURAL,0,target_first,SHORT,2988,2988,0,0,0,0,0,45,170,170,170,0,1473,1515,0,0.49297188755020080321285140562248995983935742971887550200803212851405622489959839,0.99839613034623217922606924643584521384928716904276985743380855397148676171079430,-0.99867986798679867986798679867986798679867986798679867986798679867986798679867987,-0.014177543507362784471218206157965194109772423025435073627844712182061579651941098,-1.00000000000,0.97200099140779907468605419695968274950429610046265697290152015862524785194976867,AVAILABLE,1470.6375000000,-1513.0000000000,142.5875000000,19,4,5,0,0,2026-09,-0.2500000000,-0.050026870163370593293207222699914015477214101461736887360275150472914875322441960,AVAILABLE,AVAILABLE,AVAILABLE
MOMENTUM_AWAY_025,USD040_TARGET_1R,NATURAL,0.01,stop_first,LONG,3036,3036,0,0,0,0,0,84,169,169,170,1,1504,1532,0,0.49538866930171277997364953886693017127799736495388669301712779973649538866930171,0.97416888297872340425531914893617021276595744680851063829787234042553191489361702,-1.0223090731070496083550913838120104438642297650130548302872062663185378590078329,-0.033276515151515151515151515151515151515151515151515151515151515151515151515151515,-1.02500000000,0.93549422080192059967660115152975955790451593130408271093155150038868519053555552,AVAILABLE,1465.1500000000,-1566.1775000000,162.5500000000,23,5,4,0,0,2026-06,-0.22286096256684491978609625668449197860962566844919786096256684491978609625668449,-0.055250809061488673139158576051779935275080906148867313915857605177993527508090615,AVAILABLE,AVAILABLE,AVAILABLE
MOMENTUM_AWAY_025,USD040_TARGET_1R,NATURAL,0.01,stop_first,SHORT,2988,2988,0,0,0,0,0,45,170,170,170,0,1428,1560,0,0.47791164658634538152610441767068273092369477911646586345381526104417670682730924,0.97334558823529411764705882352941176470588235294117647058823529411764705882352941,-1.0237179487179487179487179487179487179487179487179487179487179487179487179487179,-0.069298025435073627844712182061579651941097724230254350736278447121820615796519411,-1.02500000000,0.87034283030682529743268628678772698810269254852849092047589229805886036318096431,AVAILABLE,1389.9375000000,-1597.0000000000,233.4875000000,19,1,8,0,0,2026-09,-0.2750000000,-0.10684114359415305245055889939810834049871023215821152192605331040412725709372313,AVAILABLE,AVAILABLE,AVAILABLE
MOMENTUM_AWAY_025,USD040_TARGET_1R,NATURAL,0.01,target_first,LONG,3036,3036,0,0,0,0,0,84,169,169,170,1,1588,1448,0,0.52305665349143610013175230566534914361001317523056653491436100131752305665349144,0.97421284634760705289672544080604534005037783375314861460957178841309823677581864,-1.0221529696132596685082872928176795580110497237569060773480662983425414364640884,0.022059453227931488801054018445322793148880105401844532279314888010540184453227931,0.97500000000,1.0452493197146771030571034287055914301784872751595777923791152828145823445056087,AVAILABLE,1547.0500000000,-1480.0775000000,80.0750000000,22,6,3,0,0,2026-06,-0.089171122994652406417112299465240641711229946524064171122994652406417112299465241,0.0051591154261057173678532901833872707659115426105717367853290183387270765911542611,AVAILABLE,AVAILABLE,AVAILABLE
MOMENTUM_AWAY_025,USD040_TARGET_1R,NATURAL,0.01,target_first,SHORT,2988,2988,0,0,0,0,0,45,170,170,170,0,1473,1515,0,0.49297188755020080321285140562248995983935742971887550200803212851405622489959839,0.97339613034623217922606924643584521384928716904276985743380855397148676171079430,-1.0236798679867986798679867986798679867986798679867986798679867986798679867986799,-0.039177543507362784471218206157965194109772423025435073627844712182061579651941098,-1.02500000000,0.92451841702264850487627951962601757072620294994761022003707584428145401789312485,AVAILABLE,1433.8125000000,-1550.8750000000,174.3875000000,19,4,5,0,0,2026-09,-0.2750000000,-0.075026870163370593293207222699914015477214101461736887360275150472914875322441960,AVAILABLE,AVAILABLE,AVAILABLE
MOMENTUM_AWAY_025,USD040_TARGET_1R,NATURAL,0.02,stop_first,LONG,3036,3036,0,0,0,0,0,84,169,169,170,1,1504,1532,0,0.49538866930171277997364953886693017127799736495388669301712779973649538866930171,0.94916888297872340425531914893617021276595744680851063829787234042553191489361702,-1.0473090731070496083550913838120104438642297650130548302872062663185378590078329,-0.058276515151515151515151515151515151515151515151515151515151515151515151515151515,-1.05000000000,0.88972889928341157791243566830946523089292308555277341065861004594953808950265741,AVAILABLE,1427.5500000000,-1604.4775000000,216.9275000000,23,4,5,0,0,2026-06,-0.24786096256684491978609625668449197860962566844919786096256684491978609625668449,-0.080250809061488673139158576051779935275080906148867313915857605177993527508090615,AVAILABLE,AVAILABLE,AVAILABLE
MOMENTUM_AWAY_025,USD040_TARGET_1R,NATURAL,0.02,stop_first,SHORT,2988,2988,0,0,0,0,0,45,170,170,170,0,1428,1560,0,0.47791164658634538152610441767068273092369477911646586345381526104417670682730924,0.94834558823529411764705882352941176470588235294117647058823529411764705882352941,-1.0487179487179487179487179487179487179487179487179487179487179487179487179487179,-0.094298025435073627844712182061579651941097724230254350736278447121820615796519411,-1.05000000000,0.82777353300733496332518337408312958435207823960880195599022004889975550122249389,AVAILABLE,1354.2375000000,-1636.0000000000,296.2625000000,19,1,8,0,0,2026-09,-0.3000000000,-0.13184114359415305245055889939810834049871023215821152192605331040412725709372313,AVAILABLE,AVAILABLE,AVAILABLE
MOMENTUM_AWAY_025,USD040_TARGET_1R,NATURAL,0.02,target_first,LONG,3036,3036,0,0,0,0,0,84,169,169,170,1,1588,1448,0,0.52305665349143610013175230566534914361001317523056653491436100131752305665349144,0.94921284634760705289672544080604534005037783375314861460957178841309823677581864,-1.0471529696132596685082872928176795580110497237569060773480662983425414364640884,-0.0029405467720685111989459815546772068511198945981554677206851119894598155467720685,0.95000000000,0.99411222549961995742863690848146200151357518660007815192139961187843254285577673,AVAILABLE,1507.3500000000,-1516.2775000000,97.6250000000,22,5,4,0,0,2026-06,-0.11417112299465240641711229946524064171122994652406417112299465240641711229946524,-0.019840884573894282632146709816612729234088457389428263214670981661272923408845739,AVAILABLE,AVAILABLE,AVAILABLE
MOMENTUM_AWAY_025,USD040_TARGET_1R,NATURAL,0.02,target_first,SHORT,2988,2988,0,0,0,0,0,45,170,170,170,0,1473,1515,0,0.49297188755020080321285140562248995983935742971887550200803212851405622489959839,0.94839613034623217922606924643584521384928716904276985743380855397148676171079430,-1.0486798679867986798679867986798679867986798679867986798679867986798679867986799,-0.064177543507362784471218206157965194109772423025435073627844712182061579651941098,-1.05000000000,0.87929976396538158929976396538158929976396538158929976396538158929976396538158930,AVAILABLE,1396.9875000000,-1588.7500000000,221.7625000000,19,3,6,0,0,2026-09,-0.3000000000,-0.10002687016337059329320722269991401547721410146173688736027515047291487532244196,AVAILABLE,AVAILABLE,AVAILABLE
MOMENTUM_AWAY_025,USD040_TARGET_1.5R,NATURAL,0,stop_first,LONG,3036,3036,0,0,0,0,0,30,169,169,170,1,1201,1834,1,0.39558629776021080368906455862977602108036890645586297760210803689064558629776021,1.4837531223980016652789342214820982514571190674437968359700249791840133222314738,-0.99829743729552889858233369683751363140676117775354416575790621592148309705561614,-0.016103425559947299077733860342555994729907773386034255599472990777338603425559947,-1.00000000000,0.97329695733330056216213263858450387860465814889308541942320007755843850831090556,AVAILABLE,1781.9875000000,-1830.8775000000,173.9150000000,34,4,5,0,0,2026-06,-0.19786096256684491978609625668449197860962566844919786096256684491978609625668449,-0.049043509528946422150305645451276519237684286227975548363897878460985257101761956,AVAILABLE,AVAILABLE,AVAILABLE
MOMENTUM_AWAY_025,USD040_TARGET_1.5R,NATURAL,0,stop_first,SHORT,2988,2988,0,0,0,0,0,30,170,170,170,0,1149,1839,0,0.38453815261044176706827309236947791164658634538152610441767068273092369477911647,1.4878154917319408181026979982593559617058311575282854656222802436901653611836379,-0.99802882001087547580206634040239260467645459488852637302882001087547580206634040,-0.042126840696117804551539491298527443105756358768406961178045515394912985274431058,-1.00000000000,0.93141728529592045222366001498331403664101341687666008308928693046380167540693319,AVAILABLE,1709.5000000000,-1835.3750000000,225.1250000000,36,4,5,0,0,2026-09,-0.33214285714285714285714285714285714285714285714285714285714285714285714285714286,-0.075580395528804815133276010318142734307824591573516766981943250214961306964746346,AVAILABLE,AVAILABLE,AVAILABLE
MOMENTUM_AWAY_025,USD040_TARGET_1.5R,NATURAL,0,target_first,LONG,3036,3036,0,0,0,0,0,30,169,169,170,1,1231,1804,1,0.40546772068511198945981554677206851119894598155467720685111989459815546772068511,1.4841490658001624695369618196588139723801787164906580016246953696181965881397238,-0.99826912416851441241685144124168514412416851441241685144124168514412416851441242,0.0086001317523056653491436100131752305665349143610013175230566534914361001317523057,-1.00000000000,1.0144984875428784023344175270111376259628986424673527211040173470988448686820730,AVAILABLE,1826.9875000000,-1800.8775000000,121.4150000000,34,4,5,0,0,2026-06,-0.11096256684491978609625668449197860962566844919786096256684491978609625668449198,-0.022074793239841783531103919453434016540812657317511686443725278676734987414599065,AVAILABLE,AVAILABLE,AVAILABLE
MOMENTUM_AWAY_025,USD040_TARGET_1.5R,NATURAL,0,target_first,SHORT,2988,2988,0,0,0,0,0,30,170,170,170,0,1179,1809,0,0.39457831325301204819277108433734939759036144578313253012048192771084337349397590,1.4881255301102629346904156064461407972858354537743850720949957591178965224766751,-0.99799613045881702598120508568269762299613045881702598120508568269762299613045882,-0.017026439089692101740294511378848728246318607764390896921017402945113788487282463,-1.00000000000,0.97182025894897182025894897182025894897182025894897182025894897182025894897182026,AVAILABLE,1754.5000000000,-1805.3750000000,185.1250000000,36,4,5,0,0,2026-09,-0.33214285714285714285714285714285714285714285714285714285714285714285714285714286,-0.047635425623387790197764402407566638005159071367153912295786758383490971625107481,AVAILABLE,AVAILABLE,AVAILABLE
MOMENTUM_AWAY_025,USD040_TARGET_1.5R,NATURAL,0.01,stop_first,LONG,3036,3036,0,0,0,0,0,30,169,169,170,1,1201,1835,0,0.39558629776021080368906455862977602108036890645586297760210803689064558629776021,1.4587531223980016652789342214820982514571190674437968359700249791840133222314738,-1.0227534059945504087193460490463215258855585831062670299727520435967302452316076,-0.041103425559947299077733860342555994729907773386034255599472990777338603425559947,-1.02500000000,0.93350748167379555908410938576077559507713457155378772640505341007937914029686919,AVAILABLE,1751.9625000000,-1876.7525000000,198.5900000000,34,3,6,0,0,2026-06,-0.22286096256684491978609625668449197860962566844919786096256684491978609625668449,-0.074043509528946422150305645451276519237684286227975548363897878460985257101761956,AVAILABLE,AVAILABLE,AVAILABLE
MOMENTUM_AWAY_025,USD040_TARGET_1.5R,NATURAL,0.01,stop_first,SHORT,2988,2988,0,0,0,0,0,30,170,170,170,0,1148,1839,1,0.38420348058902275769745649263721552878179384203480589022757697456492637215528782,1.4640897212543554006968641114982578397212543554006968641114982578397212543554007,-1.0230288200108754758020663404023926046764545948885263730288200108754758020663404,-0.067126840696117804551539491298527443105756358768406961178045515394912985274431058,-1.02500000000,0.89338772689823796741701437797326387966088181359130411672469237515613787971403513,AVAILABLE,1680.7750000000,-1881.3500000000,259.0500000000,36,3,6,0,0,2026-09,-0.35714285714285714285714285714285714285714285714285714285714285714285714285714286,-0.10058039552880481513327601031814273430782459157351676698194325021496130696474635,AVAILABLE,AVAILABLE,AVAILABLE
MOMENTUM_AWAY_025,USD040_TARGET_1.5R,NATURAL,0.01,target_first,LONG,3036,3036,0,0,0,0,0,30,169,169,170,1,1231,1805,0,0.40546772068511198945981554677206851119894598155467720685111989459815546772068511,1.4591490658001624695369618196588139723801787164906580016246953696181965881397238,-1.0227160664819944598337950138504155124653739612188365650969529085872576177285319,-0.016399868247694334650856389986824769433465085638998682476943346508563899868247694,-1.02500000000,0.97302820554143344876293504477919179416062545960799078007749176937734374682591167,AVAILABLE,1796.2125000000,-1846.0025000000,143.5900000000,34,4,5,0,0,2026-06,-0.13596256684491978609625668449197860962566844919786096256684491978609625668449198,-0.047074793239841783531103919453434016540812657317511686443725278676734987414599065,AVAILABLE,AVAILABLE,AVAILABLE
MOMENTUM_AWAY_025,USD040_TARGET_1.5R,NATURAL,0.01,target_first,SHORT,2988,2988,0,0,0,0,0,30,170,170,170,0,1178,1809,1,0.39424364123159303882195448460508701472556894243641231593038821954484605087014726,1.4643675721561969439728353140916808149405772495755517826825127334465195246179966,-1.0229961304588170259812050856826976229961304588170259812050856826976229961304588,-0.042026439089692101740294511378848728246318607764390896921017402945113788487282463,-1.02500000000,0.93214362909326704852480276667026910191289311574624446125580892683454014914081919,AVAILABLE,1725.0250000000,-1850.6000000000,213.8000000000,36,4,5,0,0,2026-09,-0.35714285714285714285714285714285714285714285714285714285714285714285714285714286,-0.072635425623387790197764402407566638005159071367153912295786758383490971625107481,AVAILABLE,AVAILABLE,AVAILABLE
MOMENTUM_AWAY_025,USD040_TARGET_1.5R,NATURAL,0.02,stop_first,LONG,3036,3036,0,0,0,0,0,30,169,169,170,1,1200,1836,0,0.39525691699604743083003952569169960474308300395256916996047430830039525691699605,1.4349583333333333333333333333333333333333333333333333333333333333333333333333333,-1.0471895424836601307189542483660130718954248366013071895424836601307189542483660,-0.066103425559947299077733860342555994729907773386034255599472990777338603425559947,-1.05000000000,0.89561748429243124037781383930428993467315774143885490783506012566055007697748929,AVAILABLE,1721.9500000000,-1922.6400000000,243.3150000000,34,3,6,0,0,2026-06,-0.24786096256684491978609625668449197860962566844919786096256684491978609625668449,-0.099043509528946422150305645451276519237684286227975548363897878460985257101761956,AVAILABLE,AVAILABLE,AVAILABLE
MOMENTUM_AWAY_025,USD040_TARGET_1.5R,NATURAL,0.02,stop_first,SHORT,2988,2988,0,0,0,0,0,30,170,170,170,0,1148,1840,0,0.38420348058902275769745649263721552878179384203480589022757697456492637215528782,1.4390897212543554006968641114982578397212543554006968641114982578397212543554007,-1.0474728260869565217391304347826086956521739130434782608695652173913043478260870,-0.092126840696117804551539491298527443105756358768406961178045515394912985274431058,-1.05000000000,0.85717435857524580382390328689651594157781409707629646924533686149376086336161050,AVAILABLE,1652.0750000000,-1927.3500000000,295.0500000000,36,3,6,0,0,2026-09,-0.38214285714285714285714285714285714285714285714285714285714285714285714285714286,-0.12558039552880481513327601031814273430782459157351676698194325021496130696474635,AVAILABLE,AVAILABLE,AVAILABLE
MOMENTUM_AWAY_025,USD040_TARGET_1.5R,NATURAL,0.02,target_first,LONG,3036,3036,0,0,0,0,0,30,169,169,170,1,1230,1806,0,0.40513833992094861660079051383399209486166007905138339920948616600790513833992095,1.4353252032520325203252032520325203252032520325203252032520325203252032520325203,-1.0471428571428571428571428571428571428571428571428571428571428571428571428571429,-0.041399868247694334650856389986824769433465085638998682476943346508563899868247694,-1.05000000000,0.93353744302378459553496832598326935076197425891261355584462282009793034889008746,AVAILABLE,1765.4500000000,-1891.1400000000,178.3150000000,34,3,6,0,0,2026-06,-0.16096256684491978609625668449197860962566844919786096256684491978609625668449198,-0.072074793239841783531103919453434016540812657317511686443725278676734987414599065,AVAILABLE,AVAILABLE,AVAILABLE
MOMENTUM_AWAY_025,USD040_TARGET_1.5R,NATURAL,0.02,target_first,SHORT,2988,2988,0,0,0,0,0,30,170,170,170,0,1178,1810,0,0.39424364123159303882195448460508701472556894243641231593038821954484605087014726,1.4393675721561969439728353140916808149405772495755517826825127334465195246179966,-1.0474309392265193370165745856353591160220994475138121546961325966850828729281768,-0.067026439089692101740294511378848728246318607764390896921017402945113788487282463,-1.05000000000,0.89436136825170767729514465806894005327425692960941002716459635519687739008887834,AVAILABLE,1695.5750000000,-1895.8500000000,243.7250000000,36,4,5,0,0,2026-09,-0.38214285714285714285714285714285714285714285714285714285714285714285714285714286,-0.097635425623387790197764402407566638005159071367153912295786758383490971625107481,AVAILABLE,AVAILABLE,AVAILABLE
MOMENTUM_AWAY_025,USD040_TARGET_2R,NATURAL,0,stop_first,LONG,3036,3036,0,0,0,0,0,4,169,169,170,1,999,2036,1,0.32905138339920948616600790513833992094861660079051383399209486166007905138339921,1.9575575575575575575575575575575575575575575575575575575575575575575575575575576,-0.99785559921414538310412573673870333988212180746561886051080550098231827111984283,-0.025044137022397891963109354413702239789196310935441370223978919631093544137022398,-1.00000000000,0.96257495198446176821218782516929722577984026650469523546071782614388221500526177,AVAILABLE,1955.6000000000,-2031.6340000000,239.4150000000,38,5,4,0,0,2026-06,-0.25401069518716577540106951871657754010695187165775401069518716577540106951871658,-0.067429521754764473211075152822725638259618842143113987774181948939230492628550881,AVAILABLE,AVAILABLE,AVAILABLE
MOMENTUM_AWAY_025,USD040_TARGET_2R,NATURAL,0,stop_first,SHORT,2988,2988,0,0,0,0,0,9,170,170,170,0,954,2034,0,0.31927710843373493975903614457831325301204819277108433734939759036144578313253012,1.9565382599580712788259958071278825995807127882599580712788259958071278825995807,-0.99674287118977384464110127826941986234021632251720747295968534906588003933136676,-0.053827811244979919678714859437751004016064257028112449799196787148594377510040161,-1.00000000000,0.92066711881127073185769776188420987730439607867316110734323941056785251865096492,AVAILABLE,1866.5375000000,-2027.3750000000,329.7625000000,41,3,6,0,0,2026-07,-0.33569196428571428571428571428571428571428571428571428571428571428571428571428571,-0.10630374032674118658641444539982803095442820292347377472055030094582975064488392,AVAILABLE,AVAILABLE,AVAILABLE
MOMENTUM_AWAY_025,USD040_TARGET_2R,NATURAL,0,target_first,LONG,3036,3036,0,0,0,0,0,4,169,169,170,1,1003,2032,1,0.33036890645586297760210803689064558629776021080368906455862977602108036890645586,1.9577268195413758723828514456630109670987038883349950149551345962113659022931206,-0.99785137795275590551181102362204724409448818897637795275590551181102362204724409,-0.021091567852437417654808959156785243741765480895915678524374176548089591567852437,-1.00000000000,0.96841934984321628065025542085011397520459806848770537483589247369101129691058643,AVAILABLE,1963.6000000000,-2027.6340000000,239.4150000000,38,5,4,0,0,2026-06,-0.25401069518716577540106951871657754010695187165775401069518716577540106951871658,-0.063114527148507731032002876663070837828119381517439769866954332973750449478604818,AVAILABLE,AVAILABLE,AVAILABLE
MOMENTUM_AWAY_025,USD040_TARGET_2R,NATURAL,0,target_first,SHORT,2988,2988,0,0,0,0,0,9,170,170,170,0,963,2025,0,0.32228915662650602409638554216867469879518072289156626506024096385542168674698795,1.9569444444444444444444444444444444444444444444444444444444444444444444444444444,-0.99672839506172839506172839506172839506172839506172839506172839506172839506172840,-0.044791666666666666666666666666666666666666666666666666666666666666666666666666667,-1.00000000000,0.93369046881773704093639685390475010837926549823496624760017340682479717594599616,AVAILABLE,1884.5375000000,-2018.3750000000,302.7625000000,41,3,6,0,0,2026-07,-0.33569196428571428571428571428571428571428571428571428571428571428571428571428571,-0.094695829750644883920894239036973344797936371453138435081685296646603611349957008,AVAILABLE,AVAILABLE,AVAILABLE
MOMENTUM_AWAY_025,USD040_TARGET_2R,NATURAL,0.01,stop_first,LONG,3036,3036,0,0,0,0,0,4,169,169,170,1,999,2037,0,0.32905138339920948616600790513833992094861660079051383399209486166007905138339921,1.9325575575575575575575575575575575575575575575575575575575575575575575575575576,-1.0223657339224349533627884143348060873834069710358370152184585174275895925380461,-0.050044137022397891963109354413702239789196310935441370223978919631093544137022398,-1.02500000000,0.92704456392351909357670058807457555824348793959738955775082482657154011002809524,AVAILABLE,1930.6250000000,-2082.5590000000,264.0900000000,38,5,4,0,0,2026-06,-0.27901069518716577540106951871657754010695187165775401069518716577540106951871658,-0.092429521754764473211075152822725638259618842143113987774181948939230492628550881,AVAILABLE,AVAILABLE,AVAILABLE
MOMENTUM_AWAY_025,USD040_TARGET_2R,NATURAL,0.01,stop_first,SHORT,2988,2988,0,0,0,0,0,9,170,170,170,0,953,2034,1,0.31894243641231593038821954484605087014725568942436412315930388219544846050870147,1.9335650577124868835257082896117523609653725078698845750262329485834207764952781,-1.0217428711897738446411012782694198623402163225172074729596853490658800393313668,-0.078827811244979919678714859437751004016064257028112449799196787148594377510040161,-1.02500000000,0.88666410037411733570715394146447088260414536443359116553789892817187744349144101,AVAILABLE,1842.6875000000,-2078.2250000000,367.4375000000,41,3,6,0,0,2026-07,-0.36069196428571428571428571428571428571428571428571428571428571428571428571428571,-0.13130374032674118658641444539982803095442820292347377472055030094582975064488392,AVAILABLE,AVAILABLE,AVAILABLE
MOMENTUM_AWAY_025,USD040_TARGET_2R,NATURAL,0.01,target_first,LONG,3036,3036,0,0,0,0,0,4,169,169,170,1,1003,2033,0,0.33036890645586297760210803689064558629776021080368906455862977602108036890645586,1.9327268195413758723828514456630109670987038883349950149551345962113659022931206,-1.0223605509099852434825381210034431874077717658632562715199212985735366453516970,-0.046091567852437417654808959156785243741765480895915678524374176548089591567852437,-1.02500000000,0.93267415907650812452879753702141827190240461803672817216986238362171204724269278,AVAILABLE,1938.5250000000,-2078.4590000000,264.0900000000,38,5,4,0,0,2026-06,-0.27901069518716577540106951871657754010695187165775401069518716577540106951871658,-0.088114527148507731032002876663070837828119381517439769866954332973750449478604818,AVAILABLE,AVAILABLE,AVAILABLE
MOMENTUM_AWAY_025,USD040_TARGET_2R,NATURAL,0.01,target_first,SHORT,2988,2988,0,0,0,0,0,9,170,170,170,0,962,2025,1,0.32195448460508701472556894243641231593038821954484605087014725568942436412315930,1.9339527027027027027027027027027027027027027027027027027027027027027027027027027,-1.0217283950617283950617283950617283950617283950617283950617283950617283950617284,-0.069791666666666666666666666666666666666666666666666666666666666666666666666666667,-1.02500000000,0.89920855485741904301594973417109714838086031899468342194296761720637989366843886,AVAILABLE,1860.4625000000,-2069.0000000000,340.4375000000,41,3,6,0,0,2026-07,-0.36069196428571428571428571428571428571428571428571428571428571428571428571428571,-0.11969582975064488392089423903697334479793637145313843508168529664660361134995701,AVAILABLE,AVAILABLE,AVAILABLE
MOMENTUM_AWAY_025,USD040_TARGET_2R,NATURAL,0.02,stop_first,LONG,3036,3036,0,0,0,0,0,4,169,169,170,1,998,2038,0,0.32872200263504611330698287220026350461133069828722002635046113306982872200263505,1.9094814629258517034068136272545090180360721442885771543086172344689378757515030,-1.0468579489695780176643768400392541707556427870461236506378802747791952894995093,-0.075044137022397891963109354413702239789196310935441370223978919631093544137022398,-1.05000000000,0.89321098019143692056677852529872910501610853357387743546802162553348458738976136,AVAILABLE,1905.6625000000,-2133.4965000000,288.9150000000,38,4,5,0,0,2026-06,-0.30401069518716577540106951871657754010695187165775401069518716577540106951871658,-0.11742952175476447321107515282272563825961884214311398777418194893923049262855088,AVAILABLE,AVAILABLE,AVAILABLE
MOMENTUM_AWAY_025,USD040_TARGET_2R,NATURAL,0.02,stop_first,SHORT,2988,2988,0,0,0,0,0,9,170,170,170,0,952,2035,1,0.31860776439089692101740294511378848728246318607764390896921017402945113788487282,1.9105698529411764705882352941176470588235294117647058823529411764705882352941176,-1.0462407862407862407862407862407862407862407862407862407862407862407862407862408,-0.10382781124497991967871485943775100401606425702811244979919678714859437751004016,-1.05000000000,0.85428702268564182048752994222911089192616598562773002677187544032689868958714950,AVAILABLE,1818.8625000000,-2129.1000000000,405.1125000000,41,2,7,0,0,2026-07,-0.38569196428571428571428571428571428571428571428571428571428571428571428571428571,-0.15630374032674118658641444539982803095442820292347377472055030094582975064488392,AVAILABLE,AVAILABLE,AVAILABLE
MOMENTUM_AWAY_025,USD040_TARGET_2R,NATURAL,0.02,target_first,LONG,3036,3036,0,0,0,0,0,4,169,169,170,1,1002,2034,0,0.33003952569169960474308300395256916996047430830039525691699604743083003952569170,1.9096432135728542914171656686626746506986027944111776447105788423153692614770459,-1.0468517699115044247787610619469026548672566371681415929203539823008849557522124,-0.071091567852437417654808959156785243741765480895915678524374176548089591567852437,-1.05000000000,0.89863600489645288948720856865166499827525194354097703161584119449780713958812218,AVAILABLE,1913.4625000000,-2129.2965000000,288.9150000000,38,4,5,0,0,2026-06,-0.30401069518716577540106951871657754010695187165775401069518716577540106951871658,-0.11311452714850773103200287666307083782811938151743976986695433297375044947860482,AVAILABLE,AVAILABLE,AVAILABLE
MOMENTUM_AWAY_025,USD040_TARGET_2R,NATURAL,0.02,target_first,SHORT,2988,2988,0,0,0,0,0,9,170,170,170,0,961,2026,1,0.32161981258366800535475234270414993306559571619812583668005354752342704149933066,1.9109391259105098855359001040582726326742976066597294484911550468262226847034339,-1.0462240868706811451135241855873642645607107601184600197433366238894373149062192,-0.094791666666666666666666666666666666666666666666666666666666666666666666666666667,-1.05000000000,0.86637534498620055197792088316467341306347746090156393744250229990800367985280589,AVAILABLE,1836.4125000000,-2119.6500000000,378.1125000000,41,3,6,0,0,2026-07,-0.38569196428571428571428571428571428571428571428571428571428571428571428571428571,-0.14469582975064488392089423903697334479793637145313843508168529664660361134995701,AVAILABLE,AVAILABLE,AVAILABLE
MOMENTUM_AWAY_025,USD040_TARGET_2R_BE1R,NATURAL,0,stop_first,LONG,3036,3036,0,0,0,0,0,12,169,169,170,1,746,1619,671,0.24571805006587615283267457180500658761528326745718050065876152832674571805006588,1.9896782841823056300268096514745308310991957104557640750670241286863270777479893,-0.95678922174181593576281655342804200123533045089561457689932056825200741198270537,-0.021324687088274044795783926218708827404479578392621870882740447957839262187088274,-1.00000000000,0.95820529046424991450359552930061439596447287492412648012876347587145407798079038,AVAILABLE,1484.3000000000,-1549.0417500000,208.8397500000,24,5,4,0,0,2026-06,-0.21293382352941176470588235294117647058823529411764705882352941176470588235294118,-0.049817241999280834232290542970154620640057533261416756562387630348795397339086659,AVAILABLE,AVAILABLE,AVAILABLE
MOMENTUM_AWAY_025,USD040_TARGET_2R_BE1R,NATURAL,0,stop_first,SHORT,2988,2988,0,0,0,0,0,29,170,170,170,0,714,1603,671,0.23895582329317269076305220883534136546184738955823293172690763052208835341365462,1.9551645658263305322128851540616246498599439775910364145658263305322128851540616,-0.97839223331253898939488459139114160948222083593262632563942607610729881472239551,-0.057689173360107095046854082998661311914323962516733601070950468540829986613119143,-1.00000000000,0.89009223153253289138625614514244233357365826241410030938314493888610909689100943,AVAILABLE,1395.9875000000,-1568.3627500000,262.6502500000,19,3,6,0,0,2026-09,-0.36785714285714285714285714285714285714285714285714285714285714285714285714285714,-0.093948946689595872742906276870163370593293207222699914015477214101461736887360275,AVAILABLE,AVAILABLE,AVAILABLE
MOMENTUM_AWAY_025,USD040_TARGET_2R_BE1R,NATURAL,0,target_first,LONG,3036,3036,0,0,0,0,0,12,169,169,170,1,758,1615,663,0.24967061923583662714097496706192358366271409749670619235836627140974967061923584,1.9898416886543535620052770448548812664907651715039577836411609498680738786279683,-0.95668219814241486068111455108359133126934984520123839009287925696594427244582043,-0.012102025691699604743083003952569169960474308300395256916996047430830039525691700,-1.00000000000,0.97621957464903456492356921746612996056579053608098292489507160567020276312921641,AVAILABLE,1508.3000000000,-1545.0417500000,198.8397500000,24,5,4,0,0,2026-06,-0.21293382352941176470588235294117647058823529411764705882352941176470588235294118,-0.040468087019057892844300611290902553038475368572455951096727795756921970514203524,AVAILABLE,AVAILABLE,AVAILABLE
MOMENTUM_AWAY_025,USD040_TARGET_2R_BE1R,NATURAL,0,target_first,SHORT,2988,2988,0,0,0,0,0,29,170,170,170,0,743,1596,649,0.24866131191432396251673360107095046854082998661311914323962516733601070950468541,1.9569145356662180349932705248990578734858681022880215343203230148048452220726783,-0.97829746240601503759398496240601503759398496240601503759398496240601503759398496,-0.035935491967871485943775100401606425702811244979919678714859437751004016064257028,-1.00000000000,0.93122978628765160434370552262758926457032486524992350432338673380032923162794809,AVAILABLE,1453.9875000000,-1561.3627500000,233.6502500000,19,3,6,0,0,2026-09,-0.36785714285714285714285714285714285714285714285714285714285714285714285714285714,-0.081481190885640584694754944110060189165950128976784178847807394668959587274290628,AVAILABLE,AVAILABLE,AVAILABLE
MOMENTUM_AWAY_025,USD040_TARGET_2R_BE1R,NATURAL,0.01,stop_first,LONG,3036,3036,0,0,0,0,0,12,169,169,170,1,746,2290,0,0.24571805006587615283267457180500658761528326745718050065876152832674571805006588,1.9646782841823056300268096514745308310991957104557640750670241286863270777479893,-0.70143744541484716157205240174672489082969432314410480349344978165938864628820961,-0.046324687088274044795783926218708827404479578392621870882740447957839262187088274,-1.02500000000,0.91244320964731344726137079394200960068430906153878957543049075611575543483928122,AVAILABLE,1465.6500000000,-1606.2917500000,245.1417500000,46,5,4,0,0,2026-06,-0.23793382352941176470588235294117647058823529411764705882352941176470588235294118,-0.074817241999280834232290542970154620640057533261416756562387630348795397339086659,AVAILABLE,AVAILABLE,AVAILABLE
MOMENTUM_AWAY_025,USD040_TARGET_2R_BE1R,NATURAL,0.01,stop_first,SHORT,2988,2988,0,0,0,0,0,29,170,170,170,0,713,2274,1,0.23862115127175368139223560910307898259705488621151271753681392235609103078982597,1.9328716690042075736325385694249649368863955119214586255259467040673211781206171,-0.71469338170624450307827616534740545294635004397537379067722075637642919964819701,-0.082689173360107095046854082998661311914323962516733601070950468540829986613119143,-1.02500000000,0.84797359607226807690254706653021273676323299826438107872338559982377691782198977,AVAILABLE,1378.1375000000,-1625.2127500000,300.3752500000,41,3,6,0,0,2026-09,-0.39285714285714285714285714285714285714285714285714285714285714285714285714285714,-0.11894894668959587274290627687016337059329320722269991401547721410146173688736028,AVAILABLE,AVAILABLE,AVAILABLE
MOMENTUM_AWAY_025,USD040_TARGET_2R_BE1R,NATURAL,0.01,target_first,LONG,3036,3036,0,0,0,0,0,12,169,169,170,1,758,2278,0,0.24967061923583662714097496706192358366271409749670619235836627140974967061923584,1.9648416886543535620052770448548812664907651715039577836411609498680738786279683,-0.70324484196663740122914837576821773485513608428446005267778753292361720807726076,-0.037102025691699604743083003952569169960474308300395256916996047430830039525691700,-1.02500000000,0.92968643565111992617939511860782054589232435185761724428356138538166629135262401,AVAILABLE,1489.3500000000,-1601.9917500000,231.1417500000,46,5,4,0,0,2026-06,-0.23793382352941176470588235294117647058823529411764705882352941176470588235294118,-0.065468087019057892844300611290902553038475368572455951096727795756921970514203524,AVAILABLE,AVAILABLE,AVAILABLE
MOMENTUM_AWAY_025,USD040_TARGET_2R_BE1R,NATURAL,0.01,target_first,SHORT,2988,2988,0,0,0,0,0,29,170,170,170,0,742,2245,1,0.24832663989290495314591700133868808567603748326639892904953145917001338688085676,1.9345181940700808625336927223719676549865229110512129380053908355795148247978437,-0.72048452115812917594654788418708240534521158129175946547884187082405345211581292,-0.060935491967871485943775100401606425702811244979919678714859437751004016064257028,-1.02500000000,0.88743330513631401536116734114369645148780879484249571596446402762555697871591300,AVAILABLE,1435.4125000000,-1617.4877500000,271.3752500000,41,3,6,0,0,2026-09,-0.39285714285714285714285714285714285714285714285714285714285714285714285714285714,-0.10648119088564058469475494411006018916595012897678417884780739466895958727429063,AVAILABLE,AVAILABLE,AVAILABLE
MOMENTUM_AWAY_025,USD040_TARGET_2R_BE1R,NATURAL,0.02,stop_first,LONG,3036,3036,0,0,0,0,0,12,169,169,170,1,746,2290,0,0.24571805006587615283267457180500658761528326745718050065876152832674571805006588,1.9396782841823056300268096514745308310991957104557640750670241286863270777479893,-0.72643744541484716157205240174672489082969432314410480349344978165938864628820961,-0.071324687088274044795783926218708827404479578392621870882740447957839262187088274,-1.05000000000,0.86983088942612952154642346667884950888668709396683311374661922371350162988094528,AVAILABLE,1447.0000000000,-1663.5417500000,302.7667500000,46,5,4,0,0,2026-06,-0.26293382352941176470588235294117647058823529411764705882352941176470588235294118,-0.099817241999280834232290542970154620640057533261416756562387630348795397339086659,AVAILABLE,AVAILABLE,AVAILABLE
MOMENTUM_AWAY_025,USD040_TARGET_2R_BE1R,NATURAL,0.02,stop_first,SHORT,2988,2988,0,0,0,0,0,29,170,170,170,0,713,2275,0,0.23862115127175368139223560910307898259705488621151271753681392235609103078982597,1.9078716690042075736325385694249649368863955119214586255259467040673211781206171,-0.73937923076923076923076923076923076923076923076923076923076923076923076923076923,-0.10768917336010709504685408299866131191432396251673360107095046854082998661311914,-1.05000000000,0.80870483718819068743589625452060987900304249882326293619342986119481578770191983,AVAILABLE,1360.3125000000,-1682.0877500000,338.1002500000,41,3,6,0,0,2026-09,-0.41785714285714285714285714285714285714285714285714285714285714285714285714285714,-0.14394894668959587274290627687016337059329320722269991401547721410146173688736028,AVAILABLE,AVAILABLE,AVAILABLE
MOMENTUM_AWAY_025,USD040_TARGET_2R_BE1R,NATURAL,0.02,target_first,LONG,3036,3036,0,0,0,0,0,12,169,169,170,1,758,2278,0,0.24967061923583662714097496706192358366271409749670619235836627140974967061923584,1.9398416886543535620052770448548812664907651715039577836411609498680738786279683,-0.72824484196663740122914837576821773485513608428446005267778753292361720807726076,-0.062102025691699604743083003952569169960474308300395256916996047430830039525691700,-1.05000000000,0.88634817949454825644119210333937282608024061122097867511020203090313448317278168,AVAILABLE,1470.4000000000,-1658.9417500000,288.7667500000,46,5,4,0,0,2026-06,-0.26293382352941176470588235294117647058823529411764705882352941176470588235294118,-0.090468087019057892844300611290902553038475368572455951096727795756921970514203524,AVAILABLE,AVAILABLE,AVAILABLE
MOMENTUM_AWAY_025,USD040_TARGET_2R_BE1R,NATURAL,0.02,target_first,SHORT,2988,2988,0,0,0,0,0,29,170,170,170,0,742,2246,0,0.24832663989290495314591700133868808567603748326639892904953145917001338688085676,1.9095181940700808625336927223719676549865229110512129380053908355795148247978437,-0.74516373552983081032947462154942119323241317898486197684772929652715939447907391,-0.085935491967871485943775100401606425702811244979919678714859437751004016064257028,-1.05000000000,0.84657656652402827314333702140741029532824531473432646939279422921716482554244489,AVAILABLE,1416.8625000000,-1673.6377500000,309.1002500000,41,3,6,0,0,2026-09,-0.41785714285714285714285714285714285714285714285714285714285714285714285714285714,-0.13148119088564058469475494411006018916595012897678417884780739466895958727429063,AVAILABLE,AVAILABLE,AVAILABLE
MOMENTUM_AWAY_025,ATR050_TARGET_1R,NATURAL,0,stop_first,LONG,3036,2096,940,940,0,0,0,6,169,160,170,10,1047,1049,0,0.49952290076335877862595419847328244274809160305343511450381679389312977099236641,0.99939929928957093698667869404441207618461412026266587495519424856877534358375387,-1.0000553136412285933752084401556441482733147516226361237024325278369917508750271,-0.0012819454453568814053153917265130094338817702944342188386275493556758406181837285,-1.0,0.99743869491298671014289748196786064709512072851908224245891340998536106488451652,AVAILABLE,1046.3710663561807710250525926644994437652909839150111710780883782515077847321903,-1049.0580240096487944505936537232707115387071744521452937638517217010043466679034,68.631830624878077369974822657577110608205878579820244383306519257351871361188560,31,4,5,0,0,2026-01,-0.069101443567486721436463328443914743176352227253932419859617809123126022157741436,-0.012417986747217315606408984436001643749203315159524206582375927288479155903276205,AVAILABLE,AVAILABLE,AVAILABLE
MOMENTUM_AWAY_025,ATR050_TARGET_1R,NATURAL,0,stop_first,SHORT,2988,2029,959,959,0,0,0,16,170,157,170,13,1001,1028,0,0.49334647609659931000492853622474125184820108427796944307540660423854115327747659,1,-0.99826802118805462965145796804923444902402302431682972098791065558163185741057549,-0.012429534638403232765746077454220312270426648101380459918961140432684844464303391,-1.0,0.97542482368758372765232090267419348339263053602710692506486639635959279745017232,AVAILABLE,1001,-1026.2195257813201592816987911546130135966956689977009531755721539379175494180716,128.05355017528103345784169909530260755093544506930707508771557351063484478093055,17,3,5,1,0,2026-05,-0.24279919637550053964260804992423560566024911402108185625347699210701362549887977,-0.040672192972527726909665126156528770008003812829859132715441494259258637734054430,AVAILABLE,AVAILABLE,AVAILABLE
MOMENTUM_AWAY_025,ATR050_TARGET_1R,NATURAL,0,target_first,LONG,3036,2096,940,940,0,0,0,6,169,160,170,10,1053,1043,0,0.50238549618320610687022900763358778625954198473282442748091603053435114503816794,0.99940272208564175785854947071652368828612629051757945971328430983049172339239345,-1.0000556318405069937206075299360217752048966198007145673670678060412313966135220,0.0044432453943377750832342265940976775890189930643444071155709239267669074734193249,1.0,1.0089285947015022688703763655138726155970632767343579527448648067194784825955031,AVAILABLE,1052.3710663561807710250525926644994437652909839150111710780883782515077847321903,-1043.0580240096487944505936537232707115387071744521452937638517217010043466679034,68.628933643819228974947407335500556234709016084988828921911621748492215267809665,31,4,5,0,0,2026-01,-0.061828716294759448709190601171187470449079499981205147132345081850398749430468709,-0.0092263733194929699663750970572620071848806419077381964975291306465814094604658816,AVAILABLE,AVAILABLE,AVAILABLE
MOMENTUM_AWAY_025,ATR050_TARGET_1R,NATURAL,0,target_first,SHORT,2988,2029,959,959,0,0,0,16,170,157,170,13,1017,1012,0,0.50123213405618531296205027106949236076885165105963528831936914736323311976343026,1,-0.99824063812383414948784465529111957865286133300168078377032821535367346780441858,0.0033417812807687731484973922352819055708744854619512305689639458166990885076039527,1.0,1.0067118819678680354451539564765794747623213505093656863709321717377092121937346,AVAILABLE,1017,-1010.2195257813201592816987911546130135966956689977009531755721539379175494180716,106.05355017528103345784169909530260755093544506930707508771557351063484478093055,17,3,5,1,0,2026-05,-0.24279919637550053964260804992423560566024911402108185625347699210701362549887977,-0.026537917354153168605778200361475766474434908236219556743710045496007754341828282,AVAILABLE,AVAILABLE,AVAILABLE
MOMENTUM_AWAY_025,ATR050_TARGET_1R,NATURAL,0.01,stop_first,LONG,3036,2096,940,940,0,0,0,6,169,160,170,10,1047,1049,0,0.49952290076335877862595419847328244274809160305343511450381679389312977099236641,0.97328643433650795427176285442881479040107436770273666355862339373460994105631165,-1.0262876659301748962141938092840572558683119545648018025098675590663818925868670,-0.027454611073678262407516029270995694587754951027534257675082240563214693243160532,-1.0093828095881269356921987583933919384834905776017983614915914798428285665671851,0.94654824410406135772469672108349779149551857647095249307439574283182524223708791,AVAILABLE,1019.0308967503238281225357085869690855499248629847652867458786932401366082859583,-1076.5757615607534661286893059389760614058592403384770908328510694606346053236235,89.063006098685466855340548128250320634824340882777427694626851540920667376791290,31,3,6,0,0,2026-01,-0.099331797723408478675183117887809858165206411001926937245130841497830080537823262,-0.038448935454649326414933748770066776038129118503566339504325599571564112186198983,AVAILABLE,AVAILABLE,AVAILABLE
MOMENTUM_AWAY_025,ATR050_TARGET_1R,NATURAL,0.01,stop_first,SHORT,2988,2029,959,959,0,0,0,16,170,157,170,13,1001,1028,0,0.49334647609659931000492853622474125184820108427796944307540660423854115327747659,0.97448178987401792620593108100832861392604320244440658451839552528021597384100973,-1.0234945162313083778627223545885167495602990068496352300516078345299670234276921,-0.037799946289745228344377313172823201581083358006197153962611598369300103631747980,-1.0100237076759536951463191002042001673053249120551161070150336236468933635543754,0.92710552792362297441591802015055239091825339163569836815919451863331197342382784,AVAILABLE,975.45627166389194413213701208933694253996924564685099110291392080549618981485074,-1052.1523626857850124428785805169952185479873790414250164930528538968061000836675,151.57505819525865013103988880384548702681065938597698739084714768900173907138404,17,3,6,0,0,2026-05,-0.27303448313795942236433228427162806116473747467807427498687564358324055354033718,-0.067149369026575151711907942971141937725307990616714255699928979582470036001005218,AVAILABLE,AVAILABLE,AVAILABLE
MOMENTUM_AWAY_025,ATR050_TARGET_1R,NATURAL,0.01,target_first,LONG,3036,2096,940,940,0,0,0,6,169,160,170,10,1053,1043,0,0.50238549618320610687022900763358778625954198473282442748091603053435114503816794,0.97322045645554148821777791749087284878226429880543798969278595092995528983935394,-1.0262186054248464286668012890411275988721559769854630941835819583410747049266585,-0.021729420233983605918966410950385007564854187668755631720883767280771945151557479,0.93764709399431788330457106564218256174758418738261625771673811119701261238216330,0.95744846565673298393562595872412311895583710661704183183221842819418185646127173,AVAILABLE,1024.8011406476851870933201471178891097677243066421262031465036063292429202008397,-1070.3460054581148250994737444698960856236586839958380072334759825497409172385048,85.063006098685466855340548128250320634824340882777427694626851540920667376791292,31,3,6,0,0,2026-08,-0.095338507948153890961559234269025057275126943752440009759952275781076780568719122,-0.034989023822245896174041370949860050524646275331756532843371777161385525985989818,AVAILABLE,AVAILABLE,AVAILABLE
MOMENTUM_AWAY_025,ATR050_TARGET_1R,NATURAL,0.01,target_first,SHORT,2988,2029,959,959,0,0,0,16,170,157,170,13,1017,1012,0,0.50123213405618531296205027106949236076885165105963528831936914736323311976343026,0.97449632751722535275876838324984538831031559022733300045756647803770024275587184,-1.0234771305404261384055425041430346204739220243634107577623360091459002541023108,-0.022028630370573222430133843483320983739782224442865463474686512119916170659840633,0.92598526226766849928618686836319782394336031069739298331747718457941741907387041,0.95684701051952238564786635082516752851223458064256083281066581798475654186779897,AVAILABLE,991.06276508501818375566744576509275991159095526119766146534510816434114688272166,-1035.7588561069112520664090141927510359196090886557716868554840412556510571515385,127.57505819525865013103988880384548702681065938597698739084714768900173907138404,17,3,6,0,0,2026-05,-0.27303448313795942236433228427162806116473747467807427498687564358324055354033718,-0.053015093408200593408021017176088934191739086023074679728197530819219152608779118,AVAILABLE,AVAILABLE,AVAILABLE
MOMENTUM_AWAY_025,ATR050_TARGET_1R,NATURAL,0.02,stop_first,LONG,3036,2096,940,940,0,0,0,6,169,160,170,10,1047,1049,0,0.49952290076335877862595419847328244274809160305343511450381679389312977099236641,0.94717356938344497155684701481321750461753461514280745216205253890044453852886935,-1.0525200182191211990531791784124703634633091575069674813173025902957720342987060,-0.053627276701999643409716666815478379741628131760634296511536931770753545868137328,-1.0187656191762538713843975167867838769669811552035967229831829596856571331343702,0.89819451698809116813889171305796007408123629921867140030744577443834997556109672,AVAILABLE,991.69072714446688522001882450943872733455874205451940241366900822876543183972621,-1104.0934991118581378067849581546814112730113062248088879018504172202648639793426,127.39366311442039026096324653028189395202273717686222759821042094046681327256097,31,3,6,0,0,2026-08,-0.13376644679061672501254936284699320398114819644796945041421349465158445544638131,-0.064479884162081337223458513104131908327054921847608472426275271854649068469121761,AVAILABLE,AVAILABLE,AVAILABLE
MOMENTUM_AWAY_025,ATR050_TARGET_1R,NATURAL,0.02,stop_first,SHORT,2988,2029,959,959,0,0,0,16,170,157,170,13,1001,1028,0,0.49334647609659931000492853622474125184820108427796944307540660423854115327747659,0.94896357974803585241186216201665722785208640488881316903679105056043194768201934,-1.0487210112745621260739867411277990500965749893824407391153050134783021894448087,-0.063170357941087223923008548891426090891740067911013848006262056305915362799192494,-1.0200474153519073902926382004084003346106498241102322140300672472937867271087508,0.88111082842879131318256732579047986473213891048734251138313083631966624903623026,AVAILABLE,949.91254332778388826427402417867388507993849129370198220582784161099237962970136,-1078.0851995902498656040583698793774234992790890851490798105335538556946507492633,175.09656621523626680423807851238836650268587370264689969397872186736863336183745,17,3,6,0,0,2026-05,-0.30326976990041830508605651861902051666922583533506669372027429505946748158179458,-0.093626545080622576514150759785755105442612168403569378684416464905681434267955995,AVAILABLE,AVAILABLE,AVAILABLE
MOMENTUM_AWAY_025,ATR050_TARGET_1R,NATURAL,0.02,target_first,LONG,3036,2096,940,940,0,0,0,6,169,160,170,10,1053,1043,0,0.50238549618320610687022900763358778625954198473282442748091603053435114503816794,0.94703819082544121857700636426522200927840230709329651967228759202941885628631426,-1.0523815790091858636129950481462334225394153341702116210000961106409180132397942,-0.047902085862304986921167048494867692718727368401855670557338458488310797776534308,0.87529418798863576660914213128436512349516837476523251543347622239402522476432658,0.90852800371975317834044386885187456855117514551496903886092063551740040490507712,AVAILABLE,997.23121493918960316158770157127877577015762936924123521491883440697805566948892,-1097.6339869065808557483538352165214597086101935395307207031002433984774878091053,115.39366311442039026096324653028189395202273717686222759821042094046681327256104,31,3,6,0,0,2026-08,-0.13376644679061672501254936284699320398114819644796945041421349465158445544638131,-0.060751674324998822381707644842458093864411908755774869189214423676189642511513751,AVAILABLE,AVAILABLE,AVAILABLE
MOMENTUM_AWAY_025,ATR050_TARGET_1R,NATURAL,0.02,target_first,SHORT,2988,2029,959,959,0,0,0,16,170,157,170,13,1017,1012,0,0.50123213405618531296205027106949236076885165105963528831936914736323311976343026,0.94899265503445070551753676649969077662063118045466600091513295607540048551174354,-1.0487136229570181273232403529949496622949827157251407317543438029381270404002028,-0.047399042021915218008765079201923873050438934347682157518336970056531429827285187,0.85197052453533699857237373672639564788672062139478596663495436915883483814774082,0.90938205916873817643113956490855666572121350898608833133082002860685101704086050,AVAILABLE,965.12553017003636751133489153018551982318191052239532293069021632868229376544318,-1061.2981864325023448511192372308890582425225083138424205353959285733845648850052,151.09656621523626680423807851238836650268587370264689969397872186736863336183752,17,3,6,0,0,2026-05,-0.30326976990041830508605651861902051666922583533506669372027429505946748158179458,-0.079492269462248018210263833990702101909043263809929802712685016142430550875729882,AVAILABLE,AVAILABLE,AVAILABLE
MOMENTUM_AWAY_025,ATR050_TARGET_1.5R,NATURAL,0,stop_first,LONG,3036,2096,940,940,0,0,0,1,169,160,170,10,856,1240,0,0.40839694656488549618320610687022900763358778625954198473282442748091603053435115,1.4978521708265767803878907837273342397966614729100269640848551623691032091521400,-1.0000467935561683826214464949381215415634735277839881401321384852427454408612124,0.020087516325334412958702699020671468381314430514712684872511592217055343686225354,-1.0,1.0339527936618337837023458540646037646677397017101358613269318349570012125784427,AVAILABLE,1282.1614582275497240120345108705981092659422208109830812566360189879523470342318,-1240.0580240096487944505936537232707115387071744521452937638517217010043466679034,79.537473642641328475197278829270907496761460668879839083436348965895052661727714,33,3,6,0,0,2026-08,-0.085365853658536585365853658536585365853658536585365853658536585365853658536585366,-0.0059450004079807357530303301265897768767683639234023017773686503458800206748417626,AVAILABLE,AVAILABLE,AVAILABLE
MOMENTUM_AWAY_025,ATR050_TARGET_1.5R,NATURAL,0,stop_first,SHORT,2988,2029,959,959,0,0,0,6,170,157,170,13,782,1247,0,0.38541153277476589452932479053721044849679645145391818629866929521931986200098571,1.4989221540832126504091732235293929246645004348358505153844815620622082781353055,-0.99802913283153806839871644902016636250074144083095659300251065786848513743914362,-0.035675310077799743062210917263756622449869510435962429001215479955324836315822241,-1.0,0.94183789294904724414088315997020973783144141888830838234649222140972766656460232,AVAILABLE,1172.1571244930722926199734607999852670876393400416351030306645815326468735018089,-1244.5423286409279712931994119281474540384245767162028714741307903620009663866121,163.37635303488884546934231986883704799266435278780899338627420993471826174947121,28,4,5,0,0,2026-05,-0.36693695907176508602188467930403024450680942504777963734580501186771016645266268,-0.071982957617130506292189955351787411559293310872772451483341408800740701024238021,AVAILABLE,AVAILABLE,AVAILABLE
MOMENTUM_AWAY_025,ATR050_TARGET_1.5R,NATURAL,0,target_first,LONG,3036,2096,940,940,0,0,0,1,169,160,170,10,857,1239,0,0.40887404580152671755725190839694656488549618320610687022900763358778625954198473,1.4978546770449821750432141317043151800069337465705753573589685169054286429804338,-1.0000468313233646444314718754828657881668338776853472911734073621477032660757897,0.021280264416937466393817202837465361511085422881124898612969607484230916205309323,-1.0,1.0359978575285458896584218097831948789281769876986937752333082477874797441653376,AVAILABLE,1283.6614582275497240120345108705981092659422208109830812566360189879523470342318,-1239.0580240096487944505936537232707115387071744521452937638517217010043466679034,79.537473642641328475197278829270907496761460668879839083436348965895052661727714,33,3,6,0,0,2026-08,-0.085365853658536585365853658536585365853658536585365853658536585365853658536585366,-0.0046408793855498541672191668506377685303938203657601525859236842530266038777629937,AVAILABLE,AVAILABLE,AVAILABLE
MOMENTUM_AWAY_025,ATR050_TARGET_1.5R,NATURAL,0,target_first,SHORT,2988,2029,959,959,0,0,0,6,170,157,170,13,788,1241,0,0.38836865450961064563824544110399211434204041399704287826515524889107934943321833,1.4989303610318176302283927167512503389437047462457298261810464232647802963220925,-0.99801960406198869564319050115080375023241303522659377234015373921192664495295093,-0.028282505740687865289909290846802457836759604078150699085000595775926117735240672,-1.0,0.95366714336616547604444590817279959714305758802629081411088547301761237725345261,AVAILABLE,1181.1571244930722926199734607999852670876393400416351030306645815326468735018089,-1238.5423286409279712931994119281474540384245767162028714741307903620009663866121,150.87635303488884546934231986883704799266435278780899338627420993471826174947120,28,4,5,0,0,2026-05,-0.36693695907176508602188467930403024450680942504777963734580501186771016645266268,-0.063149035355646407352260626729879284350812745501747716501009253323708898904096678,AVAILABLE,AVAILABLE,AVAILABLE
MOMENTUM_AWAY_025,ATR050_TARGET_1.5R,NATURAL,0.01,stop_first,LONG,3036,2096,940,940,0,0,0,1,169,160,170,10,856,1240,0,0.40839694656488549618320610687022900763358778625954198473282442748091603053435115,1.4717949213133328865198830903178726445479871997212680129689547709180899807054151,-1.0262991335348980934517674229500058823293227285638268653305242091854342404995636,-0.0060851493029869680434979385238112167725587502183873539639430989904835089387514561,-1.0163195032369227322714169414951307304506815460401994526137432032117201500239116,0.98997771221144046930062232752556631084485203780574982134292191570118922912247330,AVAILABLE,1259.8564526442129508610199253120989837330770429614054191014252839058850234838353,-1272.6109255832736358801916044580072940883601834191453130098500193899384582194589,92.972641781091081613973038794975563124536396409247899312923784098669831908176466,33,3,6,0,0,2026-08,-0.12379379250099941941684378711455351255967978928089529431279780423636133341424759,-0.031707650910733661960696604019187820216533997347420638123211296860684137200365703,AVAILABLE,AVAILABLE,AVAILABLE
MOMENTUM_AWAY_025,ATR050_TARGET_1.5R,NATURAL,0.01,stop_first,SHORT,2988,2029,959,959,0,0,0,6,170,157,170,13,782,1247,0,0.38541153277476589452932479053721044849679645145391818629866929521931986200098571,1.4733046417951833039334813094812861599962016000137857807506637750118329716783517,-1.0232445864252300973362077886251589626937749416858230322414210585741778970232727,-0.061045721729141738640842152982359511760526220340779123044865937891940095483266782,-1.0163633606254211226915995044495523233035894716599304075471218056349564710434396,0.90292858271245048657470704422270478557796616716874203140877693859397701304729252,AVAILABLE,1152.1242298838333436759823840143657771170296512107804805470190720592533838524710,-1275.9859992722619313782511124155732264791373522822213212050520600419998375880210,185.04842517622514306007706628634286742411214076263112417616403480393542198902216,28,4,5,0,0,2026-05,-0.39717224583422396874360891365142270001129778570477205607920366334393709449412010,-0.098460133671177931094432772166400579276597488659627574467828894123952099291188857,AVAILABLE,AVAILABLE,AVAILABLE
MOMENTUM_AWAY_025,ATR050_TARGET_1.5R,NATURAL,0.01,target_first,LONG,3036,2096,940,940,0,0,0,1,169,160,170,10,857,1239,0,0.40887404580152671755725190839694656488549618320610687022900763358778625954198473,1.4717720028746131774596668542798932977433553691074183496660374842921309719541288,-1.0262817428592446958047668872185446864579004776293764484037278930770053895886296,-0.0048924012113839146083834347070173236427877578519751402234850837233079364196674876,-1.0163085642610659344233563717446094988112600865454462519177835559271084636893024,0.99193553736722336944397274645591708769391927039680470681900637539491730901879296,AVAILABLE,1261.3086064635434930829344941178685561660555513250575256637941240383562429646884,-1271.5630794026041781021061732637768665213386917827974195722188595224096777003121,92.972641781091081613973038794975563124536396409247899312923784098669831908176470,33,3,6,0,0,2026-08,-0.12379379250099941941684378711455351255967978928089529431279780423636133341424759,-0.030403529888302780374885440743235811870159453789778488931766330767830720403286934,AVAILABLE,AVAILABLE,AVAILABLE
MOMENTUM_AWAY_025,ATR050_TARGET_1.5R,NATURAL,0.01,target_first,SHORT,2988,2029,959,959,0,0,0,6,170,157,170,13,788,1241,0,0.38836865450961064563824544110399211434204041399704287826515524889107934943321833,1.4732568381716614116667850289064893248456344882700399488552235125059492537012491,-1.0231975486443978888764668260914754531349457516746432879580573052678762817503097,-0.053652917392029860868540526565405347147416313982967393128651053712541376902685229,-1.0162534688183953253507319688080295926859390317221047590088113404156555192874415,0.91426777079789780812946319587090396595638780300096241509959336861382642526251451,AVAILABLE,1160.9263884792691923934266027783135879783599767567914796979161278546880119165843,-1269.7881578676977800956953311795210373404676778282323203559491158374344656521343,172.54842517622514306007706628634286742411214076263112417616403480393542198902218,28,4,5,0,0,2026-05,-0.39717224583422396874360891365142270001129778570477205607920366334393709449412010,-0.089626211409693832154503443544492452068116923288602839485496738646920297171047515,AVAILABLE,AVAILABLE,AVAILABLE
MOMENTUM_AWAY_025,ATR050_TARGET_1.5R,NATURAL,0.02,stop_first,LONG,3036,2096,940,940,0,0,0,1,169,160,170,10,856,1240,0,0.40839694656488549618320610687022900763358778625954198473282442748091603053435115,1.4457376718000889926518753969084110492993129265325090618530543794670767522586903,-1.0525514735136278042820883509618902230951719293436655905289099331281230401379130,-0.032257814931308349045698576068293901926431930951487392800397790198022361563728258,-1.0326390064738454645428338829902614609013630920803989052274864064234403000478232,0.94819625039463006036271026660861671879064385886244013862551942486617753673730175,AVAILABLE,1237.5514470608761777100053397535998582002118651118277569462145488238176999334389,-1305.1638271568984773097895551927438766380131923861453322558483170788725697710121,108.05772691263443436626578295651843376187191940319065184025888715785043647468998,33,3,6,0,0,2026-08,-0.16222173134346225346783391569252165926570104197642473496705902310686900829190978,-0.057470301413486588168362877911785863556299630771438974469053943375488253725889635,AVAILABLE,AVAILABLE,AVAILABLE
MOMENTUM_AWAY_025,ATR050_TARGET_1.5R,NATURAL,0.02,stop_first,SHORT,2988,2029,959,959,0,0,0,6,170,157,170,13,782,1247,0,0.38541153277476589452932479053721044849679645145391818629866929521931986200098571,1.4476871295071539574577893954331793953279027651917210461168459879614576652213983,-1.0484600400189221262736991282301515628868084425406894714803314592798706566073992,-0.086416133380483734219473388700962401071182930245595817088516395828555354650711350,-1.0327267212508422453831990088991046466071789433198608150942436112699129420868792,0.86589080952864548829974115378892722738151168796675624356473040132524460043773643,AVAILABLE,1132.0913352745943947319913072287462871464199623799258580633735625858598942031335,-1307.4296699035958914633028129029989989198501278482397709359733297219987087894268,206.72049731756144065081181270384868685555992873745325496605385967315258222857321,28,4,5,0,0,2026-09,-0.42870632196977657608565285836572534193809002741427587662152556846412115202095990,-0.12493730972522535589667558898101374699390166644648269745231637944716349755813963,AVAILABLE,AVAILABLE,AVAILABLE
MOMENTUM_AWAY_025,ATR050_TARGET_1.5R,NATURAL,0.02,target_first,LONG,3036,2096,940,940,0,0,0,1,169,160,170,10,857,1239,0,0.40887404580152671755725190839694656488549618320610687022900763358778625954198473,1.4456893287042441798761195768554714154797769916442613419731064516788333009278240,-1.0525166543951247471780618989542235847489670775734056056340484240063075131014676,-0.031065066839705295610584072251500008796660938585075179059939774930846789044644290,-1.0326171285221318688467127434892189976225201730908925038355671118542169273786048,0.95006980206120131050658577425503481421383107019699651931711962825524738420941050,AVAILABLE,1238.9557546995372621538344773651390030661688818391319700709522290887601388951452,-1304.0681347955595617536186928042830215039702091134495453805859973438150087327184,108.05772691263443436626578295651843376187191940319065184025888715785043647468998,33,3,6,0,0,2026-08,-0.16222173134346225346783391569252165926570104197642473496705902310686900829190978,-0.056166180391055706582551714635833855209925087213796825277608977282634836928810876,AVAILABLE,AVAILABLE,AVAILABLE
MOMENTUM_AWAY_025,ATR050_TARGET_1.5R,NATURAL,0.02,target_first,SHORT,2988,2029,959,959,0,0,0,6,170,157,170,13,788,1241,0,0.38836865450961064563824544110399211434204041399704287826515524889107934943321833,1.4475833153115051931051773410617283107475642302943500715294006017471182110804062,-1.0483754932268070821097431510321471560374784681226928035759608713238259185476658,-0.079023329043371856447171762284008236458073023887784087172301511649156636070129793,-1.0325069376367906507014639376160591853718780634442095180176226808313110385748830,0.87676084082393814474109619060494236359862113973372217539383984367910938346434515,AVAILABLE,1140.6956524654660921668797447566419088690806134719478563651676741767291503313601,-1301.0339870944675888981912504308946206425107789402617692377674413128679649176533,194.22049731756144065081181270384868685555992873745325496605385967315258222857322,28,4,5,0,0,2026-09,-0.42870632196977657608565285836572534193809002741427587662152556846412115202095990,-0.11610338746374125695674626035910561978542110107545796246998422397013169543799824,AVAILABLE,AVAILABLE,AVAILABLE
MOMENTUM_AWAY_025,ATR050_TARGET_2R,NATURAL,0,stop_first,LONG,3036,2096,940,940,0,0,0,1,169,160,170,10,694,1402,0,0.33110687022900763358778625954198473282442748091603053435114503816793893129770992,1.9952412504991740820268863207985652644383317137030897759441464563674031712375598,-1.0000413865974670431173991823989092093714031201513161867074548656925851260113434,-0.0082827271771097240095107571989820696653172543617371131959036645906615199566015988,-1.0,0.98761777625039111220682738882879097232493138517898668516085119577950237718259381,AVAILABLE,1384.6974278464268129266591066342042935202022093099443045052376407189778008388665,-1402.0580240096487944505936537232707115387071744521452937638517217010043466679034,130.03747364264132847519727882927090749676146066887983908343634896589505266172772,40,4,5,0,0,2026-02,-0.18099072518953951188171823419718181249004675584354854381167845389947323877421797,-0.042441625541586844822083749133576639550602485728847673061353198217019585721980673,AVAILABLE,AVAILABLE,AVAILABLE
MOMENTUM_AWAY_025,ATR050_TARGET_2R,NATURAL,0,stop_first,SHORT,2988,2029,959,959,0,0,0,9,170,157,170,13,651,1378,0,0.32084770823065549531789058649581074420896993592902907836372597338590438639724002,1.9950224474983934568688266603399124024076946650756063962499011201058060261616594,-0.99769723438724133541632803898972004790950263089282560931206949632657868784179419,-0.037489983077459053613649029988443199631289008578656444392974931862565652446896078,-1.0,0.94467144786996136716712720638875772595596593640628047141846210406959304465861127,AVAILABLE,1298.7596133214541404216061558812829739674092269642197639586856291888797230312403,-1374.8267889856185602037000377278342260192946253703136896320317659380254318459924,192.55832455119758657821025058722611309376451451933515061615413785450987767942003,28,4,5,0,0,2026-09,-0.70967741935483870967741935483870967741935483870967741935483870967741935483870968,-0.087107793610245194813313589461557178992214489748818480476203557163397718650827432,AVAILABLE,AVAILABLE,AVAILABLE
MOMENTUM_AWAY_025,ATR050_TARGET_2R,NATURAL,0,target_first,LONG,3036,2096,940,940,0,0,0,1,169,160,170,10,695,1401,0,0.33158396946564885496183206106870229007633587786259541984732824427480916030534351,1.9952480976207580042110202973154018611801470637553155460507016413222702170343403,-1.0000414161382218375807235215726414786143520160257996386608506221991465714974328,-0.0068514294671860598873733526188293979095920635220424567073540462700508329337008354,-1.0,0.98975017742511206438602545784270252557422232891027506668858129460993148976956615,AVAILABLE,1386.6974278464268129266591066342042935202022093099443045052376407189778008388665,-1401.0580240096487944505936537232707115387071744521452937638517217010043466679034,130.03747364264132847519727882927090749676146066887983908343634896589505266172772,40,4,5,0,0,2026-02,-0.17398137939514698851723225288877059753677572780616536624158499595554800512935816,-0.040876680314669786919110353202434229534953033459677094031619238905595485565486151,AVAILABLE,AVAILABLE,AVAILABLE
MOMENTUM_AWAY_025,ATR050_TARGET_2R,NATURAL,0,target_first,SHORT,2988,2029,959,959,0,0,0,9,170,157,170,13,660,1369,0,0.32528339083292262198127156234598324297683587974371611631345490389354361754558896,1.9950903232143244551842517513352772332839533741882117635737661048316359439867277,-0.99768209567977981022914538913647496422154464964960824662675804670418220003359562,-0.024182935270657673623506102437925703327691177134595330543788140339647959001849257,-1.0,0.96407511109032649716966628077989266857470733037375182644251492770789769763339555,AVAILABLE,1316.7596133214541404216061558812829739674092269642197639586856291888797230312403,-1365.8267889856185602037000377278342260192946253703136896320317659380254318459924,180.55832455119758657821025058722611309376451451933515061615413785450987767942003,28,4,5,0,0,2026-09,-0.70967741935483870967741935483870967741935483870967741935483870967741935483870968,-0.071206733539573816721440797942122550016949472080973957508005677304740474834573021,AVAILABLE,AVAILABLE,AVAILABLE
MOMENTUM_AWAY_025,ATR050_TARGET_2R,NATURAL,0.01,stop_first,LONG,3036,2096,940,940,0,0,0,1,169,160,170,10,694,1402,0,0.33110687022900763358778625954198473282442748091603053435114503816793893129770992,1.96906241712264609432774940134212592093416782844924524831405925995924815021865,-1.0262109991464336558972932724063748325458884628406240178243796292187918667494519,-0.034455392805431105011711394743464754819190435094837152032358355798200372581578400,-1.0177563064801960739002752052229468392271544481853782250301468261868366667937156,0.94980461323662569119170024981849553928817916369270753888847185788876546601788063,AVAILABLE,1366.5293174831163894634580845314353891283124729437762023299571264117182162517431,-1438.7478208032999855680051679137375152293356249025548729897802401647461971827316,143.73484417467383954824532606387958387341793529994529787551332039216517808691991,40,4,5,0,0,2026-02,-0.20296050753283983648442703327087586622215194188002320541438279074072547806748304,-0.068204276044339771029750023026174682890368119152866009407195844731823702247504637,AVAILABLE,AVAILABLE,AVAILABLE
MOMENTUM_AWAY_025,ATR050_TARGET_2R,NATURAL,0.01,stop_first,SHORT,2988,2029,959,959,0,0,0,9,170,157,170,13,651,1378,0,0.32084770823065549531789058649581074420896993592902907836372597338590438639724002,1.9693265099250257531301188489221269912420001250584177429916359538735234231379803,-1.0229138598446510116827605440986220506253628042206073647136922509972436996577094,-0.062860394728801049192280265707046088941945718483473138436625389799180911614340651,-1.0173535588416151203311789087121397999546458622357929700699399175775129236680150,0.90951619185768054882879738895452230387581129224491623740766621466027479918211562,AVAILABLE,1282.0315579611917652877073706483046712985420814130299506875550059716637484628252,-1409.5752988659290940988440297679011857617499442159969485754679218742018181283235,220.11948431203450517507821096786156992597414702657153173511076525405785016839109,28,4,5,0,0,2026-09,-0.74661122550101732030089094531189492903356114273939600282689181649012509213951229,-0.11358496966429261961555640627617034670951866753567360346069104248660911691777824,AVAILABLE,AVAILABLE,AVAILABLE
MOMENTUM_AWAY_025,ATR050_TARGET_2R,NATURAL,0.01,target_first,LONG,3036,2096,940,940,0,0,0,1,169,160,170,10,695,1401,0,0.33158396946564885496183206106870229007633587786259541984732824427480916030534351,1.9690380882049596139357879904132445490090517716653644732263682971858840801907859,-1.0261955564758247878586150868804476000444783249580349604226617275497626100382476,-0.033024095095507440889573990163312083063465244255142495543808737477589685558677646,-1.0177393773354808195915406682076542882355710112457819268099852709126668612258255,0.95185469531753162594166166022169662566931117344022430245318881935697999107691891,AVAILABLE,1368.4814713024469316853726533372049615612909813074283088923259665441894357325962,-1437.6999746226305277899197367195070876623141332662069795521490802972174166635849,143.73484417467383954824532606387958387341793529994529787551332039216517808691992,40,4,5,0,0,2026-02,-0.19595116173844731311994105196246465126888091384264002784428933279680024442262323,-0.066639330817422713126776627095032272874718666883695430377461885420399602091010115,AVAILABLE,AVAILABLE,AVAILABLE
MOMENTUM_AWAY_025,ATR050_TARGET_2R,NATURAL,0.01,target_first,SHORT,2988,2029,959,959,0,0,0,9,170,157,170,13,660,1369,0,0.32528339083292262198127156234598324297683587974371611631345490389354361754558896,1.9692620576247717079054504984006717663981874124946106349298051734496442174721353,-1.0228317742418456216426106560000291309612940504378451548148899418402507327955497,-0.049553346921999669202137338156528592638347887039412024587438598276263218169293844,-1.0173180215728736007015681337031438467016282410063374243381589451252065360906984,0.92819620789455352180228499062461749467244314984228352331535656184983958089666155,AVAILABLE,1299.7129580323493272175973289444433658228036922464430190536714144767651835316093,-1400.2566989370866560287339880640398802860115550494100169415843303793032531971076,203.20980674430716028472133810305319609504280962507700018322750656812222432875437,28,4,5,0,0,2026-09,-0.74661122550101732030089094531189492903356114273939600282689181649012509213951229,-0.097683909593621241523683614756735717734253649867829080492493162627951873101523804,AVAILABLE,AVAILABLE,AVAILABLE
MOMENTUM_AWAY_025,ATR050_TARGET_2R,NATURAL,0.02,stop_first,LONG,3036,2096,940,940,0,0,0,1,169,160,170,10,694,1402,0,0.33110687022900763358778625954198473282442748091603053435114503816793893129770992,1.9428835837461181066286124818856865774300039431954007206839720635510931291997409,-1.0523806116954002686771873624138404557203738055299318489413043927449986074875598,-0.060628058433752486013912032287947439973063615827937190868813047005739225206555281,-1.0355126129603921478005504104458936784543088963707564500602936523736733335874312,0.91387205466259233082133294678070056032862428102374565523486295215930074822149157,AVAILABLE,1348.3612071198059660002570624286664847364227365776081001546766121044586316646202,-1475.4376175969511766854166821042043189199640753529644522157087586284880476975588,161.49294318622575319259791746835709374912432171307707121828506420245102954018331,40,3,6,0,0,2026-02,-0.22493028987614016108713583234456991995425712791649786701708712758197771736074795,-0.093966926547092697237416296918772726230133752576884345753038491246627818773028571,AVAILABLE,AVAILABLE,AVAILABLE
MOMENTUM_AWAY_025,ATR050_TARGET_2R,NATURAL,0.02,stop_first,SHORT,2988,2029,959,959,0,0,0,9,170,157,170,13,651,1378,0,0.32084770823065549531789058649581074420896993592902907836372597338590438639724002,1.9436305723516580493914110375043415800763055850412290897333707876412408201143005,-1.0481304853020606879491930492075240533412229775483891201153150056679087114736226,-0.088230806380143044770911501425648978252602428388289832480275847735796170781785200,-1.0347071176832302406623578174242795999092917244715859401398798351550258473360300,0.87605251325136661360214211866954560877587754144778775028617656558006388005885728,AVAILABLE,1265.3035026009293901538085854153263686296749358618401374164243827544477738944096,-1444.3238087462396279939880218079681455042052630616802075189040778103782044106520,248.33776856594371639191963214848229384582311957544301588473197418625269615917107,28,4,5,0,0,2026-09,-0.78354503164719593092436253578508018064776744676911458629894492330283082944031468,-0.14006214571834004441779922309078351442682284532252872644517852780982051518472902,AVAILABLE,AVAILABLE,AVAILABLE
MOMENTUM_AWAY_025,ATR050_TARGET_2R,NATURAL,0.02,target_first,LONG,3036,2096,940,940,0,0,0,1,169,160,170,10,695,1401,0,0.33158396946564885496183206106870229007633587786259541984732824427480916030534351,1.9428280787891612236605556835110872368379564795754134004020349530494979433472324,-1.0523496968134277381365066521882537214746046338902702821844728329003786485790615,-0.059196760723828821891774627707794768217338424988242534380263428685128538183654518,-1.0354787546709616391830813364153085764711420224915638536199705418253337224516510,0.91584285276475688980025638752872976156971878340217217591982128434822539737043776,AVAILABLE,1350.2655147584670504440862000402056296023797533049123132794142923694010706263265,-1474.3419252356122611292458197157434637859210920802686653404464388934304866592651,158.49294318622575319259791746835709374912432171307707121828506420245102954018331,40,3,6,0,0,2026-02,-0.21792094408174763772264985103615870500098609987911468944699366963805248371588815,-0.092401981320175639334442900987630316214484300307713766723304531935203718616534058,AVAILABLE,AVAILABLE,AVAILABLE
MOMENTUM_AWAY_025,ATR050_TARGET_2R,NATURAL,0.02,target_first,SHORT,2988,2029,959,959,0,0,0,9,170,157,170,13,660,1369,0,0.32528339083292262198127156234598324297683587974371611631345490389354361754558896,1.9434337920352189606266492454660662995124214508010095062858442420676524909575421,-1.0479814528039114330560759228635832977010434512260820630030218369763192655575019,-0.074923758573341664780768573875131481949004596944228718631089056212878477336738379,-1.0346360431457472014031362674062876934032564820126748486763178902504130721813968,0.89403936357705346975879706725647591152868521268238051764069468122015518148729293,AVAILABLE,1282.6663027432445140135885020076037576781981575286662741486571997646506440319778,-1434.6866088885547518537679384002455345527284847285063442511368948205810745482201,225.86128893741673399123242561888027909632110473081884975030087528173457097808870,28,4,5,0,0,2026-09,-0.78354503164719593092436253578508018064776744676911458629894492330283082944031468,-0.12416108564766866632592643157134888545155782765468420347698064795116327136847461,AVAILABLE,AVAILABLE,AVAILABLE
MOMENTUM_AWAY_025,ATR050_TARGET_2R_BE1R,NATURAL,0,stop_first,LONG,3036,2096,940,940,0,0,0,5,169,160,170,10,524,1062,510,0.25,1.9936973813863107116920975317446646822904622315075272986741176349598812993108139,-0.99029169882903470212418840015031586625136146160191008465345110556664502178322637,-0.0033360478578282637066932129415224983009273200912615483763012563896942806750572094,-1.0,0.99335131289155134140352644261172820248679586605827008901731162657819414037744110,AVAILABLE,1044.6974278464268129266591066342042935202022093099443045052376407189778008388665,-1051.6897841564348536558880809596354499589458722212285099019650741117770131337864,87.164950480268991159041891027299865198908445636222342951386798107535075595363830,31,3,6,0,0,2026-06,-0.10206756949702504982777504919626131487943123496363950583638837032073724327734599,-0.033381510855507585148267592240704828606543381800356914656613162959206683513260256,AVAILABLE,AVAILABLE,AVAILABLE
MOMENTUM_AWAY_025,ATR050_TARGET_2R_BE1R,NATURAL,0,stop_first,SHORT,2988,2029,959,959,0,0,0,8,170,157,170,13,484,1040,505,0.23854115327747658945293247905372104484967964514539181862986692952193198620009857,1.9960795223726897681851915187630117910739047250466625225785558835872579535732055,-0.98897343279034921626415718575846226934547519624300079652305931682541689209863423,-0.030768793136314113904923991181618064681874971498342122945273850094726820233192785,-1.0,0.93930197717803244890762514824687667986745028488781022168383645701186702683571450,AVAILABLE,966.10248882838184780163269508129770687976988692258466092802104765623284952943144,-1028.5323701019631849147234731888007601192942040927208283839816894984335677825796,199.08363449635234958801185943981348323790490770176985422557233294988109624408075,17,4,5,0,0,2026-09,-0.39291197326418908713618795510900528889868340451523984330747511177538443135246381,-0.074111314939662914338604992557886766733119097102713496530638699525782677254786101,AVAILABLE,AVAILABLE,AVAILABLE
MOMENTUM_AWAY_025,ATR050_TARGET_2R_BE1R,NATURAL,0,target_first,LONG,3036,2096,940,940,0,0,0,5,169,160,170,10,529,1061,506,0.25238549618320610687022900763358778625954198473282442748091603053435114503816794,1.9937569524507123117706221297432973412480192992626546398964794720585591698277250,-0.99028254868655499873316501504206922710550977589182705928554672395077946572458662,0.0019120437452251714078106038523706314700650463209521920817140107858782384089122562,-0.86210635102695394352592633944258696021734187347713558140226825401214789119204020,1.0038142977598374271038985147530128237704417412711736992454881077256134061751411,AVAILABLE,1054.6974278464268129266591066342042935202022093099443045052376407189778008388665,-1050.6897841564348536558880809596354499589458722212285099019650741117770131337864,85.164950480268991159041891027299865198908445636222342951386798107535075595363830,31,3,6,0,0,2026-06,-0.094520399685704295110793917120789616766223687793828185081671389188661771579232781,-0.027643378356811706170698473826515991882495390146731458214255312150651649606113673,AVAILABLE,AVAILABLE,AVAILABLE
MOMENTUM_AWAY_025,ATR050_TARGET_2R_BE1R,NATURAL,0,target_first,SHORT,2988,2029,959,959,0,0,0,8,170,157,170,13,492,1035,502,0.24248398225726959093149334647609659931000492853622474125184820108427796944307541,1.9961432699763858695155136078888164773979062742328956522927257066183594502630720,-0.98892016434972288397557823496502488900414898946156601776230114927384885776094647,-0.020418867064357485023701714197882234223521102597405701062573012243568614220378590,-1.0,0.95952264678306741069442278267324403657934723756658704149987522434547800177716150,AVAILABLE,982.10248882838184780163269508129770687976988692258466092802104765623284952943144,-1023.5323701019631849147234731888007601192942040927208283839816894984335677825796,187.08363449635234958801185943981348323790490770176985422557233294988109624408075,17,4,5,0,0,2026-09,-0.39291197326418908713618795510900528889868340451523984330747511177538443135246381,-0.064724581522891950633974204072279757972167908116480705541902779625907833700343048,AVAILABLE,AVAILABLE,AVAILABLE
MOMENTUM_AWAY_025,ATR050_TARGET_2R_BE1R,NATURAL,0.01,stop_first,LONG,3036,2096,940,940,0,0,0,5,169,160,170,10,524,1572,0,0.25,1.9681362502434605057498653468322200177570565882421916735244826801324629772740340,-0.69539036806268636152848024959208025052541953051321267412516882350713183682472379,-0.029508713486149644708893850486005183454800500824361587212755947597233133300034012,-1.0093828095881269356921987583933919384834905776017983614915914798428285665671851,0.94342033896086489961544346666916740336383639929754884738325103532837338455446941,AVAILABLE,1031.3033951275733050129294417400832893046976522389084369268289243894106000915938,-1093.1536585945429603227709523587501538259595019667703237247653905532112474884658,101.22163584137112262663612144025091245811612589465287965274174479476916783624899,49,2,7,0,0,2026-06,-0.12147729005738904115625811136833098312849867041853973429719434636098296110200149,-0.059144161358260511355933866133302871946309015224375251002455809474010800038784147,AVAILABLE,AVAILABLE,AVAILABLE
MOMENTUM_AWAY_025,ATR050_TARGET_2R_BE1R,NATURAL,0.01,stop_first,SHORT,2988,2029,959,959,0,0,0,8,170,157,170,13,484,1545,0,0.23854115327747658945293247905372104484967964514539181862986692952193198620009857,1.9707629135257209991973684881486899296131168370538990559586376752486727360868004,-0.69110401078356194806062129685729077125151801339876788527799874162844704425236531,-0.056139204787656109483555226900220953992531681403158816988924308031342079400637344,-1.0100237076759536951463191002042001673053249120551161070150336236468933635543754,0.89332162134990646137975230333637597069442102414692979823228914700091264882501797,AVAILABLE,953.84925014644896361152634826396592593274854913408714308398063482035760426601138,-1067.7556966606032097536599036445142415835953307010963827545080558159506833699044,220.56826602098564811110448966106374602870582070589891012601385281919339710606983,28,3,6,0,0,2026-09,-0.42984577941036769775965954558219054051288970854495842677952821858809016865326632,-0.10025322974050988541708579158886280912862285997621673760828497952609969962590311,AVAILABLE,AVAILABLE,AVAILABLE
MOMENTUM_AWAY_025,ATR050_TARGET_2R_BE1R,NATURAL,0.01,target_first,LONG,3036,2096,940,940,0,0,0,5,169,160,170,10,529,1567,0,0.25238549618320610687022900763358778625954198473282442748091603053435114503816794,1.9680594682057662942665485630469348807486071169421117667948227237017138983943295,-0.69684347297244417675612361229769969140859924351642566141186833886535245669908896,-0.024260621883096209594390033692112053683808134412147846754740680421660614216064547,-0.87658441395688103146732102511070419865415045615579518326704421701497157694028249,0.95343185115304185905402437016738677724983564639932806687670938422617659355391002,AVAILABLE,1041.1034586808503696670041898518285519160131648623771246344612208382066522506003,-1091.9537221478200249768457004704954164372750145902390114323976870020072996474724,99.221635841371122626636121440250912458116125894652879652741744794769167836248996,49,2,7,0,0,2026-06,-0.11393012024606828643927697929285928501529112324872841354247736522890748940388829,-0.053406028859564632378364747719114035222261023570749794560097958665455766131637564,AVAILABLE,AVAILABLE,AVAILABLE
MOMENTUM_AWAY_025,ATR050_TARGET_2R_BE1R,NATURAL,0.01,target_first,SHORT,2988,2029,959,959,0,0,0,8,170,157,170,13,492,1537,0,0.24248398225726959093149334647609659931000492853622474125184820108427796944307541,1.9708236566132125149987838218748355903950241087051997608380333344952348519089359,-0.69131534519704281296131112279958843599557491415092226545402720986808628903258913,-0.045789278715699480602332949916485123534177812502222395106223470180183873387823194,-1.0097877652933832709113607990012484394506866416978778777713875134234516467399521,0.91256289197404767717857870512163962242792463367665781726932800123744598913350003,AVAILABLE,969.64523905370055737940164036241911047435186148295828233231240057165554713919646,-1062.5516855678548035215351957429674261251986430499675220028398215672486262430895,208.56826602098564811110448966106374602870582070589891012601385281919339710606991,28,3,6,0,0,2026-09,-0.42984577941036769775965954558219054051288970854495842677952821858809016865326632,-0.090767797928563386207384859505193141685749629331805083377279738831484986519788023,AVAILABLE,AVAILABLE,AVAILABLE
MOMENTUM_AWAY_025,ATR050_TARGET_2R_BE1R,NATURAL,0.02,stop_first,LONG,3036,2096,940,940,0,0,0,5,169,160,170,10,524,1572,0,0.25,1.9425751191006102998076331619197753532236509449768560483748477253050446552372542,-0.72176687851949813421733703801390894255278189040223418419056342684137753297909930,-0.055681379114471025711094488030487868608673681557461626049210638804771985925010816,-1.0187656191762538713843975167867838769669811552035967229831829596856571331343702,0.89713875625384616674149414217966681262758544496358473022881306836266082142042671,AVAILABLE,1017.9093624087197970991997768459622850891930951678725693484202080598433993443212,-1134.6175330326510669896538237578648576929731317123121375475657069946454818431441,126.35203833158165734029197632288632747377843923007208982626082913421756672393438,49,2,7,0,0,2026-06,-0.14088701061775303248474117354040065137756610587343996275800032240122867892665697,-0.084906811861013437563600140025900915286074648648393587348298455988814916564308122,AVAILABLE,AVAILABLE,AVAILABLE
MOMENTUM_AWAY_025,ATR050_TARGET_2R_BE1R,NATURAL,0.02,stop_first,SHORT,2988,2029,959,959,0,0,0,8,170,157,170,13,484,1545,0,0.23854115327747658945293247905372104484967964514539181862986692952193198620009857,1.9454463046787522302095454575343680681523289490611355893387194669100875186003946,-0.71649127716455872789164811268623153595333104032975529911005464215758433589464654,-0.081509616438998105062186462618823843303188391307975511032574765967957338568081893,-1.0200474153519073902926382004084003346106498241102322140300672472937867271087508,0.85059968772147893948114192111601685307362018436830477034796470121980126684753479,AVAILABLE,941.59601146451607942142000144663414498572721134558962523994022198448235900259099,-1106.9790232192432345925963341002277230478964573094719371250344221334677989572289,245.13824771316631272713732045876652739795800892615634972820663959322678115884008,28,2,7,0,0,2026-09,-0.46677958555654630838313113605537579212709601257467701025158132540079590595406887,-0.12673040579455731021932860840347597684592703776307186059277246484931109789285387,AVAILABLE,AVAILABLE,AVAILABLE
MOMENTUM_AWAY_025,ATR050_TARGET_2R_BE1R,NATURAL,0.02,target_first,LONG,3036,2096,940,940,0,0,0,5,169,160,170,10,529,1567,0,0.25238549618320610687022900763358778625954198473282442748091603053435114503816794,1.9423619839608202767624749963505724202491949346215688936931659753448686269609346,-0.72317655401353235245552222079218594953133641158854467961890893420053451573781570,-0.050433287511417590596590671236594738837681315145247885591195371629199466841041369,-0.89106247688680811940871571077882143709095903883445478513182018001779526268852478,0.90671856401271931353160904312467633790650369207560088814660499788735547246859529,AVAILABLE,1027.5094895152739264073492730694528103118241204148099447636848009574355036623344,-1133.2176601392051962978033199813553829156041569592495129628302998922375861611572,116.36625768656215014728849334745815629881004999974417703202831512252747929597687,49,2,7,0,0,2026-06,-0.13333984080643227776776004146492895326435855870362864200328334126915320722854377,-0.079168679362317558586031021611712078562026656994768130905940605180259882657161539,AVAILABLE,AVAILABLE,AVAILABLE
MOMENTUM_AWAY_025,ATR050_TARGET_2R_BE1R,NATURAL,0.02,target_first,SHORT,2988,2029,959,959,0,0,0,8,170,157,170,13,492,1537,0,0.24248398225726959093149334647609659931000492853622474125184820108427796944307541,1.9455040432500391604820540358608547033921419431775038693833409623721102535547991,-0.71670201758864438655064861307555894087905210280235147405445540249581241685335003,-0.071159690367041476180964185635088012844834522407039089149873928116799132555267708,-1.0195755305867665418227215980024968789013732833957557555427750268469032934799042,0.86892990863118771538953811534638067779615732386724266493753517952598612302511312,AVAILABLE,957.18798927901926695717058564354051406893383604333190373660375348707824474896117,-1101.5710010337464221283469182971340921311030820072142156216979536360636847035990,230.13824771316631272713732045876652739795800892615634972820663959322678115884010,28,3,6,0,0,2026-09,-0.46677958555654630838313113605537579212709601257467701025158132540079590595406887,-0.11681101433423482178079551493810652539933135054712946121265669803706213933923309,AVAILABLE,AVAILABLE,AVAILABLE
