model,cost_per_share_roundtrip,ambiguity_sensitivity,comparison,natural_primary_mean_r,natural_control_mean_r,common_primary_mean_r,common_control_mean_r,paired_mean_r_difference,population_warning,common_primary_eligible_entries,common_primary_executable_outcomes,common_primary_unavailable_outcomes,common_primary_atr_unavailable,common_primary_path_unavailable,common_primary_entry_unavailable,common_primary_invalid_risk,common_primary_ambiguous_outcomes,common_primary_eligible_sessions,common_primary_contributing_sessions,common_primary_calendar_sessions,common_primary_zero_outcome_sessions,common_primary_wins,common_primary_losses,common_primary_zero_r_outcomes,common_primary_win_rate,common_primary_average_win_r,common_primary_average_loss_r,common_primary_median_r,common_primary_profit_factor,common_primary_profit_factor_status,common_primary_sum_positive_r,common_primary_sum_negative_r,common_primary_event_order_max_drawdown_r,common_primary_longest_losing_streak,common_primary_positive_months,common_primary_negative_months,common_primary_zero_months,common_primary_empty_months,common_primary_worst_month,common_primary_worst_month_mean_r,common_primary_lomo_minimum_mean_r,common_primary_numeric_status,common_primary_average_win_status,common_primary_average_loss_status,common_control_eligible_entries,common_control_executable_outcomes,common_control_unavailable_outcomes,common_control_atr_unavailable,common_control_path_unavailable,common_control_entry_unavailable,common_control_invalid_risk,common_control_ambiguous_outcomes,common_control_eligible_sessions,common_control_contributing_sessions,common_control_calendar_sessions,common_control_zero_outcome_sessions,common_control_wins,common_control_losses,common_control_zero_r_outcomes,common_control_win_rate,common_control_average_win_r,common_control_average_loss_r,common_control_median_r,common_control_profit_factor,common_control_profit_factor_status,common_control_sum_positive_r,common_control_sum_negative_r,common_control_event_order_max_drawdown_r,common_control_longest_losing_streak,common_control_positive_months,common_control_negative_months,common_control_zero_months,common_control_empty_months,common_control_worst_month,common_control_worst_month_mean_r,common_control_lomo_minimum_mean_r,common_control_numeric_status,common_control_average_win_status,common_control_average_loss_status,left_eligible_entries,right_eligible_entries,left_missing_partner,right_missing_partner,common_eligible_identities,common_usable_identities,common_unavailable_attrition,left_common_atr_unavailable,right_common_atr_unavailable,common_contributing_sessions,bootstrap_draws,bootstrap_seed,bootstrap_valid_draws,bootstrap_null_draws,mean_r_ci_low,mean_r_ci_high,bootstrap_probability_mean_above_zero,bootstrap_status,bootstrap_unit
USD025_TARGET_1R,0,stop_first,IMMEDIATE_MINUS_MOMENTUM,-0.045321655089096949562065841135608577469042585321655089096949562065841135608577469,-0.097954714475431606905710491367861885790172642762284196547144754316069057104913679,-0.028660436137071651090342679127725856697819314641744548286604361370716510903426791,-0.090367352024922118380062305295950155763239875389408099688473520249221183800623053,0.061706915887850467289719626168224299065420560747663551401869158878504672897196262,COMMON_CONTROL_AVAILABILITY_IS_LATER_INFORMATION_NOT_A_PRIMARY_ENTRY_FILTER,3210,3210,0,0,0,0,0,200,167,167,170,3,1559,1651,0,0.48566978193146417445482866043613707165109034267912772585669781931464174454828660,1.0000000000,-1.0000000000,-1.00000000000,0.94427619624470018170805572380375529981829194427619624470018170805572380375529982,AVAILABLE,1559.0000000000,-1651.0000000000,138.0000000000,17,4,5,0,0,2026-02,-0.10588235294117647058823529411764705882352941176470588235294117647058823529411765,-0.041281138790035587188612099644128113879003558718861209964412811387900355871886121,AVAILABLE,AVAILABLE,AVAILABLE,3210,3210,0,0,0,0,0,207,167,167,170,3,1460,1750,0,0.45482866043613707165109034267912772585669781931464174454828660436137071651090343,1.0000000000,-1.0000452571428571428571428571428571428571428571428571428571428571428571428571429,-1.00000000000,0.83424795860667334369781664738372983348410746210800059791579718220752523657215056,AVAILABLE,1460.0000000000,-1750.0792000000,313.0792000000,18,1,8,0,0,2026-07,-0.17004390977443609022556390977443609022556390977443609022556390977443609022556391,-0.10279810276679841897233201581027667984189723320158102766798418972332015810276680,AVAILABLE,AVAILABLE,AVAILABLE,3311,6024,101,2814,3210,3210,0,0,0,167,10000,20260908,10000,0,0.0058340236824820238831412927238980032058600007782579118590096714954600840424778794,0.11968249883676984558002701065138184670404949692505802630886532176391659020998046,0.9827,AVAILABLE,WHOLE_SESSION
USD025_TARGET_1R,0,target_first,IMMEDIATE_MINUS_MOMENTUM,0.079112050739957716701902748414376321353065539112050739957716701902748414376321353,0.052111686586985391766268260292164674634794156706507304116865869853917662682602922,0.095950155763239875389408099688473520249221183800623052959501557632398753894080997,0.038604610591900311526479750778816199376947040498442367601246105919003115264797508,0.057345545171339563862928348909657320872274143302180685358255451713395638629283489,COMMON_CONTROL_AVAILABILITY_IS_LATER_INFORMATION_NOT_A_PRIMARY_ENTRY_FILTER,3210,3210,0,0,0,0,0,200,167,167,170,3,1759,1451,0,0.54797507788161993769470404984423676012461059190031152647975077881619937694704050,1.0000000000,-1.0000000000,1.00000000000,1.2122674017918676774638180565127498277050310130944176430048242591316333563059959,AVAILABLE,1759.0000000000,-1451.0000000000,30.0000000000,17,8,1,0,0,2026-08,-0.0097087378640776699029126213592233009708737864077669902912621359223300970873786408,0.085535465924895688456189151599443671766342141863699582753824756606397774687065369,AVAILABLE,AVAILABLE,AVAILABLE,3210,3210,0,0,0,0,0,207,167,167,170,3,1667,1543,0,0.51931464174454828660436137071651090342679127725856697819314641744548286604361371,1.0000000000,-1.0000513285806869734283862605314322747893713545042125729099157485418016850291640,1.00000000000,1.0803074787088050956814141490598797521216020538673582017047472352682869421089987,AVAILABLE,1667.0000000000,-1543.0792000000,34.0000000000,14,6,3,0,0,2026-04,-0.021406727828746177370030581039755351681957186544342507645259938837920489296636086,0.016569486166007905138339920948616600790513833992094861660079051383399209486166008,AVAILABLE,AVAILABLE,AVAILABLE,3311,6024,101,2814,3210,3210,0,0,0,167,10000,20260908,10000,0,0.0059002362025374120219574972097578753160376284080814522925540395872719404140947088,0.10931559642953246035099918903448868948158313043783815273707795348183464995787972,0.9851,AVAILABLE,WHOLE_SESSION
USD025_TARGET_1R,0.01,stop_first,IMMEDIATE_MINUS_MOMENTUM,-0.085321655089096949562065841135608577469042585321655089096949562065841135608577469,-0.13795471447543160690571049136786188579017264276228419654714475431606905710491368,-0.068660436137071651090342679127725856697819314641744548286604361370716510903426791,-0.13036735202492211838006230529595015576323987538940809968847352024922118380062305,0.061706915887850467289719626168224299065420560747663551401869158878504672897196262,COMMON_CONTROL_AVAILABILITY_IS_LATER_INFORMATION_NOT_A_PRIMARY_ENTRY_FILTER,3210,3210,0,0,0,0,0,200,167,167,170,3,1559,1651,0,0.48566978193146417445482866043613707165109034267912772585669781931464174454828660,0.9600000000,-1.0400000000,-1.04000000000,0.87163956576433862926897451428038950752457717933187345664632157666682197269719983,AVAILABLE,1496.6400000000,-1717.0400000000,252.5600000000,17,1,8,0,0,2026-02,-0.14588235294117647058823529411764705882352941176470588235294117647058823529411765,-0.081281138790035587188612099644128113879003558718861209964412811387900355871886121,AVAILABLE,AVAILABLE,AVAILABLE,3210,3210,0,0,0,0,0,207,167,167,170,3,1460,1750,0,0.45482866043613707165109034267912772585669781931464174454828660436137071651090343,0.9600000000,-1.0400452571428571428571428571428571428571428571428571428571428571428571428571429,-1.04000000000,0.77007637909383283980169654155709268036248092940131396479889446569138310025190113,AVAILABLE,1401.6000000000,-1820.0792000000,436.9592000000,18,1,8,0,0,2026-07,-0.21004390977443609022556390977443609022556390977443609022556390977443609022556391,-0.14279810276679841897233201581027667984189723320158102766798418972332015810276680,AVAILABLE,AVAILABLE,AVAILABLE,3311,6024,101,2814,3210,3210,0,0,0,167,10000,20260908,10000,0,0.0058340236824820238831412927238980032058600007782579118590096714954600840424778794,0.11968249883676984558002701065138184670404949692505802630886532176391659020998046,0.9827,AVAILABLE,WHOLE_SESSION
USD025_TARGET_1R,0.01,target_first,IMMEDIATE_MINUS_MOMENTUM,0.039112050739957716701902748414376321353065539112050739957716701902748414376321353,0.012111686586985391766268260292164674634794156706507304116865869853917662682602922,0.055950155763239875389408099688473520249221183800623052959501557632398753894080997,-0.0013953894080996884735202492211838006230529595015576323987538940809968847352024922,0.057345545171339563862928348909657320872274143302180685358255451713395638629283489,COMMON_CONTROL_AVAILABILITY_IS_LATER_INFORMATION_NOT_A_PRIMARY_ENTRY_FILTER,3210,3210,0,0,0,0,0,200,167,167,170,3,1759,1451,0,0.54797507788161993769470404984423676012461059190031152647975077881619937694704050,0.9600000000,-1.0400000000,0.96000000000,1.1190160631924932407358320521656152255738747813179239781582993161215077135132270,AVAILABLE,1688.6400000000,-1509.0400000000,42.8000000000,17,7,2,0,0,2026-08,-0.049708737864077669902912621359223300970873786407766990291262135922330097087378641,0.045535465924895688456189151599443671766342141863699582753824756606397774687065369,AVAILABLE,AVAILABLE,AVAILABLE,3210,3210,0,0,0,0,0,207,167,167,170,3,1667,1543,0,0.51931464174454828660436137071651090342679127725856697819314641744548286604361371,0.9600000000,-1.0400513285806869734283862605314322747893713545042125729099157485418016850291640,0.96000000000,0.99720887198847058248782776063198436290347103861966032884363352125300162163590311,AVAILABLE,1600.3200000000,-1604.7992000000,67.3592000000,14,4,5,0,0,2026-04,-0.061406727828746177370030581039755351681957186544342507645259938837920489296636086,-0.023430513833992094861660079051383399209486166007905138339920948616600790513833992,AVAILABLE,AVAILABLE,AVAILABLE,3311,6024,101,2814,3210,3210,0,0,0,167,10000,20260908,10000,0,0.0059002362025374120219574972097578753160376284080814522925540395872719404140947088,0.10931559642953246035099918903448868948158313043783815273707795348183464995787972,0.9851,AVAILABLE,WHOLE_SESSION
USD025_TARGET_1R,0.02,stop_first,IMMEDIATE_MINUS_MOMENTUM,-0.12532165508909694956206584113560857746904258532165508909694956206584113560857747,-0.17795471447543160690571049136786188579017264276228419654714475431606905710491368,-0.10866043613707165109034267912772585669781931464174454828660436137071651090342679,-0.17036735202492211838006230529595015576323987538940809968847352024922118380062305,0.061706915887850467289719626168224299065420560747663551401869158878504672897196262,COMMON_CONTROL_AVAILABILITY_IS_LATER_INFORMATION_NOT_A_PRIMARY_ENTRY_FILTER,3210,3210,0,0,0,0,0,200,167,167,170,3,1559,1651,0,0.48566978193146417445482866043613707165109034267912772585669781931464174454828660,0.9200000000,-1.0800000000,-1.08000000000,0.80438342643067052515871413509208784799335980438342643067052515871413509208784799,AVAILABLE,1434.2800000000,-1783.0800000000,367.6800000000,17,0,9,0,0,2026-02,-0.18588235294117647058823529411764705882352941176470588235294117647058823529411765,-0.12128113879003558718861209964412811387900355871886120996441281138790035587188612,AVAILABLE,AVAILABLE,AVAILABLE,3210,3210,0,0,0,0,0,207,167,167,170,3,1460,1750,0,0.45482866043613707165109034267912772585669781931464174454828660436137071651090343,0.9200000000,-1.0800452571428571428571428571428571428571428571428571428571428571428571428571429,-1.08000000000,0.71065805073141908550710467582522467841559232015251001122069382066106012912051516,AVAILABLE,1343.2000000000,-1890.0792000000,561.0792000000,18,1,8,0,0,2026-07,-0.25004390977443609022556390977443609022556390977443609022556390977443609022556391,-0.18279810276679841897233201581027667984189723320158102766798418972332015810276680,AVAILABLE,AVAILABLE,AVAILABLE,3311,6024,101,2814,3210,3210,0,0,0,167,10000,20260908,10000,0,0.0058340236824820238831412927238980032058600007782579118590096714954600840424778794,0.11968249883676984558002701065138184670404949692505802630886532176391659020998046,0.9827,AVAILABLE,WHOLE_SESSION
USD025_TARGET_1R,0.02,target_first,IMMEDIATE_MINUS_MOMENTUM,-0.00088794926004228329809725158562367864693446088794926004228329809725158562367864693,-0.027888313413014608233731739707835325365205843293492695883134130146082337317397078,0.015950155763239875389408099688473520249221183800623052959501557632398753894080997,-0.041395389408099688473520249221183800623052959501557632398753894080996884735202492,0.057345545171339563862928348909657320872274143302180685358255451713395638629283489,COMMON_CONTROL_AVAILABILITY_IS_LATER_INFORMATION_NOT_A_PRIMARY_ENTRY_FILTER,3210,3210,0,0,0,0,0,200,167,167,170,3,1759,1451,0,0.54797507788161993769470404984423676012461059190031152647975077881619937694704050,0.9200000000,-1.0800000000,0.92000000000,1.0326722311560354289506598259182683717487301222656150292263317762973173035199224,AVAILABLE,1618.2800000000,-1567.0800000000,55.6000000000,17,5,4,0,0,2026-08,-0.089708737864077669902912621359223300970873786407766990291262135922330097087378641,0.0055354659248956884561891515994436717663421418636995827538247566063977746870653686,AVAILABLE,AVAILABLE,AVAILABLE,3210,3210,0,0,0,0,0,207,167,167,170,3,1667,1543,0,0.51931464174454828660436137071651090342679127725856697819314641744548286604361371,0.9200000000,-1.0800513285806869734283862605314322747893713545042125729099157485418016850291640,0.92000000000,0.92026542508481150412188470435864165261342323568789366483146428796019871838260249,AVAILABLE,1533.6400000000,-1666.5192000000,147.0792000000,14,2,7,0,0,2026-04,-0.10140672782874617737003058103975535168195718654434250764525993883792048929663609,-0.063430513833992094861660079051383399209486166007905138339920948616600790513833992,AVAILABLE,AVAILABLE,AVAILABLE,3311,6024,101,2814,3210,3210,0,0,0,167,10000,20260908,10000,0,0.0059002362025374120219574972097578753160376284080814522925540395872719404140947088,0.10931559642953246035099918903448868948158313043783815273707795348183464995787972,0.9851,AVAILABLE,WHOLE_SESSION
USD025_TARGET_1.5R,0,stop_first,IMMEDIATE_MINUS_MOMENTUM,-0.016315312594382361824222289338568408335850196315312594382361824222289338568408336,-0.058724966799468791500664010624169986719787516600265604249667994687915006640106242,0.0011962616822429906542056074766355140186915887850467289719626168224299065420560748,-0.056491962616822429906542056074766355140186915887850467289719626168224299065420561,0.057688224299065420560747663551401869158878504672897196261682242990654205607476636,COMMON_CONTROL_AVAILABILITY_IS_LATER_INFORMATION_NOT_A_PRIMARY_ENTRY_FILTER,3210,3210,0,0,0,0,0,114,167,167,170,3,1286,1924,0,0.40062305295950155763239875389408099688473520249221183800623052959501557632398754,1.4990979782270606531881804043545878693623639191290824261275272161741835147744946,-1.0000000000,-1.00000000000,1.0019958419958419958419958419958419958419958419958419958419958419958419958419958,AVAILABLE,1927.8400000000,-1924.0000000000,99.5000000000,17,6,3,0,0,2026-02,-0.077205882352941176470588235294117647058823529411764705882352941176470588235294118,-0.015537366548042704626334519572953736654804270462633451957295373665480427046263345,AVAILABLE,AVAILABLE,AVAILABLE,3210,3210,0,0,0,0,0,99,167,167,170,3,1212,1998,0,0.37757009345794392523364485981308411214953271028037383177570093457943925233644860,1.4989768976897689768976897689768976897689768976897689768976897689768976897689769,-1.0000496496496496496496496496496496496496496496496496496496496496496496496496496,-1.00000000000,0.90924414563601246624792202509264805270929491388615740399675851929673962133611785,AVAILABLE,1816.7600000000,-1998.0992000000,205.3392000000,31,3,6,0,0,2026-07,-0.20126195488721804511278195488721804511278195488721804511278195488721804511278195,-0.073651857707509881422924901185770750988142292490118577075098814229249011857707510,AVAILABLE,AVAILABLE,AVAILABLE,3311,6024,101,2814,3210,3210,0,0,0,167,10000,20260908,10000,0,-0.0014937000599529652667906954372185946956227463955212214600694354973089879630249965,0.11923396631747602087343268169377171091447253969796794198329803455668719381845265,0.9727,AVAILABLE,WHOLE_SESSION
USD025_TARGET_1.5R,0,target_first,IMMEDIATE_MINUS_MOMENTUM,0.071271519178495922681969193597100573844759891271519178495922681969193597100573845,0.036311553784860557768924302788844621513944223107569721115537848605577689243027888,0.089981308411214953271028037383177570093457943925233644859813084112149532710280374,0.020610841121495327102803738317757009345794392523364485981308411214953271028037383,0.069370467289719626168224299065420560747663551401869158878504672897196261682242991,COMMON_CONTROL_AVAILABILITY_IS_LATER_INFORMATION_NOT_A_PRIMARY_ENTRY_FILTER,3210,3210,0,0,0,0,0,114,167,167,170,3,1400,1810,0,0.43613707165109034267912772585669781931464174454828660436137071651090342679127726,1.4991714285714285714285714285714285714285714285714285714285714285714285714285714,-1.0000000000,-1.00000000000,1.1595801104972375690607734806629834254143646408839779005524861878453038674033149,AVAILABLE,2098.8400000000,-1810.0000000000,46.5000000000,17,8,1,0,0,2026-08,-0.029126213592233009708737864077669902912621359223300970873786407766990291262135922,0.071397774687065368567454798331015299026425591098748261474269819193324061196105702,AVAILABLE,AVAILABLE,AVAILABLE,3210,3210,0,0,0,0,0,99,167,167,170,3,1311,1899,0,0.40841121495327102803738317757009345794392523364485981308411214953271028037383178,1.4990541571319603356216628527841342486651411136536994660564454614797864225781846,-1.0000522380200105318588730911005792522380200105318588730911005792522380200105319,-1.00000000000,1.0348379905588923422220387434210914311374571691673610309561501579275058406638263,AVAILABLE,1965.2600000000,-1899.0992000000,95.8392000000,28,6,3,0,0,2026-07,-0.084720601503759398496240601503759398496240601503759398496240601503759398496240602,-0.0025056126482213438735177865612648221343873517786561264822134387351778656126482213,AVAILABLE,AVAILABLE,AVAILABLE,3311,6024,101,2814,3210,3210,0,0,0,167,10000,20260908,10000,0,0.0088688318273131828383308352689504786633545177147914737323487294721752687553938351,0.13145529690566367148350096311979991484686848123542864389932165730723398087595725,0.9881,AVAILABLE,WHOLE_SESSION
USD025_TARGET_1.5R,0.01,stop_first,IMMEDIATE_MINUS_MOMENTUM,-0.056315312594382361824222289338568408335850196315312594382361824222289338568408336,-0.098724966799468791500664010624169986719787516600265604249667994687915006640106242,-0.038803738317757009345794392523364485981308411214953271028037383177570093457943925,-0.096491962616822429906542056074766355140186915887850467289719626168224299065420561,0.057688224299065420560747663551401869158878504672897196261682242990654205607476636,COMMON_CONTROL_AVAILABILITY_IS_LATER_INFORMATION_NOT_A_PRIMARY_ENTRY_FILTER,3210,3210,0,0,0,0,0,114,167,167,170,3,1286,1924,0,0.40062305295950155763239875389408099688473520249221183800623052959501557632398754,1.4590979782270606531881804043545878693623639191290824261275272161741835147744946,-1.0400000000,-1.04000000000,0.93774988005757236526467295698064928834159603390372621141851911082680313449544219,AVAILABLE,1876.4000000000,-2000.9600000000,177.8600000000,17,4,5,0,0,2026-02,-0.11720588235294117647058823529411764705882352941176470588235294117647058823529412,-0.055537366548042704626334519572953736654804270462633451957295373665480427046263345,AVAILABLE,AVAILABLE,AVAILABLE,3210,3210,0,0,0,0,0,99,167,167,170,3,1212,1998,0,0.37757009345794392523364485981308411214953271028037383177570093457943925233644860,1.4589768976897689768976897689768976897689768976897689768976897689768976897689769,-1.0400496496496496496496496496496496496496496496496496496496496496496496496496496,-1.04000000000,0.85094497683178288246807344224730936076047805525569734870592148522978036006597052,AVAILABLE,1768.2800000000,-2078.0192000000,330.6592000000,31,1,8,0,0,2026-07,-0.24126195488721804511278195488721804511278195488721804511278195488721804511278195,-0.11365185770750988142292490118577075098814229249011857707509881422924901185770751,AVAILABLE,AVAILABLE,AVAILABLE,3311,6024,101,2814,3210,3210,0,0,0,167,10000,20260908,10000,0,-0.0014937000599529652667906954372185946956227463955212214600694354973089879630249965,0.11923396631747602087343268169377171091447253969796794198329803455668719381845265,0.9727,AVAILABLE,WHOLE_SESSION
USD025_TARGET_1.5R,0.01,target_first,IMMEDIATE_MINUS_MOMENTUM,0.031271519178495922681969193597100573844759891271519178495922681969193597100573845,-0.0036884462151394422310756972111553784860557768924302788844621513944223107569721116,0.049981308411214953271028037383177570093457943925233644859813084112149532710280374,-0.019389158878504672897196261682242990654205607476635514018691588785046728971962617,0.069370467289719626168224299065420560747663551401869158878504672897196261682242991,COMMON_CONTROL_AVAILABILITY_IS_LATER_INFORMATION_NOT_A_PRIMARY_ENTRY_FILTER,3210,3210,0,0,0,0,0,114,167,167,170,3,1400,1810,0,0.43613707165109034267912772585669781931464174454828660436137071651090342679127726,1.4591714285714285714285714285714285714285714285714285714285714285714285714285714,-1.0400000000,-1.04000000000,1.0852316192095197620059498512537186570335741606459838504037399065023374415639609,AVAILABLE,2042.8400000000,-1882.4000000000,60.0600000000,17,7,2,0,0,2026-08,-0.069126213592233009708737864077669902912621359223300970873786407766990291262135922,0.031397774687065368567454798331015299026425591098748261474269819193324061196105702,AVAILABLE,AVAILABLE,AVAILABLE,3210,3210,0,0,0,0,0,99,167,167,170,3,1311,1899,0,0.40841121495327102803738317757009345794392523364485981308411214953271028037383178,1.4590541571319603356216628527841342486651411136536994660564454614797864225781846,-1.0400522380200105318588730911005792522380200105318588730911005792522380200105319,-1.04000000000,0.96848742559210377086418472924760938811353097669173663250195234654232136434188909,AVAILABLE,1912.8200000000,-1975.0592000000,123.3392000000,28,4,5,0,0,2026-07,-0.12472060150375939849624060150375939849624060150375939849624060150375939849624060,-0.042505612648221343873517786561264822134387351778656126482213438735177865612648221,AVAILABLE,AVAILABLE,AVAILABLE,3311,6024,101,2814,3210,3210,0,0,0,167,10000,20260908,10000,0,0.0088688318273131828383308352689504786633545177147914737323487294721752687553938351,0.13145529690566367148350096311979991484686848123542864389932165730723398087595725,0.9881,AVAILABLE,WHOLE_SESSION
USD025_TARGET_1.5R,0.02,stop_first,IMMEDIATE_MINUS_MOMENTUM,-0.096315312594382361824222289338568408335850196315312594382361824222289338568408336,-0.13872496679946879150066401062416998671978751660026560424966799468791500664010624,-0.078803738317757009345794392523364485981308411214953271028037383177570093457943925,-0.13649196261682242990654205607476635514018691588785046728971962616822429906542056,0.057688224299065420560747663551401869158878504672897196261682242990654205607476636,COMMON_CONTROL_AVAILABILITY_IS_LATER_INFORMATION_NOT_A_PRIMARY_ENTRY_FILTER,3210,3210,0,0,0,0,0,114,167,167,170,3,1286,1924,0,0.40062305295950155763239875389408099688473520249221183800623052959501557632398754,1.4190979782270606531881804043545878693623639191290824261275272161741835147744946,-1.0800000000,-1.08000000000,0.87826287826287826287826287826287826287826287826287826287826287826287826287826288,AVAILABLE,1824.9600000000,-2077.9200000000,287.0600000000,17,2,7,0,0,2026-02,-0.15720588235294117647058823529411764705882352941176470588235294117647058823529412,-0.095537366548042704626334519572953736654804270462633451957295373665480427046263345,AVAILABLE,AVAILABLE,AVAILABLE,3210,3210,0,0,0,0,0,99,167,167,170,3,1212,1998,0,0.37757009345794392523364485981308411214953271028037383177570093457943925233644860,1.4189768976897689768976897689768976897689768976897689768976897689768976897689769,-1.0800496496496496496496496496496496496496496496496496496496496496496496496496496,-1.08000000000,0.79696406645747943222867446867826489272728351197290451927468577427946070028293661,AVAILABLE,1719.8000000000,-2157.9392000000,456.9792000000,31,1,8,0,0,2026-07,-0.28126195488721804511278195488721804511278195488721804511278195488721804511278195,-0.15365185770750988142292490118577075098814229249011857707509881422924901185770751,AVAILABLE,AVAILABLE,AVAILABLE,3311,6024,101,2814,3210,3210,0,0,0,167,10000,20260908,10000,0,-0.0014937000599529652667906954372185946956227463955212214600694354973089879630249965,0.11923396631747602087343268169377171091447253969796794198329803455668719381845265,0.9727,AVAILABLE,WHOLE_SESSION
USD025_TARGET_1.5R,0.02,target_first,IMMEDIATE_MINUS_MOMENTUM,-0.0087284808215040773180308064028994261552401087284808215040773180308064028994261552,-0.043688446215139442231075697211155378486055776892430278884462151394422310756972112,0.0099813084112149532710280373831775700934579439252336448598130841121495327102803738,-0.059389158878504672897196261682242990654205607476635514018691588785046728971962617,0.069370467289719626168224299065420560747663551401869158878504672897196261682242991,COMMON_CONTROL_AVAILABILITY_IS_LATER_INFORMATION_NOT_A_PRIMARY_ENTRY_FILTER,3210,3210,0,0,0,0,0,114,167,167,170,3,1400,1810,0,0.43613707165109034267912772585669781931464174454828660436137071651090342679127726,1.4191714285714285714285714285714285714285714285714285714285714285714285714285714,-1.0800000000,-1.08000000000,1.0163904235727440147329650092081031307550644567219152854511970534069981583793738,AVAILABLE,1986.8400000000,-1954.8000000000,85.0400000000,17,5,4,0,0,2026-08,-0.10912621359223300970873786407766990291262135922330097087378640776699029126213592,-0.0086022253129346314325452016689847009735744089012517385257301808066759388038942976,AVAILABLE,AVAILABLE,AVAILABLE,3210,3210,0,0,0,0,0,99,167,167,170,3,1311,1899,0,0.40841121495327102803738317757009345794392523364485981308411214953271028037383178,1.4190541571319603356216628527841342486651411136536994660564454614797864225781846,-1.0800522380200105318588730911005792522380200105318588730911005792522380200105319,-1.08000000000,0.90705147957659294461992359700972082562659579198478493034097389239457144038437085,AVAILABLE,1860.3800000000,-2051.0192000000,212.8192000000,28,3,6,0,0,2026-07,-0.16472060150375939849624060150375939849624060150375939849624060150375939849624060,-0.082505612648221343873517786561264822134387351778656126482213438735177865612648221,AVAILABLE,AVAILABLE,AVAILABLE,3311,6024,101,2814,3210,3210,0,0,0,167,10000,20260908,10000,0,0.0088688318273131828383308352689504786633545177147914737323487294721752687553938351,0.13145529690566367148350096311979991484686848123542864389932165730723398087595725,0.9881,AVAILABLE,WHOLE_SESSION
USD025_TARGET_2R,0,stop_first,IMMEDIATE_MINUS_MOMENTUM,-0.0085291452733313198429477499244941105406221685291452733313198429477499244941105406,-0.059349136786188579017264276228419654714475431606905710491367861885790172642762284,0.0077258566978193146417445482866043613707165109034267912772585669781931464174454829,-0.051339314641744548286604361370716510903426791277258566978193146417445482866043614,0.059065171339563862928348909657320872274143302180685358255451713395638629283489097,COMMON_CONTROL_AVAILABILITY_IS_LATER_INFORMATION_NOT_A_PRIMARY_ENTRY_FILTER,3210,3210,0,0,0,0,0,76,167,167,170,3,1081,2129,0,0.33676012461059190031152647975077881619937694704049844236760124610591900311526480,1.9899722479185938945420906567992599444958371877890841813135985198889916743755782,-0.99875998121183654297792390793799906059182714889619539689995302959135744480976984,-1.00000000000,1.0116631238360390526533606726988844786395530389962188904983163716397975883669745,AVAILABLE,2151.1600000000,-2126.3600000000,120.8400000000,20,5,4,0,0,2026-08,-0.22815533980582524271844660194174757281553398058252427184466019417475728155339806,-0.011168921262573707943114810960804717308359347901491501907734998265695456122095040,AVAILABLE,AVAILABLE,AVAILABLE,3210,3210,0,0,0,0,0,53,167,167,170,3,1018,2192,0,0.31713395638629283489096573208722741433021806853582554517133956386292834890965732,1.9914538310412573673870333988212180746561886051080550098231827111984282907662083,-1.0000452554744525547445255474452554744525547445255474452554744525547445255474453,-1.00000000000,0.92482128546007406964064400005255236624327950121965283322944509080610950453337148,AVAILABLE,2027.3000000000,-2192.0992000000,195.7992000000,31,4,5,0,0,2026-07,-0.22826947368421052631578947368421052631578947368421052631578947368421052631578947,-0.067904822134387351778656126482213438735177865612648221343873517786561264822134387,AVAILABLE,AVAILABLE,AVAILABLE,3311,6024,101,2814,3210,3210,0,0,0,167,10000,20260908,10000,0,-0.0024988654860892568882738032879133689802150133073778918668261919164497138363181199,0.12320337142733641469296011213926016493610346946273808751925849766736753704269752,0.9691,AVAILABLE,WHOLE_SESSION
USD025_TARGET_2R,0,target_first,IMMEDIATE_MINUS_MOMENTUM,0.062144367260646330413772274237390516460283902144367260646330413772274237390516460,0.0078819389110225763612217795484727755644090305444887118193891102257636122177954847,0.078753894080996884735202492211838006230529595015576323987538940809968847352024922,-0.0018066043613707165109034267912772585669781931464174454828660436137071651090342679,0.080560498442367601246105919003115264797507788161993769470404984423676012461059190,COMMON_CONTROL_AVAILABILITY_IS_LATER_INFORMATION_NOT_A_PRIMARY_ENTRY_FILTER,3210,3210,0,0,0,0,0,76,167,167,170,3,1157,2053,0,0.36043613707165109034267912772585669781931464174454828660436137071651090342679128,1.9906309420916162489196197061365600691443388072601555747623163353500432152117545,-0.99871407696054554310764734534827082318558207501217730150998538723818801753531417,-1.00000000000,1.1232954212918706958777970697828673988958036637468542109678300396028014592559355,AVAILABLE,2303.1600000000,-2050.3600000000,89.9200000000,20,7,2,0,0,2026-08,-0.22815533980582524271844660194174757281553398058252427184466019417475728155339806,0.062169680111265646731571627260083449235048678720445062586926286509040333796940195,AVAILABLE,AVAILABLE,AVAILABLE,3210,3210,0,0,0,0,0,53,167,167,170,3,1071,2139,0,0.33364485981308411214953271028037383177570093457943925233644859813084112149532710,1.9918767507002801120448179271708683473389355742296918767507002801120448179271709,-1.0000463768115942028985507246376811594202898550724637681159420289855072463768116,-1.00000000000,0.99728895228421384104112609644283911657766970320965011814318849728895228421384104,AVAILABLE,2133.3000000000,-2139.0992000000,153.7992000000,28,6,3,0,0,2026-07,-0.16962285714285714285714285714285714285714285714285714285714285714285714285714286,-0.021487899860917941585535465924895688456189151599443671766342141863699582753824757,AVAILABLE,AVAILABLE,AVAILABLE,3311,6024,101,2814,3210,3210,0,0,0,167,10000,20260908,10000,0,0.012671694025606605176171711485442919210727637523636311147678228611844859192540308,0.14897530482446132343241885458407429548866955167710404689843072878863078904397940,0.9911,AVAILABLE,WHOLE_SESSION
USD025_TARGET_2R,0.01,stop_first,IMMEDIATE_MINUS_MOMENTUM,-0.048529145273331319842947749924494110540622168529145273331319842947749924494110541,-0.099349136786188579017264276228419654714475431606905710491367861885790172642762284,-0.032274143302180685358255451713395638629283489096573208722741433021806853582554517,-0.091339314641744548286604361370716510903426791277258566978193146417445482866043614,0.059065171339563862928348909657320872274143302180685358255451713395638629283489097,COMMON_CONTROL_AVAILABILITY_IS_LATER_INFORMATION_NOT_A_PRIMARY_ENTRY_FILTER,3210,3210,0,0,0,0,0,76,167,167,170,3,1081,2129,0,0.33676012461059190031152647975077881619937694704049844236760124610591900311526480,1.9499722479185938945420906567992599444958371877890841813135985198889916743755782,-1.0387599812118365429779239079379990605918271488961953968999530295913574448097698,-1.04000000000,0.95315439154970337143683982057589350311098249167993054550716249457386774706988858,AVAILABLE,2107.9200000000,-2211.5200000000,162.3600000000,20,4,5,0,0,2026-08,-0.26815533980582524271844660194174757281553398058252427184466019417475728155339806,-0.051168921262573707943114810960804717308359347901491501907734998265695456122095040,AVAILABLE,AVAILABLE,AVAILABLE,3210,3210,0,0,0,0,0,53,167,167,170,3,1018,2192,0,0.31713395638629283489096573208722741433021806853582554517133956386292834890965732,1.9514538310412573673870333988212180746561886051080550098231827111984282907662083,-1.0400452554744525547445255474452554744525547445255474452554744525547445255474453,-1.04000000000,0.87139140492202051847828070367516292805899799419171821551841511669200245357094231,AVAILABLE,1986.5800000000,-2279.7792000000,310.5992000000,31,2,7,0,0,2026-07,-0.26826947368421052631578947368421052631578947368421052631578947368421052631578947,-0.10790482213438735177865612648221343873517786561264822134387351778656126482213439,AVAILABLE,AVAILABLE,AVAILABLE,3311,6024,101,2814,3210,3210,0,0,0,167,10000,20260908,10000,0,-0.0024988654860892568882738032879133689802150133073778918668261919164497138363181199,0.12320337142733641469296011213926016493610346946273808751925849766736753704269752,0.9691,AVAILABLE,WHOLE_SESSION
USD025_TARGET_2R,0.01,target_first,IMMEDIATE_MINUS_MOMENTUM,0.022144367260646330413772274237390516460283902144367260646330413772274237390516460,-0.032118061088977423638778220451527224435590969455511288180610889774236387782204515,0.038753894080996884735202492211838006230529595015576323987538940809968847352024922,-0.041806604361370716510903426791277258566978193146417445482866043613707165109034268,0.080560498442367601246105919003115264797507788161993769470404984423676012461059190,COMMON_CONTROL_AVAILABILITY_IS_LATER_INFORMATION_NOT_A_PRIMARY_ENTRY_FILTER,3210,3210,0,0,0,0,0,76,167,167,170,3,1157,2053,0,0.36043613707165109034267912772585669781931464174454828660436137071651090342679128,1.9506309420916162489196197061365600691443388072601555747623163353500432152117545,-1.0387140769605455431076473453482708231855820750121773015099853872381880175353142,-1.04000000000,1.0583358343337334933973589435774309723889555822328931572629051620648259303721489,AVAILABLE,2256.8800000000,-2132.4800000000,118.3600000000,20,5,4,0,0,2026-08,-0.26815533980582524271844660194174757281553398058252427184466019417475728155339806,0.022169680111265646731571627260083449235048678720445062586926286509040333796940195,AVAILABLE,AVAILABLE,AVAILABLE,3210,3210,0,0,0,0,0,53,167,167,170,3,1071,2139,0,0.33364485981308411214953271028037383177570093457943925233644859813084112149532710,1.9518767507002801120448179271708683473389355742296918767507002801120448179271709,-1.0400463768115942028985507246376811594202898550724637681159420289855072463768116,-1.04000000000,0.93967651314862069659928136408488994628930130062168623400833709720572031886951494,AVAILABLE,2090.4600000000,-2224.6592000000,182.1592000000,28,3,6,0,0,2026-07,-0.20962285714285714285714285714285714285714285714285714285714285714285714285714286,-0.061487899860917941585535465924895688456189151599443671766342141863699582753824757,AVAILABLE,AVAILABLE,AVAILABLE,3311,6024,101,2814,3210,3210,0,0,0,167,10000,20260908,10000,0,0.012671694025606605176171711485442919210727637523636311147678228611844859192540308,0.14897530482446132343241885458407429548866955167710404689843072878863078904397940,0.9911,AVAILABLE,WHOLE_SESSION
USD025_TARGET_2R,0.02,stop_first,IMMEDIATE_MINUS_MOMENTUM,-0.088529145273331319842947749924494110540622168529145273331319842947749924494110541,-0.13934913678618857901726427622841965471447543160690571049136786188579017264276228,-0.072274143302180685358255451713395638629283489096573208722741433021806853582554517,-0.13133931464174454828660436137071651090342679127725856697819314641744548286604361,0.059065171339563862928348909657320872274143302180685358255451713395638629283489097,COMMON_CONTROL_AVAILABILITY_IS_LATER_INFORMATION_NOT_A_PRIMARY_ENTRY_FILTER,3210,3210,0,0,0,0,0,76,167,167,170,3,1081,2129,0,0.33676012461059190031152647975077881619937694704049844236760124610591900311526480,1.9099722479185938945420906567992599444958371877890841813135985198889916743755782,-1.0787599812118365429779239079379990605918271488961953968999530295913574448097698,-1.08000000000,0.89898462127941202083006774996952122193775362697458940731839002386052911158716060,AVAILABLE,2064.6800000000,-2296.6800000000,259.0000000000,20,2,7,0,0,2026-08,-0.30815533980582524271844660194174757281553398058252427184466019417475728155339806,-0.091168921262573707943114810960804717308359347901491501907734998265695456122095040,AVAILABLE,AVAILABLE,AVAILABLE,3210,3210,0,0,0,0,0,53,167,167,170,3,1018,2192,0,0.31713395638629283489096573208722741433021806853582554517133956386292834890965732,1.9114538310412573673870333988212180746561886051080550098231827111984282907662083,-1.0800452554744525547445255474452554744525547445255474452554744525547445255474453,-1.08000000000,0.82191912747641015312956607657694797865999126827613333315311199449604031190907113,AVAILABLE,1945.8600000000,-2367.4592000000,437.1992000000,31,0,9,0,0,2026-07,-0.30826947368421052631578947368421052631578947368421052631578947368421052631578947,-0.14790482213438735177865612648221343873517786561264822134387351778656126482213439,AVAILABLE,AVAILABLE,AVAILABLE,3311,6024,101,2814,3210,3210,0,0,0,167,10000,20260908,10000,0,-0.0024988654860892568882738032879133689802150133073778918668261919164497138363181199,0.12320337142733641469296011213926016493610346946273808751925849766736753704269752,0.9691,AVAILABLE,WHOLE_SESSION
USD025_TARGET_2R,0.02,target_first,IMMEDIATE_MINUS_MOMENTUM,-0.017855632739353669586227725762609483539716097855632739353669586227725762609483540,-0.072118061088977423638778220451527224435590969455511288180610889774236387782204515,-0.0012461059190031152647975077881619937694704049844236760124610591900311526479750779,-0.081806604361370716510903426791277258566978193146417445482866043613707165109034268,0.080560498442367601246105919003115264797507788161993769470404984423676012461059190,COMMON_CONTROL_AVAILABILITY_IS_LATER_INFORMATION_NOT_A_PRIMARY_ENTRY_FILTER,3210,3210,0,0,0,0,0,76,167,167,170,3,1157,2053,0,0.36043613707165109034267912772585669781931464174454828660436137071651090342679128,1.9106309420916162489196197061365600691443388072601555747623163353500432152117545,-1.0787140769605455431076473453482708231855820750121773015099853872381880175353142,-1.08000000000,0.99819380475029350672807730515668743791203829133929377765736476113067822631626479,AVAILABLE,2210.6000000000,-2214.6000000000,156.4000000000,20,5,4,0,0,2026-08,-0.30815533980582524271844660194174757281553398058252427184466019417475728155339806,-0.017830319888734353268428372739916550764951321279554937413073713490959666203059805,AVAILABLE,AVAILABLE,AVAILABLE,3210,3210,0,0,0,0,0,53,167,167,170,3,1071,2139,0,0.33364485981308411214953271028037383177570093457943925233644859813084112149532710,1.9118767507002801120448179271708683473389355742296918767507002801120448179271709,-1.0800463768115942028985507246376811594202898550724637681159420289855072463768116,-1.08000000000,0.88633147884841403794064216936643934047470473797464760053937738895079739619513161,AVAILABLE,2047.6200000000,-2310.2192000000,279.2792000000,28,1,8,0,0,2026-07,-0.24962285714285714285714285714285714285714285714285714285714285714285714285714286,-0.10148789986091794158553546592489568845618915159944367176634214186369958275382476,AVAILABLE,AVAILABLE,AVAILABLE,3311,6024,101,2814,3210,3210,0,0,0,167,10000,20260908,10000,0,0.012671694025606605176171711485442919210727637523636311147678228611844859192540308,0.14897530482446132343241885458407429548866955167710404689843072878863078904397940,0.9911,AVAILABLE,WHOLE_SESSION
USD025_TARGET_2R_BE1R,0,stop_first,IMMEDIATE_MINUS_MOMENTUM,-0.0019600120809423135004530353367562669888251283600120809423135004530353367562669888,-0.076969588313413014608233731739707835325365205843293492695883134130146082337317397,0.013754018691588785046728971962616822429906542056074766355140186915887850467289720,-0.070242741433021806853582554517133956386292834890965732087227414330218068535825545,0.083996760124610591900311526479750778816199376947040498442367601246105919003115265,COMMON_CONTROL_AVAILABILITY_IS_LATER_INFORMATION_NOT_A_PRIMARY_ENTRY_FILTER,3210,3210,0,0,0,0,0,102,167,167,170,3,863,1735,612,0.26884735202492211838006230529595015576323987538940809968847352024922118380062305,1.9980764774044032444959443800695249130938586326767091541135573580533024333719583,-0.96840899135446685878962536023054755043227665706051873198847262247838616714697406,-1.00000000000,1.0262770344489693306041175353067296690802038055705141848277123010403111648828204,AVAILABLE,1724.3400000000,-1680.1896000000,95.0196000000,17,5,4,0,0,2026-08,-0.12582524271844660194174757281553398058252427184466019417475728155339805825242718,-0.0016751994450225459590704127644814429413805064169268123482483524106833159902878946,AVAILABLE,AVAILABLE,AVAILABLE,3210,3210,0,0,0,0,0,77,167,167,170,3,777,1846,587,0.24205607476635514018691588785046728971962616822429906542056074766355140186915888,1.9977606177606177606177606177606177606177606177606177606177606177606177606177606,-0.96302231852654387865655471289274106175514626218851570964247020585048754062838570,-1.00000000000,0.87316519768478975993779065005710623920539075697942645355404212271406289516482508,AVAILABLE,1552.2600000000,-1777.7392000000,247.3988000000,29,2,7,0,0,2026-07,-0.20761383458646616541353383458646616541353383458646616541353383458646616541353383,-0.080543949930458970792767732962447844228094575799721835883171070931849791376912378,AVAILABLE,AVAILABLE,AVAILABLE,3311,6024,101,2814,3210,3210,0,0,0,167,10000,20260908,10000,0,0.021393638760790304218126269977374587482526552434753786514101252323788387543053133,0.14705981846681693233021523086012215278190069595781490087904998000932482999622606,0.9954,AVAILABLE,WHOLE_SESSION
USD025_TARGET_2R_BE1R,0,target_first,IMMEDIATE_MINUS_MOMENTUM,0.082908607671398369072787677438840229537903956508607671398369072787677438840229538,0.0078577689243027888446215139442231075697211155378486055776892430278884462151394422,0.099423800623052959501557632398753894080996884735202492211838006230529595015576324,-0.0082489719626168224299065420560747663551401869158878504672897196261682242990654206,0.10767277258566978193146417445482866043613707165109034267912772585669781931464174,COMMON_CONTROL_AVAILABILITY_IS_LATER_INFORMATION_NOT_A_PRIMARY_ENTRY_FILTER,3210,3210,0,0,0,0,0,102,167,167,170,3,965,1664,581,0.30062305295950155763239875389408099688473520249221183800623052959501557632398754,1.9982797927461139896373056994818652849740932642487046632124352331606217616580311,-0.96706105769230769230769230769230769230769230769230769230769230769230769230769231,-0.45000000000,1.1983298922637829625545678396131816909579828256409313110151842890359221809536925,AVAILABLE,1928.3400000000,-1609.1896000000,69.0196000000,17,6,3,0,0,2026-08,-0.10640776699029126213592233009708737864077669902912621359223300970873786407766990,0.084920027816411682892906815020862308762169680111265646731571627260083449235048679,AVAILABLE,AVAILABLE,AVAILABLE,3210,3210,0,0,0,0,0,77,167,167,170,3,854,1801,555,0.26604361370716510903426791277258566978193146417445482866043613707165109034267913,1.9979625292740046838407494145199063231850117096018735362997658079625292740046838,-0.96209838978345363686840644086618545252637423653525818989450305385896724042198778,-1.00000000000,0.98471830036510976377749173101179912129880826843416481834080974217008537695690153,AVAILABLE,1706.2600000000,-1732.7392000000,137.9780000000,23,5,4,0,0,2026-07,-0.15197473684210526315789473684210526315789473684210526315789473684210526315789474,-0.028040472878998609179415855354659248956884561891515994436717663421418636995827538,AVAILABLE,AVAILABLE,AVAILABLE,3311,6024,101,2814,3210,3210,0,0,0,167,10000,20260908,10000,0,0.041124052131952282231378966336634954116151303771382831680567455955122900663594163,0.17667401226506160922150928397024586905911078303333144057691215717449321446823008,0.9996,AVAILABLE,WHOLE_SESSION
USD025_TARGET_2R_BE1R,0.01,stop_first,IMMEDIATE_MINUS_MOMENTUM,-0.041960012080942313500453035336756266988825128360012080942313500453035336756266989,-0.11696958831341301460823373173970783532536520584329349269588313413014608233731740,-0.026245981308411214953271028037383177570093457943925233644859813084112149532710280,-0.11024274143302180685358255451713395638629283489096573208722741433021806853582555,0.083996760124610591900311526479750778816199376947040498442367601246105919003115265,COMMON_CONTROL_AVAILABILITY_IS_LATER_INFORMATION_NOT_A_PRIMARY_ENTRY_FILTER,3210,3210,0,0,0,0,0,102,167,167,170,3,863,2347,0,0.26884735202492211838006230529595015576323987538940809968847352024922118380062305,1.9580764774044032444959443800695249130938586326767091541135573580533024333719583,-0.75588819769919045590115040477204942479761397528760119301235619940349382190029825,-1.04000000000,0.95251054411844946782245747291988995245733312830567639510873756024002665960794323,AVAILABLE,1689.8200000000,-1774.0696000000,131.6992000000,36,4,5,0,0,2026-08,-0.16582524271844660194174757281553398058252427184466019417475728155339805825242718,-0.041675199445022545959070412764481442941380506416926812348248352410683315990287895,AVAILABLE,AVAILABLE,AVAILABLE,3210,3210,0,0,0,0,0,77,167,167,170,3,777,2433,0,0.24205607476635514018691588785046728971962616822429906542056074766355140186915888,1.9577606177606177606177606177606177606177606177606177606177606177606177606177606,-0.77067784628031237155774763666255651459103986847513357994245787094122482531853679,-1.04000000000,0.81127038548969547201496358088320624756807678392234229191270334291311975643222358,AVAILABLE,1521.1800000000,-1875.0592000000,370.7192000000,35,1,8,0,0,2026-07,-0.24761383458646616541353383458646616541353383458646616541353383458646616541353383,-0.12054394993045897079276773296244784422809457579972183588317107093184979137691238,AVAILABLE,AVAILABLE,AVAILABLE,3311,6024,101,2814,3210,3210,0,0,0,167,10000,20260908,10000,0,0.021393638760790304218126269977374587482526552434753786514101252323788387543053133,0.14705981846681693233021523086012215278190069595781490087904998000932482999622606,0.9954,AVAILABLE,WHOLE_SESSION
USD025_TARGET_2R_BE1R,0.01,target_first,IMMEDIATE_MINUS_MOMENTUM,0.042908607671398369072787677438840229537903956508607671398369072787677438840229538,-0.032142231075697211155378486055776892430278884462151394422310756972111553784860558,0.059423800623052959501557632398753894080996884735202492211838006230529595015576324,-0.048248971962616822429906542056074766355140186915887850467289719626168224299065421,0.10767277258566978193146417445482866043613707165109034267912772585669781931464174,COMMON_CONTROL_AVAILABILITY_IS_LATER_INFORMATION_NOT_A_PRIMARY_ENTRY_FILTER,3210,3210,0,0,0,0,0,102,167,167,170,3,965,2245,0,0.30062305295950155763239875389408099688473520249221183800623052959501557632398754,1.9582797927461139896373056994818652849740932642487046632124352331606217616580311,-0.75678824053452115812917594654788418708240534521158129175946547884187082405345212,-0.49000000000,1.1122728473440920415286826947027809940684745804212103476089553461657446284544649,AVAILABLE,1889.7400000000,-1698.9896000000,93.6196000000,36,6,3,0,0,2026-08,-0.14640776699029126213592233009708737864077669902912621359223300970873786407766990,0.044920027816411682892906815020862308762169680111265646731571627260083449235048679,AVAILABLE,AVAILABLE,AVAILABLE,3210,3210,0,0,0,0,0,77,167,167,170,3,854,2356,0,0.26604361370716510903426791277258566978193146417445482866043613707165109034267913,1.9579625292740046838407494145199063231850117096018735362997658079625292740046838,-0.77545806451612903225806451612903225806451612903225806451612903225806451612903226,-1.04000000000,0.91522662108030567616752287053952228903317563768651553340070866707185281583939215,AVAILABLE,1672.1000000000,-1826.9792000000,174.0392000000,35,3,6,0,0,2026-07,-0.19197473684210526315789473684210526315789473684210526315789473684210526315789474,-0.068040472878998609179415855354659248956884561891515994436717663421418636995827538,AVAILABLE,AVAILABLE,AVAILABLE,3311,6024,101,2814,3210,3210,0,0,0,167,10000,20260908,10000,0,0.041124052131952282231378966336634954116151303771382831680567455955122900663594163,0.17667401226506160922150928397024586905911078303333144057691215717449321446823008,0.9996,AVAILABLE,WHOLE_SESSION
USD025_TARGET_2R_BE1R,0.02,stop_first,IMMEDIATE_MINUS_MOMENTUM,-0.081960012080942313500453035336756266988825128360012080942313500453035336756266989,-0.15696958831341301460823373173970783532536520584329349269588313413014608233731740,-0.066245981308411214953271028037383177570093457943925233644859813084112149532710280,-0.15024274143302180685358255451713395638629283489096573208722741433021806853582555,0.083996760124610591900311526479750778816199376947040498442367601246105919003115265,COMMON_CONTROL_AVAILABILITY_IS_LATER_INFORMATION_NOT_A_PRIMARY_ENTRY_FILTER,3210,3210,0,0,0,0,0,102,167,167,170,3,863,2347,0,0.26884735202492211838006230529595015576323987538940809968847352024922118380062305,1.9180764774044032444959443800695249130938586326767091541135573580533024333719583,-0.79588819769919045590115040477204942479761397528760119301235619940349382190029825,-1.08000000000,0.88615881285019681473204630360476535341210490904037239548647351084847257120855937,AVAILABLE,1655.3000000000,-1867.9496000000,244.0896000000,36,2,7,0,0,2026-08,-0.20582524271844660194174757281553398058252427184466019417475728155339805825242718,-0.081675199445022545959070412764481442941380506416926812348248352410683315990287895,AVAILABLE,AVAILABLE,AVAILABLE,3210,3210,0,0,0,0,0,77,167,167,170,3,777,2433,0,0.24205607476635514018691588785046728971962616822429906542056074766355140186915888,1.9177606177606177606177606177606177606177606177606177606177606177606177606177606,-0.81067784628031237155774763666255651459103986847513357994245787094122482531853679,-1.08000000000,0.75548352973910899080663596533567176129214909587365350435656591795330228588904203,AVAILABLE,1490.1000000000,-1972.3792000000,497.9592000000,35,0,9,0,0,2026-07,-0.28761383458646616541353383458646616541353383458646616541353383458646616541353383,-0.16054394993045897079276773296244784422809457579972183588317107093184979137691238,AVAILABLE,AVAILABLE,AVAILABLE,3311,6024,101,2814,3210,3210,0,0,0,167,10000,20260908,10000,0,0.021393638760790304218126269977374587482526552434753786514101252323788387543053133,0.14705981846681693233021523086012215278190069595781490087904998000932482999622606,0.9954,AVAILABLE,WHOLE_SESSION
USD025_TARGET_2R_BE1R,0.02,target_first,IMMEDIATE_MINUS_MOMENTUM,0.0029086076713983690727876774388402295379039565086076713983690727876774388402295379,-0.072142231075697211155378486055776892430278884462151394422310756972111553784860558,0.019423800623052959501557632398753894080996884735202492211838006230529595015576324,-0.088248971962616822429906542056074766355140186915887850467289719626168224299065421,0.10767277258566978193146417445482866043613707165109034267912772585669781931464174,COMMON_CONTROL_AVAILABILITY_IS_LATER_INFORMATION_NOT_A_PRIMARY_ENTRY_FILTER,3210,3210,0,0,0,0,0,102,167,167,170,3,965,2245,0,0.30062305295950155763239875389408099688473520249221183800623052959501557632398754,1.9182797927461139896373056994818652849740932642487046632124352331606217616580311,-0.79678824053452115812917594654788418708240534521158129175946547884187082405345212,-0.53000000000,1.0348561954966643365994525012891398742479272017234447248575237691453483405762198,AVAILABLE,1851.1400000000,-1788.7896000000,119.8196000000,36,6,3,0,0,2026-08,-0.18640776699029126213592233009708737864077669902912621359223300970873786407766990,0.0049200278164116828929068150208623087621696801112656467315716272600834492350486787,AVAILABLE,AVAILABLE,AVAILABLE,3210,3210,0,0,0,0,0,77,167,167,170,3,854,2356,0,0.26604361370716510903426791277258566978193146417445482866043613707165109034267913,1.9179625292740046838407494145199063231850117096018735362997658079625292740046838,-0.81545806451612903225806451612903225806451612903225806451612903225806451612903226,-1.08000000000,0.85255237923918311871961304571597035882214793606060151803604711008509596406282011,AVAILABLE,1637.9400000000,-1921.2192000000,300.9592000000,35,2,7,0,0,2026-07,-0.23197473684210526315789473684210526315789473684210526315789473684210526315789474,-0.10804047287899860917941585535465924895688456189151599443671766342141863699582754,AVAILABLE,AVAILABLE,AVAILABLE,3311,6024,101,2814,3210,3210,0,0,0,167,10000,20260908,10000,0,0.041124052131952282231378966336634954116151303771382831680567455955122900663594163,0.17667401226506160922150928397024586905911078303333144057691215717449321446823008,0.9996,AVAILABLE,WHOLE_SESSION
USD030_TARGET_1R,0,stop_first,IMMEDIATE_MINUS_MOMENTUM,-0.018665055874358199939595288432497734823316218665055874358199939595288432497734823,-0.073835214696768481629039397963700752545374059318282425852146967684816290393979636,-0.0018691588785046728971962616822429906542056074766355140186915887850467289719626168,-0.070649013499480789200415368639667705088265835929387331256490134994807892004153685,0.068779854620976116303219106957424714434060228452751817237798546209761163032191069,COMMON_CONTROL_AVAILABILITY_IS_LATER_INFORMATION_NOT_A_PRIMARY_ENTRY_FILTER,3210,3210,0,0,0,0,0,112,167,167,170,3,1602,1608,0,0.49906542056074766355140186915887850467289719626168224299065420560747663551401869,1.0000000000,-1.0000000000,-1.00000000000,0.99626865671641791044776119402985074626865671641791044776119402985074626865671642,AVAILABLE,1602.0000000000,-1608.0000000000,80.0000000000,17,5,3,1,0,2026-02,-0.058823529411764705882352941176470588235294117647058823529411764705882352941176471,-0.012099644128113879003558718861209964412811387900355871886120996441281138790035587,AVAILABLE,AVAILABLE,AVAILABLE,3210,3210,0,0,0,0,0,117,167,167,170,3,1492,1718,0,0.46479750778816199376947040498442367601246105919003115264797507788161993769470405,0.99947497765862377122430741733690795352993744414655942806076854334226988382484363,-1.0000000000,-1.00000000000,0.86799573147070236709351959642995731470702367093519596429957314707023670935195966,AVAILABLE,1491.2166666666666666666666666666666666666666666666666666666666666666666666666667,-1718.0000000000,263.78333333333333333333333333333333333333333333333333333333333333333333333333333,23,2,7,0,0,2026-07,-0.17711779448621553884711779448621553884711779448621553884711779448621553884711779,-0.082523056653491436100131752305665349143610013175230566534914361001317523056653490,AVAILABLE,AVAILABLE,AVAILABLE,3311,6024,101,2814,3210,3210,0,0,0,167,10000,20260908,10000,0,0.017380785612715025373556013378364341709588591768539798582478177962171309870794493,0.12247693316864148152354836572408300577503201214771425828496017242614895553184786,0.9966,AVAILABLE,WHOLE_SESSION
USD030_TARGET_1R,0,target_first,IMMEDIATE_MINUS_MOMENTUM,0.051404409543944427665357897916037450921171851404409543944427665357897916037450921,0.015142208942009738822487826471890216910137228862328463922089420097388224878264719,0.067912772585669781931464174454828660436137071651090342679127725856697819314641745,0.0022481827622014537902388369678089304257528556593977154724818276220145379023883698,0.065664589823468328141225337487019730010384215991692627206645898234683281412253374,COMMON_CONTROL_AVAILABILITY_IS_LATER_INFORMATION_NOT_A_PRIMARY_ENTRY_FILTER,3210,3210,0,0,0,0,0,112,167,167,170,3,1714,1496,0,0.53395638629283489096573208722741433021806853582554517133956386292834890965732087,1.0000000000,-1.0000000000,1.00000000000,1.1457219251336898395721925133689839572192513368983957219251336898395721925133690,AVAILABLE,1714.0000000000,-1496.0000000000,59.0000000000,17,9,0,0,0,2026-08,0.019417475728155339805825242718446601941747572815533980582524271844660194174757282,0.060500695410292072322670375521557719054242002781641168289290681502086230876216968,AVAILABLE,AVAILABLE,AVAILABLE,3210,3210,0,0,0,0,0,117,167,167,170,3,1609,1601,0,0.50124610591900311526479750778816199376947040498442367601246105919003115264797508,0.99951315516884193080588357157654858089910917754298736275119121607623782887922107,-1.0000000000,1.00000000000,1.0045075994170310222777430772433895481990422652508848636268998542577555694357693,AVAILABLE,1608.2166666666666666666666666666666666666666666666666666666666666666666666666667,-1601.0000000000,88.783333333333333333333333333333333333333333333333333333333333333333333333333333,15,5,4,0,0,2026-04,-0.070336391437308868501529051987767584097859327217125382262996941896024464831804281,-0.016119894598155467720685111989459815546772068511198945981554677206851119894598155,AVAILABLE,AVAILABLE,AVAILABLE,3311,6024,101,2814,3210,3210,0,0,0,167,10000,20260908,10000,0,0.013935907543157669813239039554448109127127727402750924499495100928118225650251415,0.11862194722303007420333039105138108673949239683730201248684051641300114459870165,0.9944,AVAILABLE,WHOLE_SESSION
USD030_TARGET_1R,0.01,stop_first,IMMEDIATE_MINUS_MOMENTUM,-0.051998389207691533272928621765831068156649551998389207691533272928621765831066282,-0.10716854803010181496237273129703408587870739265161575918548030101814962372731020,-0.035202492211838006230529595015576323987538940809968847352024922118380062305294928,-0.10398234683281412253374870197300103842159916926272066458982346832814122533748464,0.068779854620976116303219106957424714434060228452751817237798546209761163032191069,COMMON_CONTROL_AVAILABILITY_IS_LATER_INFORMATION_NOT_A_PRIMARY_ENTRY_FILTER,3210,3210,0,0,0,0,0,112,167,167,170,3,1602,1608,0,0.49906542056074766355140186915887850467289719626168224299065420560747663551401869,0.96666666666666666666666666666666666666666666666666666666666666666666666666668040,-1.0333333333333333333333333333333333333333333333333333333333333333333333333333182,-1.0333333333333333333333333333333333333333333333333333333333333333333333333333333,0.93199325950890707751564756860857005296100144439094848338950409244102070293695513,AVAILABLE,1548.6000000000000000000000000000000000000000000000000000000000000000000000000220,-1661.5999999999999999999999999999999999999999999999999999999999999999999999999757,152.69999999999999999999999999999999999999999999999999999999999999999999999999862,17,2,7,0,0,2026-02,-0.092156862745098039215686274509803921568627450980392156862745098039215686274509653,-0.045432977461447212336892052194543297746144721233689205219454329774614472123367705,AVAILABLE,AVAILABLE,AVAILABLE,3210,3210,0,0,0,0,0,117,167,167,170,3,1492,1718,0,0.46479750778816199376947040498442367601246105919003115264797507788161993769470405,0.96614164432529043789097408400357462019660411081322609472743521000893655049152259,-1.0333333333333333333333333333333333333333333333333333333333333333333333333333171,-1.0333333333333333333333333333333333333333333333333333333333333333333333333333333,0.81198129858425025348304480078110330842314769612077058845619437455405760636901934,AVAILABLE,1441.4833333333333333333333333333333333333333333333333333333333333333333333333517,-1775.2666666666666666666666666666666666666666666666666666666666666666666666666387,355.94999999999999999999999999999999999999999999999999999999999999999999999999371,23,1,8,0,0,2026-07,-0.21045112781954887218045112781954887218045112781954887218045112781954887218044985,-0.11585638998682476943346508563899868247694334650856389986824769433465085638998436,AVAILABLE,AVAILABLE,AVAILABLE,3311,6024,101,2814,3210,3210,0,0,0,167,10000,20260908,10000,0,0.017380785612715025373556013378364341709588591768539798582478177962171309870794493,0.12247693316864148152354836572408300577503201214771425828496017242614895553184786,0.9966,AVAILABLE,WHOLE_SESSION
USD030_TARGET_1R,0.01,target_first,IMMEDIATE_MINUS_MOMENTUM,0.018071076210611094332024564582704117587838518071076210611094332024564582704117851,-0.018191124391323594510845506861443116423196104471004869411243913235945108455067937,0.034579439252336448598130841121495327102803738317757009345794392523364485981308751,-0.031085150571131879543094496365524402907580477673935617860851505711318795430944111,0.065664589823468328141225337487019730010384215991692627206645898234683281412253374,COMMON_CONTROL_AVAILABILITY_IS_LATER_INFORMATION_NOT_A_PRIMARY_ENTRY_FILTER,3210,3210,0,0,0,0,0,112,167,167,170,3,1714,1496,0,0.53395638629283489096573208722741433021806853582554517133956386292834890965732087,0.96666666666666666666666666666666666666666666666666666666666666666666666666668168,-1.0333333333333333333333333333333333333333333333333333333333333333333333333333196,0.96666666666666666666666666666666666666666666666666666666666666666666666666666667,1.0718043815766775918578575125064688632051060893565637398654476453337933413835051,AVAILABLE,1656.8666666666666666666666666666666666666666666666666666666666666666666666666924,-1545.8666666666666666666666666666666666666666666666666666666666666666666666666461,70.633333333333333333333333333333333333333333333333333333333333333333333333333234,17,7,2,0,0,2026-08,-0.013915857605177993527508090614886731391585760517799352750809061488673139158576016,0.027167362076958738989337042188224385720908669448307834955957348168752897542883932,AVAILABLE,AVAILABLE,AVAILABLE,3210,3210,0,0,0,0,0,117,167,167,170,3,1609,1601,0,0.50124610591900311526479750778816199376947040498442367601246105919003115264797508,0.96617982183550859747255023824321524756577584420965402941785788274290449554590155,-1.0333333333333333333333333333333333333333333333333333333333333333333333333333183,0.96666666666666666666666666666666666666666666666666666666666666666666666666666667,0.93968487437287179383852833914287441316918861195623702927605730289536781447082159,AVAILABLE,1554.5833333333333333333333333333333333333333333333333333333333333333333333333556,-1654.3666666666666666666666666666666666666666666666666666666666666666666666666426,134.74999999999999999999999999999999999999999999999999999999999999999999999999902,15,3,6,0,0,2026-04,-0.10366972477064220183486238532110091743119266055045871559633027522935779816513741,-0.049453227931488801054018445322793148880105401844532279314888010540184453227929664,AVAILABLE,AVAILABLE,AVAILABLE,3311,6024,101,2814,3210,3210,0,0,0,167,10000,20260908,10000,0,0.013935907543157669813239039554448109127127727402750924499495100928118225650251415,0.11862194722303007420333039105138108673949239683730201248684051641300114459870165,0.9944,AVAILABLE,WHOLE_SESSION
USD030_TARGET_1R,0.02,stop_first,IMMEDIATE_MINUS_MOMENTUM,-0.085331722541024866606261955099164401489982885331722541024866606261955099164403833,-0.14050188136343514829570606463036741921204072598494909251881363435148295706064916,-0.068535825545171339563862928348909657320872274143302180685358255451713395638631174,-0.13731568016614745586708203530633437175493250259605399792315680166147455867082290,0.068779854620976116303219106957424714434060228452751817237798546209761163032191069,COMMON_CONTROL_AVAILABILITY_IS_LATER_INFORMATION_NOT_A_PRIMARY_ENTRY_FILTER,3210,3210,0,0,0,0,0,112,167,167,170,3,1602,1608,0,0.49906542056074766355140186915887850467289719626168224299065420560747663551401869,0.93333333333333333333333333333333333333333333333333333333333333333333333333332029,-1.0666666666666666666666666666666666666666666666666666666666666666666666666666823,-1.0666666666666666666666666666666666666666666666666666666666666666666666666666667,0.87173507462686567164179104477611940298507462686567164179104477611940298507460187,AVAILABLE,1495.1999999999999999999999999999999999999999999999999999999999999999999999999791,-1715.2000000000000000000000000000000000000000000000000000000000000000000000000252,247.86666666666666666666666666666666666666666666666666666666666666666666666667353,17,2,7,0,0,2026-02,-0.12549019607843137254901960784313725490196078431372549019607843137254901960784335,-0.078766310794780545670225385527876631079478054567022538552787663107947805456704246,AVAILABLE,AVAILABLE,AVAILABLE,3210,3210,0,0,0,0,0,117,167,167,170,3,1492,1718,0,0.46479750778816199376947040498442367601246105919003115264797507788161993769470405,0.93280831099195710455764075067024128686327077747989276139410187667560321715816542,-1.0666666666666666666666666666666666666666666666666666666666666666666666666666835,-1.0666666666666666666666666666666666666666666666666666666666666666666666666666667,0.75946776775320139697322467986030267753201396973224679860302677532013969732244664,AVAILABLE,1391.7499999999999999999999999999999999999999999999999999999999999999999999999828,-1832.5333333333333333333333333333333333333333333333333333333333333333333333333622,460.11666666666666666666666666666666666666666666666666666666666666666666666667434,23,1,8,0,0,2026-07,-0.24378446115288220551378446115288220551378446115288220551378446115288220551378605,-0.14918972332015810276679841897233201581027667984189723320158102766798418972332278,AVAILABLE,AVAILABLE,AVAILABLE,3311,6024,101,2814,3210,3210,0,0,0,167,10000,20260908,10000,0,0.017380785612715025373556013378364341709588591768539798582478177962171309870794493,0.12247693316864148152354836572408300577503201214771425828496017242614895553184786,0.9966,AVAILABLE,WHOLE_SESSION
USD030_TARGET_1R,0.02,target_first,IMMEDIATE_MINUS_MOMENTUM,-0.015262257122722239001308768750629215745494815262257122722239001308768750629216003,-0.051524457724656927844178840194776449756529437804338202744577246569278441788403876,0.0012461059190031152647975077881619937694704049844236760124610591900311526479749646,-0.064418483904465212876427829698857736240913811007268951194184839044652128764280237,0.065664589823468328141225337487019730010384215991692627206645898234683281412253374,COMMON_CONTROL_AVAILABILITY_IS_LATER_INFORMATION_NOT_A_PRIMARY_ENTRY_FILTER,3210,3210,0,0,0,0,0,112,167,167,170,3,1714,1496,0,0.53395638629283489096573208722741433021806853582554517133956386292834890965732087,0.93333333333333333333333333333333333333333333333333333333333333333333333333331896,-1.0666666666666666666666666666666666666666666666666666666666666666666666666666810,0.93333333333333333333333333333333333333333333333333333333333333333333333333333333,1.0025066844919786096256684491978609625668449197860962566844919786096256684491689,AVAILABLE,1599.7333333333333333333333333333333333333333333333333333333333333333333333333087,-1595.7333333333333333333333333333333333333333333333333333333333333333333333333548,82.266666666666666666666666666666666666666666666666666666666666666666666666666727,17,5,4,0,0,2026-08,-0.047249190938511326860841423948220064724919093851132686084142394822006472491909476,-0.0061659712563745943439962911451089476124246638850254983773759851645804357904498773,AVAILABLE,AVAILABLE,AVAILABLE,3210,3210,0,0,0,0,0,117,167,167,170,3,1609,1601,0,0.50124610591900311526479750778816199376947040498442367601246105919003115264797508,0.93284648850217526413921690490988191423244251087632069608452454940957116221254127,-1.0666666666666666666666666666666666666666666666666666666666666666666666666666823,0.93333333333333333333333333333333333333333333333333333333333333333333333333333333,0.87891356964397251717676452217364147407870081199250468457214241099312929419110534,AVAILABLE,1500.9499999999999999999999999999999999999999999999999999999999999999999999999789,-1707.7333333333333333333333333333333333333333333333333333333333333333333333333583,226.11666666666666666666666666666666666666666666666666666666666666666666666667125,15,2,7,0,0,2026-04,-0.13700305810397553516819571865443425076452599388379204892966360856269113149847117,-0.082786561264822134387351778656126482213438735177865612648221343873517786561267130,AVAILABLE,AVAILABLE,AVAILABLE,3311,6024,101,2814,3210,3210,0,0,0,167,10000,20260908,10000,0,0.013935907543157669813239039554448109127127727402750924499495100928118225650251415,0.11862194722303007420333039105138108673949239683730201248684051641300114459870165,0.9944,AVAILABLE,WHOLE_SESSION
USD030_TARGET_1.5R,0,stop_first,IMMEDIATE_MINUS_MOMENTUM,-0.013208496929427161985301520185241115473673613208496929427161985301520185241115474,-0.045224656927844178840194776449756529437804338202744577246569278441788401947764497,0.0036812045690550363447559709241952232606438213914849428868120456905503634475597090,-0.053359293873312564901349948078920041536863966770508826583592938733125649013499480,0.057040498442367601246105919003115264797507788161993769470404984423676012461059190,COMMON_CONTROL_AVAILABILITY_IS_LATER_INFORMATION_NOT_A_PRIMARY_ENTRY_FILTER,3210,3210,0,0,0,0,0,62,167,167,170,3,1288,1922,0,0.40124610591900311526479750778816199376947040498442367601246105919003115264797508,1.4990553830227743271221532091097308488612836438923395445134575569358178053830227,-0.99842178286507110648629899410336455081512313562261533125216788067984738120013876,-1.00000000000,1.0061578279977070993069186541367750004342614949017700498532196147232017231496117,AVAILABLE,1930.7833333333333333333333333333333333333333333333333333333333333333333333333333,-1918.9666666666666666666666666666666666666666666666666666666666666666666666666667,81.716666666666666666666666666666666666666666666666666666666666666666666666666667,18,5,4,0,0,2026-07,-0.069498746867167919799498746867167919799498746867167919799498746867167919799498747,-0.0040623551228558182661103384330088085303662494204914232730644413537320352341214652,AVAILABLE,AVAILABLE,AVAILABLE,3210,3210,0,0,0,0,0,56,167,167,170,3,1216,1994,0,0.37881619937694704049844236760124610591900311526479750778816199376947040498442368,1.4989446271929824561403508771929824561403508771929824561403508771929824561403509,-1.0000000000,-1.00000000000,0.91410063523905048478769642260113674356402540956201939150785690404546974256101640,AVAILABLE,1822.7166666666666666666666666666666666666666666666666666666666666666666666666667,-1994.0000000000,198.28333333333333333333333333333333333333333333333333333333333333333333333333333,23,3,6,0,0,2026-07,-0.16734335839598997493734335839598997493734335839598997493734335839598997493734335,-0.066293001186239620403321470937129300118623962040332147093712930011862396204033214,AVAILABLE,AVAILABLE,AVAILABLE,3311,6024,101,2814,3210,3210,0,0,0,167,10000,20260908,10000,0,-0.00045618248267551578352122952446495089475018510140464266526728727950801543346358175,0.11566438539054518435961734930807095755549363796786477198848332868951425652456581,0.9739,AVAILABLE,WHOLE_SESSION
USD030_TARGET_1.5R,0,target_first,IMMEDIATE_MINUS_MOMENTUM,0.034360213429980871841336957616027383469243934360213429980871841336957616027383470,0.011216246126604692341744134572819831783975210270030987162461266046923417441345728,0.051967808930425752855659397715472481827622014537902388369678089304257528556593978,-0.0097455867082035306334371754932502596053997923156801661474558670820353063343717548,0.061713395638629283489096573208722741433021806853582554517133956386292834890965732,COMMON_CONTROL_AVAILABILITY_IS_LATER_INFORMATION_NOT_A_PRIMARY_ENTRY_FILTER,3210,3210,0,0,0,0,0,62,167,167,170,3,1350,1860,0,0.42056074766355140186915887850467289719626168224299065420560747663551401869158879,1.4990987654320987654320987654320987654320987654320987654320987654320987654320987,-0.99836917562724014336917562724014336917562724014336917562724014336917562724014339,-1.00000000000,1.0898328815810730761636360372650738659821572815882532445385844298048789244107774,AVAILABLE,2023.7833333333333333333333333333333333333333333333333333333333333333333333333333,-1856.9666666666666666666666666666666666666666666666666666666666666666666666666667,47.000000000000000000000000000000000000000000000000000000000000000000000000000000,18,7,2,0,0,2026-08,-0.053398058252427184466019417475728155339805825242718446601941747572815533980582524,0.035923736671302735280482151135836810384793694946685210941121928604543347241539176,AVAILABLE,AVAILABLE,AVAILABLE,3210,3210,0,0,0,0,0,56,167,167,170,3,1272,1938,0,0.39626168224299065420560747663551401869158878504672897196261682242990654205607477,1.4989910901467505241090146750524109014675052410901467505241090146750524109014675,-1.0000000000,-1.00000000000,0.98385792913656690746474028207774337805297557619539043687650498796009631922944618,AVAILABLE,1906.7166666666666666666666666666666666666666666666666666666666666666666666666667,-1938.0000000000,126.28333333333333333333333333333333333333333333333333333333333333333333333333333,23,6,3,0,0,2026-07,-0.11847117794486215538847117794486215538847117794486215538847117794486215538847118,-0.022246376811594202898550724637681159420289855072463768115942028985507246376811593,AVAILABLE,AVAILABLE,AVAILABLE,3311,6024,101,2814,3210,3210,0,0,0,167,10000,20260908,10000,0,-0.0010963481217423836611143704988563800389425979304304942648946934333256808577574846,0.12641350303935777129928581154303130006919924720172046861506379946766940292800480,0.972,AVAILABLE,WHOLE_SESSION
USD030_TARGET_1.5R,0.01,stop_first,IMMEDIATE_MINUS_MOMENTUM,-0.046541830262760495318634853518574448807006946541830262760495318634853518574448046,-0.078557990261177512173528109783089862771137671536077910579902611775121735281095214,-0.029652128764278296988577362409138110072689511941848390446521287642782969885773246,-0.086692627206645898234683281412253374870197300103842159916926272066458982346830704,0.057040498442367601246105919003115264797507788161993769470404984423676012461059190,COMMON_CONTROL_AVAILABILITY_IS_LATER_INFORMATION_NOT_A_PRIMARY_ENTRY_FILTER,3210,3210,0,0,0,0,0,62,167,167,170,3,1288,1922,0,0.40124610591900311526479750778816199376947040498442367601246105919003115264797508,1.4657220496894409937888198757763975155279503105590062111801242236024844720497067,-1.0317551161984044398196323274366978841484564689559486645855012140131807145334541,-1.0333333333333333333333333333333333333333333333333333333333333333333333333333333,0.95200114303003815703215612445580003698038358743339328637945235413760064547581403,AVAILABLE,1887.8500000000000000000000000000000000000000000000000000000000000000000000000222,-1983.0333333333333333333333333333333333333333333333333333333333333333333333332988,121.41666666666666666666666666666666666666666666666666666666666666666666666666572,18,4,5,0,0,2026-07,-0.10283208020050125313283208020050125313283208020050125313283208020050125313283182,-0.037395688456189151599443671766342141863699582753824756606397774687065368567454301,AVAILABLE,AVAILABLE,AVAILABLE,3210,3210,0,0,0,0,0,56,167,167,170,3,1216,1994,0,0.37881619937694704049844236760124610591900311526479750778816199376947040498442368,1.4656112938596491228070175438596491228070175438596491228070175438596491228070339,-1.0333333333333333333333333333333333333333333333333333333333333333333333333333147,-1.0333333333333333333333333333333333333333333333333333333333333333333333333333333,0.86494159899051994693758695441162196266218008865305594201960720872294302261626105,AVAILABLE,1782.1833333333333333333333333333333333333333333333333333333333333333333333333532,-2060.4666666666666666666666666666666666666666666666666666666666666666666666666295,297.28333333333333333333333333333333333333333333333333333333333333333333333332754,23,2,7,0,0,2026-07,-0.20067669172932330827067669172932330827067669172932330827067669172932330827067538,-0.099626334519572953736654804270462633451957295373665480427046263345195729537364587,AVAILABLE,AVAILABLE,AVAILABLE,3311,6024,101,2814,3210,3210,0,0,0,167,10000,20260908,10000,0,-0.00045618248267551578352122952446495089475018510140464266526728727950801543346358175,0.11566438539054518435961734930807095755549363796786477198848332868951425652456581,0.9739,AVAILABLE,WHOLE_SESSION
USD030_TARGET_1.5R,0.01,target_first,IMMEDIATE_MINUS_MOMENTUM,0.0010268800966475385080036242826940501359106010268800966475385080036242826940503533,-0.022117087206728640991589198760513501549358123063302346170872067286409915891986843,0.018634475597092419522326064382139148494288681204569055036344755970924195223260941,-0.043078920041536863966770508826583592938733125649013499480789200415368639667703542,0.061713395638629283489096573208722741433021806853582554517133956386292834890965732,COMMON_CONTROL_AVAILABILITY_IS_LATER_INFORMATION_NOT_A_PRIMARY_ENTRY_FILTER,3210,3210,0,0,0,0,0,62,167,167,170,3,1350,1860,0,0.42056074766355140186915887850467289719626168224299065420560747663551401869158879,1.4657654320987654320987654320987654320987654320987654320987654320987654320987834,-1.0317025089605734767025089605734767025089605734767025089605734767025089605734592,-1.0333333333333333333333333333333333333333333333333333333333333333333333333333333,1.0311712901040490541784641039448314196876791328666469801455644530910733207108293,AVAILABLE,1978.7833333333333333333333333333333333333333333333333333333333333333333333333576,-1918.9666666666666666666666666666666666666666666666666666666666666666666666666342,64.683333333333333333333333333333333333333333333333333333333333333333333333332944,18,7,2,0,0,2026-08,-0.086731391585760517799352750809061488673139158576051779935275080906148867313915709,0.0025904033379694019471488178025034770514603616133518776077885952712100139082060871,AVAILABLE,AVAILABLE,AVAILABLE,3210,3210,0,0,0,0,0,56,167,167,170,3,1272,1938,0,0.39626168224299065420560747663551401869158878504672897196261682242990654205607477,1.4656577568134171907756813417190775681341719077568134171907756813417190775681513,-1.0333333333333333333333333333333333333333333333333333333333333333333333333333151,-1.0333333333333333333333333333333333333333333333333333333333333333333333333333333,0.93094810080229035587070142148540231032990445753853324012117580478711009021607973,AVAILABLE,1864.3166666666666666666666666666666666666666666666666666666666666666666666666884,-2002.5999999999999999999999999999999999999999999999999999999999999999999999999647,170.71666666666666666666666666666666666666666666666666666666666666666666666666483,23,4,5,0,0,2026-07,-0.15180451127819548872180451127819548872180451127819548872180451127819548872180405,-0.055579710144927536231884057971014492753623188405797101449275362318840579710143024,AVAILABLE,AVAILABLE,AVAILABLE,3311,6024,101,2814,3210,3210,0,0,0,167,10000,20260908,10000,0,-0.0010963481217423836611143704988563800389425979304304942648946934333256808577574846,0.12641350303935777129928581154303130006919924720172046861506379946766940292800480,0.972,AVAILABLE,WHOLE_SESSION
USD030_TARGET_1.5R,0.02,stop_first,IMMEDIATE_MINUS_MOMENTUM,-0.079875163596093828651968186851907782140340279875163596093828651968186851907784319,-0.11189132359451084550686144311642319610447100486941124391323594510845506861443402,-0.062985462097611630321910695742471443406022845275181723779854620976116303219108738,-0.12002596053997923156801661474558670820353063343717549325025960539979231568016858,0.057040498442367601246105919003115264797507788161993769470404984423676012461059190,COMMON_CONTROL_AVAILABILITY_IS_LATER_INFORMATION_NOT_A_PRIMARY_ENTRY_FILTER,3210,3210,0,0,0,0,0,62,167,167,170,3,1288,1922,0,0.40124610591900311526479750778816199376947040498442367601246105919003115264797508,1.4323887163561076604554865424430641821946169772256728778467908902691511387163392,-1.0650884495317377731529656607700312174817898022892819979188345473465140478668238,-1.0666666666666666666666666666666666666666666666666666666666666666666666666666667,0.90123426636054255613632292837021477537329229967596437236415742595215996613092326,AVAILABLE,1844.9166666666666666666666666666666666666666666666666666666666666666666666666449,-2047.1000000000000000000000000000000000000000000000000000000000000000000000000354,220.18333333333333333333333333333333333333333333333333333333333333333333333333694,18,2,7,0,0,2026-07,-0.13616541353383458646616541353383458646616541353383458646616541353383458646616569,-0.070729021789522484932777005099675475197032916087158089939731108020398701900789788,AVAILABLE,AVAILABLE,AVAILABLE,3210,3210,0,0,0,0,0,56,167,167,170,3,1216,1994,0,0.37881619937694704049844236760124610591900311526479750778816199376947040498442368,1.4322779605263157894736842105263157894736842105263157894736842105263157894736683,-1.0666666666666666666666666666666666666666666666666666666666666666666666666666858,-1.0666666666666666666666666666666666666666666666666666666666666666666666666666667,0.81885500250752256770310932798395185556670010030090270812437311935807422266798028,AVAILABLE,1741.6499999999999999999999999999999999999999999999999999999999999999999999999807,-2126.9333333333333333333333333333333333333333333333333333333333333333333333333714,403.28333333333333333333333333333333333333333333333333333333333333333333333334191,23,1,8,0,0,2026-07,-0.23401002506265664160401002506265664160401002506265664160401002506265664160401150,-0.13295966785290628706998813760379596678529062870699881376037959667852906287070221,AVAILABLE,AVAILABLE,AVAILABLE,3311,6024,101,2814,3210,3210,0,0,0,167,10000,20260908,10000,0,-0.00045618248267551578352122952446495089475018510140464266526728727950801543346358175,0.11566438539054518435961734930807095755549363796786477198848332868951425652456581,0.9739,AVAILABLE,WHOLE_SESSION
USD030_TARGET_1.5R,0.02,target_first,IMMEDIATE_MINUS_MOMENTUM,-0.032306453236685794825329709050639283197422732306453236685794825329709050639283609,-0.055450420540061974324922532093846834882691456396635679504205400619743249225323071,-0.014698857736240913811007268951194184839044652128764278296988577362409138110072931,-0.076412253374870197300103842159916926272066458982346832814122533748701973001040523,0.061713395638629283489096573208722741433021806853582554517133956386292834890965732,COMMON_CONTROL_AVAILABILITY_IS_LATER_INFORMATION_NOT_A_PRIMARY_ENTRY_FILTER,3210,3210,0,0,0,0,0,62,167,167,170,3,1350,1860,0,0.42056074766355140186915887850467289719626168224299065420560747663551401869158879,1.4324320987654320987654320987654320987654320987654320987654320987654320987654144,-1.0650358422939068100358422939068100358422939068100358422939068100358422939068280,-1.0666666666666666666666666666666666666666666666666666666666666666666666666666667,0.97618166215147486917161655084218142657625065203856702956469063925019771492029664,AVAILABLE,1933.7833333333333333333333333333333333333333333333333333333333333333333333333095,-1980.9666666666666666666666666666666666666666666666666666666666666666666666667000,94.150000000000000000000000000000000000000000000000000000000000000000000000000207,18,3,6,0,0,2026-08,-0.12006472491909385113268608414239482200647249190938511326860841423948220064724936,-0.030742929995363931386184515530829856281872971719981455725544738062123319425127731,AVAILABLE,AVAILABLE,AVAILABLE,3210,3210,0,0,0,0,0,56,167,167,170,3,1272,1938,0,0.39626168224299065420560747663551401869158878504672897196261682242990654205607477,1.4323244234800838574423480083857442348008385744234800838574423480083857442347842,-1.0666666666666666666666666666666666666666666666666666666666666666666666666666853,-1.0666666666666666666666666666666666666666666666666666666666666666666666666666667,0.88134513673890608875128998968008255933952528379772961816305469556243550051597020,AVAILABLE,1821.9166666666666666666666666666666666666666666666666666666666666666666666666455,-2067.2000000000000000000000000000000000000000000000000000000000000000000000000362,267.41666666666666666666666666666666666666666666666666666666666666666666666667128,23,2,7,0,0,2026-07,-0.18513784461152882205513784461152882205513784461152882205513784461152882205513914,-0.088913043478260869565217391304347826086956521739130434782608695652173913043480688,AVAILABLE,AVAILABLE,AVAILABLE,3311,6024,101,2814,3210,3210,0,0,0,167,10000,20260908,10000,0,-0.0010963481217423836611143704988563800389425979304304942648946934333256808577574846,0.12641350303935777129928581154303130006919924720172046861506379946766940292800480,0.972,AVAILABLE,WHOLE_SESSION
USD030_TARGET_2R,0,stop_first,IMMEDIATE_MINUS_MOMENTUM,-0.019007349239907379442263163193395751535286419007349239907379442263163193395751535,-0.044823483842408145196989818503762726870296591412129260734838424081451969898185038,-0.0031619937694704049844236760124610591900311526479750778816199376947040498442367601,-0.051349948078920041536863966770508826583592938733125649013499480789200415368639664,0.048187954309449636552440290758047767393561786085150571131879543094496365524402907,COMMON_CONTROL_AVAILABILITY_IS_LATER_INFORMATION_NOT_A_PRIMARY_ENTRY_FILTER,3210,3210,0,0,0,0,0,38,167,167,170,3,1072,2138,0,0.33395638629283489096573208722741433021806853582554517133956386292834890965732087,1.9821672885572139303482587064676616915422885572139303482587064676616915422885572,-0.99861241035235422513252260679763018397256002494543186778921110071718116619893980,-1.00000000000,0.99524597586298418447799409845279542864280026853601036673900485550576884045526221,AVAILABLE,2124.8833333333333333333333333333333333333333333333333333333333333333333333333333,-2135.0333333333333333333333333333333333333333333333333333333333333333333333333333,167.11666666666666666666666666666666666666666666666666666666666666666666666666667,36,6,3,0,0,2026-07,-0.18007518796992481203007518796992481203007518796992481203007518796992481203007519,-0.021210544571626777662157474852584113770378078390565383281304197016996184530003469,AVAILABLE,AVAILABLE,AVAILABLE,3210,3210,0,0,0,0,0,31,167,167,170,3,1020,2190,0,0.31775700934579439252336448598130841121495327102803738317757009345794392523364486,1.9854575163398692810457516339869281045751633986928104575163398692810457516339871,-1.0000000000,-1.00000000000,0.92473363774733637747336377473363774733637747336377473363774733637747336377473370,AVAILABLE,2025.1666666666666666666666666666666666666666666666666666666666666666666666666668,-2190.0000000000,232.36666666666666666666666666666666666666666666666666666666666666666666666666666,30,3,6,0,0,2026-07,-0.25318295739348370927318295739348370927318295739348370927318295739348370927318295,-0.064967061923583662714097496706192358366271409749670619235836627140974967061923581,AVAILABLE,AVAILABLE,AVAILABLE,3311,6024,101,2814,3210,3210,0,0,0,167,10000,20260908,10000,0,-0.016637917597668217228745420214827875104725462980330369759037651148541346238011279,0.11495039986601667472294779580656589453438507193979492825335250575757252304935069,0.923,AVAILABLE,WHOLE_SESSION
USD030_TARGET_2R,0,target_first,IMMEDIATE_MINUS_MOMENTUM,0.016329407027081445686096848887546561965166616329407027081445686096848887546561958,-0.0064768702965914121292607348384240814519698981850376272687029659141212926073483848,0.032352024922118380062305295950155763239875389408099688473520249221183800623052956,-0.022377985462097611630321910695742471443406022845275181723779854620976116303219106,0.054730010384215991692627206645898234683281412253374870197300103842159916926272065,COMMON_CONTROL_AVAILABILITY_IS_LATER_INFORMATION_NOT_A_PRIMARY_ENTRY_FILTER,3210,3210,0,0,0,0,0,38,167,167,170,3,1110,2100,0,0.34579439252336448598130841121495327102803738317757009345794392523364485981308411,1.9827777777777777777777777777777777777777777777777777777777777777777777777777777,-0.99858730158730158730158730158730158730158730158730158730158730158730158730158729,-1.00000000000,1.0495223410850248764127100189156109424424981322821128260558566864300360827200331,AVAILABLE,2200.8833333333333333333333333333333333333333333333333333333333333333333333333333,-2097.0333333333333333333333333333333333333333333333333333333333333333333333333333,127.11666666666666666666666666666666666666666666666666666666666666666666666666668,36,7,2,0,0,2026-07,-0.14398496240601503759398496240601503759398496240601503759398496240601503759398496,0.018331599028789455428373222337842525147415886229621921609434616718695802983003814,AVAILABLE,AVAILABLE,AVAILABLE,3210,3210,0,0,0,0,0,31,167,167,170,3,1051,2159,0,0.32741433021806853582554517133956386292834890965732087227414330218068535825545171,1.9858864573422137646685696162385030130034887408816999682841738027275610529654299,-1.0000000000,-1.00000000000,0.96672842365292573722402346765477844681179558437548247645514898872935000771962334,AVAILABLE,2087.1666666666666666666666666666666666666666666666666666666666666666666666666668,-2159.0000000000,201.36666666666666666666666666666666666666666666666666666666666666666666666666666,30,6,3,0,0,2026-07,-0.22611528822055137844611528822055137844611528822055137844611528822055137844611528,-0.036508563899868247694334650856389986824769433465085638998682476943346508563899870,AVAILABLE,AVAILABLE,AVAILABLE,3311,6024,101,2814,3210,3210,0,0,0,167,10000,20260908,10000,0,-0.014612974027415552878056881595246931467896282513391729918336290444210586965326391,0.12586725910311082740480534738498953673372793092038779118971137911566690655599141,0.9381,AVAILABLE,WHOLE_SESSION
USD030_TARGET_2R,0.01,stop_first,IMMEDIATE_MINUS_MOMENTUM,-0.052340682573240712775596496526729084868619752340682573240712775596496526729084213,-0.078156817175741478530323151837096060203629924745462594068171757414785303231516610,-0.036495327102803738317757009345794392523364485981308411214953271028037383177569268,-0.084683281412253374870197300103842159916926272066458982346832814122533748701971084,0.048187954309449636552440290758047767393561786085150571131879543094496365524402907,COMMON_CONTROL_AVAILABILITY_IS_LATER_INFORMATION_NOT_A_PRIMARY_ENTRY_FILTER,3210,3210,0,0,0,0,0,38,167,167,170,3,1072,2138,0,0.33395638629283489096573208722741433021806853582554517133956386292834890965732087,1.9488339552238805970149253731343283582089552238805970149253731343283582089552425,-1.0319457436856875584658559401309635173058933582787652011225444340505144995322537,-1.0333333333333333333333333333333333333333333333333333333333333333333333333333333,0.94690205321125866835879073562072247654444091918596745682817386574808502923449186,AVAILABLE,2089.1500000000000000000000000000000000000000000000000000000000000000000000000200,-2206.2999999999999999999999999999999999999999999999999999999999999999999999999584,202.54999999999999999999999999999999999999999999999999999999999999999999999999890,36,5,4,0,0,2026-07,-0.21340852130325814536340852130325814536340852130325814536340852130325814536340728,-0.054543877904960110995490808185917447103711411723898716614637530350329517863335671,AVAILABLE,AVAILABLE,AVAILABLE,3210,3210,0,0,0,0,0,31,167,167,170,3,1020,2190,0,0.31775700934579439252336448598130841121495327102803738317757009345794392523364486,1.9521241830065359477124183006535947712418300653594771241830065359477124183006715,-1.0333333333333333333333333333333333333333333333333333333333333333333333333333134,-1.0333333333333333333333333333333333333333333333333333333333333333333333333333333,0.87987921637943732508469583149211960524377669759905729857121814700250405067022685,AVAILABLE,1991.1666666666666666666666666666666666666666666666666666666666666666666666666849,-2262.9999999999999999999999999999999999999999999999999999999999999999999999999563,291.96666666666666666666666666666666666666666666666666666666666666666666666666323,30,2,7,0,0,2026-07,-0.28651629072681704260651629072681704260651629072681704260651629072681704260651451,-0.098300395256916996047430830039525691699604743083003952569169960474308300395254727,AVAILABLE,AVAILABLE,AVAILABLE,3311,6024,101,2814,3210,3210,0,0,0,167,10000,20260908,10000,0,-0.016637917597668217228745420214827875104725462980330369759037651148541346238011279,0.11495039986601667472294779580656589453438507193979492825335250575757252304935069,0.923,AVAILABLE,WHOLE_SESSION
USD030_TARGET_2R,0.01,target_first,IMMEDIATE_MINUS_MOMENTUM,-0.017003926306251887647236484445786771368166717003926306251887647236484445786771112,-0.039810203629924745462594068171757414785303231518370960602036299247454625940680793,-0.00098130841121495327102803738317757009345794392523364485981308411214953271028013651,-0.055711318795430944963655244029075804776739356178608515057113187954309449636550956,0.054730010384215991692627206645898234683281412253374870197300103842159916926272065,COMMON_CONTROL_AVAILABILITY_IS_LATER_INFORMATION_NOT_A_PRIMARY_ENTRY_FILTER,3210,3210,0,0,0,0,0,38,167,167,170,3,1110,2100,0,0.34579439252336448598130841121495327102803738317757009345794392523364485981308411,1.9494444444444444444444444444444444444444444444444444444444444444444444444444636,-1.0319206349206349206349206349206349206349206349206349206349206349206349206349014,-1.0333333333333333333333333333333333333333333333333333333333333333333333333333333,0.99854639984002707234160372859977542262078725138822660780483302825675654889175441,AVAILABLE,2163.8833333333333333333333333333333333333333333333333333333333333333333333333546,-2167.0333333333333333333333333333333333333333333333333333333333333333333333332930,159.68333333333333333333333333333333333333333333333333333333333333333333333333256,36,7,2,0,0,2026-07,-0.17731829573934837092731829573934837092731829573934837092731829573934837092731767,-0.015001734304543877904960110995490808185917447103711411723898716614637530350329305,AVAILABLE,AVAILABLE,AVAILABLE,3210,3210,0,0,0,0,0,31,167,167,170,3,1051,2159,0,0.32741433021806853582554517133956386292834890965732087227414330218068535825545171,1.9525531240088804313352362829051696796701554075483666349508404693942277196321147,-1.0333333333333333333333333333333333333333333333333333333333333333333333333333136,-1.0333333333333333333333333333333333333333333333333333333333333333333333333333333,0.91984042791614994994695871744684665839919915133947914954653438718642143166641897,AVAILABLE,2052.1333333333333333333333333333333333333333333333333333333333333333333333333526,-2230.9666666666666666666666666666666666666666666666666666666666666666666666666240,224.83333333333333333333333333333333333333333333333333333333333333333333333333230,30,3,6,0,0,2026-07,-0.25944862155388471177944862155388471177944862155388471177944862155388471177944711,-0.069841897233201581027667984189723320158102766798418972332015810276679841897231447,AVAILABLE,AVAILABLE,AVAILABLE,3311,6024,101,2814,3210,3210,0,0,0,167,10000,20260908,10000,0,-0.014612974027415552878056881595246931467896282513391729918336290444210586965326391,0.12586725910311082740480534738498953673372793092038779118971137911566690655599141,0.9381,AVAILABLE,WHOLE_SESSION
USD030_TARGET_2R,0.02,stop_first,IMMEDIATE_MINUS_MOMENTUM,-0.085674015906574046108929829860062418201953085674015906574046108929829860062419384,-0.11149015050907481186365648517042939353696325807879592740150509074811863656485450,-0.069828660436137071651090342679127725856697819314641744548286604361370716510904935,-0.11801661474558670820353063343717549325025960539979231568016614745586708203530872,0.048187954309449636552440290758047767393561786085150571131879543094496365524402907,COMMON_CONTROL_AVAILABILITY_IS_LATER_INFORMATION_NOT_A_PRIMARY_ENTRY_FILTER,3210,3210,0,0,0,0,0,38,167,167,170,3,1072,2138,0,0.33395638629283489096573208722741433021806853582554517133956386292834890965732087,1.9155006218905472636815920398009950248756218905472636815920398009950248756218721,-1.0652790770190208917991892734642968506392266916120985344558777673838478328656264,-1.0666666666666666666666666666666666666666666666666666666666666666666666666666667,0.90158356140325200872275967040847688322332313726638078651192061703279816178082243,AVAILABLE,2053.4166666666666666666666666666666666666666666666666666666666666666666666666469,-2277.5666666666666666666666666666666666666666666666666666666666666666666666667093,252.15000000000000000000000000000000000000000000000000000000000000000000000000301,36,4,5,0,0,2026-07,-0.24674185463659147869674185463659147869674185463659147869674185463659147869674322,-0.087877211238293444328824141519250780437044745057232049947970863683662851196671894,AVAILABLE,AVAILABLE,AVAILABLE,3210,3210,0,0,0,0,0,31,167,167,170,3,1020,2190,0,0.31775700934579439252336448598130841121495327102803738317757009345794392523364486,1.9187908496732026143790849673202614379084967320261437908496732026143790849673026,-1.0666666666666666666666666666666666666666666666666666666666666666666666666666870,-1.0666666666666666666666666666666666666666666666666666666666666666666666666666667,0.83782819634703196347031963470319634703196347031963470319634703196347031963467951,AVAILABLE,1957.1666666666666666666666666666666666666666666666666666666666666666666666666487,-2336.0000000000000000000000000000000000000000000000000000000000000000000000000446,397.83333333333333333333333333333333333333333333333333333333333333333333333334027,30,0,9,0,0,2026-07,-0.31984962406015037593984962406015037593984962406015037593984962406015037593985152,-0.13163372859025032938076416337285902503293807641633728590250329380764163372859274,AVAILABLE,AVAILABLE,AVAILABLE,3311,6024,101,2814,3210,3210,0,0,0,167,10000,20260908,10000,0,-0.016637917597668217228745420214827875104725462980330369759037651148541346238011279,0.11495039986601667472294779580656589453438507193979492825335250575757252304935069,0.923,AVAILABLE,WHOLE_SESSION
USD030_TARGET_2R,0.02,target_first,IMMEDIATE_MINUS_MOMENTUM,-0.050337259639585220980569817779120104701500050337259639585220980569817779120105325,-0.073143536963258078795927401505090748118636564851704293935369632580787959274017042,-0.034314641744548286604361370716510903426791277258566978193146417445482866043614209,-0.089044652128764278296988577362409138110072689511941848390446521287642782969887885,0.054730010384215991692627206645898234683281412253374870197300103842159916926272065,COMMON_CONTROL_AVAILABILITY_IS_LATER_INFORMATION_NOT_A_PRIMARY_ENTRY_FILTER,3210,3210,0,0,0,0,0,38,167,167,170,3,1110,2100,0,0.34579439252336448598130841121495327102803738317757009345794392523364485981308411,1.9161111111111111111111111111111111111111111111111111111111111111111111111110922,-1.0652539682539682539682539682539682539682539682539682539682539682539682539682737,-1.0666666666666666666666666666666666666666666666666666666666666666666666666666667,0.95076068006735110488593524161463843483184574808898690229619585462889839221585417,AVAILABLE,2126.8833333333333333333333333333333333333333333333333333333333333333333333333123,-2237.0333333333333333333333333333333333333333333333333333333333333333333333333747,193.25000000000000000000000000000000000000000000000000000000000000000000000000062,36,5,4,0,0,2026-07,-0.21065162907268170426065162907268170426065162907268170426065162907268170426065287,-0.048335067637877211238293444328824141519250780437044745057232049947970863683663698,AVAILABLE,AVAILABLE,AVAILABLE,3210,3210,0,0,0,0,0,31,167,167,170,3,1051,2159,0,0.32741433021806853582554517133956386292834890965732087227414330218068535825545171,1.9192197906755470980019029495718363463368220742150333016175071360608943862987450,-1.0666666666666666666666666666666666666666666666666666666666666666666666666666868,-1.0666666666666666666666666666666666666666666666666666666666666666666666666666667,0.87588293191292264937471051412691060676238999536822603056970819823992589161646430,AVAILABLE,2017.0999999999999999999999999999999999999999999999999999999999999999999999999810,-2302.9333333333333333333333333333333333333333333333333333333333333333333333333769,306.96666666666666666666666666666666666666666666666666666666666666666666666666928,30,1,8,0,0,2026-07,-0.29278195488721804511278195488721804511278195488721804511278195488721804511278374,-0.10317523056653491436100131752305665349143610013175230566534914361001317523056889,AVAILABLE,AVAILABLE,AVAILABLE,3311,6024,101,2814,3210,3210,0,0,0,167,10000,20260908,10000,0,-0.014612974027415552878056881595246931467896282513391729918336290444210586965326391,0.12586725910311082740480534738498953673372793092038779118971137911566690655599141,0.9381,AVAILABLE,WHOLE_SESSION
USD030_TARGET_2R_BE1R,0,stop_first,IMMEDIATE_MINUS_MOMENTUM,0.0066645525017618040873854827343199436222692036645525017618040873854827343199436216,-0.058135292164674634794156706507304116865869853917662682602921646746347941567065065,0.023390342679127725856697819314641744548286604361370716510903426791277258566978192,-0.061258151609553478712357217030114226375908618899273104880581516095534787123572159,0.084648494288681204569055036344755970924195223260643821391484942886812045690550336,COMMON_CONTROL_AVAILABILITY_IS_LATER_INFORMATION_NOT_A_PRIMARY_ENTRY_FILTER,3210,3210,0,0,0,0,0,58,167,167,170,3,852,1672,686,0.26542056074766355140186915887850467289719626168224299065420560747663551401869159,1.9975547730829420970266040688575899843505477308294209702660406885758998435054772,-0.97298664274322169059011164274322169059011164274322169059011164274322169059011178,-1.00000000000,1.0461528437346903524863533477403242003228766882744210071875817667079670714133650,AVAILABLE,1701.9166666666666666666666666666666666666666666666666666666666666666666666666666,-1626.8336666666666666666666666666666666666666666666666666666666666666666666666669,92.529333333333333333333333333333333333333333333333333333333333333333333333333334,17,7,2,0,0,2026-07,-0.098020551378446115288220551378446115288220551378446115288220551378446115288220553,0.013221066019192970285582148225228350098277257486414614406289744479130535322002543,AVAILABLE,AVAILABLE,AVAILABLE,3210,3210,0,0,0,0,0,43,167,167,170,3,772,1797,641,0.24049844236760124610591900311526479750778816199376947040498442367601246105919003,1.9976899827288428324697754749568221070811744386873920552677029360967184801381693,-0.96764347987386384715266184381376368020775366351326284548321276201075867186050818,-1.00000000000,0.88691487848519504977028949696026083059238587223855693573128376023614002008217675,AVAILABLE,1542.2166666666666666666666666666666666666666666666666666666666666666666666666667,-1738.8553333333333333333333333333333333333333333333333333333333333333333333333332,269.13866666666666666666666666666666666666666666666666666666666666666666666666664,23,3,6,0,0,2026-07,-0.21641604010025062656641604010025062656641604010025062656641604010025062656641602,-0.071260342555994729907773386034255599472990777338603425559947299077733860342555980,AVAILABLE,AVAILABLE,AVAILABLE,3311,6024,101,2814,3210,3210,0,0,0,167,10000,20260908,10000,0,0.027449974006433826247721621410504453939826971096493997884850480779853087747738060,0.14441737260723218775120659230150876080488593819557203844441668828444512767299828,0.9984,AVAILABLE,WHOLE_SESSION
USD030_TARGET_2R_BE1R,0,target_first,IMMEDIATE_MINUS_MOMENTUM,0.053780227524413570925198832175576361622873250780227524413570925198832175576361613,-0.012484561752988047808764940239043824701195219123505976095617529880478087649402386,0.070430841121495327102803738317757009345794392523364485981308411214953271028037374,-0.026367185877466251298026998961578400830737279335410176531671858774662512980269988,0.096798026998961578400830737279335410176531671858774662512980269989615784008307346,COMMON_CONTROL_AVAILABILITY_IS_LATER_INFORMATION_NOT_A_PRIMARY_ENTRY_FILTER,3210,3210,0,0,0,0,0,58,167,167,170,3,910,1637,663,0.28348909657320872274143302180685358255451713395638629283489096573208722741433022,1.9977106227106227106227106227106227106227106227106227106227106227106227106227105,-0.97240908165343107310120138464671146406027285685196497658318061494603950315618015,-0.20000000000,1.1420267737353630540544332416640683354479456710405882021593127087608190219204224,AVAILABLE,1817.9166666666666666666666666666666666666666666666666666666666666666666666666666,-1591.8336666666666666666666666666666666666666666666666666666666666666666666666669,51.53366666666666666666666666666666666666666666666666666666666666666666666666668,17,8,1,0,0,2026-07,-0.060426566416040100250626566416040100250626566416040100250626566416040100250626567,0.058362192860454334724153917477978674084376448771441817338896615669911914696337497,AVAILABLE,AVAILABLE,AVAILABLE,3210,3210,0,0,0,0,0,43,167,167,170,3,815,1771,624,0.25389408099688473520249221183800623052959501557632398753894080996884735202492212,1.9978118609406952965235173824130879345603271983640081799591002044989775051124745,-0.96716845473367212497647280255975908149821193299454169019386410690758516845473360,-1.00000000000,0.95058621413055704646004352186972007365479007178267244207819847015684920656852524,AVAILABLE,1628.2166666666666666666666666666666666666666666666666666666666666666666666666667,-1712.8553333333333333333333333333333333333333333333333333333333333333333333333332,176.31233333333333333333333333333333333333333333333333333333333333333333333333333,23,5,4,0,0,2026-07,-0.19085213032581453634085213032581453634085213032581453634085213032581453634085211,-0.042481339823829392675011590171534538711172925359295317570700046360686138154844691,AVAILABLE,AVAILABLE,AVAILABLE,3311,6024,101,2814,3210,3210,0,0,0,167,10000,20260908,10000,0,0.035503577454631533458297894594869846932175071496794686528875346473879929425300644,0.16061104527731033535888505499452837226247715020142868889093003807128347653150215,0.9994,AVAILABLE,WHOLE_SESSION
USD030_TARGET_2R_BE1R,0.01,stop_first,IMMEDIATE_MINUS_MOMENTUM,-0.026668780831571529245947850599013389711064129668780831571529245947850599013389445,-0.091468625498007968127490039840637450199203187250996015936254980079681274900396062,-0.0099429906542056074766355140186915887850467289719626168224299065420560747663548798,-0.094591484942886812045690550363447559709241952232606438213914849428868120456903181,0.084648494288681204569055036344755970924195223260643821391484942886812045690550336,COMMON_CONTROL_AVAILABILITY_IS_LATER_INFORMATION_NOT_A_PRIMARY_ENTRY_FILTER,3210,3210,0,0,0,0,0,58,167,167,170,3,852,2358,0,0.26542056074766355140186915887850467289719626168224299065420560747663551401869159,1.9642214397496087636932707355242566510172143974960876369327073552425665101721592,-0.72325431156347186881538026576194515125812835736499858637263217415889171614360899,-1.0333333333333333333333333333333333333333333333333333333333333333333333333333333,0.98128511203699704141722701615874437410934188586637103641869389623479932083748527,AVAILABLE,1673.5166666666666666666666666666666666666666666666666666666666666666666666666796,-1705.4336666666666666666666666666666666666666666666666666666666666666666666666300,126.72933333333333333333333333333333333333333333333333333333333333333333333333304,36,6,3,0,0,2026-07,-0.13135388471177944862155388471177944862155388471177944862155388471177944862155359,-0.020112267314140363047751185108104983235056075846918718927043588854202798011330514,AVAILABLE,AVAILABLE,AVAILABLE,3210,3210,0,0,0,0,0,43,167,167,170,3,772,2438,0,0.24049844236760124610591900311526479750778816199376947040498442367601246105919003,1.9643566493955094991364421416234887737478411053540587219343696027633851468048492,-0.74656357670221493027071369975389663658736669401148482362592288761279737489744089,-1.0333333333333333333333333333333333333333333333333333333333333333333333333333333,0.83317675042295699592298391719529423485531922219133296192965819507337053963051717,AVAILABLE,1516.4833333333333333333333333333333333333333333333333333333333333333333333333436,-1820.1219999999999999999999999999999999999999999999999999999999999999999999999609,349.43866666666666666666666666666666666666666666666666666666666666666666666666169,30,1,8,0,0,2026-07,-0.24974937343358395989974937343358395989974937343358395989974937343358395989974776,-0.10459367588932806324110671936758893280632411067193675889328063241106719367588692,AVAILABLE,AVAILABLE,AVAILABLE,3311,6024,101,2814,3210,3210,0,0,0,167,10000,20260908,10000,0,0.027449974006433826247721621410504453939826971096493997884850480779853087747738060,0.14441737260723218775120659230150876080488593819557203844441668828444512767299828,0.9984,AVAILABLE,WHOLE_SESSION
USD030_TARGET_2R_BE1R,0.01,target_first,IMMEDIATE_MINUS_MOMENTUM,0.020446894191080237591865498842243028289539917446894191080237591865498842243029140,-0.045817895086321381142098273572377158034528552456839309428950863213811420982734703,0.037097507788161993769470404984423676012461059190031152647975077881619937694704695,-0.059700519210799584631360332294911734164070612668743509865005192107995846313601467,0.096798026998961578400830737279335410176531671858774662512980269989615784008307346,COMMON_CONTROL_AVAILABILITY_IS_LATER_INFORMATION_NOT_A_PRIMARY_ENTRY_FILTER,3210,3210,0,0,0,0,0,58,167,167,170,3,910,2300,0,0.28348909657320872274143302180685358255451713395638629283489096573208722741433022,1.9643772893772893772893772893772893772893772893772893772893772893772893772893936,-0.72543492753623188405797101449275362318840579710144927536231884057971014492752109,-0.23333333333333333333333333333333333333333333333333333333333333333333333333333333,1.0713712773206917749092448488173311722442968246335381812929415057553679441878359,AVAILABLE,1787.5833333333333333333333333333333333333333333333333333333333333333333333333482,-1668.5003333333333333333333333333333333333333333333333333333333333333333333332985,80.566999999999999999999999999999999999999999999999999999999999999999999999997184,36,7,2,0,0,2026-07,-0.093759899749373433583959899749373433583959899749373433583959899749373433583959624,0.025028859527121001390820584144645340751043115438108484005563282336578581363004475,AVAILABLE,AVAILABLE,AVAILABLE,3210,3210,0,0,0,0,0,43,167,167,170,3,815,2395,0,0.25389408099688473520249221183800623052959501557632398753894080996884735202492212,1.9644785276073619631901840490797546012269938650306748466257668711656441717791555,-0.74851301322199025748086290883785664578983994432846207376478775226165622825328973,-1.0333333333333333333333333333333333333333333333333333333333333333333333333333333,0.89309986154874261491026699932652369829600454884711344189528354616696782821187696,AVAILABLE,1601.0500000000000000000000000000000000000000000000000000000000000000000000000117,-1792.6886666666666666666666666666666666666666666666666666666666666666666666666289,250.43866666666666666666666666666666666666666666666666666666666666666666666666483,30,2,7,0,0,2026-07,-0.22418546365914786967418546365914786967418546365914786967418546365914786967418403,-0.075814673157162726008344923504867872044506258692628650904033379694019471488176120,AVAILABLE,AVAILABLE,AVAILABLE,3311,6024,101,2814,3210,3210,0,0,0,167,10000,20260908,10000,0,0.035503577454631533458297894594869846932175071496794686528875346473879929425300644,0.16061104527731033535888505499452837226247715020142868889093003807128347653150215,0.9994,AVAILABLE,WHOLE_SESSION
USD030_TARGET_2R_BE1R,0.02,stop_first,IMMEDIATE_MINUS_MOMENTUM,-0.060002114164904862579281183932346723044397463002114164904862579281183932346723917,-0.12480195883134130146082337317397078353253652058432934926958831341301460823373444,-0.043276323987538940809968847352024922118380062305295950155763239875389408099689910,-0.12792481827622014537902388369678089304257528556593977154724818276220145379024127,0.084648494288681204569055036344755970924195223260643821391484942886812045690550336,COMMON_CONTROL_AVAILABILITY_IS_LATER_INFORMATION_NOT_A_PRIMARY_ENTRY_FILTER,3210,3210,0,0,0,0,0,58,167,167,170,3,852,2358,0,0.26542056074766355140186915887850467289719626168224299065420560747663551401869159,1.9308881064162754303599374021909233176838810641627543035993740219092331768387959,-0.75658764489680520214871359909527848459146169069833191970596550749222504947697392,-1.0666666666666666666666666666666666666666666666666666666666666666666666666666667,0.92213319591689319764331801660693622934245822341544002999943386718598920311852441,AVAILABLE,1645.1166666666666666666666666666666666666666666666666666666666666666666666666541,-1784.0336666666666666666666666666666666666666666666666666666666666666666666667045,182.88366666666666666666666666666666666666666666666666666666666666666666666666846,36,3,6,0,0,2026-07,-0.16468721804511278195488721804511278195488721804511278195488721804511278195488770,-0.053445600647473696381084518441438316568389409180252052260376922187536131344665543,AVAILABLE,AVAILABLE,AVAILABLE,3210,3210,0,0,0,0,0,43,167,167,170,3,772,2438,0,0.24049844236760124610591900311526479750778816199376947040498442367601246105919003,1.9310233160621761658031088082901554404145077720207253886010362694300518134714896,-0.77989691003554826360404703308722996992070002734481815695925622094613070823080705,-1.0666666666666666666666666666666666666666666666666666666666666666666666666666667,0.78403223188104974504598919456411331647781638893398263655019857416491736039937718,AVAILABLE,1490.7499999999999999999999999999999999999999999999999999999999999999999999999900,-1901.3886666666666666666666666666666666666666666666666666666666666666666666667076,436.13866666666666666666666666666666666666666666666666666666666666666666666667291,30,1,8,0,0,2026-07,-0.28308270676691729323308270676691729323308270676691729323308270676691729323308456,-0.13792700922266139657444005270092226613965744400527009222661396574440052700922518,AVAILABLE,AVAILABLE,AVAILABLE,3311,6024,101,2814,3210,3210,0,0,0,167,10000,20260908,10000,0,0.027449974006433826247721621410504453939826971096493997884850480779853087747738060,0.14441737260723218775120659230150876080488593819557203844441668828444512767299828,0.9984,AVAILABLE,WHOLE_SESSION
USD030_TARGET_2R_BE1R,0.02,target_first,IMMEDIATE_MINUS_MOMENTUM,-0.012886439142253095741467834491090305043793415886439142253095741467834491090305275,-0.079151228419654714475431606905710491367861885790172642762284196547144754316071305,0.0037641744548286604361370716510903426791277258566978193146417445482866043613705396,-0.093033852544132917964693665628245067497403946002076843198338525441329179646939019,0.096798026998961578400830737279335410176531671858774662512980269989615784008307346,COMMON_CONTROL_AVAILABILITY_IS_LATER_INFORMATION_NOT_A_PRIMARY_ENTRY_FILTER,3210,3210,0,0,0,0,0,58,167,167,170,3,910,2300,0,0.28348909657320872274143302180685358255451713395638629283489096573208722741433022,1.9310439560439560439560439560439560439560439560439560439560439560439560439560280,-0.75876826086956521739130434782608695652173913043478260869565217391304347826088526,-0.26666666666666666666666666666666666666666666666666666666666666666666666666666667,1.0069236926895821431416019211914962866017979941174684141976097416465014522965133,AVAILABLE,1757.2499999999999999999999999999999999999999999999999999999999999999999999999855,-1745.1670000000000000000000000000000000000000000000000000000000000000000000000361,110.72933333333333333333333333333333333333333333333333333333333333333333333333361,36,6,3,0,0,2026-07,-0.12709323308270676691729323308270676691729323308270676691729323308270676691729351,-0.0083044738062123319425127491886879925822902178952248493277700509967547519703293588,AVAILABLE,AVAILABLE,AVAILABLE,3210,3210,0,0,0,0,0,43,167,167,170,3,815,2395,0,0.25389408099688473520249221183800623052959501557632398753894080996884735202492212,1.9311451942740286298568507157464212678936605316973415132924335378323108384457937,-0.78184634655532359081419624217118997912317327766179540709812108559498956158665532,-1.0666666666666666666666666666666666666666666666666666666666666666666666666666667,0.84051526942451588463758147211799558741276916016652051796098167782986439322650879,AVAILABLE,1573.8833333333333333333333333333333333333333333333333333333333333333333333333219,-1872.5220000000000000000000000000000000000000000000000000000000000000000000000395,330.73866666666666666666666666666666666666666666666666666666666666666666666667213,30,2,7,0,0,2026-07,-0.25751879699248120300751879699248120300751879699248120300751879699248120300752047,-0.10914800649049605934167825683820120537783959202596198423736671302735280482151376,AVAILABLE,AVAILABLE,AVAILABLE,3311,6024,101,2814,3210,3210,0,0,0,167,10000,20260908,10000,0,0.035503577454631533458297894594869846932175071496794686528875346473879929425300644,0.16061104527731033535888505499452837226247715020142868889093003807128347653150215,0.9994,AVAILABLE,WHOLE_SESSION
USD040_TARGET_1R,0,stop_first,IMMEDIATE_MINUS_MOMENTUM,0.0044208698278465720326185442464512231954092419208698278465720326185442464512231954,-0.026143758300132802124833997343957503320053120849933598937583001328021248339973440,0.021433021806853582554517133956386292834890965732087227414330218068535825545171340,-0.035456386292834890965732087227414330218068535825545171339563862928348909657320872,0.056889408099688473520249221183800623052959501557632398753894080996884735202492212,COMMON_CONTROL_AVAILABILITY_IS_LATER_INFORMATION_NOT_A_PRIMARY_ENTRY_FILTER,3210,3210,0,0,0,0,0,68,167,167,170,3,1640,1570,0,0.51090342679127725856697819314641744548286604361370716510903426791277258566978193,0.99745426829268292682926829268292682926829268292682926829268292682926829268292683,-0.99810509554140127388535031847133757961783439490445859872611464968152866242038217,1.00000000000,1.0439048515499114564222013050206601681530288285126274309599400137202661093473301,AVAILABLE,1635.8250000000,-1567.0250000000,72.3875000000,17,7,1,1,0,2026-07,-0.075695488721804511278195488721804511278195488721804511278195488721804511278195489,0.0035320284697508896797153024911032028469750889679715302491103202846975088967971530,AVAILABLE,AVAILABLE,AVAILABLE,3210,3210,0,0,0,0,0,53,167,167,170,3,1547,1662,1,0.48193146417445482866043613707165109034267912772585669781931464174454828660436137,0.99840820943762120232708468002585649644473173884938590820943762120232708468002586,-0.99780535499398315282791817087845968712394705174488567990373044524669073405535499,-1.00000000000,0.93136863242284134404476732178472309114015265150201781587448989283038437244192655,AVAILABLE,1544.5375000000,-1658.3525000000,151.8900000000,18,4,4,1,0,2026-07,-0.15923308270676691729323308270676691729323308270676691729323308270676691729323308,-0.051705533596837944664031620553359683794466403162055335968379446640316205533596838,AVAILABLE,AVAILABLE,AVAILABLE,3311,6024,101,2814,3210,3210,0,0,0,167,10000,20260908,10000,0,0.011422730614492469473137149338021022123933118375555708848045868485092732361993583,0.10297763213415419874730200514517398327588349264350571353622561449852962156739120,0.9928,AVAILABLE,WHOLE_SESSION
USD040_TARGET_1R,0,target_first,IMMEDIATE_MINUS_MOMENTUM,0.045496073693748112352763515554213228631833282996073693748112352763515554213228632,0.016684926958831341301460823373173970783532536520584329349269588313413014608233732,0.063800623052959501557632398753894080996884735202492211838006230529595015576323988,-0.0024345794392523364485981308411214953271028037383177570093457943925233644859813084,0.066235202492211838006230529595015576323987538940809968847352024922118380062305296,COMMON_CONTROL_AVAILABILITY_IS_LATER_INFORMATION_NOT_A_PRIMARY_ENTRY_FILTER,3210,3210,0,0,0,0,0,68,167,167,170,3,1708,1502,0,0.53208722741433021806853582554517133956386292834890965732087227414330218068535826,0.99755562060889929742388758782201405152224824355971896955503512880562060889929742,-0.99801930758988015978695073235685752330226364846870838881491344873501997336884154,1.00000000000,1.1366221377228531879054718900618735511415753573155884658361268157635796601124064,AVAILABLE,1703.8250000000,-1499.0250000000,42.0000000000,17,7,1,1,0,2026-07,-0.021560150375939849624060150375939849624060150375939849624060150375939849624060150,0.049083629893238434163701067615658362989323843416370106761565836298932384341637011,AVAILABLE,AVAILABLE,AVAILABLE,3210,3210,0,0,0,0,0,53,167,167,170,3,1600,1609,1,0.49844236760124610591900311526479750778816199376947040498442367601246105919003115,0.9984609375,-0.99773306401491609695463020509633312616532007458048477315102548166563082660037290,-0.50000000000,0.99513191028138679822655771863188925796670824631973351647068167271673978144986849,AVAILABLE,1597.5375000000,-1605.3525000000,105.8900000000,14,6,2,1,0,2026-07,-0.099082706766917293233082706766917293233082706766917293233082706766917293233082707,-0.016922924901185770750988142292490118577075098814229249011857707509881422924901186,AVAILABLE,AVAILABLE,AVAILABLE,3311,6024,101,2814,3210,3210,0,0,0,167,10000,20260908,10000,0,0.014459406068893217191121659017570297203872695039247058440723189141892898415221117,0.11851956354532482312393479539973838644897380682903280676022175082127269541949382,0.9935,AVAILABLE,WHOLE_SESSION
USD040_TARGET_1R,0.01,stop_first,IMMEDIATE_MINUS_MOMENTUM,-0.020579130172153427967381455753548776804590758079130172153427967381455753548776805,-0.051143758300132802124833997343957503320053120849933598937583001328021248339973440,-0.0035669781931464174454828660436137071651090342679127725856697819314641744548286604,-0.060456386292834890965732087227414330218068535825545171339563862928348909657320872,0.056889408099688473520249221183800623052959501557632398753894080996884735202492212,COMMON_CONTROL_AVAILABILITY_IS_LATER_INFORMATION_NOT_A_PRIMARY_ENTRY_FILTER,3210,3210,0,0,0,0,0,68,167,167,170,3,1639,1570,1,0.51059190031152647975077881619937694704049844236760124610591900311526479750778816,0.97304758999389871873093349603416717510677242220866381940207443563148261134838316,-1.0231050955414012738853503184713375796178343949044585987261146496815286624203822,0.97500000000,0.99287170627694510591274843971300057586652347823380180853216292353426405814695491,AVAILABLE,1594.8250000000,-1606.2750000000,99.2125000000,17,4,5,0,0,2026-07,-0.10069548872180451127819548872180451127819548872180451127819548872180451127819549,-0.021467971530249110320284697508896797153024911032028469750889679715302491103202847,AVAILABLE,AVAILABLE,AVAILABLE,3210,3210,0,0,0,0,0,53,167,167,170,3,1547,1663,0,0.48193146417445482866043613707165109034267912772585669781931464174454828660436137,0.97340820943762120232708468002585649644473173884938590820943762120232708468002586,-1.0222053517739025856885147324113048707155742633794347564642212868310282621767889,-1.02500000000,0.88583924902679673103705893339568893379276469143537003783984905238605764069350016,AVAILABLE,1505.8625000000,-1699.9275000000,211.8900000000,18,2,6,1,0,2026-07,-0.18423308270676691729323308270676691729323308270676691729323308270676691729323308,-0.076705533596837944664031620553359683794466403162055335968379446640316205533596838,AVAILABLE,AVAILABLE,AVAILABLE,3311,6024,101,2814,3210,3210,0,0,0,167,10000,20260908,10000,0,0.011422730614492469473137149338021022123933118375555708848045868485092732361993583,0.10297763213415419874730200514517398327588349264350571353622561449852962156739120,0.9928,AVAILABLE,WHOLE_SESSION
USD040_TARGET_1R,0.01,target_first,IMMEDIATE_MINUS_MOMENTUM,0.020496073693748112352763515554213228631833282996073693748112352763515554213228632,-0.0083150730411686586985391766268260292164674634794156706507304116865869853917662683,0.038800623052959501557632398753894080996884735202492211838006230529595015576323988,-0.027434579439252336448598130841121495327102803738317757009345794392523364485981308,0.066235202492211838006230529595015576323987538940809968847352024922118380062305296,COMMON_CONTROL_AVAILABILITY_IS_LATER_INFORMATION_NOT_A_PRIMARY_ENTRY_FILTER,3210,3210,0,0,0,0,0,68,167,167,170,3,1707,1502,1,0.53177570093457943925233644859813084112149532710280373831775700934579439252336449,0.97312536613942589338019917984768599882835383714118336262448740480374926772114821,-1.0230193075898801597869507323568575233022636484687083888149134487350199733688415,0.97500000000,1.0810568960187429835836194133055659502464897580658282218570522102728470787302930,AVAILABLE,1661.1250000000,-1536.5750000000,51.1375000000,17,6,3,0,0,2026-07,-0.046560150375939849624060150375939849624060150375939849624060150375939849624060150,0.024083629893238434163701067615658362989323843416370106761565836298932384341637011,AVAILABLE,AVAILABLE,AVAILABLE,3210,3210,0,0,0,0,0,53,167,167,170,3,1600,1610,0,0.49844236760124610591900311526479750778816199376947040498442367601246105919003115,0.9734609375,-1.0221133540372670807453416149068322981366459627329192546583850931677018633540373,-0.52500000000,0.94648464620101148363593273588245034873245513421376061351389536659065600593095842,AVAILABLE,1557.5375000000,-1645.6025000000,122.9650000000,14,4,5,0,0,2026-07,-0.12408270676691729323308270676691729323308270676691729323308270676691729323308271,-0.041922924901185770750988142292490118577075098814229249011857707509881422924901186,AVAILABLE,AVAILABLE,AVAILABLE,3311,6024,101,2814,3210,3210,0,0,0,167,10000,20260908,10000,0,0.014459406068893217191121659017570297203872695039247058440723189141892898415221117,0.11851956354532482312393479539973838644897380682903280676022175082127269541949382,0.9935,AVAILABLE,WHOLE_SESSION
USD040_TARGET_1R,0.02,stop_first,IMMEDIATE_MINUS_MOMENTUM,-0.045579130172153427967381455753548776804590758079130172153427967381455753548776805,-0.076143758300132802124833997343957503320053120849933598937583001328021248339973440,-0.028566978193146417445482866043613707165109034267912772585669781931464174454828660,-0.085456386292834890965732087227414330218068535825545171339563862928348909657320872,0.056889408099688473520249221183800623052959501557632398753894080996884735202492212,COMMON_CONTROL_AVAILABILITY_IS_LATER_INFORMATION_NOT_A_PRIMARY_ENTRY_FILTER,3210,3210,0,0,0,0,0,68,167,167,170,3,1638,1572,0,0.51028037383177570093457943925233644859813084112149532710280373831775700934579439,0.94863400488400488400488400488400488400488400488400488400488400488400488400488400,-1.0467954834605597964376590330788804071246819338422391857506361323155216284987277,0.95000000000,0.94427437426411941205514831554559611075240229404838770936989631205135022218846139,AVAILABLE,1553.8625000000,-1645.5625000000,166.3375000000,17,3,6,0,0,2026-07,-0.12569548872180451127819548872180451127819548872180451127819548872180451127819549,-0.046467971530249110320284697508896797153024911032028469750889679715302491103202847,AVAILABLE,AVAILABLE,AVAILABLE,3210,3210,0,0,0,0,0,53,167,167,170,3,1547,1663,0,0.48193146417445482866043613707165109034267912772585669781931464174454828660436137,0.94840820943762120232708468002585649644473173884938590820943762120232708468002586,-1.0472053517739025856885147324113048707155742633794347564642212868310282621767889,-1.05000000000,0.84248371736474682063333242415672673452952263921527531542446823935079048120803731,AVAILABLE,1467.1875000000,-1741.5025000000,290.5400000000,18,1,8,0,0,2026-07,-0.20923308270676691729323308270676691729323308270676691729323308270676691729323308,-0.10170553359683794466403162055335968379446640316205533596837944664031620553359684,AVAILABLE,AVAILABLE,AVAILABLE,3311,6024,101,2814,3210,3210,0,0,0,167,10000,20260908,10000,0,0.011422730614492469473137149338021022123933118375555708848045868485092732361993583,0.10297763213415419874730200514517398327588349264350571353622561449852962156739120,0.9928,AVAILABLE,WHOLE_SESSION
USD040_TARGET_1R,0.02,target_first,IMMEDIATE_MINUS_MOMENTUM,-0.0045039263062518876472364844457867713681667170039263062518876472364844457867713682,-0.033315073041168658698539176626826029216467463479415670650730411686586985391766268,0.013800623052959501557632398753894080996884735202492211838006230529595015576323988,-0.052434579439252336448598130841121495327102803738317757009345794392523364485981308,0.066235202492211838006230529595015576323987538940809968847352024922118380062305296,COMMON_CONTROL_AVAILABILITY_IS_LATER_INFORMATION_NOT_A_PRIMARY_ENTRY_FILTER,3210,3210,0,0,0,0,0,68,167,167,170,3,1706,1504,0,0.53146417445482866043613707165109034267912772585669781931464174454828660436137072,0.94868845252051582649472450175849941383352872215709261430246189917936694021101993,-1.0466505984042553191489361702127659574468085106382978723404255319148936170212766,0.95000000000,1.0281419484964227009600343039552778064526375135985007901026736439217679242136692,AVAILABLE,1618.4625000000,-1574.1625000000,70.6375000000,17,6,3,0,0,2026-07,-0.071560150375939849624060150375939849624060150375939849624060150375939849624060150,-0.00091637010676156583629893238434163701067615658362989323843416370106761565836298932,AVAILABLE,AVAILABLE,AVAILABLE,3210,3210,0,0,0,0,0,53,167,167,170,3,1600,1610,0,0.49844236760124610591900311526479750778816199376947040498442367601246105919003115,0.9484609375,-1.0471133540372670807453416149068322981366459627329192546583850931677018633540373,-0.55000000000,0.90016030465298713855452953327767405511454887067522217987635335831574826386056906,AVAILABLE,1517.5375000000,-1685.8525000000,190.6400000000,14,3,6,0,0,2026-07,-0.14908270676691729323308270676691729323308270676691729323308270676691729323308271,-0.066922924901185770750988142292490118577075098814229249011857707509881422924901186,AVAILABLE,AVAILABLE,AVAILABLE,3311,6024,101,2814,3210,3210,0,0,0,167,10000,20260908,10000,0,0.014459406068893217191121659017570297203872695039247058440723189141892898415221117,0.11851956354532482312393479539973838644897380682903280676022175082127269541949382,0.9935,AVAILABLE,WHOLE_SESSION
USD040_TARGET_1.5R,0,stop_first,IMMEDIATE_MINUS_MOMENTUM,0.014395197825430383569918453639383871942011476895197825430383569918453639383871942,-0.029011454183266932270916334661354581673306772908366533864541832669322709163346614,0.030404984423676012461059190031152647975077881619937694704049844236760124610591900,-0.033489875389408099688473520249221183800623052959501557632398753894080996884735202,0.063894859813084112149532710280373831775700934579439252336448598130841121495327103,COMMON_CONTROL_AVAILABILITY_IS_LATER_INFORMATION_NOT_A_PRIMARY_ENTRY_FILTER,3210,3210,0,0,0,0,0,36,167,167,170,3,1331,1879,0,0.41464174454828660436137071651090342679127725856697819314641744548286604361370717,1.4812546957175056348610067618332081141998497370398196844477836213373403456048084,-0.99731240021287919105907397551889302820649281532730175625332623736029803086748270,-1.00000000000,1.0520824995330718535713332799701165986285653299180874623122281811147575975879826,AVAILABLE,1971.5500000000,-1873.9500000000,109.1375000000,23,7,2,0,0,2026-07,-0.11558270676691729323308270676691729323308270676691729323308270676691729323308271,0.014412811387900355871886120996441281138790035587188612099644128113879003558718861,AVAILABLE,AVAILABLE,AVAILABLE,3210,3210,0,0,0,0,0,26,167,167,170,3,1247,1962,1,0.38847352024922118380062305295950155763239875389408099688473520249221183800623053,1.4836206896551724137931034482758620689655172413793103448275862068965517241379310,-0.99774592252803261977573904179408766564729867482161060142711518858307849133537207,-1.00000000000,0.94508391110952184523984363326611590090302938197849127301473377171529607384637390,AVAILABLE,1850.0750000000,-1957.5775000000,184.0025000000,30,3,6,0,0,2026-07,-0.20075563909774436090225563909774436090225563909774436090225563909774436090225564,-0.052637010058966354491848768643773846687478321193201526187998612556364897676031911,AVAILABLE,AVAILABLE,AVAILABLE,3311,6024,101,2814,3210,3210,0,0,0,167,10000,20260908,10000,0,0.010056105154004883002172975072704069994042893771891061863961592958882931782660780,0.11880873530280220923872266889978556249909239206726463911088306621423419673067521,0.9898,AVAILABLE,WHOLE_SESSION
USD040_TARGET_1.5R,0,target_first,IMMEDIATE_MINUS_MOMENTUM,0.041577318030806402899426155240108728480821504077318030806402899426155240108728481,-0.0041110557768924302788844621513944223107569721115537848605577689243027888446215139,0.058442367601246105919003115264797507788161993769470404984423676012461059190031153,-0.013240654205607476635514018691588785046728971962616822429906542056074766355140187,0.071683021806853582554517133956386292834890965732087227414330218068535825545171340,COMMON_CONTROL_AVAILABILITY_IS_LATER_INFORMATION_NOT_A_PRIMARY_ENTRY_FILTER,3210,3210,0,0,0,0,0,36,167,167,170,3,1367,1843,0,0.42585669781931464174454828660436137071651090342679127725856697819314641744548287,1.4817483540599853694220921726408193123628383321141185076810534016093635698610095,-0.99725990233315246880086814975583288117200217037438958220293000542593597395550733,-1.00000000000,1.1020702413014499850376778476019478223020212737016785005032781087624799368862047,AVAILABLE,2025.5500000000,-1837.9500000000,78.6375000000,17,7,2,0,0,2026-07,-0.085507518796992481203007518796992481203007518796992481203007518796992481203007519,0.044661921708185053380782918149466192170818505338078291814946619217081850533807829,AVAILABLE,AVAILABLE,AVAILABLE,3210,3210,0,0,0,0,0,26,167,167,170,3,1273,1936,1,0.39657320872274143302180685358255451713395638629283489096573208722741433021806854,1.4839552238805970149253731343283582089552238805970149253731343283582089552238806,-0.99771565082644628099173553719008264462809917355371900826446280991735537190082645,-1.00000000000,0.97799596443839297154786696366053135325918840947360382899469475079306939535172676,AVAILABLE,1889.0750000000,-1931.5775000000,165.0025000000,30,6,3,0,0,2026-07,-0.18195864661654135338345864661654135338345864661654135338345864661654135338345865,-0.030091050988553590010405827263267429760665972944849115504682622268470343392299688,AVAILABLE,AVAILABLE,AVAILABLE,3311,6024,101,2814,3210,3210,0,0,0,167,10000,20260908,10000,0,0.013950341663231843343131618814154364575763163508437010763651614909302586241182447,0.13171695246488236506385326712005477885695671539591684782247395677522719265006016,0.9919,AVAILABLE,WHOLE_SESSION
USD040_TARGET_1.5R,0.01,stop_first,IMMEDIATE_MINUS_MOMENTUM,-0.010604802174569616430081546360616128057988523104802174569616430081546360616128058,-0.054011454183266932270916334661354581673306772908366533864541832669322709163346614,0.0054049844236760124610591900311526479750778816199376947040498442367601246105919003,-0.058489875389408099688473520249221183800623052959501557632398753894080996884735202,0.063894859813084112149532710280373831775700934579439252336448598130841121495327103,COMMON_CONTROL_AVAILABILITY_IS_LATER_INFORMATION_NOT_A_PRIMARY_ENTRY_FILTER,3210,3210,0,0,0,0,0,36,167,167,170,3,1330,1879,1,0.41433021806853582554517133956386292834890965732087227414330218068535825545171340,1.4573496240601503759398496240601503759398496240601503759398496240601503759398496,-1.0223124002128791910590739755188930282064928153273017562533262373602980308674827,-1.02500000000,1.0090321069276520426357093587724663898902872314119499720186889128935278576727358,AVAILABLE,1938.2750000000,-1920.9250000000,132.4375000000,23,7,2,0,0,2026-07,-0.14058270676691729323308270676691729323308270676691729323308270676691729323308271,-0.010587188612099644128113879003558718861209964412811387900355871886120996441281139,AVAILABLE,AVAILABLE,AVAILABLE,3210,3210,0,0,0,0,0,26,167,167,170,3,1246,1963,1,0.38816199376947040498442367601246105919003115264797507788161993769470404984423676,1.4597913322632423756019261637239165329052969502407704654895666131621187800963082,-1.0222376464595007641365257259296994396332144676515537442689760570555272542027509,-1.02500000000,0.90643497067877970899296215961657536618821644504965358974710369633008206453284762,AVAILABLE,1818.9000000000,-2006.6525000000,211.7025000000,30,3,6,0,0,2026-07,-0.22575563909774436090225563909774436090225563909774436090225563909774436090225564,-0.077637010058966354491848768643773846687478321193201526187998612556364897676031911,AVAILABLE,AVAILABLE,AVAILABLE,3311,6024,101,2814,3210,3210,0,0,0,167,10000,20260908,10000,0,0.010056105154004883002172975072704069994042893771891061863961592958882931782660780,0.11880873530280220923872266889978556249909239206726463911088306621423419673067521,0.9898,AVAILABLE,WHOLE_SESSION
USD040_TARGET_1.5R,0.01,target_first,IMMEDIATE_MINUS_MOMENTUM,0.016577318030806402899426155240108728480821504077318030806402899426155240108728481,-0.029111055776892430278884462151394422310756972111553784860557768924302788844621514,0.033442367601246105919003115264797507788161993769470404984423676012461059190031153,-0.038240654205607476635514018691588785046728971962616822429906542056074766355140187,0.071683021806853582554517133956386292834890965732087227414330218068535825545171340,COMMON_CONTROL_AVAILABILITY_IS_LATER_INFORMATION_NOT_A_PRIMARY_ENTRY_FILTER,3210,3210,0,0,0,0,0,36,167,167,170,3,1366,1843,1,0.42554517133956386292834890965732087227414330218068535825545171339563862928348910,1.4578147877013177159590043923865300146412884333821376281112737920937042459736457,-1.0222599023331524688008681497558328811720021703743895822029300054259359739555073,-1.02500000000,1.0569790740568729183529942543225275673093509905654118177837342922731917039317419,AVAILABLE,1991.3750000000,-1884.0250000000,100.8625000000,17,7,2,0,0,2026-07,-0.11050751879699248120300751879699248120300751879699248120300751879699248120300752,0.019661921708185053380782918149466192170818505338078291814946619217081850533807829,AVAILABLE,AVAILABLE,AVAILABLE,3210,3210,0,0,0,0,0,26,167,167,170,3,1272,1937,1,0.39626168224299065420560747663551401869158878504672897196261682242990654205607477,1.4601022012578616352201257861635220125786163522012578616352201257861635220125786,-1.0222005678884873515745998967475477542591636551368094992256066081569437274135261,-1.02500000000,0.93800386615673465058756238944142747294510991779050784026787844964842216108312995,AVAILABLE,1857.2500000000,-1980.0025000000,182.6025000000,30,4,5,0,0,2026-07,-0.20695864661654135338345864661654135338345864661654135338345864661654135338345865,-0.055091050988553590010405827263267429760665972944849115504682622268470343392299688,AVAILABLE,AVAILABLE,AVAILABLE,3311,6024,101,2814,3210,3210,0,0,0,167,10000,20260908,10000,0,0.013950341663231843343131618814154364575763163508437010763651614909302586241182447,0.13171695246488236506385326712005477885695671539591684782247395677522719265006016,0.9919,AVAILABLE,WHOLE_SESSION
USD040_TARGET_1.5R,0.02,stop_first,IMMEDIATE_MINUS_MOMENTUM,-0.035604802174569616430081546360616128057988523104802174569616430081546360616128058,-0.079011454183266932270916334661354581673306772908366533864541832669322709163346614,-0.019595015576323987538940809968847352024922118380062305295950155763239875389408100,-0.083489875389408099688473520249221183800623052959501557632398753894080996884735202,0.063894859813084112149532710280373831775700934579439252336448598130841121495327103,COMMON_CONTROL_AVAILABILITY_IS_LATER_INFORMATION_NOT_A_PRIMARY_ENTRY_FILTER,3210,3210,0,0,0,0,0,36,167,167,170,3,1329,1881,0,0.41401869158878504672897196261682242990654205607476635514018691588785046728971963,1.4334367945823927765237020316027088036117381489841986455981941309255079006772009,-1.0462187666135034556087187666135034556087187666135034556087187666135034556087188,-1.05000000000,0.96803760282021151586368977673325499412455934195064629847238542890716803760282021,AVAILABLE,1905.0375000000,-1967.9375000000,158.5875000000,23,5,4,0,0,2026-07,-0.16558270676691729323308270676691729323308270676691729323308270676691729323308271,-0.035587188612099644128113879003558718861209964412811387900355871886120996441281139,AVAILABLE,AVAILABLE,AVAILABLE,3210,3210,0,0,0,0,0,26,167,167,170,3,1245,1965,0,0.38785046728971962616822429906542056074766355140186915887850467289719626168224299,1.4359538152610441767068273092369477911646586345381526104417670682730923694779116,-1.0461908396946564885496183206106870229007633587786259541984732824427480916030534,-1.05000000000,0.86963368867550522554864004397389779473821180922916773074743465327992255924193670,AVAILABLE,1787.7625000000,-2055.7650000000,289.4275000000,30,2,7,0,0,2026-07,-0.25075563909774436090225563909774436090225563909774436090225563909774436090225564,-0.10263701005896635449184876864377384668747832119320152618799861255636489767603191,AVAILABLE,AVAILABLE,AVAILABLE,3311,6024,101,2814,3210,3210,0,0,0,167,10000,20260908,10000,0,0.010056105154004883002172975072704069994042893771891061863961592958882931782660780,0.11880873530280220923872266889978556249909239206726463911088306621423419673067521,0.9898,AVAILABLE,WHOLE_SESSION
USD040_TARGET_1.5R,0.02,target_first,IMMEDIATE_MINUS_MOMENTUM,-0.0084226819691935971005738447598912715191784959226819691935971005738447598912715192,-0.054111055776892430278884462151394422310756972111553784860557768924302788844621514,0.0084423676012461059190031152647975077881619937694704049844236760124610591900311526,-0.063240654205607476635514018691588785046728971962616822429906542056074766355140187,0.071683021806853582554517133956386292834890965732087227414330218068535825545171340,COMMON_CONTROL_AVAILABILITY_IS_LATER_INFORMATION_NOT_A_PRIMARY_ENTRY_FILTER,3210,3210,0,0,0,0,0,36,167,167,170,3,1365,1845,0,0.42523364485981308411214953271028037383177570093457943925233644859813084112149533,1.4338736263736263736263736263736263736263736263736263736263736263736263736263736,-1.0461449864498644986449864498644986449864498644986449864498644986449864498644986,-1.05000000000,1.0140404504860405022958208935891872988323370744312257546418325119324400463697535,AVAILABLE,1957.2375000000,-1930.1375000000,123.3875000000,17,7,2,0,0,2026-07,-0.13550751879699248120300751879699248120300751879699248120300751879699248120300752,-0.0053380782918149466192170818505338078291814946619217081850533807829181494661921708,AVAILABLE,AVAILABLE,AVAILABLE,3210,3210,0,0,0,0,0,26,167,167,170,3,1271,1939,0,0.39595015576323987538940809968847352024922118380062305295950155763239875389408100,1.4362411487018095987411487018095987411487018095987411487018095987411487018095987,-1.0461397627643115007735946364105208870551830840639504899432697266632284682826199,-1.05000000000,0.89992309455672146179500262513772729625603596808424103940664492608943215682794625,AVAILABLE,1825.4625000000,-2028.4650000000,224.4275000000,30,3,6,0,0,2026-07,-0.23195864661654135338345864661654135338345864661654135338345864661654135338345865,-0.080091050988553590010405827263267429760665972944849115504682622268470343392299688,AVAILABLE,AVAILABLE,AVAILABLE,3311,6024,101,2814,3210,3210,0,0,0,167,10000,20260908,10000,0,0.013950341663231843343131618814154364575763163508437010763651614909302586241182447,0.13171695246488236506385326712005477885695671539591684782247395677522719265006016,0.9919,AVAILABLE,WHOLE_SESSION
USD040_TARGET_2R,0,stop_first,IMMEDIATE_MINUS_MOMENTUM,-0.0031828752642706131078224101479915433403805496828752642706131078224101479915433404,-0.039321298140770252324037184594953519256308100929614873837981407702523240371845950,0.012079127725856697819314641744548286604361370716510903426791277258566978193146417,-0.043319548286604361370716510903426791277258566978193146417445482866043613707165109,0.055398676012461059190031152647975077881619937694704049844236760124610591900311526,COMMON_CONTROL_AVAILABILITY_IS_LATER_INFORMATION_NOT_A_PRIMARY_ENTRY_FILTER,3210,3210,0,0,0,0,0,13,167,167,170,3,1097,2113,0,0.34174454828660436137071651090342679127725856697819314641744548286604361370716511,1.9539530537830446672743846855059252506836827711941659070191431175934366453965360,-0.99607785139611926171320397539044013251301467108376715570279223852342640795078088,-1.00000000000,1.0184224686269502366712793315001455068091247616954809742423252582003480285312127,AVAILABLE,2143.4865000000,-2104.7125000000,177.1385000000,28,7,2,0,0,2026-07,-0.21900526315789473684210526315789473684210526315789473684210526315789473684210526,-0.0057278876170655567117585848074921956295525494276795005202913631633714880332986472,AVAILABLE,AVAILABLE,AVAILABLE,3210,3210,0,0,0,0,0,3,167,167,170,3,1036,2173,1,0.32274143302180685358255451713395638629283489096573208722741433021806853582554517,1.9563706563706563706563706563706563706563706563706563706563706563706563706563707,-0.99671226415094339622641509433962264150943396226415094339622641509433962264150943,-1.00000000000,0.93579639364255906701081085386226668142603679861874457705689771814212465442354598,AVAILABLE,2026.8000000000,-2165.8557500000,246.6150000000,30,4,5,0,0,2026-07,-0.29866917293233082706766917293233082706766917293233082706766917293233082706766917,-0.074211758893280632411067193675889328063241106719367588932806324110671936758893281,AVAILABLE,AVAILABLE,AVAILABLE,3311,6024,101,2814,3210,3210,0,0,0,167,10000,20260908,10000,0,-0.0083683450584027077766092384155900133148793068661189492202931214274132864947175147,0.11883030991666183915675402925633427952527621026575848121304586278791133768224301,0.9573,AVAILABLE,WHOLE_SESSION
USD040_TARGET_2R,0,target_first,IMMEDIATE_MINUS_MOMENTUM,0.0085960434913923286016309272123225611597704620960434913923286016309272123225611598,-0.032847194555112881806108897742363877822045152722443559096945551128818061088977424,0.024228660436137071651090342679127725856697819314641744548286604361370716510903427,-0.040515809968847352024922118380062305295950155763239875389408099688473520249221184,0.064744470404984423676012461059190031152647975077881619937694704049844236760124611,COMMON_CONTROL_AVAILABILITY_IS_LATER_INFORMATION_NOT_A_PRIMARY_ENTRY_FILTER,3210,3210,0,0,0,0,0,13,167,167,170,3,1110,2100,0,0.34579439252336448598130841121495327102803738317757009345794392523364485981308411,1.9544923423423423423423423423423423423423423423423423423423423423423423423423423,-0.99605357142857142857142857142857142857142857142857142857142857142857142857142857,-1.00000000000,1.0371819741001691198001637414319606542486120822053700018525490477300298200637038,AVAILABLE,2169.4865000000,-2091.7125000000,167.1385000000,28,7,2,0,0,2026-07,-0.21449398496240601503759398496240601503759398496240601503759398496240601503759398,0.0055020862308762169680111265646731571627260083449235048678720445062586926286509040,AVAILABLE,AVAILABLE,AVAILABLE,3210,3210,0,0,0,0,0,3,167,167,170,3,1039,2170,1,0.32367601246105919003115264797507788161993769470404984423676012461059190031152648,1.9564966313763233878729547641963426371511068334937439846005774783445620789220404,-0.99670771889400921658986175115207373271889400921658986175115207373271889400921659,-1.00000000000,0.93986850486908338662899733373342165791685367829084302085333245178278764083087834,AVAILABLE,2032.8000000000,-2162.8557500000,246.6150000000,30,4,5,0,0,2026-07,-0.29866917293233082706766917293233082706766917293233082706766917293233082706766917,-0.071840217391304347826086956521739130434782608695652173913043478260869565217391304,AVAILABLE,AVAILABLE,AVAILABLE,3311,6024,101,2814,3210,3210,0,0,0,167,10000,20260908,10000,0,-0.0016093283550011833846645642378080642285868850241902267795339001284817635812601049,0.12966751678201004211595804832688554842856675750188010549325753896384056705417176,0.9731,AVAILABLE,WHOLE_SESSION
USD040_TARGET_2R,0.01,stop_first,IMMEDIATE_MINUS_MOMENTUM,-0.028182875264270613107822410147991543340380549682875264270613107822410147991543340,-0.064321298140770252324037184594953519256308100929614873837981407702523240371845950,-0.012920872274143302180685358255451713395638629283489096573208722741433021806853583,-0.068319548286604361370716510903426791277258566978193146417445482866043613707165109,0.055398676012461059190031152647975077881619937694704049844236760124610591900311526,COMMON_CONTROL_AVAILABILITY_IS_LATER_INFORMATION_NOT_A_PRIMARY_ENTRY_FILTER,3210,3210,0,0,0,0,0,13,167,167,170,3,1096,2113,1,0.34143302180685358255451713395638629283489096573208722741433021806853582554517134,1.9307130474452554744525547445255474452554744525547445255474452554744525547445255,-1.0210778513961192617132039753904401325130146710837671557027922385234264079507809,-1.02500000000,0.98077623216282451637572927469395085832807077513137083364715561143201450727971124,AVAILABLE,2116.0615000000,-2157.5375000000,200.4385000000,28,6,3,0,0,2026-07,-0.24400526315789473684210526315789473684210526315789473684210526315789473684210526,-0.030727887617065556711758584807492195629552549427679500520291363163371488033298647,AVAILABLE,AVAILABLE,AVAILABLE,3210,3210,0,0,0,0,0,3,167,167,170,3,1035,2174,1,0.32242990654205607476635514018691588785046728971962616822429906542056074766355140,1.9332367149758454106280193236714975845410628019323671497584541062801932367149758,-1.0212537948482060717571297148114075436982520699172033118675252989880404783808648,-1.02500000000,0.90122278081659774099765303283265526179274150605186028366965539117264244541299832,AVAILABLE,2000.9000000000,-2220.2057500000,270.3400000000,30,3,5,1,0,2026-07,-0.32366917293233082706766917293233082706766917293233082706766917293233082706766917,-0.099211758893280632411067193675889328063241106719367588932806324110671936758893281,AVAILABLE,AVAILABLE,AVAILABLE,3311,6024,101,2814,3210,3210,0,0,0,167,10000,20260908,10000,0,-0.0083683450584027077766092384155900133148793068661189492202931214274132864947175147,0.11883030991666183915675402925633427952527621026575848121304586278791133768224301,0.9573,AVAILABLE,WHOLE_SESSION
USD040_TARGET_2R,0.01,target_first,IMMEDIATE_MINUS_MOMENTUM,-0.016403956508607671398369072787677438840229537903956508607671398369072787677438840,-0.057847194555112881806108897742363877822045152722443559096945551128818061088977424,-0.00077133956386292834890965732087227414330218068535825545171339563862928348909657321,-0.065515809968847352024922118380062305295950155763239875389408099688473520249221184,0.064744470404984423676012461059190031152647975077881619937694704049844236760124611,COMMON_CONTROL_AVAILABILITY_IS_LATER_INFORMATION_NOT_A_PRIMARY_ENTRY_FILTER,3210,3210,0,0,0,0,0,13,167,167,170,3,1109,2100,1,0.34548286604361370716510903426791277258566978193146417445482866043613707165109034,1.9312321911632100991884580703336339044183949504057709648331830477908025247971145,-1.0210535714285714285714285714285714285714285714285714285714285714285714285714286,-1.02500000000,0.99884526370404052769956335950844424235004692865096160012125663850947608970659391,AVAILABLE,2141.7365000000,-2144.2125000000,190.2635000000,28,7,2,0,0,2026-07,-0.23949398496240601503759398496240601503759398496240601503759398496240601503759398,-0.019497913769123783031988873435326842837273991655076495132127955493741307371349096,AVAILABLE,AVAILABLE,AVAILABLE,3210,3210,0,0,0,0,0,3,167,167,170,3,1038,2171,1,0.32336448598130841121495327102803738317757009345794392523364485981308411214953271,1.9333574181117533718689788053949903660886319845857418111753371868978805394990366,-1.0212486181483187471211423307231690465223399355135882081989866421004145555043759,-1.02500000000,0.90514508447460755302771385945551474580378265918687925824852684037691507368250609,AVAILABLE,2006.8250000000,-2217.1307500000,270.3400000000,30,3,5,1,0,2026-07,-0.32366917293233082706766917293233082706766917293233082706766917293233082706766917,-0.096840217391304347826086956521739130434782608695652173913043478260869565217391304,AVAILABLE,AVAILABLE,AVAILABLE,3311,6024,101,2814,3210,3210,0,0,0,167,10000,20260908,10000,0,-0.0016093283550011833846645642378080642285868850241902267795339001284817635812601049,0.12966751678201004211595804832688554842856675750188010549325753896384056705417176,0.9731,AVAILABLE,WHOLE_SESSION
USD040_TARGET_2R,0.02,stop_first,IMMEDIATE_MINUS_MOMENTUM,-0.053182875264270613107822410147991543340380549682875264270613107822410147991543340,-0.089321298140770252324037184594953519256308100929614873837981407702523240371845950,-0.037920872274143302180685358255451713395638629283489096573208722741433021806853583,-0.093319548286604361370716510903426791277258566978193146417445482866043613707165109,0.055398676012461059190031152647975077881619937694704049844236760124610591900311526,COMMON_CONTROL_AVAILABILITY_IS_LATER_INFORMATION_NOT_A_PRIMARY_ENTRY_FILTER,3210,3210,0,0,0,0,0,13,167,167,170,3,1095,2115,0,0.34112149532710280373831775700934579439252336448598130841121495327102803738317757,1.9074648401826484018264840182648401826484018264840182648401826484018264840182648,-1.0451063829787234042553191489361702127659574468085106382978723404255319148936170,-1.05000000000,0.94493032935215345638798407528049221860296778863554107853782120883098081795150199,AVAILABLE,2088.6740000000,-2210.4000000000,223.7385000000,28,5,4,0,0,2026-07,-0.26900526315789473684210526315789473684210526315789473684210526315789473684210526,-0.055727887617065556711758584807492195629552549427679500520291363163371488033298647,AVAILABLE,AVAILABLE,AVAILABLE,3210,3210,0,0,0,0,0,3,167,167,170,3,1034,2176,0,0.32211838006230529595015576323987538940809968847352024922118380062305295950155763,1.9100942940038684719535783365570599613152804642166344294003868471953578336557060,-1.0453093979779411764705882352941176470588235294117647058823529411764705882352941,-1.05000000000,0.86830359669800303856524677543996052920670541865012568730695037453399635297431750,AVAILABLE,1975.0375000000,-2274.5932500000,328.1807500000,30,3,6,0,0,2026-07,-0.34866917293233082706766917293233082706766917293233082706766917293233082706766917,-0.12421175889328063241106719367588932806324110671936758893280632411067193675889328,AVAILABLE,AVAILABLE,AVAILABLE,3311,6024,101,2814,3210,3210,0,0,0,167,10000,20260908,10000,0,-0.0083683450584027077766092384155900133148793068661189492202931214274132864947175147,0.11883030991666183915675402925633427952527621026575848121304586278791133768224301,0.9573,AVAILABLE,WHOLE_SESSION
USD040_TARGET_2R,0.02,target_first,IMMEDIATE_MINUS_MOMENTUM,-0.041403956508607671398369072787677438840229537903956508607671398369072787677438840,-0.082847194555112881806108897742363877822045152722443559096945551128818061088977424,-0.025771339563862928348909657320872274143302180685358255451713395638629283489096573,-0.090515809968847352024922118380062305295950155763239875389408099688473520249221184,0.064744470404984423676012461059190031152647975077881619937694704049844236760124611,COMMON_CONTROL_AVAILABILITY_IS_LATER_INFORMATION_NOT_A_PRIMARY_ENTRY_FILTER,3210,3210,0,0,0,0,0,13,167,167,170,3,1108,2102,0,0.34517133956386292834890965732087227414330218068535825545171339563862928348909657,1.9079638989169675090252707581227436823104693140794223826714801444043321299638989,-1.0450761179828734538534728829686013320647002854424357754519505233111322549952426,-1.05000000000,0.96234164106065778991692272675543416410606577899169227267554341641060657789916923,AVAILABLE,2114.0240000000,-2196.7500000000,213.3885000000,28,6,3,0,0,2026-07,-0.26449398496240601503759398496240601503759398496240601503759398496240601503759398,-0.044497913769123783031988873435326842837273991655076495132127955493741307371349096,AVAILABLE,AVAILABLE,AVAILABLE,3210,3210,0,0,0,0,0,3,167,167,170,3,1037,2173,0,0.32305295950155763239875389408099688473520249221183800623052959501557632398753894,1.9102097396335583413693346190935390549662487945998071359691417550626808100289296,-1.0453029222273354809019788311090658076392084675563736769443166129774505292222734,-1.05000000000,0.87208320084598195442479137438278504206521558484897212378077242299581994839624543,AVAILABLE,1980.8875000000,-2271.4432500000,319.1807500000,30,3,6,0,0,2026-07,-0.34866917293233082706766917293233082706766917293233082706766917293233082706766917,-0.12184021739130434782608695652173913043478260869565217391304347826086956521739130,AVAILABLE,AVAILABLE,AVAILABLE,3311,6024,101,2814,3210,3210,0,0,0,167,10000,20260908,10000,0,-0.0016093283550011833846645642378080642285868850241902267795339001284817635812601049,0.12966751678201004211595804832688554842856675750188010549325753896384056705417176,0.9731,AVAILABLE,WHOLE_SESSION
USD040_TARGET_2R_BE1R,0,stop_first,IMMEDIATE_MINUS_MOMENTUM,0.021768196919359710057384475989127151917849592268196919359710057384475989127151918,-0.039362051792828685258964143426294820717131474103585657370517928286852589641434263,0.038438317757009345794392523364485981308411214953271028037383177570093457943925234,-0.050937383177570093457943925233644859813084112149532710280373831775700934579439252,0.089375700934579439252336448598130841121495327102803738317757009345794392523364486,COMMON_CONTROL_AVAILABILITY_IS_LATER_INFORMATION_NOT_A_PRIMARY_ENTRY_FILTER,3210,3210,0,0,0,0,0,22,167,167,170,3,860,1607,743,0.26791277258566978193146417445482866043613707165109034267912772585669781931464174,1.9782994186046511627906976744186046511627906976744186046511627906976744186046512,-0.98192314872433105164903546981953951462352209085252022401991288114499066583696329,-0.03762500000,1.0781944680774206795460313869161294983587888213223418605336479186134165805581354,AVAILABLE,1701.3375000000,-1577.9505000000,114.8255000000,17,8,1,0,0,2026-07,-0.14958721804511278195488721804511278195488721804511278195488721804511278195488722,0.025386648122392211404728789986091794158553546592489568845618915159944367176634214,AVAILABLE,AVAILABLE,AVAILABLE,3210,3210,0,0,0,0,0,21,167,167,170,3,761,1717,732,0.23707165109034267912772585669781931464174454828660436137071651090342679127725857,1.9784001314060446780551905387647831800262812089356110381077529566360052562417871,-0.97208590564938846825859056493884682585905649388468258590564938846825859056493885,-1.00000000000,0.90203595232439113602982256901516801407249479725703782012933538197734488905957594,AVAILABLE,1505.5625000000,-1669.0715000000,228.9150000000,24,4,5,0,0,2026-07,-0.26752255639097744360902255639097744360902255639097744360902255639097744360902256,-0.068995652173913043478260869565217391304347826086956521739130434782608695652173913,AVAILABLE,AVAILABLE,AVAILABLE,3311,6024,101,2814,3210,3210,0,0,0,167,10000,20260908,10000,0,0.038740844232675553023872118340377668326971366141132203940451542058518230902138445,0.14272026011755561682310916015999240762865135097959009603989358666866086547026751,0.9997,AVAILABLE,WHOLE_SESSION
USD040_TARGET_2R_BE1R,0,target_first,IMMEDIATE_MINUS_MOMENTUM,0.039285563273935366958622772576260948353971609785563273935366958622772576260948354,-0.023923804780876494023904382470119521912350597609561752988047808764940239043824701,0.055883800623052959501557632398753894080996884735202492211838006230529595015576324,-0.037230218068535825545171339563862928348909657320872274143302180685358255451713396,0.093114018691588785046728971962616822429906542056074766355140186915887850467289720,COMMON_CONTROL_AVAILABILITY_IS_LATER_INFORMATION_NOT_A_PRIMARY_ENTRY_FILTER,3210,3210,0,0,0,0,0,22,167,167,170,3,882,1595,733,0.27476635514018691588785046728971962616822429906542056074766355140186915887850467,1.9788407029478458049886621315192743764172335600907029478458049886621315192743764,-0.98178714733542319749216300940438871473354231974921630094043887147335423197492163,0E-11,1.1145547065504305532007557071567715582325239527047630177326805668506124555022652,AVAILABLE,1745.3375000000,-1565.9505000000,106.2505000000,17,8,1,0,0,2026-07,-0.14507593984962406015037593984962406015037593984962406015037593984962406015037594,0.037904033379694019471488178025034770514603616133518776077885952712100139082058414,AVAILABLE,AVAILABLE,AVAILABLE,3210,3210,0,0,0,0,0,21,167,167,170,3,782,1715,713,0.24361370716510903426791277258566978193146417445482866043613707165109034267912773,1.9789801790281329923273657289002557544757033248081841432225063938618925831202046,-0.97205335276967930029154518950437317784256559766763848396501457725947521865889213,-1.00000000000,0.92831201301203937563565809864783844004291357629231859581307700359582657372524214,AVAILABLE,1547.5625000000,-1667.0715000000,220.9150000000,24,4,5,0,0,2026-07,-0.25549248120300751879699248120300751879699248120300751879699248120300751879699248,-0.063066798418972332015810276679841897233201581027667984189723320158102766798418972,AVAILABLE,AVAILABLE,AVAILABLE,3311,6024,101,2814,3210,3210,0,0,0,167,10000,20260908,10000,0,0.037494155633186802370531242211077613783753319966153411409094445000087315308278603,0.15085558635983618196501387282754538216057852724491926216610433089676495442014534,0.9994,AVAILABLE,WHOLE_SESSION
USD040_TARGET_2R_BE1R,0.01,stop_first,IMMEDIATE_MINUS_MOMENTUM,-0.0032318030806402899426155240108728480821504077318030806402899426155240108728480822,-0.064362051792828685258964143426294820717131474103585657370517928286852589641434263,0.013438317757009345794392523364485981308411214953271028037383177570093457943925234,-0.075937383177570093457943925233644859813084112149532710280373831775700934579439252,0.089375700934579439252336448598130841121495327102803738317757009345794392523364486,COMMON_CONTROL_AVAILABILITY_IS_LATER_INFORMATION_NOT_A_PRIMARY_ENTRY_FILTER,3210,3210,0,0,0,0,0,22,167,167,170,3,859,2350,1,0.26760124610591900311526479750778816199376947040498442367601246105919003115264798,1.9555733410942956926658905704307334109429569266589057043073341094295692665890570,-0.69646829787234042553191489361702127659574468085106382978723404255319148936170213,-0.06262500000,1.0263560743092581691030215974150432531791858070551087385871758455502396437222326,AVAILABLE,1679.8375000000,-1636.7005000000,134.1005000000,28,8,1,0,0,2026-07,-0.17458721804511278195488721804511278195488721804511278195488721804511278195488722,0.00038664812239221140472878998609179415855354659248956884561891515994436717663421419,AVAILABLE,AVAILABLE,AVAILABLE,3210,3210,0,0,0,0,0,21,167,167,170,3,760,2449,1,0.23676012461059190031152647975077881619937694704049844236760124610591900311526480,1.9559703947368421052631578947368421052631578947368421052631578947368421052631579,-0.70653184973458554512045732952225398121682319314005716619028174765210289914250715,-1.02500000000,0.85912298845891441148959152376485764145046817120649553414689332146253546718727108,AVAILABLE,1486.5375000000,-1730.2965000000,287.8840000000,40,3,6,0,0,2026-07,-0.29252255639097744360902255639097744360902255639097744360902255639097744360902256,-0.093995652173913043478260869565217391304347826086956521739130434782608695652173913,AVAILABLE,AVAILABLE,AVAILABLE,3311,6024,101,2814,3210,3210,0,0,0,167,10000,20260908,10000,0,0.038740844232675553023872118340377668326971366141132203940451542058518230902138445,0.14272026011755561682310916015999240762865135097959009603989358666866086547026751,0.9997,AVAILABLE,WHOLE_SESSION
USD040_TARGET_2R_BE1R,0.01,target_first,IMMEDIATE_MINUS_MOMENTUM,0.014285563273935366958622772576260948353971609785563273935366958622772576260948354,-0.048923804780876494023904382470119521912350597609561752988047808764940239043824701,0.030883800623052959501557632398753894080996884735202492211838006230529595015576324,-0.062230218068535825545171339563862928348909657320872274143302180685358255451713396,0.093114018691588785046728971962616822429906542056074766355140186915887850467289720,COMMON_CONTROL_AVAILABILITY_IS_LATER_INFORMATION_NOT_A_PRIMARY_ENTRY_FILTER,3210,3210,0,0,0,0,0,22,167,167,170,3,881,2328,1,0.27445482866043613707165109034267912772585669781931464174454828660436137071651090,1.9560584562996594778660612939841089670828603859250851305334846765039727582292849,-0.69765914948453608247422680412371134020618556701030927835051546391752577319587629,-0.02500000000,1.0610392940801976171543215976598227812016189386389992799312625277029437850741049,AVAILABLE,1723.2875000000,-1624.1505000000,124.2005000000,28,8,1,0,0,2026-07,-0.17007593984962406015037593984962406015037593984962406015037593984962406015037594,0.012904033379694019471488178025034770514603616133518776077885952712100139082058414,AVAILABLE,AVAILABLE,AVAILABLE,3210,3210,0,0,0,0,0,21,167,167,170,3,781,2428,1,0.24330218068535825545171339563862928348909657320872274143302180685358255451713396,1.9564820742637644046094750320102432778489116517285531370038412291933418693982074,-0.71160275947281713344316309719934102141680395387149917627677100494233937397034596,-1.02500000000,0.88438343843500138762562063328397302536822722217608057546961505036979716357168758,AVAILABLE,1528.0125000000,-1727.7715000000,243.8840000000,40,4,5,0,0,2026-07,-0.28049248120300751879699248120300751879699248120300751879699248120300751879699248,-0.088066798418972332015810276679841897233201581027667984189723320158102766798418972,AVAILABLE,AVAILABLE,AVAILABLE,3311,6024,101,2814,3210,3210,0,0,0,167,10000,20260908,10000,0,0.037494155633186802370531242211077613783753319966153411409094445000087315308278603,0.15085558635983618196501387282754538216057852724491926216610433089676495442014534,0.9994,AVAILABLE,WHOLE_SESSION
USD040_TARGET_2R_BE1R,0.02,stop_first,IMMEDIATE_MINUS_MOMENTUM,-0.028231803080640289942615524010872848082150407731803080640289942615524010872848082,-0.089362051792828685258964143426294820717131474103585657370517928286852589641434263,-0.011561682242990654205607476635514018691588785046728971962616822429906542056074766,-0.10093738317757009345794392523364485981308411214953271028037383177570093457943925,0.089375700934579439252336448598130841121495327102803738317757009345794392523364486,COMMON_CONTROL_AVAILABILITY_IS_LATER_INFORMATION_NOT_A_PRIMARY_ENTRY_FILTER,3210,3210,0,0,0,0,0,22,167,167,170,3,858,2352,0,0.26728971962616822429906542056074766355140186915887850467289719626168224299065421,1.9328379953379953379953379953379953379953379953379953379953379953379953379953380,-0.72087074829931972789115646258503401360544217687074829931972789115646258503401361,-0.08762500000,0.97811072682319190699078967235391816397402989581760531481201872263324777291257738,AVAILABLE,1658.3750000000,-1695.4880000000,155.4755000000,28,5,4,0,0,2026-07,-0.19958721804511278195488721804511278195488721804511278195488721804511278195488722,-0.024613351877607788595271210013908205841446453407510431154381084840055632823365786,AVAILABLE,AVAILABLE,AVAILABLE,3210,3210,0,0,0,0,0,21,167,167,170,3,760,2450,0,0.23676012461059190031152647975077881619937694704049844236760124610591900311526480,1.9309703947368421052631578947368421052631578947368421052631578947368421052631579,-0.73124346938775510204081632653061224489795918367346938775510204081632653061224490,-1.05000000000,0.81914563758183223265485992130262876235699157124863909477091440272412689260368067,AVAILABLE,1467.5375000000,-1791.5465000000,354.3090000000,40,3,6,0,0,2026-07,-0.31752255639097744360902255639097744360902255639097744360902255639097744360902256,-0.11899565217391304347826086956521739130434782608695652173913043478260869565217391,AVAILABLE,AVAILABLE,AVAILABLE,3311,6024,101,2814,3210,3210,0,0,0,167,10000,20260908,10000,0,0.038740844232675553023872118340377668326971366141132203940451542058518230902138445,0.14272026011755561682310916015999240762865135097959009603989358666866086547026751,0.9997,AVAILABLE,WHOLE_SESSION
USD040_TARGET_2R_BE1R,0.02,target_first,IMMEDIATE_MINUS_MOMENTUM,-0.010714436726064633041377227423739051646028390214436726064633041377227423739051646,-0.073923804780876494023904382470119521912350597609561752988047808764940239043824701,0.0058838006230529595015576323987538940809968847352024922118380062305295950155763240,-0.087230218068535825545171339563862928348909657320872274143302180685358255451713396,0.093114018691588785046728971962616822429906542056074766355140186915887850467289720,COMMON_CONTROL_AVAILABILITY_IS_LATER_INFORMATION_NOT_A_PRIMARY_ENTRY_FILTER,3210,3210,0,0,0,0,0,22,167,167,170,3,880,2330,0,0.27414330218068535825545171339563862928348909657320872274143302180685358255451713,1.9332670454545454545454545454545454545454545454545454545454545454545454545454545,-0.72205493562231759656652360515021459227467811158798283261802575107296137339055794,-0.05000000000,1.0112263045147730487854169192837799603896366355442383088799967665009498403459844,AVAILABLE,1701.2750000000,-1682.3880000000,145.1255000000,28,7,2,0,0,2026-07,-0.19507593984962406015037593984962406015037593984962406015037593984962406015037594,-0.012095966620305980528511821974965229485396383866481223922114047287899860917941586,AVAILABLE,AVAILABLE,AVAILABLE,3210,3210,0,0,0,0,0,21,167,167,170,3,781,2429,0,0.24330218068535825545171339563862928348909657320872274143302180685358255451713396,1.9314820742637644046094750320102432778489116517285531370038412291933418693982074,-0.73630979827089337175792507204610951008645533141210374639769452449567723342939481,-1.05000000000,0.84343888847420165485367178521176865596326299771903383652134628163935461992796743,AVAILABLE,1508.4875000000,-1788.4965000000,310.3090000000,40,4,5,0,0,2026-07,-0.30549248120300751879699248120300751879699248120300751879699248120300751879699248,-0.11306679841897233201581027667984189723320158102766798418972332015810276679841897,AVAILABLE,AVAILABLE,AVAILABLE,3311,6024,101,2814,3210,3210,0,0,0,167,10000,20260908,10000,0,0.037494155633186802370531242211077613783753319966153411409094445000087315308278603,0.15085558635983618196501387282754538216057852724491926216610433089676495442014534,0.9994,AVAILABLE,WHOLE_SESSION
ATR050_TARGET_1R,0,stop_first,IMMEDIATE_MINUS_MOMENTUM,0.016907038648749632821351111865216593696362125024347351897955006167498485610279041,-0.0067652081054031958078157217486992197260877235235963820269904236090700876009174975,0.038722642666835628423817940269549786832100343707527843206773403912070235328958637,-0.0014879632511524670181595386034160637845157855343421913034858686885587707599747918,0.040210605917988095441977478872965850616616129241870034510259272600629006088933429,COMMON_CONTROL_AVAILABILITY_IS_LATER_INFORMATION_NOT_A_PRIMARY_ENTRY_FILTER,2195,2195,0,0,0,0,0,13,162,162,170,8,1140,1055,0,0.51936218678815489749430523917995444191343963553530751708428246013667425968109339,1,-1.0000036012761097588717721527093253250270518915279397006266657615289154819459107,1.0,1.0805648289668433154571478347185280670038535801884990247671840715532001332429275,AVAILABLE,1140,-1055.0037993462957956097196211083382179035397455619763841611323784130058334529358,34,15,6,3,0,0,2026-04,-0.043103448275862068965517241379310344827586206896551724137931034482758620689655172,0.027270808410961719389030494389728172775990027493951321130741223023734427549022328,AVAILABLE,AVAILABLE,AVAILABLE,2195,2195,0,0,0,0,0,7,162,162,170,8,1095,1100,0,0.49886104783599088838268792710706150341685649202733485193621867881548974943052392,1,-0.99842370848752696827714562475863478182455649931625555446468316524671500165285882,-0.52677508764051672892084954765130377546772253465353754385778675531742239046527295,0.99702614931141871350537066496542209272413378983280158018172092457097180381656996,AVAILABLE,1095,-1098.2660793362796651048601872344982600070121492478811099111514817713865018181447,45.026003187952039847765021185885442368370766466914702055163955098359658393897372,17,5,4,0,0,2026-05,-0.094307814325844098519184365576068828655577552805282032163703890735779633134693188,-0.013962070964487724456191131895568619106451179083936196726784511951315593681326046,AVAILABLE,AVAILABLE,AVAILABLE,3311,6024,101,2814,3210,2195,1015,1015,969,162,10000,20260908,10000,0,-0.012411017047224074641585079132609278201754161785646722066276205718399816177041323,0.093063170205471436172672235670043147480695815175148099099814436519360487524144369,0.9307,AVAILABLE,WHOLE_SESSION
ATR050_TARGET_1R,0,target_first,IMMEDIATE_MINUS_MOMENTUM,0.029118115840201878787334539689028194219694004658015036154387627187995650895931025,0.0039014585612634708588509449179674469405789431430702846396762430575965790657491692,0.050567745172530389243863498356110151296792826623245383070099144230976841251509891,0.0048901688672985580387880695970395170810878591125826378536895299446986324290912674,0.045677576305231831205075428759070634215704967510662745216409614286278208822418624,COMMON_CONTROL_AVAILABILITY_IS_LATER_INFORMATION_NOT_A_PRIMARY_ENTRY_FILTER,2195,2195,0,0,0,0,0,13,162,162,170,8,1153,1042,0,0.52528473804100227790432801822323462414578587699316628701594533029612756264236902,1,-1.0000036462056581531763144156509963703488865120556395241469600560585468651179806,1.0,1.1065218771019241996155416738645929755354102578815946864685626259029633669061551,AVAILABLE,1153,-1042.0037993462957956097196211083382179035397455619763841611323784130058334529358,30,15,7,2,0,0,2026-04,-0.017241379310344827586206896551724137931034482758620689655172413793103448275862069,0.040402121542274850702161807521041304089121340625264452443872536155047558862153641,AVAILABLE,AVAILABLE,AVAILABLE,2195,2195,0,0,0,0,0,7,162,162,170,8,1102,1093,0,0.50205011389521640091116173120728929384965831435079726651480637813211845102505695,1,-0.99841361329943244748843566993092247027174030123319406213280098972679460367625316,1.0,1.0098362084801983641622174174338759971337310487819999293918271385162259759229775,AVAILABLE,1102,-1091.2660793362796651048601872344982600070121492478811099111514817713865018181447,41.026003187952039847765021185885442368370766466914702055163955098359658393897372,17,5,4,0,0,2026-05,-0.094307814325844098519184365576068828655577552805282032163703890735779633134693188,-0.0070575830473415794619448718265237399349897291414735960363357202367010942567000391,AVAILABLE,AVAILABLE,AVAILABLE,3311,6024,101,2814,3210,2195,1015,1015,969,162,10000,20260908,10000,0,-0.0097519252016464734759426103791782377995156510659577642819637929800768374579182454,0.10119182721350949460218884935881595118589056140728932645224655972519293861382878,0.946,AVAILABLE,WHOLE_SESSION
ATR050_TARGET_1R,0.01,stop_first,IMMEDIATE_MINUS_MOMENTUM,-0.010516751832713481243160954422487783326656266556199332728863321901226219616204276,-0.032543262019957019713186706855676424694291517757160201085360317408923129043995416,0.011801593677284969153431604332783444321110690710231376740018346042258389706922842,-0.028268890853907052392105880432299395644524144204116309262141912179206033090307859,0.040070484531192021545537484765082839965634834914347686002160258221464422797230683,COMMON_CONTROL_AVAILABILITY_IS_LATER_INFORMATION_NOT_A_PRIMARY_ENTRY_FILTER,2195,2195,0,0,0,0,0,13,162,162,170,8,1140,1055,0,0.51936218678815489749430523917995444191343963553530751708428246013667425968109339,0.97345873051504264781231048348028189801698546027367599026627526422254333616961789,-1.0273350281189650343263048148408167805256165484388936084921455276312248699778848,0.94783056251475311507836382200497358517836202289977737133901818787754932139897834,1.0239007003397338376333234290113384631394603291452054891945311204885905485896025,AVAILABLE,1109.7429527871486185060339511675213637393634247119906289035538012136994032333644,-1083.8384546655081112142515796570617034545254586030327569592135316509422378266685,38.732783773578726120038420091724181657852043682971971417927693939767497316152698,15,6,3,0,0,2026-04,-0.074312121922366330281086814327481083615010977536266732879961535625585308157780052,-0.00024855933524133864156363025572994224670717462782059875032309805891531198489182180,AVAILABLE,AVAILABLE,AVAILABLE,2195,2195,0,0,0,0,0,7,162,162,170,8,1095,1100,0,0.49886104783599088838268792710706150341685649202733485193621867881548974943052392,0.97335399802185451226978887677677049109208300152223349812466417734680884525403845,-1.0253389484165969735782647523813280556232376210862554357062807012982844801694526,-0.54628527607164697814014027163838910048504559149255745288955663514399359011213491,0.94498474203433061768668867738238492231925254589339981100875738916826143959996047,AVAILABLE,1065.8226278339306909354188200705636877458308866668456804465072741947556855531721,-1127.8728432582566709360912276194608611855613831948809792769087714281129281863979,81.946974886388734927414073588124415378184480498174887884937023656755141178038646,17,3,6,0,0,2026-05,-0.12264709309478741997238374030067508257757039084750047573214771562253530314159385,-0.041772449882937426576266951346780887303372215745154206820101739310009372309407706,AVAILABLE,AVAILABLE,AVAILABLE,3311,6024,101,2814,3210,2195,1015,1015,969,162,10000,20260908,10000,0,-0.012589877671642705774206055313588359532258803513844337338842563990716655663058749,0.092898585502127268926627795050021192833573535978716681498164070335831201502442556,0.9291,AVAILABLE,WHOLE_SESSION
ATR050_TARGET_1R,0.01,target_first,IMMEDIATE_MINUS_MOMENTUM,0.0016943253587387647228224734013238171966756130774683515275692991192709456694476899,-0.021876595353290353046520040189009758027624851090493534418693650742256462377328738,0.023646696182979729973477162419343808785803173625948916603344086361164995629474095,-0.0218907587354560273351582722318438147789204995571914801049665135459486299012418,0.045537454918435757308635434651187623564723673183140396708310599907113625530715875,COMMON_CONTROL_AVAILABILITY_IS_LATER_INFORMATION_NOT_A_PRIMARY_ENTRY_FILTER,2195,2195,0,0,0,0,0,13,162,162,170,8,1153,1042,0,0.52528473804100227790432801822323462414578587699316628701594533029612756264236902,0.97347703257748992322910727404173665033525823872309431318610475725979019279366704,-1.0273651827641126431779062528403672721225669703826966133965820686734941716740907,0.94914782879813325365296595274955997690714623651948090418781111775667544767655461,1.0484855619709827965168250377847121835722358755866547312720398458041655290085112,AVAILABLE,1122.4190185618458814831606869701223578365527492477277431035787851205380922910981,-1070.5145204402053741913783154596626975517147831387698711592385155577809268844025,34.551611809697777316246635316387655974301328303592009511069610464234813451031371,15,6,3,0,0,2026-04,-0.048450052956849088901776469499894876718459253398335698397202914935930135743986953,0.012882753796071792671567682875583189066424138503492532562808215072397819328239497,AVAILABLE,AVAILABLE,AVAILABLE,2195,2195,0,0,0,0,0,7,162,162,170,8,1102,1093,0,0.50205011389521640091116173120728929384965831435079726651480637813211845102505695,0.97331275963894640553376327988615224211570135964327127062277206918126810002447804,-1.0252889995850365223228541097744162344476060337190487091095117268720170986827088,0.93668368591608244963791817391210710277219325957511173718025800422396356958186468,0.95712255689583125729118630055903806125743888921012852978629003301718145878744594,AVAILABLE,1072.5906611221189388982071344345397708115028983268849402262948202377574462269748,-1120.6408765464449188988795419834369442512333948549202390566963174711146888602007,67.946974886388734927414073588124415378184480498174887884937023656755141178038644,17,3,6,0,0,2026-05,-0.12264709309478741997238374030067508257757039084750047573214771562253530314159385,-0.034867961965791281582020691277736008131910765802691606129652947595394872884781700,AVAILABLE,AVAILABLE,AVAILABLE,3311,6024,101,2814,3210,2195,1015,1015,969,162,10000,20260908,10000,0,-0.0098865385822028417142624078892196891202075174628327176077385028798684300379843835,0.10108203668322726221397386880022819187237259372329180650466749732622506608811202,0.9443,AVAILABLE,WHOLE_SESSION
ATR050_TARGET_1R,0.02,stop_first,IMMEDIATE_MINUS_MOMENTUM,-0.037940542314176595307673020710192160349674658136746017355681649969950924842687611,-0.058321315934510843618557691962653629662495311990724020143730211208776170487073336,-0.015119455312265690116954731603982898189878962287065089726736711827553455915112958,-0.055049818456661637766052222261182727504532502873890427220797955669853295420640897,0.039930363144395947649097490657199829314653540586825337494061243842299839505527965,COMMON_CONTROL_AVAILABILITY_IS_LATER_INFORMATION_NOT_A_PRIMARY_ENTRY_FILTER,2195,2195,0,0,0,0,0,13,162,162,170,8,1140,1055,0,0.51936218678815489749430523917995444191343963553530751708428246013667425968109339,0.94691746103008529562462096696056379603397092054735198053255052844508667233923667,-1.0546664549618203097808374769723082360241812053498475163576252937335342580098595,0.89566112502950623015672764400994717035672404579955474267803637575509864279795668,0.97017344616975696768774404331265787207699079510336384637196444189237747640438129,AVAILABLE,1079.4859055742972370120679023350427274787268494239812578071076024273988064667298,-1112.6731099847204268187835382057851890055111716440891297572946848888786422004018,57.193810337934493619922034303107401769465906531669678062913122208808295324652925,15,5,4,0,0,2026-04,-0.10552079556887059159665638727565182240243574817598174162199203676841199562590491,-0.027767927081444396672157754901188057269404376749592518631387419141565051518805963,AVAILABLE,AVAILABLE,AVAILABLE,2195,2195,0,0,0,0,0,7,162,162,170,8,1095,1100,0,0.49886104783599088838268792710706150341685649202733485193621867881548974943052392,0.94670799604370902453957775355354098218416600304446699624932835469361769050807680,-1.052254188345666978879383880004021329421918742856255316947878237349853958686047,-0.56579546450277722735943099562547442550236864833157736192132651497056478975899687,0.89560563247698158866654496305234895629850086010443224134097182491483109238220992,AVAILABLE,1036.6452556678613818708376401411273754916617733336913608930145483895113711063441,-1157.4796071802336767673222680044234623641106171418808486426660610848393545546517,135.13914057268265222731147710480688632891772584369340013460503697549410649635159,17,2,7,0,0,2026-05,-0.15098637186373074142558311502528133649956322888971891930059154050929097314849451,-0.069582828801387128696342770797993155500293252406372216913418966668703150937489315,AVAILABLE,AVAILABLE,AVAILABLE,3311,6024,101,2814,3210,2195,1015,1015,969,162,10000,20260908,10000,0,-0.012667250870957339088940495317002514693974429901004098409952520698408301991286852,0.092788434258717660338138124688718115370888855692829824973839366978376227693605928,0.9288,AVAILABLE,WHOLE_SESSION
ATR050_TARGET_1R,0.02,target_first,IMMEDIATE_MINUS_MOMENTUM,-0.025729465122724349341689592886380559826342778503078333099249028949453759557035626,-0.047654649267844176951891025295986962995828645324057353477063544542109503820406664,-0.0032743528065709292969091735174225337251864793713475498634109715086468499925617086,-0.048671686338210612709104614060727146638928858226965598063622557036595892231574829,0.045397333531639683412195440543304612913742378855618048200211585527949042239013154,COMMON_CONTROL_AVAILABILITY_IS_LATER_INFORMATION_NOT_A_PRIMARY_ENTRY_FILTER,2195,2195,0,0,0,0,0,13,162,162,170,8,1153,1042,0,0.52528473804100227790432801822323462414578587699316628701594533029612756264236902,0.94695406515497984645821454808347330067051647744618862637220951451958038558733495,-1.0547267193225671331794980900297381738962474287097537026462040812884414782302007,0.89829565759626650730593190549911995381429247303896180837562223551335089535310921,0.99346038276574006141822073960216553132446490868882631797039607450222730335427477,AVAILABLE,1091.8380371236917629663213739402447156731054984954554862071575702410761845821972,-1099.0252415341149527730370098109871771998898207155633581573446527025560203158691,41.297824093384288169356080189802287662321020241663850682190094955029555826176490,15,5,4,0,0,2026-08,-0.088051829146587952660542714384353280372919585375718675655954051277345367845404615,-0.014636613950131265359026441769874925956273063618279387318256106010251920205674648,AVAILABLE,AVAILABLE,AVAILABLE,2195,2195,0,0,0,0,0,7,162,162,170,8,1102,1093,0,0.50205011389521640091116173120728929384965831435079726651480637813211845102505695,0.94662551927789281106752655977230448423140271928654254124554413836253620004895608,-1.0521643858706405971572725496179099986234717662049033560862224640172395936891647,0.87336737183216489927583634782421420554438651915022347436051600844792713916372935,0.90710183004428967075178255957746651776138120098914558272320694183146007880894587,AVAILABLE,1043.1813222442378777964142688690795416230057966537698804525896404755148924539496,-1150.0156737566101726928988967323756284954546404619593682022411531708428759022570,121.13914057268265222731147710480688632891772584369340013460503697549410649635159,17,2,7,0,0,2026-05,-0.15098637186373074142558311502528133649956322888971891930059154050929097314849451,-0.062678340884240983702096510728948276328831802463909616222970174954088651512863331,AVAILABLE,AVAILABLE,AVAILABLE,3311,6024,101,2814,3210,2195,1015,1015,969,162,10000,20260908,10000,0,-0.010023482309527094132915179384013989652587642000272050423147345043813485475835507,0.10096884269692323957508778553307155887597197559182463266867806388548497400375102,0.9434,AVAILABLE,WHOLE_SESSION
ATR050_TARGET_1.5R,0,stop_first,IMMEDIATE_MINUS_MOMENTUM,0.013412892975178038706275117847812479874229739353578287497785078757674847667207338,-0.0073410351345344846331600227832326761754061067432072681092562209799772345499333299,0.036806588383059026308359996117832847764911932556171213181542431426337071949378725,-0.0022939625414911898560032263926653881404160421613240794938900187419525644162486943,0.039100550924550216164363222510498235905327974717495292675432450168289636365627417,COMMON_CONTROL_AVAILABILITY_IS_LATER_INFORMATION_NOT_A_PRIMARY_ENTRY_FILTER,2195,2195,0,0,0,0,0,1,162,162,170,8,910,1285,0,0.41457858769931662870159453302961275626423690205011389521640091116173120728929385,1.5,-0.99938485486317932860167300274035556354553953933011998993503063269975885375183946,-1.0,1.0629106536579939967652716419339659261899799706000891298312462041934746787479903,AVAILABLE,1365.0,-1284.2095384991854372531498085213568991560183080392041870665143630191901270711137,51.04965764544059964967586162112199865233997802251564363312782556757172402100301,21,7,2,0,0,2026-07,-0.079335455343555887900804842871781581696659481846928573090209476590089344798721653,0.016813364394350789266085955292243990325243278768078693400750321707479733802467829,AVAILABLE,AVAILABLE,AVAILABLE,2195,2195,0,0,0,0,0,1,162,162,170,8,875,1320,0,0.39863325740318906605922551252847380410022779043280182232346241457858769931662870,1.5,-0.99813276346861603161661142570598524770319182768492905643112772055953475673762561,-1.0,0.99617828229866121001016284450332675899272907099603277708480290587514569691940308,AVAILABLE,1312.5,-1317.5352477785731617339270819319005269682132125441063544890885911385858788936658,94.598630343077134601316764861740441721085090479484684205376727240395849930284048,21,5,4,0,0,2026-01,-0.12773644055082696125826295122503524566961112090152930836150712680016538915421860,-0.020446057409996065439543775564960027024288384662892033653100455200567249075757125,AVAILABLE,AVAILABLE,AVAILABLE,3311,6024,101,2814,3210,2195,1015,1015,969,162,10000,20260908,10000,0,-0.025652572294849571834028269796311555481750768026095818792920970155027220304898045,0.10160354684113335558958382616234391208923113910542472821524375200713026126039436,0.8889,AVAILABLE,WHOLE_SESSION
ATR050_TARGET_1.5R,0,target_first,IMMEDIATE_MINUS_MOMENTUM,0.014503167724414846381809352474938515635241514320870045020680848491647808853426265,-0.0030986108921102422089175985408084337511636825007830256850137967375529921256909057,0.037945540547068137925672069010771344348055440528836361245323752610847322518854807,-0.0011550103774820782386911534997268915572725341886589314301086975574423138467726123,0.039100550924550216164363222510498235905327974717495292675432450168289636365627417,COMMON_CONTROL_AVAILABILITY_IS_LATER_INFORMATION_NOT_A_PRIMARY_ENTRY_FILTER,2195,2195,0,0,0,0,0,1,162,162,170,8,911,1284,0,0.41503416856492027334851936218678815489749430523917995444191343963553530751708428,1.5,-0.99938437577818180471429112813189789653895506856635840114214514253831006781239385,-1.0,1.0649079195578839864741993520684225465311375329431499061802343688016340007664829,AVAILABLE,1366.5,-1283.2095384991854372531498085213568991560183080392041870665143630191901270711137,51.04965764544059964967586162112199865233997802251564363312782556757172402100301,21,7,2,0,0,2026-07,-0.079335455343555887900804842871781581696659481846928573090209476590089344798721653,0.018075990656977051892348581554870252951505905030704956027012947970105996428730455,AVAILABLE,AVAILABLE,AVAILABLE,2195,2195,0,0,0,0,0,1,162,162,170,8,876,1319,0,0.39908883826879271070615034168564920273348519362186788154897494305239179954441913,1.5,-0.99813134782302741602268922057005347002897135143601694805844472413842750484735845,-1.0,0.99807430315075045928529872055100232170925332374898126555240749386713335015713864,AVAILABLE,1314.0,-1316.5352477785731617339270819319005269682132125441063544890885911385858788936658,94.598630343077134601316764861740441721085090479484684205376727240395849930284048,21,5,4,0,0,2026-01,-0.12773644055082696125826295122503524566961112090152930836150712680016538915421860,-0.020446057409996065439543775564960027024288384662892033653100455200567249075757125,AVAILABLE,AVAILABLE,AVAILABLE,3311,6024,101,2814,3210,2195,1015,1015,969,162,10000,20260908,10000,0,-0.025652572294849571834028269796311555481750768026095818792920970155027220304898045,0.10160354684113335558958382616234391208923113910542472821524375200713026126039436,0.8889,AVAILABLE,WHOLE_SESSION
ATR050_TARGET_1.5R,0.01,stop_first,IMMEDIATE_MINUS_MOMENTUM,-0.014010897506285075358236948439891897148788652226968397129033249311049857559275987,-0.033119089049088308538531007890209881143609900976771087167626114779830275993011222,0.0098855393935083670379736601810665052539222795588747467147873735565252263273429298,-0.029074890144245775229949568221548720000424400831098197452546062232599826746581756,0.038960429537754142267923228402615225254346680389972944167333435789125053073924671,COMMON_CONTROL_AVAILABILITY_IS_LATER_INFORMATION_NOT_A_PRIMARY_ENTRY_FILTER,2195,2195,0,0,0,0,0,1,162,162,170,8,910,1285,0,0.41457858769931662870159453302961275626423690205011389521640091116173120728929385,1.4732699996465601436415057612907593127823743221518941048719668329632190698514398,-1.0264411989958123463544109406047859887934639918494113357155887416653357834834961,-1.0161383285302593659942363112391930835734870317002883704706458819523457548854322,1.0164512041863876564852212814362118269185922024292365937790071808636131820734103,AVAILABLE,1340.6756996783697307137702427745909746319606331582236354334898179965293535648102,-1318.9769407096188650654180586771499955996012295264935663945315330399564817762925,65.368316579753242308427075500369187748775142916168974977725221959036558203795375,21,5,4,0,0,2026-07,-0.10687362729668872501040905150167923034095613235146805281670446539972176226725194,-0.010706003351852268764508169353214124697453923353693226480313999375170005731446326,AVAILABLE,AVAILABLE,AVAILABLE,2195,2195,0,0,0,0,0,1,162,162,170,8,875,1320,0,0.39863325740318906605922551252847380410022779043280182232346241457858769931662870,1.4731725827840891544440943097517473972417427060027418294352862059785533558818005,-1.0248828740929526414911528964235442522632245663459542758819803309331748531100929,-1.0165155640549862497352948760601026037678446503420324645595367144740799662658154,0.95282581131667210849325973573443471437458796343938624607822089831276834540894298,AVAILABLE,1289.0260099360780101385825210327789725865248677523991007558754302312341863965754,-1352.8453938026974867683218232790784129874564275766596441642140368317908061053226,110.67912524390102459432921400465709372225930045519846481914533942913622174690291,21,5,4,0,0,2026-01,-0.15904229193145303070917432392639515667164165462566074382272249628165998230519414,-0.048256436328445767559619595016172295221209421324110043746417682559261027703838790,AVAILABLE,AVAILABLE,AVAILABLE,3311,6024,101,2814,3210,2195,1015,1015,969,162,10000,20260908,10000,0,-0.025746593285422652839527507044500957051366126947186043895798353618663089901604360,0.10141782075091600123509210221363649034623943688058647665329651837427094643300988,0.8877,AVAILABLE,WHOLE_SESSION
ATR050_TARGET_1.5R,0.01,target_first,IMMEDIATE_MINUS_MOMENTUM,-0.012920622757048267682702713812765861387776877259676639606137479577076896373057060,-0.028876664806664066114288583647785638719367476734346844743383690537406033568768798,0.011024491557517478655285733074005001837065787531539894778568694741035476896819005,-0.027935937980236663612637495328610223417280892858433049388764741048089576177105674,0.038960429537754142267923228402615225254346680389972944167333435789125053073924671,COMMON_CONTROL_AVAILABILITY_IS_LATER_INFORMATION_NOT_A_PRIMARY_ENTRY_FILTER,2195,2195,0,0,0,0,0,1,162,162,170,8,911,1284,0,0.41503416856492027334851936218678815489749430523917995444191343963553530751708428,1.4732468205243691250666134045887602053402185966211588825421061011295286202477095,-1.0264245284493375446163026693792208473773985497586804306517915678912988327547862,-1.0161314640826931115976709418413692831568272113041915384803185027096101582374145,1.0183611994523877777607716827855691039519146297157591031569572200723783527270436,AVAILABLE,1342.1278534977002729356848115803605470649391415218757419958586581290005730456634,-1317.9290945289494072873326274829195680325797378901456729569003731724277012571455,65.368316579753242308427075500369187748775142916168974977725221959036558203795376,21,5,4,0,0,2026-07,-0.10687362729668872501040905150167923034095613235146805281670446539972176226725194,-0.0094433770892260061382455430905878620711912970910669638540513731125437431051836990,AVAILABLE,AVAILABLE,AVAILABLE,2195,2195,0,0,0,0,0,1,162,162,170,8,876,1319,0,0.39908883826879271070615034168564920273348519362186788154897494305239179954441913,1.4731485887618819090873254450211741381501180092648986384911464273558280889011741,-1.0248654644594602190979805853562153035787982835028898792468406951965595341820893,-1.0164994852416026710357322221810756725150309490640653919717876752606007303337261,0.95463863359236926083067020567904035013100703818642469150423755783631463718257449,AVAILABLE,1290.4781637554085523604970898385485450195033761160512073182442703637054058774285,-1351.7975476220280289902363920848479854204349359403117507265828769642620255861758,110.67912524390102459432921400465709372225930045519846481914533942913622174690293,21,5,4,0,0,2026-01,-0.15904229193145303070917432392639515667164165462566074382272249628165998230519414,-0.048256436328445767559619595016172295221209421324110043746417682559261027703838790,AVAILABLE,AVAILABLE,AVAILABLE,3311,6024,101,2814,3210,2195,1015,1015,969,162,10000,20260908,10000,0,-0.025746593285422652839527507044500957051366126947186043895798353618663089901604360,0.10141782075091600123509210221363649034623943688058647665329651837427094643300988,0.8877,AVAILABLE,WHOLE_SESSION
ATR050_TARGET_1.5R,0.02,stop_first,IMMEDIATE_MINUS_MOMENTUM,-0.041434687987748189422749014727596274171807043807515081755851577379774562785759317,-0.058897142963642132443901992997187086111813695210334906225996008579683317436089171,-0.017035509596042292232412675755699837257067373438421719751967684313286619294692865,-0.055855817747000360603895910050432051860432759500872315411202105723247089076914856,0.038820308150958068371483234294732214603365386062450595659234421409960469782221960,COMMON_CONTROL_AVAILABILITY_IS_LATER_INFORMATION_NOT_A_PRIMARY_ENTRY_FILTER,2195,2195,0,0,0,0,0,1,162,162,170,8,910,1285,0,0.41457858769931662870159453302961275626423690205011389521640091116173120728929385,1.4465399992931202872830115225815186255647486443037882097439336659264381397028810,-1.0534975431284453641071488784692164140413884443687026814961468506309127132151532,-1.0322766570605187319884726224783861671469740634005767409412917639046915097708643,0.97237813494189342940952670142660866762062441449805214056590119089066064645839673,AVAILABLE,1316.3513993567394614275404855491819492639212663164472708669796359930587071296217,-1353.7443429200522928776863088329430920431841510137829457225487030607228364814718,82.683176167770089357458668271278158941670562247845922161190239937495558933651949,21,5,4,0,0,2026-07,-0.13441179924982156212001326013157687898525278285600753254319945420935417973578222,-0.038225371098055326795102293998672239720151125475465146361378320457819745265360460,AVAILABLE,AVAILABLE,AVAILABLE,2195,2195,0,0,0,0,0,1,162,162,170,8,875,1320,0,0.39863325740318906605922551252847380410022779043280182232346241457858769931662870,1.4463451655681783088881886195034947944834854120054836588705724119571067117636011,-1.0516329847172892513656943671411032568232573050069794953328329413068149494825605,-1.0330311281099724994705897521202052075356893006840649291190734289481599325316307,0.91167883105522808233515871070123008738060769449105345351995961888814637636517249,AVAILABLE,1265.5520198721560202771650420655579451730497355047982015117508604624683727931510,-1388.1555398268218118027165646262562990066996426092129338393394825249957333169799,157.02949361352763176401581279586423471856301028158625038863490838971827482730027,21,3,6,0,0,2026-01,-0.19034814331207910016008569662775506767367218834979217928393786576315457545616974,-0.076066815246895469679695414467384563418130457985328053839734909917954806331920524,AVAILABLE,AVAILABLE,AVAILABLE,3311,6024,101,2814,3210,2195,1015,1015,969,162,10000,20260908,10000,0,-0.025906856677030032199642715505770577181877535086380199158344392152904965443493638,0.10127469746851637034804625426067510119837043080427902451159825829838443992695409,0.8875,AVAILABLE,WHOLE_SESSION
ATR050_TARGET_1.5R,0.02,target_first,IMMEDIATE_MINUS_MOMENTUM,-0.040344413238511381747214780100470238410795268840223324232955807645801601599540386,-0.054654718721217890019659568754762843687571270967910663801753584337259075011846737,-0.015896557432033180615100602862761340673923865465756571688186363128776368725216785,-0.054716865582991248986583837157493555277289251528207167347420784538736838507438765,0.038820308150958068371483234294732214603365386062450595659234421409960469782221960,COMMON_CONTROL_AVAILABILITY_IS_LATER_INFORMATION_NOT_A_PRIMARY_ENTRY_FILTER,2195,2195,0,0,0,0,0,1,162,162,170,8,911,1284,0,0.41503416856492027334851936218678815489749430523917995444191343963553530751708428,1.4464936410487382501332268091775204106804371932423177650842122022590572404954204,-1.0534646811204932845183142106265437982158420309510024601614379932442875976971792,-1.0322629281653862231953418836827385663136544226083830769606370054192203164748289,0.97420398597307567391448640623215795816735893738087173779813505858974634281346601,AVAILABLE,1317.7557069954005458713696231607210941298782830437514839917173162580011460913280,-1352.6486505587133773215154464444822369091411677410871588472863833256652754431781,82.683176167770089357458668271278158941670562247845922161190239937495558933651949,21,5,4,0,0,2026-07,-0.13441179924982156212001326013157687898525278285600753254319945420935417973578222,-0.036962744835429064168839667736045977093888499212838883735115694195193482639097835,AVAILABLE,AVAILABLE,AVAILABLE,2195,2195,0,0,0,0,0,1,162,162,170,8,876,1319,0,0.39908883826879271070615034168564920273348519362186788154897494305239179954441913,1.4462971775237638181746508900423482763002360185297972769822928547116561778023485,-1.0515995810958930221732719501423771371286252155697628104352366662546915635168204,-1.0329989704832053420714644443621513450300618981281307839435753505212014606674522,0.91341143630238739358896725384063930509688350176249444329572928623679336788131385,AVAILABLE,1266.9563275108171047209941796770970900390067522321024146364885407274108117548573,-1387.0598474654828962465457022377954438726566593365171469640771627899381722786861,154.52949361352763176401581279586423471856301028158625038863490838971827482730026,21,3,6,0,0,2026-01,-0.19034814331207910016008569662775506767367218834979217928393786576315457545616974,-0.076066815246895469679695414467384563418130457985328053839734909917954806331920524,AVAILABLE,AVAILABLE,AVAILABLE,3311,6024,101,2814,3210,2195,1015,1015,969,162,10000,20260908,10000,0,-0.025906856677030032199642715505770577181877535086380199158344392152904965443493638,0.10127469746851637034804625426067510119837043080427902451159825829838443992695409,0.8875,AVAILABLE,WHOLE_SESSION
ATR050_TARGET_2R,0,stop_first,IMMEDIATE_MINUS_MOMENTUM,-0.017577158495606472858499234641380201789124317051764633736069891926625026729029984,-0.022649156806639127589340225196513374562518876011707858165323689146950849610615539,0.0030179802702475581388489153840800204059329929243067868751329783682119315616359344,-0.042368691644508461421094526728152320143031081569542201020722992896382881589535841,0.045386671914756019559943442112232340548964074493848987895855971264594813151171777,COMMON_CONTROL_AVAILABILITY_IS_LATER_INFORMATION_NOT_A_PRIMARY_ENTRY_FILTER,2195,2195,0,0,0,0,0,1,162,162,170,8,734,1461,0,0.33439635535307517084282460136674259681093394077448747152619589977220956719817768,1.9964030573312225156314457522517864143930940279258854510588155839252456641229647,-0.99844995029974259846591910532837480039254489871919679937457477829083170957458255,-1.0,1.0045412394844741841192822149475115971829540067518066032904002196693286512833029,AVAILABLE,1465.3598440811173264734811821528112281645310164975999210771706386011303174662561,-1458.7353773879239363587078128847555833735080970287465238862537510829051276884651,114.28515360567104275615891452311409563210950346120605804083067254334249159168536,21,7,2,0,0,2026-07,-0.18689797485947590395383146341493763967573823961291150723704131505425408595021321,-0.011758031164901003618090715045688047929047336064711824912812986065041939160383145,AVAILABLE,AVAILABLE,AVAILABLE,2195,2195,0,0,0,0,0,5,162,162,170,8,700,1495,0,0.31890660592255125284738041002277904328018223234624145785876993166287015945330296,1.9993370994555386984494637082337231203632285549985160332122880310443220768637639,-0.99835133630673790082536928557317761001218275086562297959136360611276647417636508,-1.0,0.93769039739723916314688784748144650924504812025191112441330554840244211294435388,AVAILABLE,1399.5359696188770889146245957636061842542599884989612232486016217310254538046347,-1492.5352477785731617339270819319005269682132125441063544890885911385858788936658,149.09863034307713460131676486174044172108509047948468420537672724039584993028405,21,4,5,0,0,2026-07,-0.19725114288870610745542981677444045265424826931031846557686767123478691186955218,-0.062974848158553859080512390555684277767129810421726214091295046096617993979707835,AVAILABLE,AVAILABLE,AVAILABLE,3311,6024,101,2814,3210,2195,1015,1015,969,162,10000,20260908,10000,0,-0.021355910024292676151821003980942256215222111847250532063749565261840156648506136,0.10985769815414489350774284408274258260160473579747025349989925735135293345745302,0.9099,AVAILABLE,WHOLE_SESSION
ATR050_TARGET_2R,0,target_first,IMMEDIATE_MINUS_MOMENTUM,-0.016268828796522303647858153088828958875910187091014524708594968245857473305567272,-0.015376429533911854862067497923786101835246148738980585438050961874223576883342813,0.0043847228670584920796234028556062163057052024915049645516705637896242322450072328,-0.035534978660453791717222089370521340644170033733551312638035065789321378172679351,0.039919701527512283796845492226127556949875236225056277189705629578945610417686585,COMMON_CONTROL_AVAILABILITY_IS_LATER_INFORMATION_NOT_A_PRIMARY_ENTRY_FILTER,2195,2195,0,0,0,0,0,1,162,162,170,8,735,1460,0,0.33485193621867881548974943052391799544419134396355353075170842824601366742596811,1.9964079511307718727530356219766139158701102265273468313975110729267079149200763,-0.99844888862186570983473137868818875573527951851284008485359845964582542992360623,-1.0,1.0066023414417225766714147057756011254404523100447209719757609920281236137391148,AVAILABLE,1467.3598440811173264734811821528112281645310164975999210771706386011303174662561,-1457.7353773879239363587078128847555833735080970287465238862537510829051276884651,114.28515360567104275615891452311409563210950346120605804083067254334249159168536,21,7,2,0,0,2026-07,-0.18689797485947590395383146341493763967573823961291150723704131505425408595021321,-0.011148177967092410750993458418840250407926973838404259383822274155221409794136435,AVAILABLE,AVAILABLE,AVAILABLE,2195,2195,0,0,0,0,0,5,162,162,170,8,705,1490,0,0.32118451025056947608200455580865603644646924829157175398633257403189066059225513,1.9993418008778398424320916251966045166727092035446258485795767684128020621342336,-0.99834580387823702129793763888047015232765987419067540569737489338160126100246027,-1.0,0.94756475298573453112596641540801577477922247431106912385589408629839390751754091,AVAILABLE,1409.5359696188770889146245957636061842542599884989612232486016217310254538046347,-1487.5352477785731617339270819319005269682132125441063544890885911385858788936658,149.09863034307713460131676486174044172108509047948468420537672724039584993028405,21,5,4,0,0,2026-07,-0.19725114288870610745542981677444045265424826931031846557686767123478691186955218,-0.055092557039268520141994261286109921487571218724406193071852061335714157931363116,AVAILABLE,AVAILABLE,AVAILABLE,3311,6024,101,2814,3210,2195,1015,1015,969,162,10000,20260908,10000,0,-0.027022857821792475123019660678072968477779166083404997156521010887373376170176769,0.10472540331223094470402156790180316466999869789528183755136255620332059480480471,0.8754,AVAILABLE,WHOLE_SESSION
ATR050_TARGET_2R,0.01,stop_first,IMMEDIATE_MINUS_MOMENTUM,-0.045000948977069586923011300929084578812142708632311318362888219995349731955513284,-0.048427210721192951494711210303490579530722670245271677223693582946803891053693452,-0.023903068719303101131537420552686322105056660072989679591622079501599914060399865,-0.069149619247263046795040868557035652003039440239316318979379036387030143919868929,0.045246550527959945663503448004349329897982780166326639387756956885430229859469028,COMMON_CONTROL_AVAILABILITY_IS_LATER_INFORMATION_NOT_A_PRIMARY_ENTRY_FILTER,2195,2195,0,0,0,0,0,1,162,162,170,8,734,1461,0,0.33439635535307517084282460136674259681093394077448747152619589977220956719817768,1.9695680340386048858401238379879716617981293491669598620194761456401845185673443,-1.0254142182225915764478956435293071025191145182400827415646173548295053032108203,-1.0178623748648537779888386311121692891058301321182305734856274533600665930040535,0.96497818628137199713803705550032335630781877058555167991897328981491105929278090,AVAILABLE,1445.6629369843359862066508970831711997598269422885485387222954908998954366284307,-1498.1301728232062931903755351963176767804263111487608854259059554059072479910084,131.14970398407754999608150338467979648024388436511168349711499654789863831741825,21,5,4,0,0,2026-07,-0.21443614681260874106343567204483528832003489011745098696353630386388650341874349,-0.039561975533635853647561625098722214672077173870945866669786284592479264506569321,AVAILABLE,AVAILABLE,AVAILABLE,2195,2195,0,0,0,0,0,5,162,162,170,8,700,1495,0,0.31890660592255125284738041002277904328018223234624145785876993166287015945330296,1.9726354333572982701038016847833013355558121923506353070778442427556441583693127,-1.0251693763196328941724253416929793919971505725556816288389484647481485463295197,-1.0180824789478974378106066461545844891530095379223348761308817186591479952350521,0.90096527487557384521478987280953047117283809476011679112853302528117568192824085,AVAILABLE,1380.8448033501087890726611793483109348890685346454447149544909699289509108585189,-1532.6282175978511767877758858310041910357401059707440351142279547984820767626319,167.64906187123703774934658778129596902002149847452505617687881392273579593217025,21,3,6,0,0,2026-07,-0.22462864109818783725142331788606102206908792041899221685145027676288976053330131,-0.090631532700960231343551678501637885230659343081681790511005890305319201028204204,AVAILABLE,AVAILABLE,AVAILABLE,3311,6024,101,2814,3210,2195,1015,1015,969,162,10000,20260908,10000,0,-0.021427740359275051328930782405615281442791878095546882239340600298340388888639901,0.10967480680115416233418187246041402675262148640022889726850723544483399346056997,0.9092,AVAILABLE,WHOLE_SESSION
ATR050_TARGET_2R,0.01,target_first,IMMEDIATE_MINUS_MOMENTUM,-0.043692619277985417712370219376533335898928578671561209335413296314582178532050576,-0.041154483448465678767438483030763306803449942972544404496420855674076618326420725,-0.022536326122492167190762933081160126205284450505791501915084494080187613377028567,-0.062315906263208377091168431199404672504178392403325430596691109279968640503012428,0.039779580140716209900405498118244546298893941897533928681606615199781027125983835,COMMON_CONTROL_AVAILABILITY_IS_LATER_INFORMATION_NOT_A_PRIMARY_ENTRY_FILTER,2195,2195,0,0,0,0,0,1,162,162,170,8,735,1460,0,0.33485193621867881548974943052391799544419134396355353075170842824601366742596811,1.9695443412294782699708373685563820029834087763975518983464820830372335457269167,-1.0253988538647512571317055506863611295982224791180910904029279421495742927889463,-1.0178623748648537779888386311121692891058301321182305734856274533600665930040535,0.96695757143175349363041850505438112293105553366378986681596897226521670791392639,AVAILABLE,1447.6150908036665284285654658889407721928054506522006452846643310323666561092838,-1497.0823266425368354122901040020872492134048195124129919882747955383784674718616,131.14970398407754999608150338467979648024388436511168349711499654789863831741825,21,5,4,0,0,2026-07,-0.21443614681260874106343567204483528832003489011745098696353630386388650341874349,-0.039129955185876538344710969162540069995155802048382630109363022435998329308847493,AVAILABLE,AVAILABLE,AVAILABLE,2195,2195,0,0,0,0,0,5,162,162,170,8,705,1490,0,0.32118451025056947608200455580865603644646924829157175398633257403189066059225513,1.9725113041703348607137315902216018521548015720175602163500609831502481040020420,-1.0251032776428378956498627366368607798092662279179055521386107234835275699500353,-1.0179656236583995862442097038763603987700028270803011783032419292223428129915198,0.91044712161037149276437783879472619532299024435897200201760124272969859635398079,AVAILABLE,1390.6204694400860768031807711062293057691351082723799525267929931209249133214396,-1527.4038836878284645182954775889225619158066795976792726865299779904560792255526,164.64906187123703774934658778129596902002149847452505617687881392273579593217025,21,4,5,0,0,2026-07,-0.22462864109818783725142331788606102206908792041899221685145027676288976053330131,-0.082749241581674892405033549232063528951100751384361769491562905544415364979859475,AVAILABLE,AVAILABLE,AVAILABLE,3311,6024,101,2814,3210,2195,1015,1015,969,162,10000,20260908,10000,0,-0.027190469531771204953060603685440210363102556174578201611146141542760861432304241,0.10459718742759398206735842070904952035788763127460833338032437586426191497255739,0.8738,AVAILABLE,WHOLE_SESSION
ATR050_TARGET_2R,0.02,stop_first,IMMEDIATE_MINUS_MOMENTUM,-0.072424739458532700987523367216788955835161100212858002989706548064074437181996572,-0.074205264635746775400082195410467784498926464478835496282063476746656932496771382,-0.050824117708853760401923756489452664616046313070286146058377137371411759682435681,-0.095930546850017632168987210385918983863047798909090436938035079877677406250202055,0.045106429141163871767063453896466319247001485838804290879657942506265646567766320,COMMON_CONTROL_AVAILABILITY_IS_LATER_INFORMATION_NOT_A_PRIMARY_ENTRY_FILTER,2195,2195,0,0,0,0,0,1,162,162,170,8,734,1461,0,0.33439635535307517084282460136674259681093394077448747152619589977220956719817768,1.9427330107459872560488019237241569092031646704080342729801367073551233730117267,-1.0523784861454405544298721817302394046456841377609686837546599313681788968470589,-1.0357247497297075559776772622243385782116602642364611469712549067201331860081071,0.92744251919544846128309911051636568759010394626798882329367769182070124853710874,AVAILABLE,1425.9660298875546459398206120135311713551228680794971563674203431986605557906074,-1537.5249682584886500220432575078797701873445252687752469655581597289093682935530,154.14960083412252931787192751847610707928033463653384327227660052532276504945717,21,5,4,0,0,2026-07,-0.24197431876574157817303988067473293696433154062199046669003129267351892088727377,-0.067365919902370703677032535151756381415107011677179908426759583119916589852755518,AVAILABLE,AVAILABLE,AVAILABLE,2195,2195,0,0,0,0,0,5,162,162,170,8,700,1495,0,0.31890660592255125284738041002277904328018223234624145785876993166287015945330296,1.9459337672590578417581396613328795507483958297027545809434004544669662398748626,-1.0519874163325278875194813978127811739821183942457402780865333233835306184826743,-1.0361649578957948756212132923091689783060190758446697522617634373182959904701041,0.86611260023678923087470157809676313482237428152839174623061706574455030178317355,AVAILABLE,1362.1536370813404892306977629330156855238770807919282066603803181268763679124038,-1572.7211874171291918416246897301078551032669993973817157393673184583782746315981,221.39534218687023900099314647231444129207640228842888414419895631020319029488604,21,2,7,0,0,2026-07,-0.25200613930766956704741681899768159148392757152766596812603288229099260919705043,-0.11828821724336660360659096644759149269418887574163736693071673451402040807670060,AVAILABLE,AVAILABLE,AVAILABLE,3311,6024,101,2814,3210,2195,1015,1015,969,162,10000,20260908,10000,0,-0.021551606354841463041227570114634440208179306545253697760448089443041225062154220,0.10949018447808536719519839979054013609400799146653480734006610051016628769707496,0.9086,AVAILABLE,WHOLE_SESSION
ATR050_TARGET_2R,0.02,target_first,IMMEDIATE_MINUS_MOMENTUM,-0.071116409759448531776882285664237712921946970252107893962231624383306883758533860,-0.066932537363019502672809468137740511771653737206108223554790749473929659769498669,-0.049457375112042826461149269017926468716274103503087968381839551949999458999064374,-0.089096833865962962465114773028288004364186751073099548555347152770615902833345554,0.039639458753920136003965504010361535647912647570011580173507600820616443834281124,COMMON_CONTROL_AVAILABILITY_IS_LATER_INFORMATION_NOT_A_PRIMARY_ENTRY_FILTER,2195,2195,0,0,0,0,0,1,162,162,170,8,735,1460,0,0.33485193621867881548974943052391799544419134396355353075170842824601366742596811,1.9426807313281846671886391151361500900967073262677569652954530931477591765337601,-1.0523488191076368044286797226845335034611654397233420959522574246533231556542871,-1.0357247497297075559776772622243385782116602642364611469712549067201331860081071,0.92934335470303739590238977082454311008053283630411002383262832236797025465098589,AVAILABLE,1427.8703375262157303836497496250703162210798848068013694921580234636029947523137,-1536.4292758971497344658723951194189150533015419960794600902958399938518072552592,154.14960083412252931787192751847610707928033463653384327227660052532276504945718,21,5,4,0,0,2026-07,-0.24197431876574157817303988067473293696433154062199046669003129267351892088727377,-0.067111732404660665938428479906239889582384630258361000834903770716775248823558550,AVAILABLE,AVAILABLE,AVAILABLE,2195,2195,0,0,0,0,0,5,162,162,170,8,705,1490,0,0.32118451025056947608200455580865603644646924829157175398633257403189066059225513,1.9456808074628298789953715552465991876368939404904945841205451978876941458698513,-1.0518607514074387700017878343932514072908725816451356985798465535854538788976104,-1.0359312473167991724884194077527207975400056541606023566064838584446856259830395,0.87521790378480863383859473470974192389430841055801685312262346764331817886641446,AVAILABLE,1371.7049692612950646917369464488524272840102280457986818049843645108243728382452,-1567.2725195970837673026638732459445968634001466512521908839713648423262795574395,215.31649896872662025975964896622084499453862419233902033229113366416080468810604,21,3,6,0,0,2026-07,-0.25200613930766956704741681899768159148392757152766596812603288229099260919705043,-0.11040592612408126466807283717801713641463028404431734591127374975311657202835588,AVAILABLE,AVAILABLE,AVAILABLE,3311,6024,101,2814,3210,2195,1015,1015,969,162,10000,20260908,10000,0,-0.027382386587032818840209103701234096300848127697716463012757651127759253128136039,0.10444924972068799193966945830583552007976506868484465721634509991217599420337690,0.8734,AVAILABLE,WHOLE_SESSION
ATR050_TARGET_2R_BE1R,0,stop_first,IMMEDIATE_MINUS_MOMENTUM,-0.0028670052521716968101370846876804420043622384550905288769474247447932671387148875,-0.016829633353597424931471455135256778103822540625798878267318321269090892254077109,0.017473734888560059951557074766236534841677615348987298238216266408275815270334120,-0.029828447595639613637676793593043232454582938031928602769349517237035217008299991,0.047302182484199673589233868359279767296260553380915901007565783645311032278634109,COMMON_CONTROL_AVAILABILITY_IS_LATER_INFORMATION_NOT_A_PRIMARY_ENTRY_FILTER,2195,2195,0,0,0,0,0,7,162,162,170,8,550,1075,570,0.25056947608200455580865603644646924829157175398633257403189066059225512528473804,2,-0.98757688550661457526170439152382400560234198540369570266708399556635775393638753,0E+38,1.0361277475915922772230966898246957430382891747706531335394842333565297684919035,AVAILABLE,1100,-1061.6451519196106684063322208881108060225176343089728803671152952338345854816166,78.623215678488967223521359173019659014569394627518446087526972777629140600330505,15,7,2,0,0,2026-07,-0.12338204782054212337002513504214441351398211791336629962825394938891500459827562,0.0052297212527218846432665551070147444330719018641551109256993458414976841001936333,AVAILABLE,AVAILABLE,AVAILABLE,2195,2195,0,0,0,0,0,4,162,162,170,8,518,1117,560,0.23599088838268792710706150341685649202733485193621867881548974943052391799544419,1.9991041884534306735803563624780042167070656148628595043409297716815163200861674,-0.98568434385971892645418545899761511145216610338320904774156115672902216216459561,-0.72421270205390788705185267888517392043468374695427116280453650802429578238408041,0.94053325815983189871671514849601640745495769655219663542355540735269432878644067,AVAILABLE,1035.5359696188770889146245957636061842542599884989612232486016217310254538046347,-1101.0094120913060408493251577003360794920695374790445063273238120663177551378533,118.61377228940287920974109493952057199867130201629904375584121111501511744936003,17,3,6,0,0,2026-07,-0.14900111297353288776391791536281493195732521635839103624886245868580168285580335,-0.048912204885676663319519653452437329972422058388403053122740973570953829193241191,AVAILABLE,AVAILABLE,AVAILABLE,3311,6024,101,2814,3210,2195,1015,1015,969,162,10000,20260908,10000,0,-0.010391925359565420302260321725128684649244616223533033296974782839005624138849400,0.10390010392982006939183157759757734873015088452737441696466439348604001196932618,0.948,AVAILABLE,WHOLE_SESSION
ATR050_TARGET_2R_BE1R,0,target_first,IMMEDIATE_MINUS_MOMENTUM,0.0045468630426385953834957107767766011705178313224934222787438094462228689275738173,-0.0090720575960216673557138793776810205280649648682231206915607455115151346783195314,0.024307447872614729655429512123867514340538663184978186620904193515337318687190612,-0.025728219805206811815353331178464644755266309330334069739736760972798314958186096,0.050035667677821541470782843302332159095804972515312256360640954488135633645376706,COMMON_CONTROL_AVAILABILITY_IS_LATER_INFORMATION_NOT_A_PRIMARY_ENTRY_FILTER,2195,2195,0,0,0,0,0,7,162,162,170,8,557,1074,564,0.25375854214123006833712984054669703872437357630979498861047835990888382687927107,2,-0.98756531836090378808783260790326890691109649376999337091910176464975287288791117,0E+37,1.0503041455323912593807879882169057389101476322197159545332922886514625683855628,AVAILABLE,1114,-1060.6451519196106684063322208881108060225176343089728803671152952338345854816166,76.623215678488967223521359173019659014569394627518446087526972777629140600330502,15,7,2,0,0,2026-07,-0.12338204782054212337002513504214441351398211791336629962825394938891500459827562,0.011795377818378450299832211672671310089637558429811676582265002407154249756759289,AVAILABLE,AVAILABLE,AVAILABLE,2195,2195,0,0,0,0,0,4,162,162,170,8,522,1116,557,0.23781321184510250569476082004555808656036446469248291571753986332574031890660592,1.9991110529097262239743766202367934564257854185803854851505778194080947390893385,-0.98567151621084770685423401227628680958070747085935887663738692837483669815219830,-0.52677508764051672892084954765130377546772253465353754385778675531742239046527295,0.94866094612312154817794177845692730045602812708211226142644868631205596709361072,AVAILABLE,1043.5359696188770889146245957636061842542599884989612232486016217310254538046347,-1100.0094120913060408493251577003360794920695374790445063273238120663177551378533,116.61377228940287920974109493952057199867130201629904375584121111501511744936003,17,3,6,0,0,2026-07,-0.14900111297353288776391791536281493195732521635839103624886245868580168285580335,-0.046610708913294614988104233429422370248601575074248852892591376332748996051699189,AVAILABLE,AVAILABLE,AVAILABLE,3311,6024,101,2814,3210,2195,1015,1015,969,162,10000,20260908,10000,0,-0.0074858226548149195684543415180921140106391926058186895366205872199992731891522557,0.10628760912930321722305426335004380128050999370071992199196862257398552579201238,0.958,AVAILABLE,WHOLE_SESSION
ATR050_TARGET_2R_BE1R,0.01,stop_first,IMMEDIATE_MINUS_MOMENTUM,-0.030290795733634810874649150975384819027380630035637213503765752813517972365198210,-0.042607687268151248836842440242233983072026334859362697325688215068943933697155004,-0.0094473141009905993188292611705298076693120376483091682285387914615360303517016770,-0.056609375198394199011623135421926564314591296701702720728005560727682479338633080,0.047162061097403599692793874251396756645279259053393552499466769266146448986931367,COMMON_CONTROL_AVAILABILITY_IS_LATER_INFORMATION_NOT_A_PRIMARY_ENTRY_FILTER,2195,2195,0,0,0,0,0,7,162,162,170,8,550,1645,0,0.25056947608200455580865603644646924829157175398633257403189066059225512528473804,1.973130394093464183398408537670474491722334060261490679224547816189810493860754,-0.67231524085293596740058050090460419348414811901632735430707838672490416914613951,-0.050899542067283421855215556513413918777228545706696649342875830738185007262641730,0.98124988133224874870895029214898303838058016775016680301361713441281901010383096,AVAILABLE,1085.2217167514053008691246957187609704472837331438198735735012989043957716234147,-1105.9585712030796663739549239880738982814236557818584978351439461624673582453995,95.846113429750396734156168701523756054209601145035121954247125249193921868836330,42,7,2,0,0,2026-07,-0.15092021977367496047962934367204206215827876841790577935474893819854742206680591,-0.022289646493481173387327569538443370589625300257616808955364975241152055433720512,AVAILABLE,AVAILABLE,AVAILABLE,2195,2195,0,0,0,0,0,4,162,162,170,8,518,1677,0,0.23599088838268792710706150341685649202733485193621867881548974943052391799544419,1.9728889661230772543496254898477227817891949479536594768415882338355742982358197,-0.68349079487908722992463851281589100157264810930246456827782642273350657640694925,-0.74378601832563512724244329182801645882481033470979200504249695418711458731337988,0.89159304307091761157062079313577353624392933295957264484334910042329590637321550,AVAILABLE,1021.9564844517540177531060037411204009668029830399956090039427051268274864861546,-1146.2140630122292845836187859922492096373308793002330810019149109240905286344539,136.53917503511944610492693290070084883538836016622662293774422097964915089812614,34,3,6,0,0,2026-07,-0.17637861118301461755991141647443550137216486746706478752344506421390453151955247,-0.076722583804126365439595472903649598169343095049621063216058200929647607821322854,AVAILABLE,AVAILABLE,AVAILABLE,3311,6024,101,2814,3210,2195,1015,1015,969,162,10000,20260908,10000,0,-0.010494366709257670161037831130342776735355554546081342800561000053441210597875529,0.10376228018821963327431523454378291483393403798844713453219480405998592226751968,0.9475,AVAILABLE,WHOLE_SESSION
ATR050_TARGET_2R_BE1R,0.01,target_first,IMMEDIATE_MINUS_MOMENTUM,-0.022876927438824518681016355510927775852500560258053262348074518622501836298909498,-0.034850111510575491261084864484658225496268759101786939749930639311368176121397423,-0.0026136011169359296149568238128988281704509898123182798458508643544745269348451843,-0.052509147407961397189299673007347976615274668000108187698392804463445577288519166,0.049895546291025467574342849194449148444823678187789907852541940108971050353673964,COMMON_CONTROL_AVAILABILITY_IS_LATER_INFORMATION_NOT_A_PRIMARY_ENTRY_FILTER,2195,2195,0,0,0,0,0,7,162,162,170,8,557,1638,0,0.25375854214123006833712984054669703872437357630979498861047835990888382687927107,1.9731195999848370465537338629747108028111477999178365644601277689345058679911501,-0.67445938439757545814118436504653653540900442441530744240899500278058080286511319,-0.050650475044020334085982990901208260515377338485666355380260008249975924758270409,0.99480716967378453237585979676611912658224214770276628099873373393155777225914715,AVAILABLE,1099.0276171915542349304297616769139171658093245542349664042911672965197684710706,-1104.7644716432286004352599899462268449999492471922735906659338145545913550930554,93.846113429750396734156168701523756054209601145035121954247125249193921868836332,42,7,2,0,0,2026-07,-0.15092021977367496047962934367204206215827876841790577935474893819854742206680591,-0.015723989927824607730761912972786804933059643691960243298799318675495489777154859,AVAILABLE,AVAILABLE,AVAILABLE,2195,2195,0,0,0,0,0,4,162,162,170,8,522,1673,0,0.23781321184510250569476082004555808656036446469248291571753986332574031890660592,1.9728283084221925863200234339340190681235710042479169104170353014403471422363705,-0.68444348807941410453650030768959160922356961176189485907690653505626075935187370,-0.54628527607164697814014027163838910048504559149255745288955663514399359011213491,0.89934486065188299005785221916931547691830050309164628310129982841779236048594599,AVAILABLE,1029.8163769963845300590522325135579535605040642174126272376924273518612082473854,-1145.0739555568597968895650147646867622310319604776500992356646331491242503956847,134.53917503511944610492693290070084883538836016622662293774422097964915089812612,34,3,6,0,0,2026-07,-0.17637861118301461755991141647443550137216486746706478752344506421390453151955247,-0.074421087831744317108180052880634638445522611735466862985908603691442774679780852,AVAILABLE,AVAILABLE,AVAILABLE,3311,6024,101,2814,3210,2195,1015,1015,969,162,10000,20260908,10000,0,-0.0075914486567900605158493941903978214045633383756653276059802631188449442564144020,0.10613188657997431869452588857199436643447739414256564170330040623693146317270366,0.9577,AVAILABLE,WHOLE_SESSION
ATR050_TARGET_2R_BE1R,0.02,stop_first,IMMEDIATE_MINUS_MOMENTUM,-0.057714586215097924939161217263089196050399021616183898130584080882242677591681509,-0.068385741182705072742213425349211188040230129092926516384058108868796975140232924,-0.036368363090541258589215597107296150180301690645605634695293849331347875973737473,-0.083390302801148784385569477250809896174599655371476838686661604218329741668966155,0.047021939710607525796353880143513745994297964725871203991367754886981865695228638,COMMON_CONTROL_AVAILABILITY_IS_LATER_INFORMATION_NOT_A_PRIMARY_ENTRY_FILTER,2195,2195,0,0,0,0,0,7,162,162,170,8,550,1645,0,0.25056947608200455580865603644646924829157175398633257403189066059225512528473804,1.9462607881869283667968170753409489834446681205229813584490956323796209877215091,-0.69925348965747639169700767604135987266889342082355265367974018060249248085664632,-0.10170434240373349269406809450088004618570752696103819162437776448664910464689079,0.93060027746135788258525200417779385778456685245518149088222777721299803365383449,AVAILABLE,1070.4434335028106017382493914375219408945674662876397471470025978087915432468300,-1150.2719904865486643415776270880369905403296772547441153031725970911001310091832,113.06901118101182624479097823002785309384980766255179782096727772075870313734218,42,3,6,0,0,2026-07,-0.17845839172680779758923355230193971080257541892244525908124392700817983953533619,-0.049809014239684231417921694183901485612322502379388728836429296323801794967634675,AVAILABLE,AVAILABLE,AVAILABLE,2195,2195,0,0,0,0,0,4,162,162,170,8,518,1677,0,0.23599088838268792710706150341685649202733485193621867881548974943052391799544419,1.9466737437927238351188946172174413468713242810444594493422466959896322763854726,-0.71044646030599435200829601328811111495682302988755018227579368502198169477105301,-0.76335933459736236743303390477085899721493692246531284728045740034993339224267935,0.84636659428971199921578019389258060400593264807455439974335498972266047395351689,AVAILABLE,1008.3769992846309465915874117186346176793459775810299947592837885226295191676748,-1191.4187139331525283179124142841623397825922211214216556765060097818633021310559,189.04653152552704070602279030678719928569712481365304279017633023246708287363284,34,1,8,0,0,2026-07,-0.20375610939249634735590491758605607078700451857573853879802766974200738018330165,-0.10453296272257606755967129235486186636626413171083907330937542828834138644940455,AVAILABLE,AVAILABLE,AVAILABLE,3311,6024,101,2814,3210,2195,1015,1015,969,162,10000,20260908,10000,0,-0.010635153556122780705806428750302337627696629178153215335296681530448301785177590,0.10363377494414554967124055746475736409316473510761858732014516084162400036199567,0.9471,AVAILABLE,WHOLE_SESSION
ATR050_TARGET_2R_BE1R,0.02,target_first,IMMEDIATE_MINUS_MOMENTUM,-0.050300717920287632745528421798632152875518951838599946974892846691226541525392800,-0.060628165425129315166455849591635430464472553335350758808300533111221217564475353,-0.029534650106486588885343159749665170681440642809614746312605922224286372556880983,-0.079290075010715982563246014836231308475283026669882305657048847954092839618852241,0.049755424904229393677902855086566137793842383860267559344442925729806467061971226,COMMON_CONTROL_AVAILABILITY_IS_LATER_INFORMATION_NOT_A_PRIMARY_ENTRY_FILTER,2195,2195,0,0,0,0,0,7,162,162,170,8,557,1638,0,0.25375854214123006833712984054669703872437357630979498861047835990888382687927107,1.9462391999696740931074677259494216056222955998356731289202555378690117359823014,-0.70139425602371583178521841209056342123161224668838479912378042361132364145573565,-0.098842229987750295979209957944170872470938623159085062311110327601385319249258891,0.94357257237774202661352633625067549984040637619451257645206634648044530621057076,AVAILABLE,1084.0552343831084698608595233538278343316186491084699328085823345930395369421419,-1148.8837913668465324641877590043428839773808600755743009647523338753481247044950,111.06901118101182624479097823002785309384980766255179782096727772075870313734217,42,4,5,0,0,2026-07,-0.17845839172680779758923355230193971080257541892244525908124392700817983953533619,-0.043243357674027665761356037618244919955756845813732163179863639758145229311069004,AVAILABLE,AVAILABLE,AVAILABLE,2195,2195,0,0,0,0,0,4,162,162,170,8,522,1673,0,0.23781321184510250569476082004555808656036446469248291571753986332574031890660592,1.9465455639346589486656702476312446798213565899154483356834927834725995453834031,-0.71137985596079710276736692876810367302450351672220902100657827509380199979289755,-0.56579546450277722735943099562547442550236864833157736192132651497056478975899687,0.85376347812336091675077189112285310102126837128935042253386778440788467048191270,AVAILABLE,1016.0967843738919712034798692635097228667481399358640312267832329726969626901364,-1190.1384990224135529298048718290374449699943834762556921440054542319307456535176,180.04653152552704070602279030678719928569712481365304279017633023246708287363284,34,2,7,0,0,2026-07,-0.20375610939249634735590491758605607078700451857573853879802766974200738018330165,-0.10223146675019401922825587233184690664244364839668487307922583105013655330786253,AVAILABLE,AVAILABLE,AVAILABLE,3311,6024,101,2814,3210,2195,1015,1015,969,162,10000,20260908,10000,0,-0.0077246313855302223189907068034915555209783327511353889326737643120804519870488009,0.10596358548202476227086431354762477856164094762952913982836534308313078236583006,0.9576,AVAILABLE,WHOLE_SESSION
